posx,posz,time
202.0,102.0,404966
202.0,102.0,405017
202.36209,101.855156,405022
201.95242,102.35977,405028
201.3352,103.02738,405033
200.88187,103.49314,405037
200.88187,103.49314,405087
200.88187,103.49314,405092
200.88187,103.49314,405099
201.53183,103.49314,405104
201.7538,103.98522,405108
202.0645,104.55612,405112
202.4995,105.35537,405116
202.77666,105.943275,405120
203.22012,106.883934,405124
203.38641,107.23668,405130
203.58209,107.85649,405135
203.6995,108.22838,405186
203.6995,108.22838,405190
203.6995,108.22838,405195
203.6995,108.22838,405200
202.95131,108.18,405205
202.43376,108.1799,405210
202.43376,108.1799,405261
201.928,108.05919,405266
202.70297,108.14721,405271
203.21921,108.17999,405275
203.65247,108.20273,405281
203.65247,108.20273,405328
203.65247,108.20273,405331
203.65247,108.20273,405336
203.01581,108.18,405340
202.61798,108.050255,405345
202.2239,107.53338,405349
201.82982,107.01651,405354
201.39563,106.36857,405358
200.88908,105.61264,405362
200.82005,105.41503,405367
200.82005,105.41503,405408
200.82005,105.41503,405412
200.82005,105.41503,405418
200.82005,105.41503,405423
201.60002,105.41503,405427
201.84996,106.04973,405431
201.73792,106.557495,405435
202.04088,106.98009,405439
202.41957,107.50834,405443
203.06908,107.940186,405448
203.28557,108.08414,405452
203.59364,108.17994,405456
203.83246,108.472404,405461
203.82,109.249016,405464
203.82002,109.88954,405508
204.08043,110.17983,405513
203.964,109.54038,405518
203.82,108.64515,405522
203.80048,108.35934,405527
203.2925,108.122734,405531
202.27945,107.88842,405536
201.3952,107.67366,405541
201.01614,107.58196,405546
201.01614,107.58196,405551
201.01614,107.58196,405556
201.01614,106.932,405562
200.88586,106.03523,405566
200.82002,105.65317,405571
200.82002,105.43916,405576
200.82002,105.43916,405624
200.82002,105.43916,405627
200.82002,105.43916,405632
200.82002,105.43916,405637
201.46999,105.43916,405642
201.75916,106.21258,405647
201.70876,106.59929,405651
202.1046,107.11482,405656
202.42126,107.527245,405661
202.96655,107.880974,405666
203.29372,108.093216,405671
203.60283,108.18203,405677
203.83243,108.504715,405681
203.82,109.28136,405685
203.82,109.9175,405742
204.0888,110.20005,405748
203.99435,109.68872,405752
203.82002,108.66608,405756
203.75691,108.29089,405761
203.17467,108.09138,405766
202.1619,107.855385,405771
201.27695,107.643524,405776
201.02408,107.5831,405781
201.02408,107.5831,405787
201.02408,107.5831,405792
201.02408,106.93313,405799
200.90506,106.03698,405803
200.82002,105.65736,405808
200.82002,105.44256,405813
200.82002,105.44256,405864
200.82002,105.44256,405868
200.82002,105.44256,405874
200.82002,105.44256,405879
201.46999,105.44256,405884
201.71112,105.96219,405890
201.68755,106.61173,405896
202.01103,107.01883,405900
202.4154,107.527695,405905
202.85239,107.809494,405910
203.28938,108.09129,405915
203.59833,108.180725,405921
203.83301,108.4888,405926
203.82,109.26541,405931
203.82002,109.90192,405996
204.0841,110.18887,406000
203.96696,109.549545,406005
203.82002,108.654495,406010
203.80392,108.36682,406015
203.30751,108.12361,406020
202.2947,107.88816,406024
201.28351,107.645256,406029
201.03065,107.584755,406034
201.03065,107.584755,406039
201.03065,107.584755,406045
201.03065,107.06478,406050
200.92102,106.16652,406054
200.82002,105.65823,406059
200.82002,105.443275,406064
200.82002,105.443275,406112
200.82002,105.443275,406117
200.82002,105.443275,406124
200.82002,105.443275,406130
201.59999,105.443275,406135
202.37556,105.510666,406139
203.13615,105.33791,406144
204.27704,105.07878,406149
204.53056,105.021194,406153
205.23535,104.68711,406157
206.29254,104.18599,406161
207.11479,103.79623,406166
207.51028,103.28043,406171
207.82668,102.8678,406174
207.95398,102.230415,406178
207.95398,102.230415,406213
207.95398,102.230415,406217
207.95398,102.230415,406222
207.94656,102.490295,406227
208.07903,102.99311,406232
208.17998,103.49593,406281
208.17998,103.49593,406322
208.17998,103.49593,406326
208.17998,103.49593,406332
208.17998,104.1459,406338
208.69402,104.32756,406342
209.08884,104.1115,406346
209.83652,103.97998,406351
210.71437,103.97998,406355
211.0487,104.03249,406360
211.41924,104.154106,406364
211.63612,104.19144,406368
211.82332,104.65261,406372
211.82,105.04212,406377
211.82,105.04212,406381
211.82,105.04212,406386
211.82,105.04212,406391
211.82,104.65248,406395
211.82004,104.42481,406400
211.44742,104.17464,406403
210.97746,103.994095,406407
209.86086,103.97998,406412
209.5471,103.97998,406416
209.26894,103.98748,406421
208.80817,104.54,406425
208.53685,104.983574,406430
208.37799,105.189384,406435
208.12364,105.56831,406439
207.6999,106.65878,406444
207.46124,107.26335,406448
206.87602,107.54613,406453
205.8226,108.05512,406457
205.40001,108.18219,406462
205.40001,108.18219,406515
205.40001,108.18219,406519
205.40001,108.18219,406524
204.75003,108.18219,406529
204.98686,108.33564,406534
205.04533,108.98297,406539
205.13887,110.01871,406544
205.18,110.79509,406549
205.18,111.17749,406554
205.0816,111.81997,406559
204.94385,112.71944,406564
204.8061,113.618904,406569
204.73187,114.13355,406574
204.60199,115.03419,406579
204.5092,115.6775,406584
204.47957,116.196625,406590
204.43509,116.97532,406595
204.33064,117.2134,406599
204.18,117.70265,406604
204.18,118.48097,406608
204.18,118.738594,406613
204.18,119.255974,406618
204.18,119.590004,406622
204.18,119.590004,406627
204.18,119.590004,406633
204.18,120.23997,406638
204.05354,120.530075,406643
203.7428,120.719864,406648
203.7428,120.719864,406706
203.7428,120.719864,406711
203.7428,120.719864,406717
203.7428,121.369835,406723
203.58905,121.003105,406729
203.25452,121.40117,406734
202.7527,121.99827,406738
202.55603,122.479614,406743
202.26103,123.20164,406748
202.2605,123.8516,406753
202.26016,124.241585,406816
202.26016,124.241585,406822
202.26016,124.241585,406827
201.74019,124.241585,406833
201.98412,124.369804,406838
202.09969,124.87677,406844
202.17998,125.38318,406849
202.17998,125.58378,406854
202.52316,125.9332,406858
203.23743,126.49697,406862
203.33946,126.57751,406868
203.33946,126.57751,406873
203.97832,126.69723,406879
204.55235,126.82132,406883
205.3308,126.82001,406888
205.45576,126.82001,406893
205.67366,126.787445,406898
206.10362,126.30001,406903
206.4476,125.91007,406908
206.4476,125.91007,406914
206.4476,125.91007,406919
207.09758,125.91007,406924
207.19925,125.327545,406929
206.85329,124.62851,406933
206.85329,124.62851,406939
207.49075,124.50164,406944
207.49075,124.50164,406949
207.37634,124.56334,406954
206.99394,124.48681,406959
206.6062,124.14036,406964
206.02458,123.62068,406969
205.83524,123.44252,406975
205.50296,123.17692,406981
204.7311,123.06523,406986
205.113,123.14529,406992
205.36858,123.179985,406997
204.85532,123.096695,407000
204.08542,122.971756,407005
203.8288,122.93011,407010
203.32874,123.07262,407016
202.45361,123.322014,407021
201.95117,123.455864,407027
201.44872,123.589714,407033
201.05878,123.595535,407038
200.81618,123.689,407044
200.40996,123.82269,407049
199.89185,123.82001,407054
199.37192,123.82,407059
198.46207,123.82,407064
197.81223,123.82001,407069
196.90259,123.82,407074
196.12418,123.82001,407080
195.47424,123.82,407086
194.82434,123.82,407092
193.78462,123.82001,407097
193.00504,123.82,407102
192.22702,123.82001,407107
191.72008,123.935684,407113
191.21313,124.05136,407118
190.73106,123.97686,407125
190.73106,123.97686,407133
190.73106,123.97686,407138
190.73106,123.97686,407143
190.73106,123.97686,407207
190.73106,123.97686,407215
191.25104,123.97686,407221
191.64084,124.19839,407227
191.85258,124.59264,407234
191.94179,124.97228,407239
191.94179,124.97228,407247
191.94179,124.97228,407256
191.94179,124.97228,407265
191.85776,124.72625,407272
191.82005,124.41373,407279
191.54434,124.1692,407284
191.04561,124.03693,407290
190.2196,123.97998,407295
189.56883,123.97998,407299
189.31947,123.98,407305
189.083,124.114334,407309
189.05977,124.16327,407314
188.618,123.8891,407318
188.40889,123.82006,407324
188.1683,123.41543,407329
188.16426,123.15548,407335
188.16426,123.15548,407340
188.16426,123.15548,407346
187.5143,123.15548,407352
187.18083,123.670235,407357
187.03229,124.56789,407362
186.92047,125.20817,407367
186.64044,125.794716,407372
186.30441,126.49858,407377
186.0804,126.96783,407382
185.77008,127.538925,407387
185.52182,127.995804,407393
185.52182,127.995804,407454
185.52182,127.995804,407459
185.52182,127.995804,407465
185.00185,127.995804,407472
184.94914,128.51001,407477
185.0712,129.4117,407481
185.17998,130.3141,407486
185.18001,130.96404,407491
185.18,132.00383,407496
185.18,132.78358,407501
185.18,133.69295,407506
185.18,134.21086,407511
185.18,134.73077,407516
185.18,135.6405,407522
185.18,136.42,407527
185.18,136.93861,407533
185.18,136.93861,407539
185.18,136.93861,407545
185.18,136.28864,407551
185.18,135.50888,407555
185.18,134.73026,407560
185.18001,133.95128,407565
185.18001,133.17142,407570
185.18,132.39162,407575
185.18001,131.61197,407580
185.18,130.83363,407585
185.18001,130.18378,407590
185.18001,129.40414,407595
185.18,128.75531,407600
185.18,128.40804,407605
185.53268,128.1158,407610
186.22353,127.75391,407614
187.0261,127.32509,407620
187.8289,126.89668,407625
188.0419,126.32488,407630
188.1648,125.686646,407635
188.1966,125.35497,407639
188.67336,124.92113,407644
189.02869,124.58687,407650
189.02994,124.381546,407656
189.04263,124.20219,407663
189.40358,123.97096,407668
190.18135,123.92135,407673
191.08855,123.850525,407678
191.7363,123.82001,407684
192.23634,123.96253,407690
192.98643,124.17633,407695
193.59833,124.395515,407701
194.21022,124.6147,407706
194.9417,124.88541,407711
195.55078,125.112274,407717
196.20053,125.12922,407723
197.11017,125.152954,407728
197.88988,125.173294,407733
198.7994,125.18,407739
199.44756,125.17999,407744
200.09674,125.17999,407750
200.57327,125.17999,407756
200.82997,125.45025,407762
200.82,126.228264,407766
200.82,126.48555,407773
200.82,126.48555,407781
201.33804,126.53053,407787
202.11508,126.598,407792
203.02162,126.67672,407797
203.28064,126.69921,407803
204.05864,126.75437,407810
204.18831,126.763565,407815
203.79915,126.7382,407820
203.291,126.62797,407824
202.52876,126.46263,407829
202.04865,126.262985,407834
201.56853,126.06334,407840
201.16653,125.73353,407846
200.96553,125.56863,407851
200.8028,125.387505,407857
200.53613,125.16858,407862
199.88829,125.17999,407867
199.36836,125.18,407872
198.71846,125.17999,407876
197.80867,125.18,407881
197.02898,125.17999,407886
196.25005,125.18,407891
195.6202,125.03883,407896
194.86949,124.827225,407902
194.25565,124.614426,407907
193.52255,124.34812,407912
193.03539,124.16634,407918
192.18285,123.84823,407924
191.53998,123.94404,407929
190.81047,123.96935,407934
190.05994,123.97997,407940
189.54774,123.97997,407945
189.30215,123.981865,407951
188.92172,124.37863,407957
188.51068,125.04149,407963
188.33762,125.22059,407970
188.16864,125.586296,407976
188.16368,126.236244,407981
187.70772,126.749756,407987
187.04463,127.15969,407992
186.3894,127.58282,407997
185.73367,128.00511,408003
185.42055,128.18135,408009
185.12718,128.7135,408013
185.17528,128.59079,408019
185.18753,128.37537,408024
185.69093,128.03029,408029
186.49623,127.60669,408034
187.29916,127.17854,408038
187.98755,126.81185,408043
188.07202,126.29878,408048
188.1776,125.65745,408052
188.17995,125.43429,408057
188.59987,124.986404,408063
189.02751,124.568344,408068
189.02992,124.31144,408073
189.24312,123.984,408078
190.14969,123.92175,408082
190.92734,123.861855,408088
191.70485,123.82001,408093
192.2248,123.82001,408098
193.13463,123.82,408102
193.78447,123.82,408107
194.82402,123.82,408112
195.60211,123.82001,408117
196.12206,123.82,408122
197.16187,123.82,408127
198.07158,123.82001,408132
198.8511,123.82001,408136
199.36986,123.82001,408140
200.01918,123.82001,408146
200.27827,123.82001,408151
200.60774,123.81751,408156
200.82,123.426186,408161
200.82,123.168304,408166
201.30685,122.73766,408171
201.98842,122.13477,408176
202.57262,121.618004,408232
202.57262,121.618004,408237
202.58527,121.877686,408242
203.09093,121.28385,408247
203.34377,120.98694,408252
203.53482,120.81834,408258
203.53482,120.81834,408308
203.53482,120.81834,408313
203.53482,120.81834,408320
204.0548,120.81834,408324
204.21121,120.211784,408329
204.02003,119.375015,408333
204.02003,119.185715,408338
204.02003,119.185715,408343
204.10039,118.54073,408348
204.18,117.63869,408352
204.18,117.42755,408357
204.35938,117.1989,408361
204.99191,117.17999,408366
204.99191,117.17999,408372
204.99191,117.17999,408378
204.99191,117.17999,408384
204.60612,117.17999,408390
204.40161,117.18078,408395
204.16995,117.51794,408400
204.18,118.55514,408405
204.18,119.32885,408409
204.19876,119.644905,408415
204.66908,120.085365,408419
205.0612,120.42686,408469
205.0612,120.42686,408474
205.19147,120.61168,408481
205.69054,120.82,408486
206.47003,120.8201,408491
207.11826,120.82001,408495
207.11826,120.82001,408501
207.11826,120.82001,408506
207.11826,121.33999,408510
207.46996,121.56146,408515
207.77588,121.98192,408520
207.99792,122.452095,408524
208.17346,123.33395,408530
208.17346,123.33395,408586
208.17346,123.33395,408592
208.17346,123.33395,408598
208.17346,123.98392,408604
208.68356,124.14307,408609
209.53085,123.95005,408614
210.43777,123.87589,408666
210.43777,123.87589,408671
210.95369,123.820015,408675
211.37315,124.1273,408680
211.68077,124.21954,408686
211.82616,124.61599,408690
211.8201,125.00551,408694
211.8201,125.00551,408699
211.8201,125.00551,408705
211.8201,125.00551,408710
211.82,124.745735,408716
211.82,124.40975,408720
211.45976,124.16965,408724
211.11092,124.107506,408730
210.3837,123.97998,408734
209.51395,123.97998,408739
208.74585,123.84451,408744
208.19089,124.118744,408749
207.87068,124.34135,408754
207.40128,124.56502,408760
207.0185,124.490395,408765
206.86845,125.12281,408770
206.82002,125.58379,408775
206.35982,125.82001,408780
206.1018,125.82001,408785
206.1018,125.82001,408790
206.1018,125.82001,408795
206.1018,126.33998,408801
205.97679,126.635544,408806
205.8563,126.684326,408811
205.45537,126.82269,408815
204.67714,126.8201,408821
204.67714,126.8201,408826
204.67714,126.8201,408831
204.15717,126.8201,408835
204.00656,126.74987,408839
204.15575,126.11725,408843
204.17998,125.99073,408849
204.17998,125.99073,408854
203.81184,125.86203,408858
203.2933,125.823456,408863
202.64789,125.82001,408868
202.43906,125.82001,408874
202.17181,125.46595,408878
202.18,124.693054,408884
202.18,124.693054,408928
202.18,124.693054,408933
202.18,124.693054,408939
202.18,124.17308,408945
202.18,123.65311,408949
202.3582,123.028046,408954
202.5364,122.402985,408959
202.87328,121.84713,408964
203.27751,121.1801,408969
203.59932,120.808334,408974
203.82767,120.47032,408979
204.02374,119.92344,408984
204.02003,119.16028,408989
204.10153,118.51544,408993
204.18,117.61395,408998
204.18,117.61395,409004
204.18,117.61395,409009
204.18,116.83399,409015
204.62257,116.84693,409019
205.06517,117.11986,409025
205.06517,117.11986,409031
205.06517,117.11986,409038
205.06517,116.72987,409043
205.14401,115.955925,409048
205.18,115.44353,409054
205.18,114.92368,409060
205.18,114.014145,409065
205.18,113.234764,409071
205.18,112.45601,409075
205.18,111.55534,409080
205.18,111.03558,409085
205.18,109.99659,409091
205.18,109.347984,409095
205.18,108.70386,409100
205.1844,108.3927,409104
205.7982,108.18,409110
205.67116,108.1799,409114
205.45755,108.17995,409119
204.68527,108.289154,409124
204.0417,108.38016,409129
203.79062,108.312706,409135
203.27573,108.17999,409140
202.49648,108.18,409145
201.45793,108.17999,409150
200.94272,108.17999,409154
200.94272,108.17999,409192
200.94272,108.17999,409196
201.72269,108.17999,409200
201.87094,108.113556,409204
202.519,108.163246,409209
203.29434,108.17999,409213
203.61429,108.18575,409218
203.61429,108.18575,409270
203.61429,108.18575,409275
203.61429,108.18575,409281
202.96707,108.17698,409285
202.58418,108.05019,409290
202.19925,107.526474,409294
201.81432,107.002754,409298
201.38191,106.35362,409303
200.87744,105.596306,409308
200.81897,105.40062,409313
200.81897,105.40062,409366
200.81897,105.40062,409370
200.81897,105.40062,409376
201.46893,105.40062,409380
202.37073,105.50332,409385
203.13188,105.33308,409390
204.14676,105.106094,409395
204.52733,105.02097,409399
205.1148,104.74287,409404
206.05475,104.2979,409461
206.05475,104.2979,409466
205.47989,104.60123,409471
205.02002,104.843895,409476
205.48558,104.61233,409480
206.30032,104.20708,409485
207.11505,103.80183,409490
207.895,103.8007,409495
208.77092,104.00794,409500
209.14986,104.047386,409505
209.72902,103.97998,409510
210.49063,103.97998,409515
211.0613,104.04662,409520
211.43376,104.1622,409525
211.65128,104.19886,409530
211.65128,104.19886,409536
212.29678,104.12288,409541
213.2005,104.01651,409546
213.97511,103.92533,409551
214.74973,103.83416,409556
215.39967,103.82878,409562
216.04962,103.82341,409567
216.82956,103.82001,409572
217.73944,103.82001,409577
218.38922,103.82001,409582
219.16884,103.82,409586
219.94865,103.82001,409591
220.33833,103.8201,409596
220.46107,103.82003,409602
220.53131,103.81901,409607
220.82999,103.55023,409612
220.82,102.64094,409618
220.82,101.73108,409623
220.82,101.08149,409628
220.82,101.08149,409633
220.82,101.08149,409638
220.82,101.08149,409644
220.82,101.08149,409649
220.82,101.73104,409654
220.82,102.76917,409658
220.82,103.41291,409662
220.80821,103.6393,409667
220.36319,103.8283,409672
219.45345,103.82001,409676
219.19368,103.8201,409681
218.54373,103.82,409686
217.7638,103.82,409690
216.85388,103.82,409694
215.94403,103.82,409699
215.29446,103.8201,409703
214.77754,103.87636,409708
214.00217,103.96074,409713
213.22678,104.04513,409718
212.32216,104.14358,409722
211.80524,104.19983,409727
211.4313,104.173416,409732
211.10298,104.095856,409736
210.34453,103.97998,409741
209.54048,103.97998,409746
209.2648,103.98853,409751
208.70276,104.71485,409755
208.49857,105.0471,409761
208.32588,105.227135,409766
207.8528,105.44293,409771
207.14143,105.762764,409776
206.31151,106.1359,409781
205.72919,106.42463,409785
204.91394,106.82885,409790
204.0987,107.23306,409794
203.7493,107.406296,409800
203.25233,107.55924,409805
202.87961,107.67395,409810
202.37784,107.810326,409814
201.87607,107.94671,409820
201.24744,108.1119,409825
200.99599,108.17798,409863
200.99599,108.17798,409866
200.99599,108.17798,409871
201.64595,108.17798,409875
202.68506,108.18,409880
203.33011,108.1799,409884
203.64594,108.19929,409889
203.64594,108.19929,409940
203.64594,108.19929,409945
203.64594,108.19929,409950
203.00703,108.18,409955
202.66116,107.93463,409958
202.2317,107.446754,409963
201.80225,106.95888,409968
201.51067,106.52836,409972
200.92749,105.667305,409976
200.80695,105.36723,409981
200.2455,105.17999,409985
199.98744,105.17999,410033
199.98744,105.17999,410037
199.98744,105.17999,410043
200.63742,105.17999,410048
200.8974,105.17999,410053
201.53331,105.31445,410058
202.2964,105.47581,410062
202.933,105.34465,410067
203.82423,105.161026,410071
204.58815,105.00364,410076
205.29198,104.66754,410081
206.11311,104.27542,410134
206.11311,104.27542,410139
206.69963,103.99534,410143
207.16885,103.77127,410148
207.81863,103.78668,410153
208.07855,103.79285,410158
208.57332,103.952774,410163
209.12993,104.064575,410168
209.68875,103.97999,410173
210.57536,103.97998,410178
211.03545,104.02048,410183
211.40453,104.14645,410188
211.62035,104.18506,410193
211.62035,104.18506,410200
212.26622,104.11233,410205
213.17047,104.010506,410210
213.94553,103.92323,410214
214.7206,103.83596,410219
215.49974,103.82046,410224
216.40967,103.82,410229
217.31956,103.82,410235
218.22935,103.82,410239
218.619,103.82001,410245
219.13896,103.82,410251
220.17863,103.82001,410256
220.55048,103.82001,410262
220.78748,103.66426,410267
220.82,102.9078,410272
220.81999,102.12793,410277
220.82,101.34815,410282
220.82,101.0884,410286
220.82,101.0884,410292
220.82,101.0884,410297
220.82,101.738365,410304
220.82,102.517426,410309
220.82002,103.42027,410314
220.80467,103.64661,410320
220.47485,103.82726,410325
219.56506,103.82,410330
219.17535,103.82001,410335
218.5254,103.82,410340
217.61548,103.82,410345
216.83557,103.82,410350
216.05568,103.82001,410354
215.27618,103.8201,410359
214.7593,103.87663,410363
213.85474,103.97557,410367
212.95018,104.07451,410372
212.04561,104.17344,410376
211.41069,104.179985,410380
211.0971,104.08831,410385
210.20053,103.97998,410390
209.52937,103.97998,410395
209.30124,103.98118,410399
208.83812,104.50221,410404
208.49525,105.05439,410409
208.32,105.22928,410415
208.1392,105.53897,410420
207.75996,106.50729,410425
207.47343,107.23272,410429
206.891,107.521225,410434
205.95912,107.98284,410438
205.60966,108.155945,410442
205.4129,108.17994,410446
205.18,108.573265,410451
205.18,109.48168,410457
205.18001,110.26039,410462
205.18,111.1612,410466
205.08217,111.803764,410471
204.96478,112.57484,410475
204.82782,113.47443,410480
204.71486,114.24616,410485
204.54842,115.4042,410490
204.51141,115.66154,410495
204.58488,115.14678,410500
204.73183,114.11727,410505
204.85411,113.47891,410509
205.00085,112.712875,410514
205.17204,111.81917,410518
205.18001,111.045364,410523
205.18,110.13618,410527
205.18,109.22824,410532
205.18,108.71343,410537
205.1817,108.4016,410542
205.64919,108.10412,410547
206.63423,107.770775,410552
207.12569,107.60096,410556
207.47034,106.901276,410561
207.87244,106.08498,410565
208.1022,105.61852,410570
208.17993,105.40893,410575
208.61523,104.95238,410580
208.99916,104.60171,410585
209.02994,104.285416,410590
209.12674,104.061264,410594
210.07135,103.97998,410599
210.92221,103.97998,410603
211.40231,104.14533,410608
212.04936,104.08391,410613
212.95525,103.99791,410618
213.73172,103.924194,410623
214.6376,103.838196,410629
215.28699,103.82432,410634
216.19691,103.82001,410639
216.97685,103.82,410643
218.01666,103.82,410647
218.66614,103.82001,410652
219.31606,103.82,410657
220.22574,103.82001,410662
220.4777,103.82001,410668
220.53679,103.81851,410673
220.80531,103.631256,410677
220.81999,102.73329,410682
220.81999,101.95342,410687
220.82,101.04394,410692
220.82,101.04394,410747
220.82,101.04394,410752
221.47006,101.04394,410757
221.10135,100.879036,410763
221.01819,101.52367,410768
220.90175,102.42614,410773
220.82,103.19965,410778
220.82,103.56062,410784
220.82,103.56062,410845
220.82,103.56062,410850
220.82,103.56062,410858
220.82,104.210594,410864
220.32857,104.30071,410868
219.46854,104.00343,410873
219.09996,103.87603,410878
218.58008,103.866295,410883
217.67027,103.84926,410887
216.76048,103.832214,410892
215.8507,103.82,410896
215.33105,103.82001,410901
214.81407,103.875725,410905
213.7801,103.98717,410910
212.8754,104.08469,410915
212.09993,104.16827,410919
211.46889,104.16078,410924
211.10501,104.09849,410928
210.35121,103.97998,410933
209.5447,103.97998,410987
209.5447,103.97998,410992
209.5447,103.97998,410998
208.89473,103.97998,411003
209.00761,104.128136,411008
209.06161,104.14757,411012
209.04355,104.75304,411016
209.13213,104.997475,411022
209.13213,104.997475,411028
209.13213,104.997475,411033
208.61215,104.997475,411037
208.26407,105.24208,411042
208.17796,105.82798,411047
208.18001,106.997635,411052
208.18,107.257355,411057
208.18,107.257355,411063
208.18,107.257355,411068
207.53003,107.257355,411073
206.58253,107.59148,411077
205.79327,108.0441,411081
205.37785,108.18981,411086
205.37785,108.18981,411135
205.37785,108.18981,411139
205.37785,108.18981,411144
204.72787,108.18981,411149
204.96721,108.334915,411153
205.02983,108.98186,411158
205.13,110.01697,411162
205.18,110.79306,411167
205.18,111.17554,411172
205.08167,111.81802,411176
204.96368,112.58901,411180
204.80637,113.61699,411185
204.73215,114.13164,411191
204.60225,115.03227,411196
204.50948,115.67559,411201
204.47978,116.19471,411206
204.43524,116.973404,411212
204.33109,117.21162,411217
204.18,117.70047,411222
204.18,118.47886,411226
204.18,118.7364,411231
204.17998,119.38164,411236
204.17998,119.58834,411240
204.17998,119.58834,411245
203.93077,120.18863,411250
203.75876,120.70755,411256
203.75876,120.70755,411312
203.75876,120.70755,411317
203.75876,120.70755,411322
203.75876,121.35752,411328
203.6162,121.117455,411333
203.16672,121.49364,411338
202.75287,121.99482,411343
202.50749,122.596695,411347
202.26212,123.19856,411351
202.261,123.84853,411357
202.26035,124.23851,411414
202.26035,124.23851,411419
202.26035,124.23851,411424
201.61037,124.23851,411429
201.98497,124.379074,411434
202.13007,125.01264,411439
202.17998,125.39204,411445
202.17998,125.59043,411450
202.63374,126.01724,411455
203.24489,126.501854,411460
203.34674,126.58262,411466
203.34674,126.58262,411472
203.986,126.70018,411477
204.5617,126.82296,411481
205.34007,126.82001,411486
205.46478,126.82001,411491
205.68123,126.78191,411496
206.28218,126.09862,411503
206.45387,125.90339,411509
206.00903,126.37729,411513
205.82896,126.56483,411518
205.82896,126.56483,411523
205.56018,126.82824,411527
204.78146,126.820015,411531
204.13512,126.79043,411536
203.74767,126.74606,411541
203.11418,126.600655,411547
202.48068,126.455246,411552
201.88286,126.20016,411557
201.52417,126.04711,411563
201.02815,125.627075,411568
200.79703,125.354485,411573
200.33313,125.17999,411578
199.94443,125.17999,411583
199.42448,125.18,411587
198.51462,125.17999,411592
197.73483,125.18,411597
196.82527,125.18,411602
196.04744,125.18,411607
195.2995,124.9587,411612
194.80087,124.81123,411617
194.1898,124.58976,411622
193.45653,124.32399,411627
193.45653,124.32399,411632
193.09119,124.187546,411637
192.23875,123.86917,411643
191.59978,123.988235,411648
191.2164,124.05968,411653
190.73979,123.97717,411657
190.73979,123.97717,411662
190.73979,123.97717,411668
190.73979,123.97717,411672
190.73979,123.97717,411734
190.73979,123.97717,411740
191.25977,123.97717,411746
191.63953,124.207924,411751
191.85295,124.59508,411757
191.94228,124.974686,411762
191.94228,124.974686,411768
191.94228,124.974686,411774
191.94228,124.974686,411781
191.85838,124.72861,411786
191.82005,124.415405,411790
191.42038,124.17872,411796
190.96692,123.989815,411800
190.09956,123.97998,411805
189.5089,123.97998,411809
189.28595,123.98455,411814
189.02962,124.23605,411818
189.07097,124.14147,411823
188.62617,123.88341,411828
188.4148,123.82005,411834
188.1696,123.42779,411839
188.16504,123.16784,411844
188.16504,123.16784,411849
188.16504,123.16784,411855
187.51508,123.16784,411861
187.08516,123.68628,411865
186.97244,124.71978,411869
186.90623,125.23553,411875
186.6265,125.82221,411880
186.2908,126.52624,411884
186.06702,126.99559,411889
185.75607,127.56635,411894
185.50732,128.02296,411898
185.50732,128.02296,411958
185.50732,128.02296,411962
185.50732,128.02296,411967
186.1573,128.02296,411973
186.93227,127.62642,411978
187.55785,127.16069,411982
187.97745,126.85359,411987
188.06302,126.34071,411992
188.17,125.69961,411996
188.19125,125.36638,412001
188.66248,124.93038,412005
189.02917,124.59548,412010
189.02994,124.317986,412014
189.07805,124.12051,412019
189.85616,123.945206,412023
190.76369,123.88024,412027
191.63606,123.82001,412032
192.28522,123.82,412037
193.06511,123.82,412041
194.10481,123.82,412046
195.01425,123.82001,412051
195.53299,123.82001,412057
196.15933,123.99366,412061
196.91093,124.20204,412065
197.39998,124.378716,412070
198.13353,124.64373,412075
198.74258,124.87068,412081
199.47346,125.143036,412086
199.99217,125.17911,412091
200.3804,125.17999,412096
200.59322,125.17999,412102
200.83125,125.51113,412107
200.82002,126.41756,412113
200.82002,126.41756,412119
200.82002,126.41756,412124
201.46999,126.41756,412129
202.2426,126.50463,412134
203.01169,126.63445,412139
203.26807,126.6776,412144
203.786,126.72364,412149
204.17445,126.75816,412154
204.78203,126.82,412159
205.42981,126.82001,412164
205.42981,126.82001,412171
205.65001,126.801834,412176
206.08719,126.3251,412181
206.42894,125.93321,412186
206.42894,125.93321,412192
206.42894,125.93321,412197
206.94891,125.93321,412202
207.02177,125.31076,412207
206.83464,124.68832,412271
206.83464,124.68832,412335
206.83464,124.68832,412341
206.83464,124.68832,412347
206.83464,124.038345,412353
206.21925,124.1175,412359
206.09618,124.15933,412364
206.09618,124.15933,412369
206.35028,124.17998,412374
206.6537,124.20446,412379
206.93796,124.47145,412385
207.45787,124.46364,412390
207.98,124.076546,412395
208.73337,123.96268,412400
209.64075,123.89837,412405
210.41843,123.83871,412481
210.93661,123.82001,412485
210.41672,123.82001,412489
209.637,123.82,412493
208.72836,123.82001,412497
208.00368,123.48562,412502
208.01553,123.47103,412506
207.5328,123.0358,412511
207.00233,122.46401,412516
206.38344,121.79693,412520
205.85297,121.22514,412525
205.58774,120.93925,412531
205.40167,120.8125,412537
204.95403,120.37385,412543
204.61273,119.98156,412548
204.43298,119.81419,412555
204.22047,119.69978,412560
204.22047,119.69978,412565
204.22047,119.69978,412570
204.22047,119.69978,412575
204.22047,119.69978,412637
204.22047,119.69978,412643
204.22047,120.21976,412647
203.96892,120.54543,412653
203.76819,120.68029,412659
203.37488,121.003136,412665
202.31111,121.75029,412728
202.31111,121.75029,412733
202.45616,121.96606,412739
201.99841,122.21271,412744
201.19734,122.64434,412748
200.82002,123.398155,412753
200.81735,123.60783,412758
200.81735,123.60783,412820
200.81735,123.60783,412825
200.81735,123.60783,412831
201.46733,123.60783,412836
201.85901,124.11085,412841
202.09734,124.98902,412846
202.17998,125.36502,412852
202.21101,125.66482,412857
202.5669,125.82001,412861
203.21382,125.82001,412866
203.21382,125.82001,412874
203.21382,125.82001,412879
203.21382,126.33998,412884
203.85667,126.695915,412890
204.11382,126.73429,412896
204.57187,126.82539,412902
205.35016,126.82001,412907
205.35016,126.82001,412914
205.35016,126.82001,412923
205.87013,126.82001,412930
206.00014,126.82001,412937
205.90366,126.30906,412945
205.85542,126.05359,412953
205.85542,126.05359,412961
205.85542,126.05359,412968
206.3754,126.05359,412973
206.70154,125.802155,412978
206.82,125.2584,412983
206.82002,124.74126,412988
206.94795,124.7182,412993
207.43974,124.549355,412998
207.84218,124.22007,413003
208.144,123.973114,413009
208.66293,123.94032,413015
209.5704,123.882935,413020
210.34882,123.83377,413078
210.34882,123.83377,413084
210.8675,123.82001,413089
211.40822,124.137665,413093
211.83151,124.46782,413099
211.8201,124.98725,413105
211.8201,124.98725,413111
211.8201,124.98725,413119
212.34007,124.98725,413124
213.1175,125.03855,413130
213.89392,125.11268,413135
214.67049,125.17999,413141
215.44963,125.18,413147
216.2295,125.17999,413152
217.00931,125.18,413157
217.91888,125.17999,413162
218.56752,125.18,413167
219.47617,125.18,413172
220.38416,125.179985,413178
220.91458,125.405266,413184
221.54224,125.86816,413190
222.17424,126.325226,413196
222.49022,126.55379,413201
222.49022,126.55379,413208
222.49022,126.55379,413214
223.0102,126.55379,413219
223.83394,126.23031,413224
224.631,125.79143,413230
225.08823,125.54383,413234
225.7161,125.37577,413239
226.59511,125.140495,413244
226.84625,125.07327,413248
227.35251,125.19195,413253
227.98532,125.340294,413258
228.23589,125.27095,413264
228.7406,124.86142,413269
229.03023,124.616776,413274
229.02992,124.33114,413279
229.03508,124.240166,413284
229.12764,124.061554,413288
230.01181,123.979965,413294
230.74994,123.97997,413300
231.35373,124.15003,413305
231.66116,124.20755,413311
231.66116,124.20755,413316
231.66116,124.20755,413322
232.18114,124.20755,413327
232.94681,124.086464,413333
233.83218,123.876396,413338
234.47864,123.8422,413343
235.38847,123.82795,413348
236.29826,123.82,413354
235.9597,124.07363,413358
235.21794,124.04101,413363
234.46436,123.83988,413367
233.94444,123.83222,413373
233.16457,123.82073,413378
232.38472,123.82,413384
231.60503,123.82,413388
230.82605,123.82001,413393
230.04741,123.82001,413398
229.13803,123.82001,413404
228.62,123.82001,413409
228.4071,123.82001,413415
227.82784,123.52521,413420
227.1327,123.171455,413425
226.78514,122.994576,413430
226.13544,122.976265,413435
225.48573,122.95795,413439
224.57614,122.93231,413444
223.92642,122.914,413448
223.01683,122.88837,413453
222.49686,122.8864,413459
221.7169,122.88346,413464
221.06694,122.881004,413470
221.06694,122.881004,413527
221.06694,122.881004,413532
221.06694,122.881004,413595
221.06694,122.881004,413601
221.06694,123.530975,413606
221.06694,124.18094,413665
221.06694,124.18094,413669
221.1637,124.09412,413675
221.67616,123.69432,413680
222.39362,123.13461,413685
223.1459,123.04023,413689
224.05496,123.001595,413695
224.96384,122.95714,413700
226.00258,122.90695,413705
226.26225,122.8944,413711
226.752,123.06912,413715
227.60904,123.37489,413721
227.97635,123.505936,413726
228.19753,123.64257,413732
228.50879,123.83116,413736
229.28836,123.82,413740
230.19557,123.820015,413745
230.69176,123.975464,413749
231.4171,124.17996,413753
231.62044,124.18799,413759
231.62044,124.18799,413764
232.26266,124.08796,413769
233.16179,123.94793,413774
233.93245,123.827896,413779
234.58238,123.8204,413785
235.36226,123.82,413789
236.14207,123.82,413795
236.92174,123.82,413800
237.82983,123.82001,413806
238.47972,123.82001,413811
239.25946,123.82,413816
240.03871,123.82001,413821
240.29782,123.82001,413827
240.73822,123.735504,413833
241.47531,123.20191,413838
241.68591,123.04946,413843
241.68591,123.04946,413848
241.68591,123.04946,413854
241.68591,123.69943,413860
241.1729,123.87466,413865
240.78813,123.81108,413871
240.27226,123.82001,413877
239.36258,123.82,413882
238.45386,123.82,413888
237.67468,123.82,413893
236.76485,123.82,413898
235.98508,123.82,413903
234.94574,123.82,413909
234.42784,123.820015,413913
233.77791,123.82,413918
232.99803,123.82001,413923
232.08827,123.82,413928
231.3087,123.82,413933
230.66032,123.82001,413938
230.27129,123.82,413943
229.36171,123.82,413948
228.71317,123.8201,413954
228.3841,123.81475,413959
227.92134,123.577614,413964
227.22722,123.22192,413969
226.76447,122.98478,413974
226.11472,122.96794,413980
225.20506,122.944374,413985
224.42537,122.92418,413991
223.64568,122.90398,413996
222.99593,122.887146,414001
222.37772,123.08783,414006
221.51222,123.36879,414012
221.01765,123.529335,414016
220.79771,123.66798,414023
220.30492,123.82,414028
219.52554,123.82,414033
219.13689,123.8201,414037
218.48695,123.82,414043
217.70708,123.82,414048
216.66737,123.82,414053
215.88788,123.82,414057
215.23994,123.8201,414062
214.59001,123.82001,414068
213.81015,123.82,414073
212.90039,123.82001,414079
212.12082,123.82,414084
211.47237,123.82001,414090
210.96373,123.92799,414095
210.20616,123.97997,414101
209.5527,123.97997,414106
209.06036,124.14871,414110
208.50284,125.02658,414163
208.50284,125.02658,414167
208.50284,125.02658,414173
207.85287,125.02658,414178
208.0358,125.298996,414183
207.75664,125.88596,414187
207.4775,126.47294,414191
206.83623,126.57894,414196
206.06671,126.70615,414201
205.21071,126.82001,414206
205.3399,126.82001,414210
205.98889,126.79785,414215
206.89738,126.74625,414219
207.55777,126.21985,414224
208.03874,125.60584,414228
208.19188,125.407425,414234
208.61627,124.954666,414239
209.02994,124.38921,414243
209.10275,124.08351,414248
210.06642,123.89635,414252
210.97159,123.82001,414256
210.97159,123.82001,414260
211.6215,123.82001,414265
212.53134,123.82,414268
213.57097,123.82,414274
214.48012,123.82001,414278
214.73921,123.8201,414283
215.25916,123.82001,414287
216.03903,123.82001,414292
216.9488,123.82001,414297
217.85838,123.82,414303
218.63652,123.82001,414307
219.28632,123.82,414312
220.06557,123.82,414317
220.32465,123.8201,414321
220.66199,123.79503,414325
221.25589,123.53097,414331
221.96858,123.21409,414335
222.44371,123.00284,414340
223.09338,122.98345,414345
223.873,122.96019,414350
224.91249,122.92916,414355
225.6921,122.9059,414360
226.34178,122.88651,414365
226.8285,123.06946,414370
227.68028,123.38962,414375
228.04532,123.526825,414382
228.2341,123.68528,414388
228.6189,123.82796,414393
229.52797,123.82,414398
230.17607,123.82001,414403
230.17607,123.82001,414408
230.17607,123.82001,414414
230.17607,123.82001,414471
230.17607,123.82001,414477
229.6561,123.82001,414482
229.15242,124.04429,414486
229.03099,124.233734,414491
229.06339,124.15557,414495
228.62424,123.88061,414501
228.41714,123.82006,414507
228.18524,123.608925,414512
228.18,123.099236,414517
228.18,123.099236,414522
228.18,123.099236,414528
228.18,123.61921,414535
228.18,123.74921,414541
228.77837,123.82,414546
229.8169,123.82,414551
230.2051,123.82001,414557
230.70097,123.976425,414561
231.42506,124.17996,414566
231.6282,124.19104,414571
231.83223,124.49806,414575
231.82,125.01595,414580
231.82,125.01595,414585
231.82,125.01595,414592
232.46999,125.01595,414598
233.03523,124.731476,414603
233.76836,124.52121,414608
234.54018,124.40901,414612
235.31126,124.29174,414617
235.95041,124.17361,414622
236.84521,124.008224,414627
237.61218,123.86646,414632
238.2599,123.83333,414636
239.29956,123.82,414641
240.0787,123.82,414647
240.33765,123.8201,414652
240.88542,123.63525,414657
241.51538,123.17537,414661
241.72537,123.02207,414667
241.72537,123.02207,414673
241.72537,123.02207,414679
241.72537,123.542046,414685
240.94556,123.786766,414690
240.3153,123.82,414694
239.40565,123.82001,414699
238.49681,123.82,414704
237.84734,123.82,414708
236.93748,123.82001,414713
236.02773,123.82001,414718
235.2481,123.82001,414723
234.47006,123.82001,414728
233.82013,123.82001,414733
233.04027,123.82001,414737
232.26047,123.82,414742
231.48082,123.82001,414747
230.70232,123.82,414751
229.79318,123.82,414753
228.88422,123.82,414758
228.41153,123.82,414764
227.94789,123.58462,414769
227.25243,123.23154,414773
226.78877,122.99615,414778
226.26901,122.98131,414783
225.35944,122.955345,414787
224.44984,122.929375,414792
223.54027,122.90341,414798
223.02051,122.88857,414803
222.52533,123.047226,414808
221.78255,123.2852,414813
221.03978,123.52317,414817
220.81801,123.65885,414822
220.33678,123.82202,414827
219.29794,123.82001,414832
218.7786,123.82,414837
217.99872,123.82,414842
217.08891,123.82,414847
216.30922,123.82,414851
215.40054,123.82,414856
214.7514,123.82,414861
213.97154,123.82,414867
213.06175,123.82,414873
212.41202,123.82001,414880
211.63303,123.82,414886
211.122,123.90057,414890
210.2361,123.97997,414894
209.50336,123.97997,414899
209.0675,124.128525,414905
208.51324,125.00846,414963
208.51324,125.00846,414967
208.51324,125.00846,414972
207.86328,125.00846,414977
208.03802,125.29372,414981
207.75897,125.88073,414986
207.47992,126.46775,414992
206.96712,126.55383,414998
206.19792,126.68297,415002
205.81332,126.747536,415006
205.21478,126.82,415012
204.6962,126.82001,415017
204.6962,126.82001,415024
204.6962,126.82001,415030
205.34618,126.82001,415034
206.12529,126.79037,415038
207.16354,126.73118,415042
207.56285,126.21833,415047
208.042,125.602905,415052
208.19249,125.403885,415057
208.61923,124.95123,415063
209.02994,124.38731,415068
209.10448,124.081406,415074
209.94102,123.90843,415078
210.71701,123.829796,415083
210.9755,123.820015,415089
211.62541,123.82,415094
212.53525,123.82,415098
213.57489,123.82,415103
214.35425,123.82001,415109
214.7431,123.82001,415114
215.26305,123.82,415119
216.1729,123.82,415125
216.9527,123.82001,415130
217.73238,123.82,415135
218.64041,123.82001,415140
219.16025,123.82001,415145
219.93967,123.82,415150
220.32849,123.82001,415155
220.66533,123.79297,415161
221.25931,123.529045,415166
222.09087,123.159546,415171
222.44725,123.00119,415176
223.09692,122.98205,415181
223.87656,122.959076,415186
224.78612,122.932274,415191
225.69568,122.90547,415196
226.34535,122.88632,415201
226.83195,123.06961,415206
227.56184,123.34455,415211
228.04845,123.52785,415217
228.23502,123.68755,415223
228.75351,123.82339,415229
229.53261,123.82,415234
230.18066,123.820015,415238
230.18066,123.820015,415243
230.18066,123.820015,415248
230.18066,123.820015,415309
230.18066,123.820015,415314
229.53069,123.820015,415319
229.17036,124.03171,415324
229.02542,124.26863,415329
229.04518,124.20031,415335
228.61401,123.89447,415339
228.41084,123.82006,415345
228.18071,123.59563,415350
228.18,123.08361,415355
228.18,123.08361,415361
228.18,123.08361,415367
228.18,123.603584,415372
228.18,123.86357,415377
228.6996,123.84401,415382
229.47897,123.82,415386
230.12694,123.82001,415392
230.74971,123.979965,415397
231.3535,124.14993,415402
231.66096,124.207436,415407
231.82794,124.439384,415412
231.82,124.95725,415417
231.82,124.95725,415424
231.82,124.95725,415430
232.34007,124.95725,415435
233.1618,124.63029,415440
233.67548,124.54963,415445
234.446,124.42864,415449
235.21652,124.30765,415453
235.85573,124.189865,415458
236.62277,124.04852,415463
237.38982,123.90717,415468
237.77335,123.8365,415473
238.42319,123.82351,415477
239.33287,123.82,415482
240.11197,123.82001,415486
240.91328,123.60729,415492
241.54518,123.150085,415497
241.75612,122.99809,415502
241.75612,122.99809,415507
241.21771,123.36222,415512
240.787,123.65352,415517
240.33037,123.82001,415521
239.55087,123.82,415526
238.64168,123.82001,415531
238.38257,123.82001,415537
237.86264,123.82,415541
236.95277,123.82,415546
236.17296,123.82,415551
235.26337,123.82,415557
234.48521,123.82001,415562
233.83528,123.82,415567
232.92545,123.82001,415572
232.01572,123.82,415577
231.10637,123.82001,415583
230.58844,123.82001,415588
229.9391,123.82,415593
229.15964,123.82001,415597
228.64142,123.82001,415602
228.4242,123.82001,415606
227.9593,123.587234,415611
227.14719,123.176765,415616
226.79913,123.000854,415622
226.14944,122.981606,415627
225.2399,122.95466,415631
224.33034,122.92771,415635
223.29085,122.89691,415640
223.03098,122.88921,415645
222.41168,123.08652,415649
221.4208,123.40221,415654
221.04922,123.52059,415659
220.82672,123.65507,415664
220.3516,123.82554,415669
219.57219,123.82001,415674
219.1833,123.82001,415680
218.66336,123.82001,415684
217.62354,123.82,415689
216.7138,123.82001,415694
216.06413,123.82,415699
215.28598,123.8201,415704
214.63605,123.82,415710
213.85617,123.82,415714
212.81648,123.82001,415720
211.90712,123.82001,415725
211.38919,123.82001,415730
210.88148,123.932304,415734
210.00539,123.97997,415739
209.50987,123.97997,415744
209.07242,124.11878,415750
208.51886,124.99916,415807
208.51886,124.99916,415812
208.51886,124.99916,415819
207.99889,124.99916,415824
207.62709,125.50697,415828
207.40347,126.52259,415834
206.88882,126.59687,415838
205.85954,126.745415,415843
205.26239,126.8212,415848
204.61458,126.8201,415853
204.61458,126.8201,415860
204.61458,126.8201,415866
205.26454,126.8201,415871
205.52454,126.8201,415877
205.63191,126.81036,415883
205.991,126.442955,415888
206.6033,125.807785,415893
206.82436,125.5782,415898
206.82,124.672745,415904
206.64362,124.18483,415908
206.451,124.01021,415914
205.96947,123.57365,415918
205.80205,123.38891,415923
205.66655,123.178406,415929
205.66655,123.178406,415982
205.66655,123.178406,415987
205.01659,123.178406,415992
205.26222,123.05707,415997
205.39133,122.42005,416002
205.40675,121.90031,416007
205.43373,120.99075,416011
205.38092,120.87197,416018
204.95593,120.38019,416023
204.61595,119.98676,416029
204.43709,119.81463,416034
204.22455,119.70276,416039
204.22455,119.70276,416044
204.22455,119.70276,416048
204.22455,119.70276,416052
204.22455,119.70276,416111
204.22455,119.70276,416117
204.22455,120.22273,416122
203.97247,120.54636,416128
203.76845,120.67904,416134
203.27003,121.07701,416139
202.31235,121.74902,416198
202.31235,121.74902,416204
202.45668,121.96528,416210
202.1134,122.150345,416214
201.31244,122.58216,416219
200.96916,122.76723,416225
200.8425,123.27154,416230
200.81754,123.60728,416235
200.81754,123.60728,416296
200.81754,123.60728,416301
200.81754,123.60728,416306
201.4675,123.60728,416311
201.82619,123.98456,416315
202.0628,124.86319,416320
202.17998,125.36454,416326
202.21078,125.66447,416331
202.56613,125.82001,416336
203.21307,125.82001,416340
203.21307,125.82001,416346
203.21307,125.82001,416353
203.21307,126.46997,416358
203.86247,126.75688,416363
204.12224,126.76765,416369
204.60696,126.831505,416374
205.25572,126.820015,416379
205.38495,126.82001,416384
205.38495,126.82001,416390
206.03398,126.79186,416394
206.94261,126.742615,416399
207.4917,126.238945,416405
208.07872,125.54365,416409
208.16728,125.4485,416413
208.57748,124.98794,416418
209.02994,124.327034,416423
209.03374,124.24843,416428
209.26752,123.97753,416432
210.28197,123.97998,416437
211.07744,124.05944,416493
211.07744,124.05944,416498
211.07744,124.05944,416504
211.59741,124.05944,416510
211.83801,124.18798,416515
211.82,124.8375,416520
211.82,124.967316,416526
211.82,124.967316,416531
212.3384,125.007996,416536
213.24556,125.07918,416541
214.15273,125.15037,416546
214.80032,125.17999,416551
215.45026,125.18,416556
216.36009,125.18,416561
217.26982,125.17999,416566
218.04935,125.17999,416571
218.56812,125.1799,416575
219.21791,125.17999,416580
219.99725,125.18,416585
220.38577,125.1799,416591
220.81242,125.3278,416596
221.54506,125.86735,416601
222.28163,126.40166,416606
222.492,126.55442,416611
222.492,126.55442,416618
222.492,126.55442,416624
223.14197,126.55442,416629
223.83847,126.23578,416634
224.74844,125.73239,416639
225.09015,125.544426,416644
225.71793,125.37605,416649
226.47125,125.173996,416654
226.84793,125.072975,416660
227.35411,125.19189,416665
227.98686,125.34053,416670
228.23734,125.27083,416676
228.6409,124.942955,416682
229.0302,124.61625,416688
229.02992,124.330925,416693
229.03255,124.25682,416697
229.28972,123.9728,416702
230.11934,123.979965,416707
230.91081,123.97998,416713
231.39296,124.17375,416718
231.69127,124.22885,416723
231.69127,124.22885,416728
232.33139,124.11612,416733
233.09953,123.98084,416738
233.9957,123.82302,416742
234.64563,123.82001,416748
235.42549,123.82,416752
236.46518,123.82,416757
237.3745,123.82,416762
237.8929,123.82001,416768
238.54277,123.82,416774
239.3225,123.82001,416778
240.36043,123.82001,416784
240.36043,123.82001,416790
239.7106,123.82,416795
238.93105,123.82,416800
238.28314,123.8201,416804
237.63322,123.82,416810
236.85335,123.82001,416815
235.94359,123.82,416820
235.16402,123.82001,416825
234.51556,123.8201,416830
233.99562,123.82,416835
233.21574,123.82,416839
232.30597,123.82,416845
231.39641,123.82001,416850
230.61848,123.820015,416856
230.09888,123.82,416860
230.09808,123.8201,416866
229.57831,123.8201,416871
228.79948,123.82001,416875
228.44795,123.82001,416881
227.86368,123.551704,416887
227.17041,123.19432,416892
226.8237,123.015785,416897
226.304,122.99859,416901
225.39455,122.9685,416906
224.61502,122.9427,416910
223.83548,122.91691,416915
222.92603,122.88682,416920
222.3098,123.09353,416926
221.57034,123.34158,416930
221.07736,123.50695,416935
220.85413,123.64022,416941
220.27509,123.82353,416946
219.36604,123.82001,416952
218.58737,123.82,416956
217.67754,123.82,416961
216.89775,123.82001,416966
216.11809,123.82001,416970
215.3396,123.8201,416975
214.81966,123.82,416980
213.9098,123.82001,416986
213.13,123.82,416990
212.22044,123.82001,416993
211.4423,123.820015,416998
210.93158,123.917564,417002
210.8039,123.941956,417006
210.92421,123.89276,417012
210.92421,123.89276,417017
210.92421,123.89276,417069
210.92421,123.89276,417074
211.57417,123.89276,417078
211.81796,124.15224,417083
211.82153,124.796936,417087
211.82,124.926765,417093
211.82,124.926765,417099
211.82,124.66709,417104
211.82,124.44336,417109
211.64131,124.19976,417114
211.11902,124.11999,417118
210.4197,123.97998,417123
209.61029,123.97998,417128
209.09102,124.09064,417133
208.53696,124.970695,417185
208.53696,124.970695,417190
208.53696,124.970695,417195
208.01698,124.970695,417200
207.52893,125.61322,417205
207.41124,126.384254,417209
206.74893,126.6097,417214
205.84915,126.74542,417219
205.12262,126.82001,417223
204.60475,126.82001,417229
204.60475,126.82001,417234
204.60475,126.82001,417240
203.82478,126.82001,417245
203.18639,126.46339,417250
202.61876,125.92847,417255
202.43227,125.82007,417260
202.21907,125.67476,417265
202.18,124.84888,417270
202.18,124.721306,417321
202.18,124.721306,417326
202.18,124.721306,417332
202.18,124.20133,417336
202.65742,124.01731,417341
203.01552,124.17178,417346
203.01552,124.17178,417352
203.01552,124.17178,417357
203.01552,123.52182,417362
203.32646,123.026474,417367
203.38225,122.37891,417372
203.44919,121.60182,417376
203.49382,121.08377,417381
203.61914,120.85598,417385
203.82108,120.45371,417390
204.02725,119.90824,417394
204.02002,119.15074,417399
204.02002,118.63217,417403
203.95914,117.596954,417408
203.8926,116.81985,417412
203.82903,116.04248,417416
203.82,115.39737,417420
203.82,115.39737,417426
203.82,115.39737,417431
203.82,114.747406,417438
203.82,113.83765,417442
203.81999,112.79841,417447
203.82,112.01986,417452
203.82,111.63267,417456
203.81999,110.85291,417461
203.81999,109.94347,417465
203.82,109.0351,417469
203.82,108.64852,417474
203.80174,108.36201,417479
203.42516,108.14916,417484
202.5386,107.94454,417488
201.65358,107.733025,417493
201.02132,107.5823,417498
201.02132,107.5823,417504
201.02132,107.5823,417509
201.02132,106.932335,417514
200.87393,105.90932,417518
200.82002,105.656105,417523
200.82002,105.44154,417527
200.67436,105.21847,417531
199.92418,105.17999,417581
199.92418,105.17999,417585
199.92418,105.17999,417591
199.2742,105.17999,417596
198.23448,105.18,417600
197.32512,105.18,417604
196.41687,105.18,417608
196.03099,105.1799,417613
195.53099,105.03717,417617
194.78099,104.82307,417621
194.1698,104.60194,417626
193.55861,104.3808,417631
193.55861,104.3808,417683
193.55861,104.3808,417688
193.55861,104.3808,417693
192.90863,104.3808,417698
192.16443,103.94723,417703
191.647,103.99865,417707
190.81981,103.969635,417711
190.06226,103.97998,417715
189.61053,103.97998,417719
189.61053,103.97998,417765
189.61053,103.97998,417771
189.61053,103.97998,417776
188.96057,103.97998,417780
188.3106,103.97998,417825
188.25227,103.86381,417830
187.60301,103.83346,417834
186.69406,103.79097,417839
185.52539,103.736336,417844
184.74628,103.69992,417848
183.96646,103.69252,417853
183.05652,103.6893,417858
182.01657,103.68513,417862
181.10663,103.681526,417867
180.7238,103.741585,417872
180.0061,103.82001,417876
178.96655,103.82,417881
178.18665,103.82,417885
177.14693,103.82001,417889
176.88724,103.8201,417894
176.36728,103.82,417898
175.45735,103.82,417903
174.67741,103.82001,417907
173.6376,103.82,417911
172.98819,103.82001,417916
172.46928,103.85333,417919
171.43147,103.91999,417924
170.78389,103.97562,417928
170.78389,103.97562,417932
170.78389,103.97562,417936
170.13458,103.97562,417939
170.27974,103.98881,417943
170.79884,103.95865,417947
170.92862,103.95111,417950
170.92862,103.95111,417991
170.92862,103.95111,417996
171.57858,103.95111,418001
171.80493,104.208916,418005
171.82,104.84805,418010
171.82,104.97738,418016
171.82,104.97738,418020
172.44781,105.145615,418024
173.22333,105.18,418028
174.1331,105.18,418032
175.17235,105.18,418036
176.20958,105.179985,418040
177.11815,105.18,418044
178.15768,105.18,418049
179.19675,105.18,418053
180.23212,105.18,418057
180.67009,105.21217,418062
181.21945,105.55954,418065
182.09843,106.11531,418069
183.0873,106.74056,418072
183.96626,107.29634,418076
184.07614,107.36581,418115
184.07614,107.36581,418119
184.07614,107.36581,418123
184.7261,107.36581,418128
185.45566,106.74303,418132
186.04794,106.053185,418137
186.65437,105.37478,418141
187.2586,104.6944,418145
188.03572,103.81984,418150
188.16553,103.81277,418154
188.90738,104.05359,418158
189.19748,104.015465,418162
189.94028,103.97999,418167
191.04472,104.02833,418210
191.04472,104.02833,418214
191.28949,104.115974,418219
191.612,104.18389,418224
191.84746,104.53984,418229
191.95815,105.0479,418234
191.95815,105.0479,418239
191.95815,105.0479,418245
192.60811,105.0479,418250
193.51666,105.0862,418254
194.42453,105.14754,418258
195.33212,105.17999,418262
195.58961,105.17999,418267
196.2395,105.18,418271
197.14919,105.18,418276
198.1885,105.17999,418280
199.09673,105.17999,418284
199.48274,105.17999,418289
200.00146,105.17999,418294
200.38739,105.17999,418298
200.59276,105.17999,418302
201.10583,105.568306,418306
201.91353,106.22338,418311
202.7229,106.87637,418315
203.32973,107.36637,418320
203.32973,107.36637,418325
203.32973,107.36637,418331
203.97969,107.36637,418336
204.62967,107.36637,418385
204.62967,107.36637,418389
205.09737,107.59357,418394
205.48631,107.20722,418398
205.96233,106.4317,418404
206.65105,106.065636,418409
207.45456,105.638565,418414
207.95352,105.49226,418418
208.17729,105.35989,418423
208.65549,104.91968,418427
209.02994,104.567505,418432
209.02994,104.275375,418436
209.23715,103.98764,418440
210.12473,103.97998,418445
210.96875,103.983665,418450
211.32002,104.130424,418454
211.65338,104.2,418459
211.65338,104.2,418464
211.65338,104.2,418469
212.30334,104.2,418474
213.20428,104.09215,418478
214.23111,103.92753,418482
214.74475,103.84655,418487
215.39467,103.83923,418491
216.30457,103.82899,418495
217.21446,103.82,418499
217.86435,103.82001,418503
218.64384,103.8201,418508
219.29376,103.82,418513
220.20345,103.82,418517
220.57278,103.82001,418522
220.77417,103.68409,418527
220.82,102.80669,418531
220.81999,101.89688,418537
220.82,100.98753,418542
220.82,100.98753,418548
220.82,100.98753,418555
220.82,101.50751,418561
220.81999,101.377655,418566
220.82,100.98814,418571
220.82,101.63771,418576
220.81999,102.4167,418581
220.82002,103.44841,418587
220.82002,103.56139,418593
220.75096,103.709724,418599
219.93568,103.82,418604
219.15613,103.82001,418608
218.50616,103.82,418613
217.59624,103.82,418618
216.55637,103.82,418622
215.64659,103.82,418626
215.25702,103.8201,418631
214.60707,103.82,418636
213.69714,103.82,418641
212.91724,103.82,418646
212.00742,103.82001,418651
211.48776,103.82001,418657
210.9678,103.82,418661
210.18788,103.82,418665
209.27803,103.82,418670
208.62848,103.8201,418676
207.9839,103.76625,418681
207.5976,103.712845,418685
206.94765,103.7076,418689
205.90773,103.69923,418693
204.99782,103.691895,418697
203.82791,103.68247,418702
203.17793,103.68196,418707
202.26799,103.68124,418711
200.96805,103.68021,418715
200.84384,103.718544,418720
200.26688,103.82088,418725
199.87735,103.82001,418730
199.09741,103.82,418735
198.31747,103.82,418740
197.53757,103.82,418745
196.49777,103.82001,418749
196.10812,103.8201,418755
195.58817,103.82,418760
194.80823,103.82,418765
193.76834,103.82,418770
192.85852,103.82,418775
192.20906,103.8201,418779
191.55911,103.82001,418784
190.64919,103.82,418788
189.73935,103.82,418792
188.69981,103.82001,418797
188.45895,103.82001,418801
188.22572,103.68413,418806
188.17998,102.794395,418811
188.1739,102.000824,418815
188.16336,101.09093,418819
188.16336,101.09093,418824
188.16336,101.09093,418862
188.16336,101.09093,418865
187.5134,101.09093,418869
187.7492,100.91529,418873
186.9648,100.85321,418877
186.05536,100.82285,418881
185.66573,100.8201,418885
185.16055,100.62459,418889
184.49535,100.00368,418893
184.49535,100.00368,418935
184.49535,100.00368,418939
184.49535,100.00368,418945
184.49535,100.52365,418949
184.01433,100.71618,418953
183.88692,100.74196,418958
183.41042,101.18401,418962
182.64804,101.891304,419004
182.64804,101.891304,419008
182.82323,102.51721,419013
182.14064,102.894585,419017
181.00299,103.523544,419021
180.88922,103.58644,419065
180.88922,103.58644,419069
180.88922,103.58644,419075
181.4092,103.58644,419079
182.44862,103.61237,419083
183.48787,103.65076,419087
184.00752,103.669014,419092
184.5275,103.67039,419097
185.56743,103.67314,419101
186.47739,103.675545,419105
187.25734,103.677605,419109
187.9073,103.67933,419115
188.15984,103.74117,419119
188.76741,103.97204,419124
189.1676,104.03374,419128
189.76619,103.97999,419132
191.0002,103.997116,419182
191.0002,103.997116,419187
191.36421,104.13705,419192
191.57571,104.17994,419198
191.85617,104.60503,419203
191.94232,104.985374,419209
191.94232,104.985374,419214
191.94232,104.985374,419219
192.59229,104.985374,419224
193.49962,105.04373,419229
194.4063,105.12079,419233
195.31303,105.17999,419238
195.57074,105.17999,419243
196.22061,105.18,419248
197.26024,105.17999,419253
198.1696,105.18,419257
199.07793,105.17999,419262
199.4643,105.17999,419267
200.11243,105.18,419272
200.5788,105.179985,419276
200.99255,105.474014,419280
201.7994,106.13013,419284
202.60857,106.78336,419289
203.21516,107.27364,419293
203.31627,107.355354,419298
203.31627,107.355354,419304
203.51631,107.835304,419308
203.66634,108.195274,419356
203.66634,108.195274,419361
203.66634,108.195274,419367
203.02214,108.18,419372
203.25233,107.75311,419377
203.92812,107.369995,419382
204.84935,106.88748,419387
205.53958,106.52427,419391
205.88472,106.34272,419397
206.47581,106.0724,419402
207.30333,105.69396,419407
207.92195,105.49854,419412
208.14836,105.37074,419417
208.53372,105.02166,419421
209.01544,104.5853,419425
209.02992,104.280426,419431
209.21693,103.99653,419436
210.09816,103.97999,419440
210.8368,103.97999,419445
211.42404,104.15672,419450
211.64119,104.19377,419455
211.64119,104.19377,419460
212.15771,104.13393,419464
213.06161,104.029205,419468
214.09465,103.909515,419472
214.74031,103.83472,419476
215.26025,103.83035,419481
216.17018,103.82272,419485
216.82013,103.82001,419490
217.73001,103.82,419496
218.50966,103.8201,419501
219.28938,103.82,419506
220.06917,103.82,419510
220.32892,103.8201,419515
220.56886,103.82003,419520
220.76701,103.69348,419526
220.82,102.95293,419530
220.81999,101.91314,419536
221.13869,102.21975,419541
221.26611,102.446365,419546
221.06213,102.92465,419552
220.85814,103.40295,419557
220.81459,103.62413,419563
220.53214,103.83169,419568
219.62236,103.82001,419573
219.10283,103.82001,419578
218.45288,103.82,419583
217.54295,103.82,419588
216.893,103.82001,419593
216.11313,103.82,419598
215.33354,103.8201,419603
214.5536,103.82,419608
213.64368,103.82,419614
212.7338,103.82001,419620
211.95395,103.82,419625
211.43439,103.8201,419631
210.91443,103.82,419637
210.13518,103.82,419642
209.3553,103.82,419647
208.5759,103.82001,419651
207.93105,103.75356,419657
207.54425,103.70373,419663
206.8943,103.6999,419668
205.98436,103.69453,419672
204.94443,103.68839,419677
204.0345,103.68303,419682
203.7745,103.681496,419687
203.25453,103.681244,419691
202.21458,103.68073,419696
201.30464,103.68029,419700
200.91466,103.6801,419705
200.79228,103.72394,419710
200.20984,103.82,419715
199.9501,103.82001,419720
199.43015,103.82,419725
198.39023,103.82,419729
197.61032,103.82,419734
196.57053,103.82001,419739
196.05101,103.8201,419744
195.40106,103.82,419749
194.62112,103.82,419753
193.58125,103.82,419758
192.67145,103.82001,419762
192.28177,103.8201,419766
191.63182,103.82,419770
190.5919,103.82,419774
189.81201,103.82,419778
188.90227,103.82,419782
188.64256,103.8201,419788
188.39667,103.82002,419792
188.10454,103.32913,419796
188.06519,103.20524,419835
188.06519,103.20524,419838
188.06519,103.20524,419885
188.11609,103.46019,419889
188.11609,103.46019,419938
188.11609,103.46019,419942
188.11609,103.46019,419947
188.11609,104.11016,419951
188.74272,104.327515,419955
189.19844,104.0044,419960
190.22093,103.92907,419964
190.99887,103.872894,420012
190.99887,103.872894,420016
191.33368,104.072876,420020
191.53993,104.17994,420025
191.84596,104.53172,420030
191.95647,105.03982,420035
191.95647,105.03982,420041
191.95647,105.03982,420046
191.95647,105.03982,420052
191.842,104.667015,420056
191.79802,104.34678,420061
191.33676,104.1788,420065
190.88356,103.96796,420069
189.99937,103.97997,420073
189.56602,103.97997,420077
188.92366,103.88083,420082
188.66672,103.84116,420088
188.42076,103.82003,420092
188.04466,103.49554,420096
187.22743,102.6584,420101
186.58914,102.00986,420106
185.86018,101.268166,420110
185.5868,100.99004,420114
185.40378,100.805405,420119
185.17279,100.56505,420123
185.18,100.04703,420127
185.18,100.04703,420132
185.18,100.04703,420137
185.18,100.04703,420142
184.69081,99.870514,420146
184.57776,99.82005,420151
184.51773,99.82005,420155
184.36823,99.7945,420159
184.18,99.02837,420163
184.18,97.99887,420167
184.18,97.62559,420170
184.18,97.62559,420174
184.18,97.62559,420178
184.18,96.975624,420181
184.72534,96.939255,420185
185.05255,97.151436,420189
185.05255,97.151436,420195
185.05255,97.151436,420200
185.05255,96.63146,420205
185.10597,96.25296,420210
185.0277,95.60773,420215
184.9494,94.96249,420219
184.81197,94.32722,420223
184.67451,93.69195,420228
184.66191,93.04211,420233
184.64175,92.00235,420237
184.62411,91.09257,420241
184.56743,90.5757,420246
184.45403,89.54195,420251
184.36899,88.76664,420256
184.97937,88.38791,420261
185.36076,87.909935,420265
185.81854,87.12359,420270
186.28128,86.340065,420275
186.47948,86.00421,420280
186.47948,86.00421,420286
186.47948,86.00421,420292
186.99945,86.00421,420296
187.19638,85.5214,420300
186.85857,84.676476,420305
186.85857,84.676476,420363
186.85857,84.676476,420368
186.85857,84.676476,420373
186.85857,84.1565,420379
186.2382,84.09048,420384
185.99007,84.16806,420390
185.99007,84.16806,420396
185.99007,84.16806,420403
185.99007,83.5181,420409
185.86063,83.24608,420413
185.86063,83.24608,420470
185.86063,83.24608,420476
185.86063,83.24608,420482
185.39134,83.17423,420486
184.61334,83.17999,420491
183.96405,83.17999,420496
183.70502,83.17999,420503
183.37643,83.188095,420509
183.01501,83.5492,420514
182.58281,84.03465,420518
182.58281,84.03465,420524
182.58281,84.03465,420529
182.58281,83.51468,420535
182.9636,83.33889,420540
183.2152,83.27335,420545
183.79515,83.17999,420550
183.66553,83.17999,420555
183.44403,83.17999,420560
182.98622,83.58517,420565
182.55269,84.069435,420570
182.28876,84.24326,420574
182.18,84.800835,420579
182.17998,85.31955,420584
182.20229,85.65749,420589
182.75276,86.21006,420594
183.30322,86.76262,420599
183.70891,87.27044,420604
183.95232,87.575134,420609
184.18246,88.0414,420613
184.20416,88.691,420617
184.23886,89.73037,420622
184.26923,90.63982,420627
184.29959,91.54926,420632
184.31262,91.939026,420636
184.3138,92.589,420640
184.31544,93.49895,420644
184.31711,94.4089,420649
184.31876,95.318855,420654
184.31946,95.70883,420658
184.31963,96.228806,420663
184.31992,97.13876,420668
184.17911,97.63095,420672
184.18,98.53631,420676
184.18,99.422646,420680
184.20514,99.66877,420684
184.58273,100.02625,420688
185.21822,100.66115,420692
185.56696,101.04191,420696
186.38799,101.87537,420700
187.11642,102.61757,420705
187.84518,103.35947,420709
188.02736,103.54495,420747
188.02736,103.54495,420750
188.02736,103.54495,420796
188.02736,103.54495,420802
188.02736,104.19492,420806
188.3061,103.99774,420811
188.94351,104.12492,420816
189.56416,103.97998,420820
190.78029,103.97998,420865
190.78029,103.97998,420869
191.39493,104.15338,420874
191.60216,104.18079,420878
191.84338,104.52252,420882
191.95427,105.03053,420886
191.95427,105.03053,420891
191.95427,105.03053,420896
191.95427,105.03053,420902
191.83945,104.65784,420906
191.79352,104.338936,420910
191.31789,104.18,420914
190.86507,103.966576,420919
189.98201,103.97998,420924
189.55472,103.97998,420929
189.04095,103.8999,420933
188.65562,103.839836,420938
188.41025,103.82003,420942
187.94429,103.39338,420946
187.2182,102.648926,420951
186.57994,102.00034,420955
185.75981,101.166,420960
185.57755,100.9806,420965
185.39267,100.80173,420969
185.17836,100.4092,420974
185.18,100.1501,420979
185.18,100.1501,420984
185.18,100.1501,420990
185.18,100.1501,420995
184.71494,99.9175,420999
184.71494,99.9175,421052
184.71494,99.9175,421056
184.58737,99.89247,421061
184.00795,100.41459,421066
183.81897,100.59313,421071
183.39098,101.05917,421075
182.64659,101.78533,421079
181.81271,102.60596,421083
181.16374,103.2438,421088
180.88562,103.51718,421093
180.77438,103.691475,421097
180.2529,103.82001,421102
179.21335,103.82,421106
178.30345,103.82,421110
177.39363,103.82,421114
176.87407,103.8201,421118
176.09413,103.82001,421123
175.3142,103.82001,421127
174.40431,103.82001,421131
173.49452,103.82001,421135
173.10483,103.82001,421140
172.47667,103.98697,421144
171.84851,104.15394,421148
171.32874,104.16819,421152
170.73271,103.97998,421157
169.7474,103.97998,421162
169.34166,103.97998,421167
169.10748,104.08596,421172
169.02066,104.04691,421176
168.65996,103.89864,421181
168.54886,103.831154,421187
168.50085,103.8201,421192
168.30771,103.76226,421197
168.18,103.12123,421201
168.18,102.21222,421206
168.18,101.30426,421211
168.18,101.046814,421216
168.18,101.046814,421222
168.18,101.046814,421228
168.18,101.56679,421234
168.18,102.47475,421239
168.18,103.3712,421244
168.23198,103.69685,421248
168.65518,103.82001,421253
169.17514,103.82,421258
170.08507,103.82,421262
170.99496,103.82,421267
171.90482,103.82001,421272
172.55435,103.8201,421276
173.2043,103.82001,421281
173.98424,103.82,421286
174.76416,103.82,421290
175.67403,103.82001,421294
176.4534,103.82,421298
177.10335,103.82001,421303
178.01328,103.82,421307
178.92317,103.82,421311
179.83295,103.82,421315
180.2226,103.82001,421320
180.46939,103.82001,421325
180.989,103.80485,421329
182.0282,103.76557,421334
183.06743,103.726814,421339
184.10664,103.687965,421344
184.10664,103.687965,421349
183.45668,103.68644,421353
182.41673,103.68398,421358
181.50677,103.68185,421362
180.98682,103.680626,421367
180.73375,103.74023,421371
180.27687,103.823364,421375
179.10733,103.82,421379
178.19745,103.82,421383
177.28767,103.82,421387
176.89803,103.8201,421391
176.24808,103.82,421396
175.33815,103.82,421400
174.42825,103.82,421405
173.6484,103.82,421409
172.99896,103.8201,421415
172.49901,103.963005,421419
171.87407,104.14165,421424
171.22444,104.16256,421428
170.60864,103.97997,421432
169.75058,103.97997,421436
169.31436,103.98066,421441
169.01193,104.40393,421445
168.97163,105.05264,421450
168.60237,105.178055,421455
168.39813,105.18174,421459
168.16934,105.516556,421464
168.18,106.2957,421468
168.18,107.20239,421472
168.18,107.330124,421516
168.18,107.330124,421520
168.18,107.330124,421525
168.18,106.68016,421530
168.17998,105.77279,421534
168.18,105.43229,421539
168.3744,105.19195,421543
168.74934,105.179985,421548
168.74934,105.179985,421553
168.74934,105.179985,421558
168.74934,105.179985,421562
169.03168,104.665215,421567
169.02992,104.32383,421571
169.22998,103.99958,421618
169.22998,103.99958,421622
169.12544,103.92231,421628
169.64143,103.97998,421632
170.8951,103.97998,421679
170.8951,103.97998,421683
170.8951,103.97998,421689
171.54507,103.97998,421694
171.84502,104.223885,421699
171.82,104.7428,421703
171.82,105.0016,421708
171.82,105.0016,421714
172.32524,105.124504,421718
173.22783,105.179245,421723
174.1376,105.18,421727
175.047,105.17999,421731
175.95555,105.17999,421735
176.34302,105.17999,421740
176.99289,105.17999,421745
177.90259,105.17999,421750
179.07161,105.18,421754
179.97914,105.179985,421758
180.23654,105.179985,421762
180.67339,105.214386,421766
181.11288,105.49226,421770
181.882,105.978546,421774
182.761,106.5343,421778
183.31038,106.88165,421828
183.31038,106.88165,421832
183.74986,107.15953,421837
184.07948,107.367935,421842
184.56169,106.93212,421847
185.33322,106.23482,421851
186.10475,105.537506,421856
186.87628,104.8402,421861
187.64781,104.1429,421866
187.93713,103.88141,421870
188.19319,103.83637,421875
188.81354,104.03036,421878
189.16673,104.03433,421882
189.63586,103.97998,421886
190.99858,103.99631,421933
190.99858,103.99631,421936
191.36255,104.13634,421941
191.57431,104.17995,421945
191.82639,104.47593,421950
191.9416,104.98298,421955
191.9416,104.98298,421960
191.9416,104.98298,421966
192.72156,104.98298,421971
193.62862,105.04431,421976
194.53493,105.12553,421981
195.44104,105.17999,421986
196.34941,105.18,421991
197.25906,105.17999,421995
198.16847,105.18,421999
199.0768,105.17999,422004
199.4632,105.17999,422008
199.98198,105.17999,422013
200.36829,105.17999,422018
200.57796,105.17999,422023
200.99173,105.47333,422027
201.79852,106.12948,422032
202.50655,106.70108,422036
203.31541,107.3547,422041
203.31541,107.3547,422046
203.31541,107.3547,422052
203.96538,107.3547,422057
204.61536,107.3547,422101
204.61536,107.3547,422106
205.19867,107.641396,422110
205.5447,107.09119,422115
205.95992,106.43094,422119
206.53413,106.126434,422124
207.4529,105.63922,422128
207.95183,105.49281,422133
208.1757,105.36063,422137
208.65407,104.920586,422142
209.02994,104.56856,422146
209.02994,104.275635,422151
209.2361,103.98807,422155
210.12334,103.97998,422160
210.96739,103.98319,422164
211.31883,104.12965,422169
211.65224,104.19937,422173
211.65224,104.19937,422179
211.65224,104.19937,422184
212.30222,104.19937,422189
213.33139,104.0702,422195
213.0699,103.98051,422198
212.0347,103.88144,422202
211.3878,103.82001,422207
210.86783,103.82,422211
209.95824,103.82001,422216
208.91852,103.82001,422220
208.65877,103.8201,422225
208.01396,103.768,422230
207.62746,103.71599,422235
206.71754,103.708015,422240
205.80762,103.70004,422245
204.8977,103.69207,422250
203.98778,103.6841,422254
203.07784,103.68173,422259
202.16788,103.68117,422262
201.25793,103.680435,422266
200.99794,103.68023,422272
200.87297,103.71604,422277
200.16632,103.82001,422283
199.12671,103.82,422287
198.21678,103.82,422291
197.3069,103.82001,422295
196.39714,103.82001,422299
196.13739,103.8201,422303
195.48744,103.82,422308
194.57751,103.82,422313
193.7976,103.82,422317
192.75778,103.82001,422321
192.23822,103.8201,422325
191.58827,103.82,422329
190.54837,103.82,422334
189.50853,103.82,422338
188.59915,103.82001,422342
188.35295,103.80859,422347
188.08308,103.27118,422352
188.08308,103.27118,422385
188.08308,103.27118,422389
188.08308,103.27118,422433
188.10712,103.39893,422438
188.18127,103.6092,422443
188.52649,103.82954,422447
189.43533,103.82,422452
190.21524,103.8201,422496
190.21524,103.8201,422501
190.21524,103.8201,422506
190.8652,103.8201,422511
191.7747,103.82001,422515
191.76482,104.20986,422520
191.90948,104.84352,422525
191.93842,104.97025,422530
191.93842,104.97025,422535
191.82198,104.59807,422540
191.81621,104.388626,422545
191.44958,104.18,422550
190.97926,103.994934,422555
190.10689,103.97998,422559
189.5561,103.97998,422564
188.91386,103.88,422569
188.65698,103.840004,422574
188.41153,103.82003,422579
187.94556,103.39439,422583
187.12813,102.557434,422587
186.48972,101.90901,422591
185.85197,101.25995,422595
185.57863,100.98179,422599
185.39401,100.80215,422603
185.17859,100.41235,422607
185.18,100.02429,422612
185.18,100.02429,422617
185.18,100.02429,422622
185.18,100.02429,422628
184.68623,99.86128,422632
184.57231,99.82005,422637
184.50397,99.82005,422642
184.34686,99.784836,422646
184.18,98.96534,422651
184.17998,98.06356,422655
184.17998,97.5683,422660
184.17998,97.5683,422665
184.17998,97.5683,422670
184.17998,97.048325,422675
184.2709,96.276375,422679
184.27866,95.62646,422684
184.2895,94.71657,422688
184.30035,93.80667,422693
184.31276,92.7668,422698
184.31741,92.37685,422702
184.31773,91.85687,422707
184.31831,90.94692,422711
184.3189,90.036964,422716
184.31947,89.127014,422720
184.31981,88.60704,422724
183.843,88.399605,422729
183.38985,87.93844,422733
182.73167,87.310104,422738
181.9809,86.59049,422742
181.32382,85.961,422746
180.94835,85.60128,422751
180.94835,85.60128,422756
180.94835,85.60128,422762
180.94835,85.08131,422768
180.66373,85.08791,422772
180.01434,85.115685,422776
179.10522,85.154564,422780
178.06635,85.18,422785
177.28876,85.18,422789
176.9039,85.179985,422793
176.9039,85.179985,422797
176.9039,85.179985,422802
176.25394,85.179985,422806
175.6188,85.07347,422812
174.85654,84.90828,422817
174.34836,84.79816,422822
173.71169,84.66733,422827
173.07503,84.53651,422833
173.07503,84.53651,422874
173.07503,84.53651,422877
173.07503,84.53651,422882
173.07503,84.53651,422888
172.31036,84.3828,422893
171.80058,84.28032,422897
171.23515,84.17999,422902
170.67078,83.97997,422906
169.61212,83.97997,422955
169.61212,83.97997,422960
169.2426,83.85533,422964
169.30194,83.970985,422969
169.16507,84.03505,422974
169.02216,84.30823,422979
169.02216,84.30823,422984
168.64159,83.9539,422989
168.35217,83.79984,422993
168.1683,83.489655,422997
168.18,82.580505,423002
168.18,81.67149,423007
168.17998,81.02506,423012
168.17998,81.02506,423019
168.17998,81.02506,423025
168.17998,81.54504,423030
168.18,82.58433,423035
168.18,83.359726,423040
168.18,83.57119,423044
168.50146,83.83281,423048
169.40764,83.82001,423052
170.31691,83.82,423057
171.09647,83.82001,423062
171.87556,83.82,423066
172.52216,83.82001,423071
173.0387,83.879684,423075
173.8135,83.96921,423080
174.32568,84.05889,423084
175.09396,84.19341,423088
175.73305,84.311874,423092
176.37212,84.43034,423097
177.00946,84.557846,423102
177.6468,84.68534,423107
178.15642,84.78858,423111
178.92085,84.94344,423115
179.55783,85.07277,423119
180.1948,85.179985,423124
180.63019,85.191864,423128
181.00037,85.548225,423132
181.6295,86.205635,423136
182.43997,87.04938,423140
183.0702,87.705765,423144
183.52037,88.17459,423149
184.03195,88.267624,423154
184.07033,88.78618,423159
184.13748,89.69365,423163
184.20464,90.60113,423167
184.26219,91.37896,423171
184.30057,91.897514,423177
184.30304,92.41748,423182
184.30673,93.19743,423187
184.31165,94.23737,423192
184.31595,95.147316,423197
184.31903,95.79728,423201
184.31935,96.31725,423206
184.31982,97.09721,423210
184.17998,97.5871,423214
184.18,98.49289,423218
184.18,99.382484,423222
184.18268,99.62768,423226
184.64262,100.08277,423231
185.2035,100.62106,423235
185.71219,101.1893,423240
186.35175,101.83655,423244
186.9888,102.486305,423249
187.80817,103.3214,423254
187.99025,103.50699,423258
187.99025,103.50699,423299
187.99025,103.50699,423303
187.99025,103.50699,423350
187.99025,103.50699,423355
187.99025,104.02696,423360
188.63414,104.32825,423364
189.08124,104.12235,423369
189.6967,103.97998,423373
190.91245,103.97998,423417
190.91245,103.97998,423421
191.40176,104.155914,423426
191.60933,104.18302,423430
191.87413,104.66214,423435
191.95714,105.04319,423440
191.95714,105.04319,423446
191.95714,105.04319,423452
191.95714,105.04319,423458
191.84285,104.670334,423463
191.79958,104.34968,423468
191.47412,104.171585,423472
190.89177,103.968994,423476
190.00737,103.97998,423481
189.57138,103.97998,423486
188.92896,103.88127,423490
188.67198,103.84179,423494
188.42575,103.82003,423499
187.87064,103.31094,423504
187.23438,102.66047,423508
186.41275,101.827576,423513
185.68277,101.08689,423517
185.40837,100.809784,423521
185.17976,100.44731,423525
185.18,100.058914,423530
185.18,100.058914,423535
185.18,100.058914,423540
185.18,100.058914,423546
184.69344,99.87553,423550
184.69344,99.87553,423600
184.69344,99.87553,423605
184.56403,99.86321,423610
184.09637,100.314606,423614
183.81723,100.58694,423619
183.49046,100.96347,423623
182.74454,101.68803,423627
182.0038,102.417946,423632
181.35484,103.055824,423636
180.89137,103.511505,423640
180.7005,103.76468,423644
180.08742,103.82001,423648
179.30759,103.82,423652
178.52765,103.82,423656
177.74776,103.82,423660
176.96814,103.82001,423664
176.31842,103.82,423669
175.2785,103.82,423673
174.3686,103.82001,423678
173.45882,103.82001,423683
173.06915,103.82001,423687
172.44202,103.990746,423691
171.81488,104.16149,423695
171.16512,104.1775,423700
170.59161,103.97997,423704
169.73622,103.97997,423709
169.37056,103.97997,423713
169.13644,104.05754,423717
169.0454,103.97495,423722
168.66983,103.86989,423726
168.55418,103.820045,423732
168.50537,103.820045,423737
168.37744,103.7983,423742
168.18,103.17082,423747
168.18,102.392006,423751
168.18,101.61305,423755
168.18,101.09596,423760
168.18,101.09596,423765
168.18,101.09596,423772
168.18,101.61594,423777
168.18,102.523796,423781
168.17998,103.417885,423786
168.19084,103.6324,423790
168.53143,103.82713,423794
169.31114,103.82,423798
170.2204,103.82,423803
171.0003,103.82,423807
172.0401,103.82,423812
172.55968,103.82001,423817
173.07964,103.82,423821
173.98956,103.82,423826
174.89946,103.82,423831
175.80928,103.82001,423836
176.32896,103.8201,423841
176.97891,103.82,423846
177.88884,103.82,423850
178.79874,103.82,423854
179.70856,103.82,423859
180.22813,103.8201,423864
180.4746,103.82003,423868
181.12408,103.799774,423872
182.0334,103.76546,423877
183.07262,103.72664,423882
184.11185,103.687775,423886
184.8918,103.68628,423891
184.63182,103.681786,423895
185.28178,103.68146,423899
186.32173,103.68093,423904
187.36168,103.6804,423908
187.88165,103.68014,423912
187.88165,103.68014,423953
187.88165,103.68014,423956
187.88165,103.68014,424006
187.88165,103.68014,424011
187.88165,104.3301,424015
188.16689,104.15533,424019
188.88127,104.14097,424023
189.17525,104.02862,424028
189.65039,103.97998,424032
191.01375,104.00461,424075
191.01375,104.00461,424080
191.37825,104.14326,424084
191.58745,104.17995,424089
191.83548,104.49781,424094
191.94801,105.00546,424099
191.94801,105.00546,424104
191.94801,105.00546,424109
191.94801,105.00546,424115
191.83237,104.633026,424120
191.82005,104.42033,424125
191.6609,104.21021,424129
191.04538,104.036415,424134
190.21187,103.97998,424138
189.5442,103.97998,424142
189.03055,103.899185,424147
188.64531,103.838585,424151
188.40051,103.82003,424156
188.02501,103.47934,424160
187.299,102.73479,424165
186.6614,102.08556,424170
186.02411,101.43604,424174
185.5689,100.972115,424179
185.3824,100.79847,424183
185.17761,100.38528,424188
185.18,100.126274,424193
185.18,100.126274,424198
185.18,100.126274,424204
185.18,100.126274,424209
184.70903,99.90589,424214
184.48927,99.82005,424219
184.36328,99.79246,424224
184.18,99.2701,424229
184.1799,98.49413,424233
184.18,97.85107,424238
184.18,97.605934,424242
184.18,97.605934,424247
184.21681,97.088196,424252
184.29044,96.311714,424256
184.29506,95.661766,424261
184.30154,94.75183,424266
184.3071,93.97189,424270
184.31357,93.06196,424274
184.31819,92.41201,424279
184.31848,91.76204,424285
184.31894,90.72209,424290
184.31927,89.94213,424295
184.31967,89.03218,424300
184.3199,88.51221,424305
183.94548,88.40315,424310
183.56587,88.047806,424316
182.90157,87.42595,424321
182.23724,86.8041,424326
181.57294,86.18224,424331
181.00351,85.64922,424337
181.00351,85.64922,424343
181.00351,85.64922,424350
181.00351,85.12925,424356
180.69098,85.10252,424361
180.0415,85.12777,424367
179.13223,85.16312,424372
178.22308,85.18,424377
177.44496,85.17999,424381
176.9302,85.17999,424386
176.9302,85.17999,424391
176.9302,85.17999,424398
176.41023,85.17999,424403
175.64326,85.064514,424408
175.13414,84.958824,424412
174.37047,84.80029,424417
173.86098,84.69639,424422
173.09674,84.54052,424427
173.09674,84.54052,424483
173.09674,84.54052,424488
173.09674,84.54052,424493
173.09674,84.54052,424499
172.7144,84.46375,424503
171.82225,84.28462,424508
171.14482,84.175224,424512
170.4611,83.97997,424516
169.5622,83.97997,424566
169.5622,83.97997,424570
169.19589,83.84617,424574
169.31432,83.98031,424580
169.18117,84.02484,424585
169.02328,84.276245,424589
169.02328,84.276245,424595
168.63464,83.9308,424599
168.44032,83.82006,424604
168.1679,83.53265,424608
168.18,82.62384,424613
168.18,81.71477,424618
168.17998,81.06782,424624
168.17998,81.06782,424629
168.18,81.71754,424634
168.18,82.626625,424638
168.17998,83.27356,424643
168.17998,83.59483,424648
168.55626,83.824326,424654
169.33452,83.82,424659
170.24335,83.82,424663
171.02292,83.82001,424667
171.93187,83.82001,424671
172.5776,83.82001,424676
173.22296,83.89732,424680
173.8683,83.97464,424685
174.38025,84.065704,424690
175.14815,84.20231,424694
175.78714,84.32125,424699
176.42613,84.440186,424703
176.93594,84.5425,424708
177.70065,84.69598,424713
178.46506,84.85097,424717
178.97467,84.9543,424722
179.61163,85.08366,424727
180.24808,85.179985,424732
180.67259,85.21481,424736
181.12321,85.683205,424741
181.84422,86.43264,424745
182.38498,86.99471,424750
183.01585,87.65046,424755
183.46648,88.11886,424759
184.09912,88.267944,424764
184.13594,88.91687,424769
184.17278,89.565796,424773
184.23169,90.60407,424778
184.27588,91.38278,424782
184.30534,91.90192,424787
184.3072,92.42189,424791
184.30998,93.20184,424795
184.31325,94.11179,424800
184.3165,95.02174,424804
184.31929,95.8017,424809
184.31952,96.32167,424814
184.31987,97.10163,424817
184.18,97.59082,424821
184.18,98.49658,424825
184.17998,99.38579,424829
184.1841,99.63121,424834
184.74019,100.17484,424838
185.20477,100.624535,424842
185.6226,101.101456,424846
186.26248,101.748405,424850
186.99104,102.490486,424855
187.62886,103.139496,424859
187.9933,103.51037,424863
187.9933,103.51037,424868
188.20508,103.66119,424873
188.62727,103.90688,424876
189.16469,104.03577,424880
189.76106,103.97999,424884
190.65598,103.97998,424888
191.3961,104.15449,424892
191.3961,104.15449,424894
191.3961,104.15449,424938
191.3961,104.15449,424944
190.97766,103.994026,424949
190.10512,103.97998,424954
189.555,103.97998,424994
189.555,103.97998,424998
189.555,103.97998,425003
189.03502,103.97998,425007
188.25507,103.97998,425052
188.25507,103.97998,425055
188.25507,103.97998,425061
187.60509,103.97998,425066
186.94537,103.388626,425071
186.42673,102.48904,425075
185.95218,101.71264,425079
185.54843,101.04532,425083
185.38953,100.83955,425087
185.17964,100.423706,425092
185.18,100.03551,425096
185.18,100.03551,425101
185.18,100.03551,425106
185.18,100.03551,425111
184.68849,99.8658,425115
184.575,99.820045,425119
184.51561,99.820045,425123
184.39665,99.80477,425127
184.18,99.11678,425131
184.18,98.213326,425136
184.18,97.58762,425140
184.18,97.58762,425145
184.18,97.58762,425150
184.18,96.93765,425155
184.2589,96.29575,425160
184.26657,95.77583,425164
184.27809,94.99596,425168
184.29346,93.95612,425174
184.30498,93.17625,425178
184.3165,92.39637,425182
184.31706,91.74641,425187
184.31784,90.83645,425192
184.31862,89.9265,425197
184.31929,89.14654,425202
184.31973,88.626564,425206
183.84818,88.40744,425210
183.49396,88.03329,425215
182.74062,87.31641,425219
182.08337,86.68707,425223
181.33197,85.96813,425228
180.95627,85.60866,425233
180.95627,85.60866,425239
180.95627,85.60866,425244
180.95627,84.95869,425248
180.61984,85.09518,425253
179.97044,85.12207,425258
179.19115,85.15435,425262
178.282,85.17999,425267
177.50368,85.18,425271
176.86125,85.179985,425276
176.86125,85.179985,425281
176.86125,85.179985,425286
176.34128,85.179985,425291
175.5768,85.05409,425296
174.94067,84.92061,425301
174.30457,84.787125,425306
173.79509,84.68313,425310
173.0309,84.52713,425315
173.0309,84.52713,425362
173.0309,84.52713,425366
173.0309,84.52713,425371
173.0309,84.52713,425377
172.52109,84.42483,425381
171.88382,84.29695,425386
171.34009,84.178696,425390
170.63934,83.97998,425395
169.59184,83.97998,425445
169.59184,83.97998,425450
169.22354,83.85175,425454
169.28685,83.965294,425459
169.10693,84.08525,425463
169.02483,84.34529,425467
169.02483,84.34529,425473
168.65254,83.98228,425478
168.36716,83.80733,425482
168.17662,83.40226,425487
168.18,82.49323,425492
168.18001,81.58437,425497
168.18,81.06716,425502
168.18,81.06716,425507
168.18,81.06716,425513
167.52994,81.06716,425518
166.62892,80.959724,425523
165.73117,80.820015,425528
165.49171,80.820015,425533
165.23564,80.69793,425538
165.18,80.091805,425543
165.18,80.091805,425548
165.18,80.091805,425554
164.66002,80.091805,425558
163.88005,80.091805,425608
163.88005,80.091805,425614
164.10803,79.7754,425618
164.10803,79.7754,425622
164.6022,80.1976,425627
164.8987,80.45093,425632
165.21986,80.656494,425638
165.66258,81.119316,425643
166.32199,81.74634,425647
166.88564,82.285446,425651
167.54344,82.91419,425655
168.01329,83.363304,425660
168.19798,83.64531,425664
168.66258,83.820015,425669
169.18248,83.82,425673
170.0915,83.82,425677
171.00102,83.82,425681
171.90997,83.82,425686
172.55608,83.820015,425690
173.07246,83.881004,425694
173.84703,83.97249,425698
174.48708,84.085655,425703
175.12712,84.19882,425708
175.76614,84.31759,425713
176.40517,84.43635,425717
177.04245,84.564095,425722
177.67975,84.69184,425728
178.18936,84.795135,425732
178.95377,84.95008,425737
179.59074,85.07942,425741
180.22751,85.17998,425746
180.65729,85.20526,425751
181.02184,85.57485,425756
181.65207,86.23122,425760
182.28271,86.887184,425765
182.91331,87.54321,425769
183.45383,88.105515,425774
184.08473,88.26174,425779
184.12389,88.91053,425784
184.17871,89.81883,425789
184.23352,90.727135,425793
184.2805,91.505684,425798
184.304,91.89495,425802
184.30603,92.414925,425806
184.31007,93.454865,425811
184.31311,94.23482,425816
184.31717,95.27476,425821
184.3192,95.79473,425826
184.31952,96.444695,425831
184.31985,97.094666,425835
184.17998,97.58484,425839
184.17998,98.61924,425843
184.18,99.37985,425847
184.18161,99.62485,425851
184.64009,100.0806,425856
185.2025,100.61828,425860
185.5248,101.00387,425864
186.25682,101.74248,425868
186.89421,102.3919,425872
187.62314,103.13363,425876
187.98758,103.504524,425881
187.98758,103.504524,425919
187.98758,103.504524,425923
187.98758,103.504524,425969
187.98758,103.504524,425974
187.98758,104.154495,425979
188.30254,103.975914,425983
189.06453,104.14236,425987
189.71635,103.97999,425991
190.91887,103.97999,426031
190.91887,103.97999,426035
191.28545,104.11306,426040
191.60727,104.18236,426045
191.90099,104.78554,426050
191.95633,105.039566,426054
191.95633,105.039566,426060
191.84189,104.666756,426064
191.7979,104.34655,426069
191.46606,104.17379,426073
190.75581,103.97998,426078
189.76486,103.97998,426082
189.0527,103.900696,426086
188.66728,103.84123,426091
188.4213,103.82003,426095
187.95555,103.401825,426100
187.13794,102.56506,426104
186.4079,101.82443,426109
185.67857,101.0831,426113
185.40431,100.80585,426117
185.17307,100.566444,426121
185.18,100.04841,426125
185.18,100.04841,426130
185.18,100.04841,426135
185.18,100.04841,426139
184.69118,99.87111,426144
184.69118,99.87111,426196
184.69118,99.87111,426199
184.56165,99.860245,426203
184.09557,100.31327,426208
183.81708,100.58627,426212
183.3969,101.05245,426217
182.7458,101.68809,426221
182.0045,102.41744,426225
181.35553,103.0553,426230
180.892,103.510925,426235
180.70117,103.76415,426239
180.08862,103.82,426244
179.04881,103.82,426248
178.13893,103.82,426252
177.21112,103.82001,426256
176.95135,103.8201,426261
176.3014,103.82,426266
175.39148,103.82,426270
174.35161,103.82,426275
173.57178,103.82001,426279
173.05219,103.82001,426284
172.55087,103.958084,426289
171.79892,104.1652,426294
171.14912,104.17999,426299
170.57458,103.97997,426304
169.72205,103.97998,426308
169.36552,103.97998,426312
169.13176,104.061676,426317
169.02908,104.01541,426321
168.66142,103.885376,426325
168.5484,103.82115,426330
168.50046,103.8201,426335
168.30592,103.76104,426340
168.18001,102.98961,426344
168.18,101.951324,426349
168.18,101.17404,426353
168.18,101.04569,426358
168.18,101.04569,426363
168.18,101.82444,426367
168.18,102.73083,426371
168.18,103.490265,426375
168.23062,103.69537,426380
168.65215,103.82007,426385
169.3021,103.82,426389
170.21202,103.82,426393
171.12192,103.82,426397
172.03175,103.82001,426402
172.55135,103.82001,426406
173.33128,103.82,426411
174.11122,103.82,426415
174.76163,103.82,426419
175.80142,103.82001,426423
176.45085,103.8201,426427
177.1008,103.82,426432
177.88074,103.82,426436
179.0506,103.82,426440
180.09018,103.82,426444
180.46695,103.82001,426448
181.11644,103.79981,426453
182.15565,103.760605,426456
183.06497,103.72679,426460
184.1042,103.68804,426464
184.62418,103.687004,426468
185.79411,103.684685,426472
186.83406,103.68262,426476
187.74402,103.68082,426480
188.12755,103.73813,426485
188.8449,103.82001,426490
188.5851,103.82001,426495
188.33871,103.8002,426499
188.07587,103.25032,426504
188.07587,103.25032,426542
188.07587,103.25032,426545
188.07587,103.25032,426584
188.10085,103.37789,426589
188.17995,103.59001,426594
188.46129,103.83149,426598
189.37047,103.82,426602
190.15085,103.8201,426647
190.15085,103.8201,426650
190.15085,103.8201,426655
190.80081,103.8201,426660
191.7104,103.82001,426665
191.74362,104.20857,426670
191.91539,104.824615,426675
191.94135,104.95199,426679
191.94135,104.95199,426683
191.82004,104.58149,426688
191.81,104.37186,426692
191.4038,104.173996,426696
190.82944,103.96747,426700
189.94867,103.97998,426705
189.61684,103.97998,426709
188.84528,103.86585,426713
188.34238,103.80254,426717
187.88747,103.33832,426722
187.15959,102.59556,426727
186.52269,101.94565,426731
185.8858,101.29574,426735
185.61285,101.0172,426740
185.43002,100.83235,426745
185.16753,100.51157,426750
185.18,100.122986,426755
185.18,100.122986,426760
185.18,100.122986,426764
185.18,100.122986,426769
184.70824,99.90433,426773
184.48819,99.82005,426778
184.35901,99.79058,426783
184.18,99.128,426787
184.18,98.09658,426792
184.18,97.59801,426797
184.18,97.59801,426802
184.18,97.59801,426807
184.18,97.07803,426812
184.25775,96.3059,426817
184.26555,95.78599,426822
184.2792,94.87613,426826
184.29288,93.96628,426831
184.30653,93.05643,426836
184.31628,92.40653,426840
184.31688,91.75657,426845
184.31758,90.97661,426849
184.3184,90.06665,426854
184.31912,89.28669,426858
184.31982,88.50673,426864
183.94458,88.400536,426869
183.56487,88.0453,426874
182.9953,87.51245,426878
182.14095,86.71318,426884
181.38152,86.002716,426888
181.00179,85.64749,426893
181.00179,85.64749,426898
181.00179,85.64749,426903
181.00179,85.12752,426908
180.63435,85.105446,426913
179.85497,85.135605,426919
178.9457,85.170784,426923
178.16646,85.18,426928
177.25922,85.17999,426932
176.87506,85.17999,426937
176.87506,85.17999,426942
176.87506,85.17999,426947
176.35509,85.17999,426951
175.59006,85.05633,426955
175.08112,84.949715,426959
174.31773,84.789795,426963
173.6809,84.659805,426968
173.04405,84.529816,426972
173.04405,84.529816,427020
173.04405,84.529816,427024
173.04405,84.529816,427029
173.04405,84.529816,427034
172.4068,84.401924,427038
171.89699,84.29961,427043
171.48575,84.169624,427048
170.91127,83.97245,427052
170.03267,83.97998,427056
169.60342,83.97998,427104
169.60342,83.97998,427108
169.23442,83.85382,427113
169.2955,83.96857,427118
169.117,84.0747,427123
169.0228,84.32452,427128
169.0228,84.32452,427133
168.55182,83.87659,427138
168.17998,83.398895,427142
168.18,82.4911,427146
168.18,81.58226,427151
168.18,81.06507,427156
168.18,81.06507,427161
168.18,81.06507,427166
167.39993,81.06507,427172
167.172,81.4198,427177
167.46005,82.00244,427182
167.80573,82.70162,427185
168.1514,83.4008,427190
168.18149,83.60095,427195
168.4409,83.82825,427200
168.76497,83.82001,427204
169.41484,83.82,427208
170.19409,83.82,427212
170.97368,83.82,427216
172.01237,83.82001,427220
172.52916,83.82001,427224
173.17479,83.894936,427228
173.82042,83.96987,427233
174.46062,84.0822,427238
175.1008,84.19452,427243
175.61206,84.289345,427247
176.37894,84.43158,427251
177.01627,84.55913,427256
177.6536,84.68668,427261
178.16322,84.78993,427265
178.92764,84.94481,427269
179.56462,85.07414,427274
180.20158,85.179985,427279
180.63606,85.19443,427284
181.09479,85.64798,427288
181.72418,86.30515,427293
182.44478,87.05497,427298
182.9851,87.617455,427302
183.52544,88.17993,427307
184.03764,88.267845,427312
184.08467,88.91611,427317
184.1411,89.69402,427322
184.20694,90.60159,427327
184.28218,91.63882,427332
184.301,91.898125,427337
184.3034,92.41809,427342
184.30762,93.32803,427346
184.31183,94.237976,427351
184.31604,95.14793,427356
184.31906,95.79788,427360
184.31937,96.317856,427364
184.31982,97.09782,427368
184.16888,97.45816,427372
184.18,98.49323,427376
184.18,99.38251,427381
184.18268,99.6277,427385
184.64264,100.08278,427389
185.20352,100.621086,427393
185.61967,101.09801,427397
186.35141,101.83689,427402
187.0794,102.57953,427407
187.89912,103.41429,427412
187.99522,103.247116,427416
187.99522,103.247116,427455
187.99522,103.247116,427458
187.99522,103.247116,427500
188.0877,103.4901,427505
188.17998,103.581665,427509
188.43155,103.826614,427514
189.34074,103.82001,427518
190.12068,103.82,427522
191.03043,103.8201,427566
191.03043,103.8201,427571
191.34576,104.04955,427576
191.54425,104.17994,427582
191.82043,104.4142,427587
191.95854,105.049324,427592
191.95854,105.049324,427597
191.95854,105.049324,427602
191.95854,105.049324,427607
191.84451,104.67639,427612
191.80235,104.35507,427616
191.35843,104.17467,427621
190.64888,103.97998,427625
189.67471,103.97998,427630
188.93758,103.88199,427635
188.68056,103.84278,427639
188.43391,103.82003,427644
187.96915,103.41081,427648
187.33415,102.75911,427652
186.51184,101.9269,427656
185.69019,101.094055,427660
185.41568,100.817055,427663
185.17213,100.46828,427667
185.18,100.07984,427672
185.18,100.07984,427677
185.18,100.07984,427682
185.18,100.07984,427687
184.69807,99.884575,427691
184.69807,99.884575,427736
184.69807,99.884575,427740
184.56897,99.86935,427745
184.09808,100.31737,427749
183.81758,100.58828,427753
183.39519,101.054474,427757
182.65154,101.781395,427762
181.91003,102.510544,427766
181.261,103.14833,427770
180.89014,103.512794,427775
180.69897,103.765816,427779
180.08476,103.82001,427783
179.04501,103.82,427788
178.26509,103.82001,427792
177.22536,103.82001,427796
176.83583,103.8201,427801
176.18588,103.82,427806
175.40594,103.82,427810
174.49603,103.82,427814
173.58621,103.82,427818
173.06659,103.82001,427822
172.56494,103.95682,427826
171.81247,104.16205,427831
171.16269,104.17792,427836
170.71582,103.97998,427840
169.73326,103.97998,427845
169.36949,103.97998,427849
169.13544,104.05841,427853
169.03044,104.01114,427857
168.6619,103.88366,427862
168.54884,103.820045,427867
168.49072,103.820045,427872
168.25082,103.71371,427877
168.18,102.737045,427882
168.18,101.9581,427886
168.18,101.18068,427890
168.18,101.05227,427896
168.18,101.05227,427901
168.18,101.70131,427906
168.18,102.7375,427911
168.17998,103.49633,427916
168.17998,103.59831,427921
168.59206,103.8229,427926
169.37175,103.82,427931
170.28168,103.82,427935
171.19157,103.82,427939
172.10138,103.82,427943
172.49109,103.82001,427947
173.14105,103.82,427952
174.05098,103.82,427957
174.96088,103.82,427960
175.87071,103.82,427964
176.39029,103.8201,427968
177.04025,103.82,427973
178.21014,103.82,427978
179.12001,103.82,427982
180.02971,103.82001,427986
180.53122,103.82001,427990
181.18074,103.796005,427995
182.09007,103.7624,427999
182.9994,103.72879,428003
184.03865,103.69039,428007
184.68861,103.68875,428012
185.72856,103.68613,428016
186.76851,103.6835,428021
187.93845,103.68056,428026
187.93845,103.68056,428031
187.93845,103.68056,428072
187.93845,103.68056,428075
187.93845,103.68056,428122
187.93845,103.68056,428127
187.93845,104.20053,428131
188.26616,104.029205,428135
188.90742,104.13524,428139
189.18886,104.02027,428143
189.79984,103.97999,428147
191.03407,104.01881,428194
191.03407,104.01881,428197
191.4,104.15366,428202
191.60724,104.182335,428207
191.8733,104.65846,428212
191.95631,105.0395,428217
191.95631,105.0395,428223
191.95631,105.0395,428229
191.95631,105.0395,428235
191.84187,104.666695,428239
191.79785,104.3465,428243
191.33603,104.17901,428248
190.62679,103.97997,428252
189.87862,103.97997,428256
189.56557,103.97997,428261
188.79474,103.86095,428266
188.42033,103.82003,428270
187.95454,103.401115,428274
187.31871,102.7502,428278
186.498,101.91641,428282
185.7688,101.17495,428286
185.58649,100.9896,428290
185.40364,100.80519,428294
185.18,100.43493,428299
185.18,100.04663,428303
185.18,100.04663,428307
185.18,100.04663,428312
185.18,100.04663,428317
184.6908,99.87037,428322
184.57774,99.820045,428327
184.52817,99.820045,428331
184.43605,99.81449,428335
184.18,99.27983,428339
184.18,98.37507,428344
184.17998,97.61764,428348
184.17998,97.61764,428353
184.17998,97.61764,428359
184.17998,96.96767,428364
184.72343,96.93423,428368
185.0495,97.14815,428373
185.0495,97.14815,428378
185.0495,97.14815,428383
185.0495,96.628174,428389
185.10413,96.25022,428394
185.02647,95.60491,428398
184.94882,94.9596,428403
184.83885,94.451385,428408
184.67389,93.68907,428413
184.66393,93.16919,428418
184.64645,92.25941,428422
184.6315,91.47958,428427
184.62402,91.089676,428432
184.5531,90.44359,428438
184.46799,89.66829,428443
184.3687,88.76376,428447
184.8516,88.41054,428451
185.41208,87.7891,428456
185.935,86.89074,428461
186.34134,86.22498,428465
186.4765,86.0029,428471
186.4765,86.0029,428477
186.638,85.79915,428482
186.82382,85.35466,428486
186.8201,84.70657,428491
186.8201,84.70657,428547
186.8201,84.70657,428552
186.8201,84.70657,428558
186.8201,84.0566,428564
186.36273,83.913994,428569
186.01971,84.099525,428574
186.01971,84.099525,428580
186.01971,84.099525,428586
186.01971,83.44956,428592
185.89003,83.19855,428596
185.89003,83.19855,428651
185.89003,83.19855,428656
185.89003,83.19855,428661
185.3822,83.168526,428666
184.6036,83.17999,428671
184.08409,83.17999,428675
183.69534,83.17999,428680
183.36755,83.19177,428685
182.92113,83.654396,428690
182.57545,84.04283,428695
182.57545,84.04283,428700
182.57545,84.04283,428705
182.57545,83.39286,428710
183.0579,83.32681,428714
183.18259,83.29003,428720
183.87442,83.17999,428725
184.65256,83.18,428729
185.30103,83.17999,428734
185.99829,83.38652,428740
185.96626,83.46238,428745
186.37688,83.966225,428750
186.72032,84.25068,428755
186.82,84.6882,428760
186.82,85.33669,428765
186.78842,85.67225,428770
186.49857,85.93315,428777
186.01547,86.368,428782
185.80272,86.64036,428788
185.43509,87.00003,428792
184.99138,87.47404,428797
184.58478,87.98082,428801
184.49202,88.6031,428806
184.45193,89.51211,428811
184.40631,90.42091,428816
184.36766,91.19992,428820
184.33543,91.84908,428826
184.3335,92.36906,428830
184.32964,93.409,428836
184.32625,94.31895,428841
184.32335,95.0989,428845
184.32092,95.74886,428849
184.32056,96.398834,428854
184.32011,97.178795,428859
184.18,97.80236,428864
184.18,98.57748,428868
184.18,99.459854,428872
184.18,99.58183,428877
184.6021,100.046,428882
185.22694,100.68446,428886
185.68167,101.14888,428890
186.31828,101.79906,428894
187.1368,102.63501,428898
187.9553,103.470955,428902
187.9553,103.470955,428938
187.9553,103.470955,428941
187.9553,103.470955,428984
187.9553,103.470955,428989
187.9553,104.12092,428993
188.29999,103.959854,428997
189.05972,104.13632,429002
189.5272,103.97998,429006
190.87593,103.97998,429053
190.87593,103.97998,429057
191.36472,104.13545,429062
191.57594,104.17994,429067
191.85632,104.6054,429072
191.94244,104.98575,429077
191.94244,104.98575,429083
191.94244,104.98575,429089
191.94244,104.98575,429094
191.82646,104.61341,429099
191.82005,104.40408,429104
191.49771,104.16797,429108
190.9155,103.97326,429112
190.03207,103.97998,429116
189.5885,103.97998,429121
189.07439,103.90212,429125
188.68881,103.843735,429130
188.44179,103.82003,429134
187.97794,103.41602,429138
187.34135,102.76586,429142
186.70166,102.118706,429146
185.97113,101.37856,429150
185.60583,101.008514,429155
185.42264,100.82404,429160
185.16872,100.48898,429164
185.18,100.10049,429169
185.18,100.10049,429174
185.18,100.10049,429179
185.18,100.10049,429183
184.70285,99.89384,429187
184.70285,99.89384,429234
184.70285,99.89384,429237
184.57411,99.87573,429242
184.19472,100.23131,429246
184.00502,100.409096,429250
183.81796,100.589645,429255
183.39401,101.055824,429259
182.64949,101.781845,429263
181.81578,102.60264,429268
181.16689,103.240555,429272
180.88882,103.513985,429276
180.69754,103.76691,429281
180.08224,103.82,429285
179.0425,103.82,429290
177.87267,103.82,429294
176.96309,103.82001,429299
176.31339,103.82,429303
175.40346,103.82001,429307
174.49355,103.82,429311
173.58372,103.82,429315
173.06412,103.8201,429319
172.43712,103.99135,429324
171.81012,104.162605,429329
171.16034,104.17834,429334
170.58708,103.97998,429338
169.73242,103.97998,429343
169.36919,103.97998,429347
169.13516,104.05865,429351
169.03033,104.01147,429356
168.66185,103.8838,429360
168.54868,103.82005,429365
168.49057,103.82005,429370
168.19498,103.63139,429375
168.18,102.73541,429380
168.18,101.95616,429384
168.18,101.050354,429389
168.18,101.050354,429394
168.18,101.050354,429400
168.18,101.700325,429405
168.18,102.607994,429410
168.18,103.37508,429414
168.18,103.59806,429419
168.59158,103.822876,429424
169.24129,103.82,429428
170.15121,103.82001,429433
171.06111,103.82,429438
171.84097,103.82,429442
172.4906,103.8201,429447
173.14055,103.82,429452
173.92049,103.82,429456
175.09033,103.82001,429460
176.25993,103.82,429464
177.0397,103.82,429468
178.07962,103.82,429473
178.98949,103.82,429477
180.02916,103.82,429481
180.53072,103.82001,429486
181.18024,103.796005,429490
182.08958,103.762405,429495
182.99892,103.728806,429499
184.03815,103.69041,429503
184.68811,103.68877,429507
185.59807,103.68647,429511
186.768,103.68351,429515
187.80795,103.68088,429518
187.97336,103.29218,429522
187.97336,103.29218,429563
187.97336,103.29218,429566
187.97336,103.29218,429612
188.02972,103.40932,429616
188.19548,103.60132,429620
188.51169,103.83176,429625
189.54996,103.82,429630
190.19989,103.8201,429677
190.19989,103.8201,429681
190.19989,103.8201,429686
190.84985,103.8201,429690
191.63206,103.82,429695
191.7606,104.210075,429699
191.90927,104.84263,429704
191.93822,104.96936,429708
191.93822,104.96936,429714
191.82172,104.59719,429718
191.8159,104.3877,429723
191.57695,104.175255,429727
190.97884,103.99486,429731
189.98529,103.97998,429735
189.55682,103.97998,429740
189.04303,103.90004,429744
188.65768,103.84009,429749
188.4122,103.82003,429755
188.03601,103.488914,429759
187.31018,102.744194,429763
186.67207,102.09548,429767
185.8524,101.26067,429772
185.57915,100.98243,429777
185.39468,100.80236,429781
185.17873,100.41393,429785
185.18,100.02584,429789
185.18,100.02584,429794
185.18,100.02584,429799
185.18,100.02584,429805
184.68654,99.86191,429809
184.57268,99.820045,429814
184.51382,99.820045,429819
184.38985,99.802574,429823
184.18,99.22411,429827
184.18,98.44849,429831
184.17996,97.56773,429835
184.17996,97.56773,429840
184.17996,97.56773,429844
184.17996,97.04776,429848
184.26117,96.276344,429853
184.2686,95.756424,429857
184.28346,94.71658,429863
184.29646,93.80672,429867
184.30946,92.89686,429872
184.3169,92.37694,429877
184.31749,91.59698,429882
184.31808,90.81702,429886
184.31879,89.90706,429890
184.31958,88.86711,429895
184.31976,88.607124,429900
183.84299,88.399635,429905
183.48444,88.027626,429909
182.73184,87.309944,429914
182.0749,86.680305,429919
181.32387,85.96096,429924
180.94838,85.60128,429930
180.94838,85.60128,429936
180.94838,85.60128,429942
180.94838,85.08131,429946
180.6178,85.09269,429950
179.9684,85.12,429955
179.05925,85.15824,429959
178.15018,85.18,429964
177.37228,85.18,429969
176.85936,85.179985,429973
176.85936,85.179985,429979
176.85936,85.179985,429984
176.2094,85.179985,429989
175.57643,85.066086,429994
174.94136,84.9277,429999
174.3063,84.789314,430004
173.66962,84.65857,430009
173.03294,84.52783,430014
173.03294,84.52783,430066
173.03294,84.52783,430070
173.03294,84.52783,430075
173.03294,84.52783,430079
172.26825,84.37423,430084
171.88591,84.29743,430089
171.34265,84.17821,430094
170.84216,83.9799,430099
169.56062,83.97998,430147
169.56062,83.97998,430152
169.19443,83.84586,430157
169.31332,83.980446,430162
169.13986,84.0539,430167
169.02304,84.27913,430171
169.02304,84.27913,430176
168.63518,83.93282,430180
168.44124,83.82007,430185
168.20363,83.64866,430189
168.18,82.88768,430193
168.18001,82.108086,430197
168.18,81.329704,430201
168.17998,80.94398,430207
168.17998,80.94398,430212
168.18001,81.59371,430217
168.18,82.3731,430221
168.18,82.89487,430225
168.18,83.28233,430229
168.18207,83.603004,430233
168.57407,83.820015,430238
169.35237,83.82,430242
170.26196,83.82,430246
171.04152,83.82,430250
171.8207,83.82,430254
172.59581,83.8201,430259
173.24106,83.89831,430264
173.8863,83.976524,430268
174.52612,84.09091,430273
175.16594,84.2053,430277
175.67712,84.30056,430281
176.44388,84.44345,430286
177.08112,84.571465,430291
177.71835,84.699486,430295
178.22795,84.80284,430299
178.99234,84.95788,430303
179.50192,85.06136,430308
180.26544,85.17998,430313
180.68433,85.22329,430318
181.13467,85.691956,430324
181.76515,86.34808,430328
182.4857,87.097946,430333
183.02612,87.66034,430337
183.47647,88.129005,430342
183.98361,88.243835,430346
184.12508,88.92234,430350
184.17365,89.830826,430355
184.23119,90.73896,430360
184.27983,91.5174,430364
184.30415,91.906624,430370
184.30617,92.42659,430374
184.30968,93.33654,430379
184.3127,94.11649,430383
184.31673,95.15643,430388
184.31924,95.8064,430393
184.31949,96.32637,430397
184.31987,97.10633,430401
184.16806,97.464645,430406
184.18,98.37041,430410
184.18,99.26601,430415
184.18529,99.634094,430420
184.64845,100.08757,430425
185.2058,100.62734,430430
185.62506,101.10425,430434
186.44766,101.93612,430438
186.99382,102.49293,430442
187.72264,103.23477,430446
187.99593,103.51298,430451
187.99593,103.51298,430490
187.99593,103.51298,430494
187.99593,103.51298,430537
187.99593,103.51298,430541
187.99593,104.16295,430545
188.30327,103.98022,430549
188.81166,104.08938,430553
189.17647,104.02784,430558
189.78117,103.97998,430562
191.01578,104.00586,430606
191.01578,104.00586,430610
191.38037,104.14423,430615
191.58922,104.17994,430620
191.83655,104.50076,430624
191.9488,105.00848,430628
191.9488,105.00848,430633
191.9488,105.00848,430638
191.9488,105.00848,430644
191.83324,104.63602,430648
191.82005,104.42284,430653
191.55994,104.17163,430657
190.72345,103.97997,430662
189.85115,103.97997,430666
189.11934,103.90492,430670
188.6048,103.82987,430674
188.35971,103.81192,430678
187.90273,103.35012,430682
187.26547,102.70056,430686
186.44592,101.86563,430691
185.80853,101.21622,430695
185.53535,100.937904,430700
185.34201,100.78574,430705
185.18,100.429665,430710
185.18,100.04141,430715
185.18,100.04141,430721
185.18,100.04141,430726
185.18,100.04141,430730
184.68971,99.86821,430735
184.68971,99.86821,430785
184.68971,99.86821,430789
184.56009,99.85832,430794
184.09505,100.31239,430799
183.81699,100.58583,430804
183.39726,101.052,430809
182.74615,101.68764,430813
181.91216,102.508125,430818
181.26321,103.145996,430823
180.8924,103.51051,430828
180.70166,103.76378,430832
180.0895,103.82,430836
179.17973,103.82,430840
178.26984,103.82,430844
177.2301,103.82,430849
176.84055,103.82001,430854
176.32059,103.82,430859
175.41066,103.82001,430864
174.37079,103.82,430869
173.461,103.82,430873
173.07133,103.8201,430877
172.44412,103.99057,430882
171.81691,104.16104,430886
171.16714,104.177155,430891
170.71785,103.97998,430895
169.73494,103.97998,430900
169.3701,103.97998,430905
169.136,104.05792,430910
169.03065,104.010506,430914
168.66197,103.88341,430919
168.54922,103.820045,430924
168.49101,103.820045,430929
168.2524,103.71537,430933
168.18,102.87031,430938
168.18,101.96132,430942
168.18,101.055466,430947
168.18,101.055466,430952
168.18,101.055466,430958
168.18,101.57544,430964
168.18,102.61267,430969
168.18,103.500046,430973
168.18001,103.601555,430979
168.46861,103.83149,430984
169.24803,103.82,430989
170.02774,103.82,430993
170.93765,103.82,430997
171.58755,103.82,431001
172.49712,103.8201,431006
173.14706,103.82,431011
173.927,103.82,431015
174.8369,103.82,431019
175.74675,103.82001,431023
176.39629,103.82001,431028
177.04623,103.82,431033
178.08615,103.82,431037
178.99603,103.82,431042
180.03569,103.82001,431046
180.53662,103.82001,431050
181.44595,103.786354,431055
182.35529,103.7527,431059
183.52443,103.709435,431063
184.04405,103.6902,431067
184.69402,103.68859,431072
185.86395,103.68569,431077
185.95735,104.263084,431082
185.7201,104.72577,431086
186.3175,104.46971,431091
187.15387,104.11124,431095
187.87076,103.80396,431100
187.9533,103.29058,431104
187.9533,103.29058,431144
187.9533,103.29058,431147
187.9533,103.29058,431191
188.01424,103.4054,431195
188.19344,103.59203,431200
188.47784,103.83275,431204
189.38702,103.82,431208
190.16695,103.8201,431255
190.16695,103.8201,431259
190.16695,103.8201,431264
190.81691,103.8201,431268
191.72649,103.82,431273
191.74898,104.20943,431278
191.91447,104.83117,431283
191.94109,104.95841,431288
191.94109,104.95841,431293
191.82079,104.58745,431297
191.81235,104.37782,431302
191.42009,104.17571,431306
190.95724,103.98564,431310
190.07933,103.97998,431314
189.62347,103.97998,431319
188.98042,103.88538,431324
188.5946,103.82862,431329
188.34903,103.80646,431333
187.98492,103.43526,431337
187.25668,102.69284,431341
186.61949,102.043236,431346
185.89125,101.30083,431350
185.61818,101.02242,431355
185.4353,100.83761,431360
185.16795,100.52741,431364
185.18,100.13873,431368
185.18,100.13873,431373
185.18,100.13873,431378
185.18,100.13873,431383
184.7121,99.91191,431387
184.49336,99.82005,431392
184.37997,99.79912,431397
184.18,99.06097,431401
184.17998,98.03093,431405
184.17998,97.655624,431410
184.17998,97.655624,431415
184.17998,97.655624,431420
184.17998,97.13565,431424
184.78966,97.10097,431428
185.03352,97.17997,431434
185.03352,97.17997,431439
185.15526,96.40957,431444
185.09155,95.76802,431448
184.96555,94.99831,431452
184.82483,94.363754,431458
184.68413,93.7292,431463
184.67242,93.20936,431467
184.65195,92.29963,431472
184.6344,91.51987,431477
184.62563,91.12999,431481
184.5694,90.61306,431485
184.48506,89.83768,431489
184.38667,88.93305,431494
184.3445,88.54536,431499
184.97842,88.40185,431505
185.42192,87.80556,431509
185.81343,87.13105,431514
186.21033,86.45962,431519
186.4748,86.011925,431523
186.4748,86.011925,431529
186.4748,86.011925,431534
186.99477,86.011925,431539
187.19382,85.528275,431543
186.8597,84.681885,431548
186.8597,84.681885,431606
186.8597,84.681885,431610
186.8597,84.681885,431616
186.8597,84.16191,431621
186.38126,83.97557,431625
186.02243,84.128296,431630
186.02243,84.128296,431636
186.02243,84.128296,431641
186.02243,83.47833,431646
185.77324,83.1625,431651
185.77324,83.1625,431709
185.77324,83.1625,431715
185.77324,83.1625,431721
185.12328,83.1625,431726
184.60474,83.17999,431732
184.08522,83.18,431737
183.69646,83.17999,431743
183.36858,83.19132,431747
183.00839,83.55635,431752
182.5763,84.04189,431757
182.5763,84.04189,431764
182.5763,84.04189,431769
182.5763,83.39192,431775
183.05843,83.32667,431779
183.1831,83.28989,431784
183.7454,83.17999,431789
184.13351,83.17999,431794
184.78308,83.18,431799
185.30168,83.17999,431803
185.88525,83.32399,431807
186.80994,83.79953,431813
187.03119,84.00062,431819
186.80388,84.12681,431824
186.7951,84.2565,431829
186.82034,84.88637,431834
186.82,85.40453,431839
186.81325,85.62492,431844
186.35228,86.07169,431850
185.8088,86.59672,431854
185.47643,86.96432,431859
184.93892,87.527596,431863
184.45744,88.140915,431868
184.43523,88.790504,431873
184.40413,89.69993,431878
184.37747,90.47943,431882
184.34636,91.388855,431887
184.3286,91.90852,431892
184.32722,92.558495,431897
184.32504,93.598434,431902
184.32341,94.378395,431907
184.32121,95.41834,431912
184.32039,95.80832,431917
184.32027,96.3283,431921
184.32007,97.10826,431926
184.16782,97.46751,431930
184.18,98.37387,431935
184.18,98.765015,431940
184.18,99.395905,431945
184.18883,99.64191,431950
184.56155,100.003586,431953
185.20851,100.634926,431957
185.63191,101.11157,431961
186.3635,101.85064,431966
187.09184,102.59294,431970
187.63852,103.149254,431974
188.00294,103.52016,431979
188.21545,103.66993,431983
188.83026,103.82001,431988
189.60927,103.82,431992
190.51917,103.82,431996
190.3936,103.883896,432000
190.65456,103.88357,432004
191.56276,103.827156,432008
192.21248,103.82,432013
193.1224,103.82,432017
194.03232,103.82,432022
194.8122,103.82001,432027
195.5917,103.82001,432032
196.11168,103.82,432036
197.0216,103.82,432041
197.9315,103.82,432046
198.84134,103.82,432051
199.49077,103.82001,432055
200.1405,103.82001,432060
200.51215,103.82004,432065
201.1614,103.7898,432070
202.20024,103.74144,432075
203.23906,103.69307,432079
203.88902,103.69101,432084
204.92897,103.687706,432131
204.87653,104.20503,432135
204.8241,104.72235,432140
205.30502,104.52467,432144
206.26688,104.12931,432149
207.10852,103.78336,432154
207.75842,103.79186,432159
208.14838,103.79697,432164
208.91388,103.83115,432169
209.82309,103.82,432174
210.60287,103.82,432179
210.99243,103.82001,432184
210.99243,103.82001,432189
210.99243,103.82001,432245
210.99243,103.82001,432251
211.64241,103.82001,432257
211.8346,104.20405,432262
211.81999,104.85363,432266
211.82,104.98345,432272
211.82,104.98345,432277
211.82,104.59392,432282
211.81207,104.37151,432288
211.47737,104.168945,432293
211.11311,104.1101,432299
210.37865,103.97998,432304
209.5627,103.97998,432354
209.5627,103.97998,432358
209.5627,103.97998,432363
209.04272,103.97998,432368
208.90039,104.66242,432372
209.08922,105.00364,432377
209.08922,105.00364,432382
209.08922,105.00364,432388
208.43924,105.00364,432393
208.18573,105.13347,432399
208.17287,105.77899,432405
208.18,106.94869,432410
208.18,107.208466,432416
208.18,107.208466,432422
208.18,107.208466,432428
207.52994,107.208466,432434
206.81961,107.46842,432439
205.9127,107.97729,432444
205.68546,108.10358,432449
205.38322,108.18776,432454
205.38322,108.18776,432510
205.38322,108.18776,432515
205.38322,108.18776,432520
204.73326,108.18776,432525
204.97197,108.33498,432529
205.02126,108.85261,432534
205.10751,109.75847,432538
205.18,110.66431,432543
205.18,111.1759,432549
205.08165,111.81839,432555
204.96365,112.58938,432559
204.82599,113.48885,432564
204.71361,114.26067,432569
204.5837,115.16131,432574
204.50945,115.67595,432579
204.47975,116.195076,432584
204.43521,116.97376,432590
204.33101,117.21195,432595
204.17711,117.571,432600
204.18,118.34975,432605
204.18,118.73722,432610
204.18,119.38245,432615
204.18,119.58897,432621
204.18,119.58897,432627
203.98051,120.06916,432632
203.88077,120.30925,432638
203.7686,120.69437,432644
203.7686,120.69437,432704
203.7686,120.69437,432710
203.7686,120.69437,432716
203.7686,121.47433,432721
203.63751,121.23113,432725
203.16296,121.48469,432729
202.75395,121.98983,432733
202.50893,122.59184,432738
202.2639,123.193855,432742
202.26186,123.84382,432748
202.26064,124.233795,432805
202.26064,124.233795,432810
202.26064,124.233795,432815
201.61067,124.233795,432820
201.98456,124.37753,432824
202.10066,124.884384,432829
202.17998,125.390526,432834
202.17998,125.5893,432839
202.53032,125.936066,432844
203.14171,126.42036,432849
203.34552,126.58179,432855
203.34552,126.58179,432861
203.9847,126.69969,432867
204.69002,126.82,432872
205.3385,126.820015,432878
205.46326,126.820015,432884
205.67998,126.78285,432890
206.02347,126.39248,432895
206.45282,125.90451,432899
206.45282,125.90451,432906
206.45282,125.90451,432913
207.10278,125.90451,432918
207.11539,125.30347,432923
206.86801,124.702415,432928
206.86801,124.702415,432933
207.49202,124.5206,432938
207.99118,124.104294,432943
208.19083,123.937775,432949
208.7101,123.910545,432954
209.61862,123.8629,432958
210.3975,123.82207,433017
210.91612,123.82001,433026
210.91612,123.82001,433031
211.34181,124.11861,433036
211.65538,124.20314,433041
211.82,124.69416,433047
211.82,124.694176,433052
212.46147,124.79893,433057
213.23125,124.92462,433061
214.1293,125.07127,433066
214.77077,125.176025,433072
215.29071,125.18,433077
216.20058,125.18,433083
216.9804,125.18,433088
217.76007,125.18,433093
218.53874,125.17999,433098
219.31763,125.17999,433104
220.22644,125.17999,433109
220.8704,125.105774,433114
221.77106,124.97589,433119
222.25934,124.79716,433123
222.99178,124.52905,433128
223.72421,124.26095,433133
224.1917,124.033295,433137
225.0098,123.634895,433142
225.71104,123.29342,433148
226.2954,123.00885,433153
226.7929,123.16009,433158
227.53914,123.38694,433163
228.03662,123.53818,433167
228.23756,123.687225,433173
228.62518,123.82782,433178
229.53423,123.82,433182
230.18227,123.82001,433186
230.18227,123.82001,433192
230.18227,123.82001,433197
230.18227,123.82001,433249
230.18227,123.82001,433254
229.6623,123.82001,433258
229.25758,123.99182,433262
229.02931,124.242,433267
229.05846,124.16593,433272
228.62079,123.88336,433276
228.4148,123.82006,433280
228.18347,123.60394,433284
228.18,123.09333,433289
228.18,123.09333,433294
228.18,123.09333,433300
228.18,123.74329,433306
228.18,123.87329,433312
228.82939,123.846,433318
229.47874,123.82,433323
230.12718,123.82001,433328
230.74995,123.97997,433333
231.35376,124.15005,433337
231.66118,124.20755,433341
231.82,124.8289,433346
231.82,124.95822,433352
231.82,124.95822,433357
232.33998,124.959404,433362
232.93405,124.6957,433367
233.17169,124.590225,433373
233.81532,124.49971,433378
234.58768,124.391106,433383
235.23132,124.30059,433388
235.99857,124.16038,433393
236.8937,123.99679,433399
237.66095,123.856575,433404
238.43872,123.823235,433409
239.34843,123.82,433414
240.25703,123.82,433419
240.81693,123.66882,433423
241.5571,123.13951,433428
241.76857,122.98828,433434
241.76857,122.98828,433440
241.23047,123.352844,433446
240.79999,123.64449,433451
240.36131,123.8248,433456
239.58183,123.82,433460
238.54291,123.82,433465
237.76439,123.82,433469
236.7246,123.82,433474
235.8149,123.82001,433478
234.77585,123.82,433483
234.51685,123.8201,433488
233.86693,123.82,433494
233.08705,123.82001,433499
232.17728,123.82,433503
231.13797,123.82,433509
230.61977,123.8201,433514
229.9702,123.82,433520
229.1907,123.82001,433525
228.67227,123.8201,433530
228.4497,123.820045,433534
227.86548,123.55297,433539
227.05673,123.1359,433544
226.8256,123.01683,433550
226.30592,122.99951,433554
225.26656,122.96487,433558
224.3571,122.93456,433562
223.44765,122.90425,433567
222.92796,122.88693,433573
222.43494,123.05214,433577
221.57213,123.341255,433582
221.0791,123.50647,433586
220.85576,123.639534,433592
220.40779,123.82737,433596
219.49854,123.82,433600
219.11002,123.82001,433605
218.59007,123.8201,433610
217.68024,123.82,433614
216.64058,123.82001,433620
215.73126,123.82001,433625
215.34238,123.82001,433630
214.69246,123.82,433635
213.78262,123.82,433640
212.74294,123.82,433645
211.9635,123.82001,433649
211.44511,123.82001,433654
210.80968,123.95671,433659
209.82303,123.97997,433664
209.53777,123.97997,433670
209.18904,124.008896,433675
208.74889,124.63487,433679
208.54091,124.96476,433737
208.54091,124.96476,433741
208.54091,124.96476,433746
208.02094,124.96476,433751
207.61621,125.59841,433755
207.41356,126.48551,433760
206.77219,126.59082,433765
206.00253,126.717186,433770
205.41304,126.826706,433774
204.63516,126.82,433778
204.63516,126.8201,433783
204.63516,126.8201,433790
204.11519,126.8201,433795
204.11021,126.76952,433800
204.11021,126.76952,433805
204.59538,126.831245,433810
205.37344,126.82001,433814
206.02249,126.79626,433819
206.8012,126.751854,433823
207.06076,126.73705,433827
207.4823,126.24232,433832
208.07245,125.54969,433837
208.20717,125.34927,433842
208.57346,124.98955,433846
209.02994,124.41175,433852
209.0513,124.17341,433856
209.7606,123.93396,433859
210.7948,123.82498,433863
211.57391,123.82,433868
212.48376,123.82001,433873
213.3935,123.82,433878
214.17302,123.82001,433883
214.82108,123.8201,433887
215.471,123.82,433891
216.25085,123.82001,433895
217.16061,123.82,433900
217.94022,123.82001,433905
218.58876,123.82001,433909
219.10861,123.82,433913
220.01787,123.82001,433917
220.40622,123.82001,433921
220.62665,123.812546,433924
220.83087,123.49179,433928
220.82,123.10235,433975
220.82,123.10235,433981
220.82,123.10235,434036
220.82,123.10235,434042
220.82,123.62232,434047
220.82,124.40228,434096
220.82,124.40228,434101
221.20708,124.05509,434105
221.61774,123.73613,434110
222.33638,123.17795,434115
223.06165,123.02392,434121
223.71109,123.002045,434127
224.49033,122.968315,434133
225.26958,122.935074,434139
226.04883,122.90182,434145
226.30858,122.89073,434150
226.79668,123.06998,434155
227.40681,123.29403,434161
228.01694,123.51809,434167
228.22499,123.66491,434173
228.57469,123.824936,434180
229.2244,123.82,434186
230.13231,123.82001,434192
230.7549,123.979965,434197
231.3591,124.15267,434202
231.66559,124.210266,434206
231.66559,124.210266,434211
231.66559,124.210266,434217
232.18556,124.210266,434221
233.20436,124.04581,434227
233.95972,123.851494,434232
234.47961,123.84247,434236
235.51941,123.824425,434241
236.42918,123.82,434246
237.07886,123.82,434251
237.85684,123.82001,434255
238.37674,123.82,434259
239.41637,123.82001,434265
240.19524,123.82001,434271
240.87222,123.64415,434276
241.60742,123.10796,434281
241.71245,123.031364,434285
241.71245,123.031364,434292
241.28107,123.32166,434296
240.84967,123.61197,434302
240.60625,123.8158,434306
239.70097,123.82001,434311
238.92146,123.82001,434315
238.27364,123.82001,434319
237.7537,123.82,434324
236.97382,123.82001,434329
236.19402,123.82001,434333
235.41434,123.82001,434337
234.50612,123.82,434342
233.8562,123.82,434347
233.07632,123.82,434352
232.16655,123.82001,434357
231.12721,123.82,434362
230.6091,123.82001,434366
229.95961,123.82001,434372
229.18011,123.82,434376
228.66176,123.82001,434381
228.44089,123.82001,434385
227.97221,123.60567,434389
227.16292,123.18969,434394
226.81602,123.011505,434399
226.16638,122.990654,434404
225.2569,122.96145,434409
224.34741,122.93225,434414
223.56786,122.90722,434419
222.91823,122.88636,434424
222.30228,123.09388,434430
221.56313,123.342896,434435
221.07037,123.5089,434440
220.84763,123.64298,434446
220.39386,123.82816,434451
219.61441,123.82,434455
219.09624,123.82001,434461
218.5763,123.82,434465
217.66644,123.82,434470
216.88664,123.82001,434475
216.107,123.82,434480
215.32857,123.82,434486
214.67865,123.82,434492
213.63885,123.82,434498
212.72916,123.82001,434503
211.8199,123.82001,434508
211.43141,123.82001,434513
210.79619,123.957596,434519
210.04524,123.97997,434523
209.53064,123.97997,434529
209.1822,124.01283,434534
208.74356,124.642334,434539
208.53584,124.97239,434592
208.53584,124.97239,434598
208.53584,124.97239,434605
207.88588,124.97239,434610
208.04291,125.28298,434616
207.81972,125.752625,434621
207.48494,126.457085,434627
206.9726,126.54579,434632
205.8198,126.74539,434638
205.8198,126.74539,434644
206.46968,126.73468,434650
207.11955,126.72396,434654
207.44832,126.321106,434659
207.94145,125.71682,434664
208.1895,125.42116,434670
208.60532,124.96828,434675
209.02994,124.39677,434680
209.13591,124.04813,434685
210.13539,123.89745,434690
210.91066,123.82001,434695
210.91066,123.82001,434700
211.43062,123.82,434705
212.34047,123.82,434709
213.38014,123.82,434714
214.15967,123.82,434719
214.80783,123.8201,434724
215.58774,123.82,434729
216.36758,123.82,434734
217.14737,123.82,434739
217.92697,123.82001,434743
218.57556,123.820015,434748
219.09541,123.82,434753
220.0047,123.82,434758
220.39316,123.8201,434763
220.61319,123.81743,434769
221.08826,123.60605,434773
221.91962,123.23612,434778
222.51346,122.97189,434783
223.16325,122.95714,434788
224.07297,122.93648,434794
224.85274,122.91877,434799
225.63249,122.90106,434804
226.28229,122.88631,434809
226.89294,123.108925,434814
227.74786,123.420586,434818
227.99213,123.509636,434824
228.21191,123.64851,434829
228.53342,123.82591,434834
229.4429,123.82,434839
230.09087,123.82001,434844
230.09087,123.82001,434850
230.09087,123.82001,434854
230.09087,123.82001,434905
230.09087,123.82001,434910
229.44089,123.82001,434915
229.07564,124.12656,434920
229.0293,124.24206,434925
229.05843,124.166016,434930
228.62076,123.883385,434934
228.41476,123.82005,434940
228.16905,123.479355,434945
228.18,123.093285,434951
228.18,123.093285,434957
228.18,123.093285,434963
228.18,123.743256,434968
228.27518,123.9147,434974
228.79411,123.881805,434980
229.70155,123.82424,434985
230.09042,123.82001,434991
230.58963,123.96551,434995
231.31763,124.13637,435001
231.62936,124.191536,435008
231.83208,124.50075,435013
231.82,125.01861,435018
231.82,125.01861,435023
231.82,125.01861,435029
232.47006,125.01861,435034
233.2348,124.65814,435038
233.74706,124.56889,435043
234.51544,124.43502,435047
235.28383,124.30115,435052
235.92279,124.18206,435057
236.68954,124.03915,435062
237.58409,123.87242,435067
237.83968,123.82479,435073
238.35959,123.82,435078
239.13936,123.82,435082
240.04851,123.82,435087
240.30757,123.820015,435092
240.749,123.73063,435097
241.38004,123.27223,435101
241.69556,123.04304,435107
241.69556,123.04304,435112
241.69556,123.04304,435117
241.69556,123.56301,435123
240.7863,123.78731,435125
240.15926,123.82147,435130
239.37958,123.82,435135
238.4708,123.82001,435140
237.69154,123.82001,435145
236.7817,123.82,435150
235.87196,123.82001,435154
234.96259,123.82,435158
234.4445,123.8201,435162
233.79459,123.82,435167
233.01472,123.82001,435171
232.10497,123.82001,435176
231.32541,123.82001,435180
230.67696,123.82001,435182
229.89793,123.82,435185
229.11852,123.82,435189
228.72961,123.82001,435193
228.3999,123.81976,435198
227.82108,123.52411,435203
227.12646,123.169334,435209
226.77917,122.99194,435214
226.25938,122.97761,435219
225.47972,122.95611,435223
224.57011,122.93102,435227
223.79045,122.909515,435232
223.01079,122.888016,435236
222.51585,123.04741,435241
221.6497,123.326355,435246
221.03102,123.52559,435252
220.80995,123.66242,435257
220.45367,123.82,435262
219.67415,123.82001,435266
219.15556,123.8201,435272
218.50563,123.82001,435277
217.72575,123.82,435281
216.816,123.82,435286
215.90651,123.82,435292
215.25845,123.8201,435298
214.60852,123.82,435303
213.69868,123.82001,435308
213.04884,123.82,435312
212.13931,123.82,435318
211.49077,123.82001,435323
210.85474,123.95386,435329
209.97986,123.97997,435334
209.49783,123.97997,435340
209.14488,124.037575,435345
208.71689,124.68655,435350
208.50865,125.01628,435415
208.50865,125.01628,435420
208.50865,125.01628,435428
207.98868,125.01628,435434
207.61871,125.52449,435439
207.45375,126.286804,435444
206.78923,126.542984,435449
206.02483,126.69793,435454
205.18822,126.82,435460
205.31755,126.820015,435464
205.96657,126.79809,435469
207.13467,126.73259,435475
207.54053,126.224915,435480
208.02756,125.6157,435485
208.1897,125.41941,435492
208.50964,125.052986,435498
208.99501,124.62069,435503
209.02994,124.299164,435509
209.18477,124.01119,435514
209.81886,123.92091,435519
210.5948,123.84178,435523
210.98257,123.820015,435529
211.50252,123.82,435533
212.41237,123.82,435537
213.32211,123.82,435542
214.10168,123.82,435546
214.75023,123.820015,435551
215.27017,123.82,435556
216.05005,123.82,435561
216.82988,123.82,435567
217.60959,123.82001,435572
218.38872,123.82,435577
219.16731,123.82,435582
220.07646,123.82,435587
220.3355,123.8201,435592
220.67123,123.78909,435598
221.14651,123.57819,435604
221.85944,123.26185,435611
222.45355,122.99822,435618
223.10324,122.979515,435625
223.88289,122.95707,435630
224.66252,122.93462,435635
225.44215,122.91218,435641
226.09186,122.89347,435647
226.71178,123.06376,435653
227.32498,123.27927,435658
228.06104,123.53727,435663
228.16872,123.610085,435670
228.54036,123.82359,435676
229.44981,123.82,435681
230.0984,123.8201,435686
230.74834,123.82,435690
231.39824,123.82,435695
232.30803,123.82001,435700
233.3475,123.82,435705
233.99576,123.82001,435710
234.64569,123.82,435715
235.42557,123.82,435721
236.20537,123.82,435727
237.11493,123.82,435732
237.63464,123.82001,435737
238.54292,123.82,435742
239.32263,123.82001,435748
240.23135,123.82001,435753
240.58104,123.82001,435759
240.81776,123.60084,435764
240.82,123.08604,435770
240.82,122.566154,435775
240.82,121.91642,435782
240.81999,121.26723,435786
240.82002,121.008484,435836
240.82002,121.008484,435841
240.82002,121.008484,435847
240.82002,121.658455,435851
240.82,122.43762,435855
240.82002,123.21506,435859
240.82002,123.56746,435864
240.82002,123.56746,435924
240.82002,123.56746,435930
240.82002,123.56746,435936
240.82002,124.08743,435940
240.18843,124.19394,435945
239.42491,124.03577,435949
238.65866,123.890144,435954
238.27556,123.820015,435959
237.75562,123.82,435965
236.97574,123.82,435970
236.1959,123.82,435975
235.41621,123.82,435980
234.63731,123.82001,435984
233.86568,123.919556,435989
233.09444,124.035835,435994
232.19455,124.17081,436000
231.80888,124.22866,436004
231.32852,124.17999,436008
230.77135,123.976265,436013
230.50851,123.979935,436074
230.50851,123.979935,436080
230.50851,123.979935,436086
229.98856,123.979935,436092
229.56093,123.979935,436097
229.35184,123.979935,436101
229.15889,124.039536,436107
229.17998,124.02663,436112
228.86972,123.89665,436117
228.40683,123.82005,436123
228.1782,123.58723,436129
228.18,123.07404,436135
228.18,123.07404,436141
228.18,123.07404,436146
227.53003,123.07404,436151
226.77022,122.950325,436157
226.25032,122.94129,436163
225.47047,122.92775,436168
224.56065,122.91196,436173
223.7808,122.898415,436179
223.00096,122.88488,436184
222.50644,123.045555,436189
221.76465,123.28657,436194
221.02286,123.52758,436200
220.80255,123.66562,436205
220.44263,123.822105,436210
219.40355,123.82,436216
219.1446,123.82001,436222
218.49467,123.82,436227
217.7148,123.82,436232
216.93498,123.82001,436237
216.02542,123.82,436243
215.24757,123.82,436248
214.59766,123.82,436254
213.81778,123.82,436259
213.03798,123.82,436263
212.25835,123.82001,436268
211.47995,123.82001,436273
211.09842,123.90072,436279
210.46362,123.97997,436285
209.8533,123.97997,436290
209.49345,123.97997,436296
209.13988,124.04147,436302
208.64424,124.802795,436307
208.50514,125.02244,436363
208.50514,125.02244,436368
208.50514,125.02244,436373
207.98517,125.02244,436378
207.61581,125.530785,436383
207.42445,126.42039,436389
207.04199,126.496605,436394
206.27707,126.64905,436399
205.8946,126.725266,436404
205.44405,126.82218,436409
204.6659,126.82001,436413
204.6659,126.82001,436420
204.6659,126.82001,436427
204.01593,126.82001,436432
203.99263,126.712425,436438
204.12334,126.20915,436443
204.17998,125.95751,436449
204.17998,125.95751,436455
203.80637,125.8457,436461
203.15775,125.82,436467
202.64209,125.8201,436473
202.43456,125.82005,436478
202.17595,125.579094,436484
202.18,124.932724,436489
202.18,124.677444,436496
202.18,124.677444,436566
202.18,124.677444,436570
202.18,124.677444,436577
202.18,124.02747,436583
202.64993,123.990036,436588
203.0024,124.15695,436595
203.0024,124.15695,436601
203.0024,124.15695,436607
203.0024,123.63698,436612
203.24599,123.30495,436617
203.64197,123.174866,436622
204.55104,123.18,436627
205.3276,123.17999,436631
205.97061,123.08508,436637
206.7422,122.97119,436642
207.128,122.91424,436648
207.66261,123.28392,436654
208.1972,123.653595,436661
208.39789,123.81719,436666
209.30423,123.82,436671
210.08327,123.82,436676
210.99101,123.82001,436680
210.99101,123.82001,436686
211.51096,123.82,436691
212.29083,123.82,436695
213.2006,123.82,436700
214.11014,123.82,436705
214.75865,123.8201,436709
215.40857,123.82,436714
216.18845,123.82,436721
216.8383,123.82,436726
217.74796,123.82,436730
218.52667,123.82001,436735
219.30562,123.82,436741
220.08482,123.82,436745
220.34383,123.82001,436751
220.67802,123.78431,436758
221.27232,123.52112,436763
222.10434,123.15265,436768
222.46092,122.99473,436773
222.98068,122.98018,436779
223.76035,122.95836,436785
224.54,122.93654,436789
225.31966,122.91471,436794
226.22925,122.88925,436799
226.84499,123.071045,436804
227.45267,123.30166,436809
228.06046,123.53197,436814
228.16747,123.60578,436820
228.39986,123.81804,436825
229.17732,123.82,436830
229.95634,123.82001,436835
230.3247,123.88937,436840
230.3247,123.88937,436846
230.3247,123.88937,436852
230.3247,123.88937,436908
230.3247,123.88937,436913
229.67474,123.88937,436918
229.32468,123.979935,436923
229.08322,124.11538,436928
229.06769,124.14722,436933
228.62752,123.87858,436939
228.4195,123.82006,436945
228.1871,123.61386,436949
228.18,123.10515,436955
228.18,123.10515,436964
228.18,123.10515,436973
228.18,123.62512,436980
228.18,123.88511,436985
228.69939,123.86051,436991
229.60779,123.82001,436997
230.12636,123.82001,437002
230.74916,123.979965,437008
231.35289,124.149635,437013
231.66046,124.20713,437018
231.82,124.697845,437024
231.82002,124.95678,437030
231.82002,124.95678,437038
231.82002,124.95678,437044
232.46999,124.95678,437049
233.26471,124.5873,437055
233.90794,124.49395,437060
234.80846,124.36326,437065
235.32304,124.28858,437071
235.96222,124.17067,437077
236.60141,124.05276,437081
237.49626,123.88768,437086
237.87978,123.820015,437092
238.52963,123.82,437097
239.4393,123.82,437102
240.08853,123.82,437107
240.34743,123.8201,437112
240.78976,123.70448,437117
241.41989,123.24482,437122
241.73494,123.01499,437126
241.73494,123.01499,437132
241.73494,123.01499,437139
241.73494,123.66496,437144
241.09021,123.842606,437148
240.44136,123.82061,437153
239.5316,123.82,437158
238.75223,123.82,437164
238.36343,123.82001,437169
237.84348,123.82,437174
236.93364,123.82,437180
236.15384,123.82,437187
235.50407,123.82,437192
234.72496,123.82,437197
233.94548,123.82,437202
233.16562,123.82,437207
232.25584,123.82,437213
231.3463,123.82,437219
230.69772,123.82001,437224
230.17847,123.82,437229
229.26895,123.82,437234
228.62106,123.82001,437239
228.40793,123.82001,437245
227.94447,123.58425,437249
227.24928,123.23062,437255
226.78583,122.99487,437260
226.00618,122.97285,437265
225.09659,122.94714,437271
224.187,122.92145,437276
223.40735,122.899414,437282
223.01752,122.888405,437288
222.39864,123.087006,437295
221.77975,123.2856,437299
221.0371,123.52391,437305
220.81554,123.65994,437310
220.46255,123.824135,437315
219.68304,123.82001,437321
219.16441,123.8201,437327
218.64447,123.82,437333
217.86458,123.82,437339
217.08476,123.82,437344
216.30504,123.82,437350
215.39638,123.82001,437355
214.61728,123.82001,437360
213.83742,123.82001,437366
213.05762,123.82,437372
212.27797,123.82,437377
211.49948,123.8201,437383
210.86333,123.95339,437388
209.98813,123.97998,437393
209.50163,123.97998,437399
209.06631,124.131165,437405
208.51178,125.010925,437466
208.51178,125.010925,437473
208.51178,125.010925,437483
207.9918,125.010925,437489
207.71533,125.509834,437495
207.45897,126.382935,437501
206.9082,126.58535,437506
206.13701,126.70187,437513
205.87993,126.740715,437519
205.87993,126.740715,437524
206.52983,126.73161,437530
207.04976,126.724335,437536
207.39072,126.331764,437542
207.98741,125.64475,437547
208.20844,125.34667,437553
208.57614,124.98747,437559
209.02994,124.47585,437565
209.03543,124.22908,437570
209.49179,123.96322,437576
210.26753,123.88231,437580
210.91362,123.820015,437586
211.43356,123.82,437590
212.34341,123.82001,437595
213.25316,123.82001,437600
214.03276,123.82001,437604
214.81079,123.82001,437609
215.46072,123.82,437614
216.37056,123.82,437619
217.15034,123.82,437623
218.0598,123.82001,437628
218.5785,123.820015,437633
219.09834,123.82,437638
219.74796,123.82,437642
220.39606,123.82001,437647
220.6162,123.81643,437653
221.20999,123.552124,437658
222.0413,123.18209,437664
222.51636,122.970634,437669
223.16615,122.95607,437674
223.94592,122.93859,437679
224.85565,122.9182,437684
225.76537,122.89781,437690
226.28522,122.886154,437695
226.89575,123.10911,437701
227.50629,123.33206,437707
227.9947,123.51043,437714
228.2143,123.64961,437721
228.66754,123.82,437726
229.44708,123.82,437732
230.09497,123.82001,437737
230.09497,123.82001,437742
230.09497,123.82001,437747
230.09497,123.82001,437800
230.09497,123.82001,437808
229.575,123.82001,437814
229.34026,123.979904,437820
229.10426,124.08884,437826
229.0962,124.102974,437831
228.65344,123.87024,437836
228.43925,123.82005,437841
228.20657,123.655075,437846
228.18,123.157196,437850
228.18,123.157196,437857
228.18,123.157196,437863
228.18,123.67717,437868
228.18,123.93716,437874
228.82834,123.89126,437880
229.60573,123.83618,437885
230.12405,123.82001,437891
230.62236,123.96855,437897
231.35048,124.14849,437902
231.65845,124.20595,437907
231.82,124.56403,437912
231.82,124.95274,437920
231.82,124.95274,437926
231.82,124.95274,437932
232.34007,124.95274,437939
233.05196,124.66316,437944
233.68312,124.53194,437950
234.45473,124.41816,437955
235.22624,124.30361,437961
235.86554,124.18631,437967
236.63269,124.045555,437973
237.39984,123.90479,437978
237.78342,123.83441,437985
238.3033,123.82437,437990
239.21301,123.82,437996
239.99232,123.82,438002
240.38072,123.8201,438008
240.91974,123.59705,438014
241.55363,123.14263,438018
241.76494,122.99116,438024
241.76494,122.99116,438032
241.3344,123.2827,438039
240.7962,123.64713,438044
240.35213,123.823685,438049
239.57263,123.82,438055
238.6634,123.82,438060
238.27522,123.82001,438066
237.62529,123.82,438071
236.71545,123.82001,438077
235.93568,123.82,438082
235.15611,123.82,438086
234.5077,123.820015,438091
233.85777,123.82,438097
233.0779,123.82001,438101
232.16814,123.82,438107
231.38853,123.82001,438111
230.61067,123.82001,438116
230.09113,123.82,438121
229.05186,123.82001,438127
228.6633,123.82001,438132
228.44217,123.82001,438137
227.8579,123.54722,438143
227.27986,123.249985,438148
226.8174,123.01229,438153
226.16777,122.99132,438159
225.38821,122.96615,438164
224.60866,122.94098,438170
223.8291,122.91581,438175
222.91963,122.886444,438181
222.30363,123.09381,438188
221.68762,123.301186,438193
221.07162,123.50855,438199
220.8488,123.64249,438204
220.39587,123.8281,438209
219.61642,123.82,438214
219.09824,123.82001,438219
218.4483,123.82,438224
217.66844,123.82,438230
216.88864,123.82001,438236
216.23889,123.82001,438243
215.45993,123.82,438249
214.68059,123.82,438254
213.90073,123.82,438259
213.25087,123.82,438264
212.34122,123.82,438268
211.56247,123.820015,438274
210.9252,123.93068,438279
210.16931,123.97997,438285
209.53171,123.97997,438289
209.0906,124.09119,438294
208.53658,124.97127,438360
208.53658,124.97127,438366
208.53658,124.97127,438372
207.88661,124.97127,438378
208.04306,125.282646,438383
207.81989,125.75229,438388
207.4851,126.45675,438393
206.97276,126.54554,438398
206.07617,126.70093,438403
205.22377,126.82001,438410
205.35287,126.82001,438415
206.00186,126.79771,438420
206.78055,126.75314,438424
207.16989,126.730865,438430
207.48816,126.31967,438436
208.04512,125.60008,438441
208.19305,125.400505,438447
208.52477,125.03412,438453
209.02994,124.51738,438457
209.09483,124.08923,438461
209.29437,123.97323,438468
210.06981,123.89456,438472
209.74197,123.97996,438477
209.4931,123.97996,438481
209.4931,123.97996,438543
209.4931,123.97996,438549
208.97313,123.97996,438556
208.19316,123.97996,438607
208.19316,123.97996,438613
208.19316,123.97996,438619
207.67319,123.97996,438624
207.23633,124.468925,438629
206.97682,124.45316,438634
206.87857,124.96377,438639
206.82,125.346725,438644
206.82,125.56075,438650
206.66142,125.78973,438656
206.03642,125.82001,438662
206.03642,125.82001,438669
206.03642,125.82001,438676
206.03642,126.46998,438682
205.90648,126.726326,438688
205.90648,126.726326,438696
205.45372,126.820564,438701
204.93439,126.82,438707
204.67549,126.82001,438713
204.67549,126.82001,438720
204.67549,126.82001,438728
203.89552,126.82001,438734
204.00139,126.71064,438741
204.15962,126.08022,438746
204.17996,125.95414,438753
204.17996,125.95414,438759
203.80585,125.844086,438765
203.28685,125.82001,438771
202.64154,125.82001,438776
202.43411,125.82001,438782
202.17558,125.57766,438788
202.18,124.80286,438793
202.18,124.67591,438859
202.18,124.67591,438864
202.18,124.67591,438869
202.18,124.15594,438874
202.8141,124.168655,438879
202.94092,124.17998,438884
202.94092,124.17998,438890
203.12015,123.691864,438895
203.27463,123.23301,438899
203.39182,122.47772,438904
203.449,121.69987,438909
203.49901,121.05183,438914
203.62906,120.8267,438920
203.82507,120.41006,438926
204.03275,119.868484,438931
204.02003,119.28659,438936
204.02,118.54917,438941
203.9507,117.51378,438947
203.87486,116.606995,438952
203.82,115.82962,438957
203.82,115.44282,438963
203.82,115.44282,438969
203.82,115.44282,438975
203.82,114.922844,438982
203.82,114.27299,438988
203.82,113.493286,438994
203.82,112.713844,438999
203.82,111.93545,439004
203.82,111.54959,439009
203.82,110.899796,439014
203.82,110.12021,439018
203.82,109.21139,439023
203.82,108.69456,439028
203.77367,108.313934,439033
203.21518,108.09933,439038
202.32884,107.89362,439043
201.44366,107.68268,439048
201.06429,107.5924,439053
201.06429,107.5924,439059
201.06429,107.5924,439065
201.06429,106.94244,439070
200.91199,106.050575,439075
200.8206,105.67145,439080
200.8014,105.35542,439085
200.21753,105.17999,439090
199.95972,105.17999,439145
199.95972,105.17999,439151
199.95972,105.17999,439157
199.30975,105.17999,439162
198.39996,105.17999,439166
197.49057,105.17999,439171
196.58188,105.18,439175
196.06578,105.17999,439180
195.43971,105.00536,439185
194.81363,104.830734,439190
194.20192,104.61106,439195
193.46785,104.34746,439200
193.46785,104.34746,439255
193.46785,104.34746,439260
193.46785,104.34746,439266
192.94788,104.34746,439271
192.17932,103.94271,439276
191.66196,103.994705,439281
190.95364,103.982315,439285
189.95268,103.97997,439290
189.61996,103.97997,439332
189.61996,103.97997,439337
190.26808,103.93097,439342
191.30507,103.85255,439346
191.69394,103.82314,439352
192.3439,103.82,439356
193.25383,103.82,439361
194.03374,103.82,439365
194.81361,103.82,439369
195.59312,103.82001,439373
196.24307,103.82,439377
197.02301,103.82,439381
197.93292,103.82,439385
198.9727,103.82,439389
199.49216,103.8201,439394
200.012,103.82001,439399
200.27176,103.8201,439405
200.51343,103.82003,439409
201.16269,103.78979,439414
202.07166,103.74745,439418
202.98062,103.70512,439423
203.24033,103.693016,439428
203.89029,103.69096,439433
204.80025,103.68809,439437
205.71019,103.68521,439442
206.49016,103.68274,439447
207.14012,103.68069,439452
207.7871,103.74294,439458
208.17528,103.7803,439463
208.80414,103.82234,439468
209.71396,103.82,439472
210.62372,103.82001,439477
211.01323,103.82001,439483
211.01323,103.82001,439488
211.01323,103.82001,439538
211.01323,103.82001,439542
211.6632,103.82001,439546
211.84216,104.20148,439552
211.82,104.85091,439557
211.82,104.98073,439563
211.82,104.98073,439569
211.82,104.5912,439575
211.81094,104.36879,439580
211.47227,104.169586,439585
211.06647,104.05471,439590
210.37546,103.97998,439595
209.56055,103.97998,439653
209.56055,103.97998,439659
209.56055,103.97998,439665
209.04057,103.97998,439670
208.86473,104.45382,439674
209.13239,105.04611,439680
209.13239,105.04611,439686
209.13239,105.04611,439692
208.48242,105.04611,439697
208.21465,105.17587,439702
208.17865,105.9388,439707
208.18,106.84857,439712
208.18,107.23825,439718
208.18,107.23825,439723
208.18,107.23825,439730
207.65993,107.23825,439735
206.82477,107.54097,439740
206.01347,107.952965,439744
205.66473,108.12751,439749
205.45796,108.17994,439754
205.45796,108.17994,439812
205.45796,108.17994,439817
205.45796,108.17994,439823
204.93799,108.17994,439827
204.82484,108.8131,439832
204.96666,109.579666,439838
205.07178,110.22107,439843
205.18,110.99059,439849
205.08156,111.76012,439855
204.96594,112.531456,439861
204.85152,113.30298,439866
204.7943,113.688736,439872
204.73894,114.07477,439878
204.64665,114.718155,439883
204.51746,115.61889,439889
204.48624,116.137924,439895
204.43944,116.91648,439900
204.37231,117.16191,439907
204.17612,117.57695,439913
204.18,118.48517,439918
204.18,118.74294,439923
204.18,119.26028,439928
204.17993,119.59325,439933
204.17993,119.59325,439940
204.17993,119.59325,439949
204.17993,119.98323,439955
203.9818,120.41155,439961
203.78592,120.67289,439966
203.38152,120.99004,439971
202.32211,121.74338,440036
202.32211,121.74338,440041
202.4617,121.962715,440046
202.00398,122.209435,440051
201.20299,122.641205,440056
200.97414,122.764565,440062
200.84503,123.26826,440068
200.81859,123.603775,440074
200.81859,123.603775,440152
200.81859,123.603775,440157
200.81859,123.603775,440165
201.46855,123.603775,440171
201.80249,124.22092,440177
202.00945,124.83705,440182
202.1756,125.329765,440188
202.19579,125.63658,440193
202.63065,125.823105,440199
203.2767,125.82,440204
203.2767,125.8201,440211
203.2767,125.8201,440219
203.2767,126.47007,440225
203.79668,126.60003,440231
204.17723,126.669395,440237
204.17723,126.669395,440248
204.55254,126.82,440254
205.20157,126.82001,440260
205.33098,126.82001,440267
205.33098,126.82001,440276
205.45595,126.82001,440283
205.67381,126.78733,440289
205.82607,126.4004,440294
205.82,126.01081,440301
205.82,126.01081,440310
205.82,126.01081,440320
206.33998,126.01081,440325
206.61632,125.7982,440332
206.82263,125.41193,440338
206.82,124.63699,440343
206.94897,124.653305,440349
206.94897,124.653305,440353
206.53441,124.08645,440358
205.9568,123.5623,440363
205.79865,123.375114,440368
205.3372,123.14637,440373
204.43657,123.01668,440378
203.79372,122.920815,440383
203.29526,123.06883,440388
202.42294,123.32785,440392
201.7952,123.496346,440397
201.5441,123.563736,440403
201.02467,123.58776,440407
200.78603,123.690926,440413
200.25157,123.82001,440418
199.86348,123.82001,440423
199.21358,123.82,440427
198.30374,123.82001,440433
197.52396,123.82001,440437
196.74438,123.82001,440441
196.09605,123.8201,440445
195.57611,123.82,440450
194.66624,123.82,440454
193.7565,123.82,440459
192.97691,123.82001,440463
192.19916,123.8201,440468
191.56621,123.967834,440474
191.18643,124.05648,440479
190.70946,123.97999,440484
190.70946,123.97999,440490
190.70946,123.97999,440496
190.70946,123.97999,440500
190.70946,123.97999,440552
190.70946,123.97999,440557
191.35942,123.97999,440562
191.69539,124.22862,440567
191.87929,124.67615,440572
191.93562,124.929955,440576
191.93562,124.929955,440583
191.93562,124.929955,440589
191.93562,124.929955,440595
191.84789,124.68522,440601
191.81012,124.377716,440607
191.5582,124.17132,440612
190.97444,123.9932,440617
190.23314,123.97998,440621
189.51335,123.97998,440625
189.32156,123.97998,440630
189.03036,124.232574,440634
189.07336,124.13729,440637
188.63954,123.878006,440643
188.42503,123.82005,440648
188.17606,123.57945,440653
188.1671,123.189575,440658
188.1671,123.189575,440663
188.1671,123.189575,440669
187.51714,123.189575,440674
187.18102,123.70395,440678
187.00838,124.72934,440684
186.91592,125.24103,440689
186.68977,125.70924,440696
186.35051,126.41156,440700
186.06781,126.996826,440705
185.81863,127.45321,440710
185.50717,128.02368,440715
185.50717,128.02368,440775
185.50717,128.02368,440780
185.50717,128.02368,440787
186.15714,128.02368,440792
186.82904,127.706345,440796
187.5575,127.16115,440800
187.97704,126.85396,440805
188.08415,126.212875,440809
188.16986,125.70001,440814
188.19107,125.366776,440819
188.66211,124.93071,440825
189.02919,124.59578,440830
189.02992,124.31807,440836
189.07796,124.12067,440840
189.8558,123.945206,440845
190.63376,123.89084,440850
191.41116,123.8277,440854
191.79929,123.82001,440860
192.31921,123.82001,440865
193.22906,123.82,440870
194.13881,123.82001,440875
195.04823,123.82,440880
195.56682,123.82001,440886
196.19217,123.99716,440891
196.81754,124.17432,440896
197.30716,124.34935,440901
198.16402,124.65564,440906
198.77315,124.8824,440911
199.5041,125.15452,440916
200.15277,125.17999,440922
200.6115,125.18371,440926
200.82,125.5613,440931
200.82,126.46714,440937
200.82,126.46714,440944
200.82,126.46714,440950
201.46997,126.46714,440956
202.37349,126.55848,440961
203.1458,126.6674,440966
203.9223,126.73893,440971
204.1814,126.76031,440977
204.66035,126.82,440982
205.30899,126.82001,440988
205.43451,126.82001,440994
205.65446,126.79943,440999
206.09058,126.32063,441004
206.43254,125.92891,441010
206.43254,125.92891,441016
206.43254,125.92891,441022
206.95251,125.92891,441027
207.0613,125.431404,441032
206.8345,124.68515,441086
206.8345,124.68515,441144
206.8345,124.68515,441148
206.8345,124.68515,441154
206.8345,124.16518,441159
206.21968,124.11605,441164
206.09673,124.158226,441169
206.09673,124.158226,441176
206.35075,124.17998,441181
206.65407,124.20467,441187
206.9383,124.4717,441193
207.4582,124.463715,441198
207.87584,124.153946,441203
208.18906,123.92162,441209
208.83832,123.89108,441213
209.6172,123.85444,441218
210.52612,123.82001,441271
210.91492,123.82001,441280
210.91492,123.82001,441286
211.3408,124.11833,441291
211.65451,124.20265,441296
211.82219,124.5625,441301
211.8201,124.692505,441307
212.46152,124.797585,441313
213.23122,124.923676,441317
214.1292,125.070786,441321
214.77061,125.175865,441326
215.29057,125.18,441330
216.20042,125.18,441334
217.11017,125.18,441339
218.01965,125.17999,441343
218.66765,125.1799,441347
219.18748,125.18,441352
220.09662,125.18,441356
220.35556,125.1799,441361
220.87021,125.10572,441365
221.77086,124.9759,441370
222.38123,124.752495,441375
223.35782,124.39504,441380
223.72403,124.261,441385
224.3084,123.97643,441390
225.12651,123.57805,441395
225.94463,123.179665,441400
226.29524,123.00893,441405
227.04149,123.23573,441410
227.78775,123.46255,441415
228.23752,123.68714,441420
228.75491,123.8234,441425
229.66385,123.82001,441430
230.18204,123.82001,441435
230.18204,123.82001,441440
230.18204,123.82001,441445
230.18204,123.82001,441503
230.18204,123.82001,441511
229.66206,123.82001,441516
229.32446,123.97994,441521
229.11827,124.07392,441527
229.2071,124.01135,441534
228.73904,123.86401,441540
228.40312,123.82005,441546
228.1761,123.57944,441553
228.18,123.06538,441559
228.18,123.06538,441566
228.18,123.06538,441571
228.18,123.58535,441578
228.18,123.84534,441583
228.69974,123.83004,441588
229.60867,123.82,441593
230.12723,123.82001,441598
230.62544,123.96885,441604
231.3538,124.15007,441609
231.66122,124.207596,441614
231.82,124.82901,441619
231.82,124.95833,441624
231.82,124.95833,441629
232.33998,124.959435,441634
232.93404,124.695724,441639
233.17168,124.59024,441644
233.94403,124.48162,441648
234.71638,124.37301,441653
235.2313,124.3006,441658
235.7428,124.207115,441662
236.63792,124.04353,441666
237.53307,123.87995,441671
237.78882,123.83321,441677
238.43866,123.82091,441682
239.21841,123.82,441687
239.99773,123.82001,441691
240.38608,123.82001,441696
240.81686,123.668785,441701
241.55707,123.13951,441706
241.76855,122.98829,441712
241.76855,122.98829,441718
241.33807,123.27994,441725
240.79997,123.64451,441731
240.49109,123.83153,441736
239.71144,123.82,441741
238.93188,123.82,441746
238.28397,123.82001,441752
237.76402,123.82,441757
236.85417,123.82,441762
235.94443,123.82,441767
235.03499,123.82001,441773
234.5164,123.82001,441778
233.86647,123.82,441784
233.21657,123.82,441789
232.3068,123.82,441793
231.13753,123.82001,441798
230.61932,123.82001,441804
230.09972,123.82001,441809
229.19026,123.82,441814
228.67183,123.82001,441819
228.44933,123.82001,441824
227.98056,123.61241,441829
227.17184,123.19529,441834
226.82518,123.016655,441840
226.3055,122.99935,441845
225.26611,122.96475,441851
224.48659,122.938805,441857
223.70706,122.91286,441861
222.92754,122.88691,441866
222.43451,123.052155,441870
221.57173,123.34133,441874
221.07872,123.50658,441879
220.8554,123.639694,441884
220.40718,123.82742,441889
219.62772,123.82,441894
219.10944,123.82001,441900
218.5895,123.82,441905
217.80962,123.82001,441910
217.0298,123.82,441915
216.12018,123.82,441920
215.34169,123.82,441925
214.69177,123.82,441930
213.78194,123.82,441935
212.87221,123.82,441940
212.09265,123.82001,441945
211.4444,123.82001,441950
210.93607,123.929405,441955
210.17964,123.97997,441960
209.5374,123.97998,441965
209.0952,124.08544,441971
208.54063,124.96518,442033
208.54063,124.96518,442039
208.54063,124.96518,442044
208.02066,124.96518,442050
207.616,125.59884,442055
207.41344,126.48596,442060
206.77203,126.59112,442066
206.00235,126.71731,442071
205.28293,126.82062,442076
204.6349,126.82001,442082
204.6349,126.82001,442087
205.15414,126.82001,442092
205.93193,126.798096,442097
206.84052,126.74822,442102
207.10013,126.734116,442108
207.51358,126.232605,442113
208.00972,125.63079,442118
208.18379,125.437675,442124
208.49675,125.07098,442129
209.02992,124.40564,442133
209.08856,124.10256,442138
209.77396,123.92826,442143
210.8084,123.82146,442147
210.93767,123.82001,442153
211.45761,123.82,442159
212.49744,123.82,442164
213.15167,123.82,442169
213.93137,123.82001,442173
214.83905,123.82001,442178
215.48898,123.82,442184
216.39883,123.82001,442189
217.1786,123.82,442193
217.95819,123.82001,442198
218.60663,123.82001,442203
219.25642,123.82001,442208
220.03572,123.82001,442212
220.42392,123.82001,442217
220.6443,123.80474,442223
221.23802,123.54024,442228
222.06921,123.16993,442233
222.54419,122.95832,442238
223.19403,122.94564,442243
224.1038,122.9279,442249
224.88362,122.91269,442253
225.92337,122.89242,442259
226.31328,122.88481,442265
226.80075,123.06576,442270
227.53197,123.33718,442274
228.01944,123.51813,442280
228.22562,123.66627,442285
228.5777,123.82537,442290
229.48708,123.82,442294
230.13533,123.82001,442299
230.13533,123.82001,442304
230.13533,123.82001,442309
230.13533,123.82001,442363
230.13533,123.82001,442368
229.48537,123.82001,442373
229.09996,124.093834,442378
229.02637,124.260414,442383
229.04886,124.18955,442387
228.61542,123.89065,442392
228.41147,123.82006,442397
228.17029,123.47111,442402
228.18,123.08516,442406
228.18,123.08516,442412
228.18,123.08516,442418
228.18,123.73513,442423
228.2768,123.908356,442428
228.79582,123.876976,442433
229.70343,123.822075,442437
230.0923,123.82001,442442
230.71625,123.979965,442447
231.31923,124.136734,442451
231.63083,124.19215,442456
231.8225,124.633736,442461
231.82002,125.02191,442467
231.82002,125.02191,442473
231.82002,125.02191,442479
232.20999,125.02191,442483
233.14748,124.63546,442489
233.66106,124.554184,442494
234.55983,124.41195,442499
235.3302,124.29003,442505
235.84145,124.195206,442510
236.73615,124.02926,442515
237.50302,123.88702,442520
237.88647,123.82002,442526
238.40637,123.82,442532
239.18614,123.82,442538
239.96548,123.82001,442544
240.35408,123.8201,442550
240.79575,123.69905,442554
241.42615,123.239784,442560
241.74135,123.01015,442567
241.74135,123.01015,442574
241.74135,123.01015,442582
241.74135,123.53012,442588
241.09494,123.72801,442593
240.3643,123.82503,442598
239.5848,123.82001,442603
238.54587,123.82001,442609
237.76733,123.82001,442613
236.8575,123.82,442619
235.94775,123.82,442624
235.16818,123.82001,442629
234.5197,123.82001,442634
233.99976,123.82001,442640
233.0899,123.82,442645
232.18016,123.82001,442651
231.27066,123.82,442656
230.62259,123.8201,442661
229.97299,123.82,442665
229.06367,123.82,442670
228.67505,123.82001,442675
228.45203,123.82001,442681
227.98334,123.61442,442687
227.2903,123.25661,442693
226.82816,123.01829,442698
226.17856,122.99642,442702
225.13919,122.96143,442706
224.22975,122.93082,442711
223.1904,122.89583,442716
222.43916,123.05711,442720
221.45282,123.38659,442725
221.08215,123.50776,442731
220.85814,123.63972,442736
220.40953,123.827225,442742
219.50026,123.82001,442747
219.11177,123.8201,442752
218.46184,123.82001,442758
217.68198,123.82,442763
216.90218,123.82001,442767
216.12253,123.82,442771
215.34401,123.82001,442775
214.69408,123.82,442780
213.65428,123.82,442784
212.74457,123.82,442789
211.9651,123.82,442793
211.4467,123.8201,442798
210.93834,123.92936,442803
210.18181,123.97997,442807
209.5386,123.97997,442812
209.18987,124.00846,442817
208.68019,124.74396,442822
208.54152,124.963875,442867
208.54152,124.963875,442871
208.54152,124.963875,442876
208.02155,124.963875,442881
207.64565,125.470764,442885
207.41385,126.48455,442889
206.7725,126.59017,442894
206.13118,126.6958,442899
205.87465,126.73805,442905
205.1539,126.82001,442910
205.41249,126.82001,442915
205.9317,126.79858,442921
206.7105,126.75573,442926
207.09988,126.73431,442931
207.51335,126.23281,442937
208.00952,125.63102,442942
208.1836,125.4379,442947
208.49634,125.07092,442952
209.02994,124.46981,442956
209.05202,124.17169,442961
209.76283,123.93328,442965
210.79706,123.8246,442968
210.92627,123.82001,442973
211.57619,123.82001,442979
212.35605,123.82001,442984
213.39574,123.82001,442989
214.3051,123.82,442994
214.82327,123.82001,442999
215.47319,123.82001,443004
216.25307,123.82,443008
217.29276,123.82,443014
218.20206,123.82001,443018
218.59088,123.82001,443024
219.24068,123.82,443029
220.1497,123.82,443034
220.61922,123.81537,443038
221.21298,123.550995,443043
222.04427,123.18086,443049
222.51927,122.96936,443054
223.03912,122.95786,443058
223.94885,122.937744,443063
224.85858,122.917625,443068
225.89828,122.89463,443073
226.28816,122.88601,443078
226.77649,123.064644,443083
227.63107,123.37725,443088
227.99731,123.51122,443094
228.2167,123.65073,443099
228.67174,123.82,443104
229.58116,123.82001,443108
230.09987,123.82001,443112
230.09987,123.82001,443118
230.09987,123.82001,443122
230.09987,123.82001,443171
230.09987,123.82001,443177
229.5799,123.82001,443181
229.17567,124.02833,443185
229.0265,124.25937,443190
229.05786,124.16726,443194
228.6204,123.88373,443199
228.41454,123.82006,443203
228.16914,123.47874,443209
228.18,123.092674,443213
228.18,123.092674,443219
228.18,123.092674,443224
228.18,123.61265,443230
228.18,123.872635,443235
228.69951,123.85096,443240
229.73846,123.82001,443245
230.1272,123.82001,443251
230.74997,123.979965,443256
231.35378,124.15006,443261
231.6612,124.207565,443267
231.82,124.699326,443272
231.82,124.95825,443277
231.82,124.95825,443283
231.82,124.95825,443288
232.47006,124.95825,443292
233.26424,124.587975,443297
233.7788,124.51316,443301
234.67929,124.38223,443306
235.3225,124.28871,443310
235.96167,124.1708,443316
236.72868,124.02929,443321
237.62355,123.864204,443326
238.52916,123.82,443330
239.43886,123.82001,443335
240.2177,123.82,443340
240.89438,123.62822,443344
241.73451,123.01531,443349
241.73451,123.01531,443355
241.73451,123.01531,443361
241.73451,123.535286,443367
241.08461,123.78652,443372
240.32527,123.82466,443377
239.54561,123.82,443382
238.76619,123.82001,443387
238.37733,123.82001,443393
237.7274,123.82,443398
236.81757,123.82,443403
235.90782,123.82,443408
234.99841,123.82001,443413
234.48004,123.8201,443418
233.83011,123.82,443423
233.05025,123.82,443427
232.1405,123.82001,443432
231.36092,123.82001,443436
230.71227,123.82001,443442
230.06294,123.82,443448
229.15353,123.82001,443453
228.63536,123.82001,443458
228.41931,123.82001,443463
227.95528,123.585396,443468
227.25922,123.23349,443473
226.79517,122.99889,443477
226.14548,122.979935,443482
225.36584,122.95719,443486
224.45628,122.93066,443491
223.67665,122.90791,443495
223.02696,122.888954,443500
222.40779,123.08665,443506
221.54094,123.36342,443510
221.04561,123.521576,443515
220.82338,123.65651,443521
220.47583,123.82838,443525
219.43672,123.82,443531
219.17764,123.8201,443535
218.65768,123.82,443539
217.61787,123.82001,443544
216.70813,123.82001,443549
215.92856,123.82001,443553
215.28033,123.8201,443558
214.76039,123.82,443562
213.85054,123.82,443567
212.9408,123.82001,443572
212.03133,123.82,443577
211.38362,123.82001,443582
210.74907,123.96076,443586
209.88245,123.97997,443591
209.50739,123.97997,443597
209.07045,124.12248,443602
208.51668,125.00273,443657
208.51668,125.00273,443661
208.51668,125.00273,443668
208.12671,125.00273,443673
207.68277,125.62613,443679
207.42525,126.49888,443684
206.91145,126.57889,443689
206.1408,126.6989,443693
205.8839,126.7389,443699
205.4216,126.826355,443704
204.64366,126.8201,443709
204.64366,126.8201,443716
204.64366,126.8201,443723
205.16364,126.8201,443728
205.9428,126.79798,443733
206.85136,126.74781,443738
207.11096,126.73361,443743
207.52206,126.23017,443748
208.0154,125.62605,443754
208.1872,125.43221,443759
208.50053,125.06626,443764
209.02994,124.46622,443770
209.03722,124.22047,443775
209.51425,123.95632,443779
210.29019,123.8774,443784
210.93646,123.820015,443789
211.4564,123.82,443794
212.23628,123.82,443800
212.89264,123.82,443805
213.67238,123.82001,443810
214.45166,123.82,443814
214.8399,123.820015,443819
215.35985,123.82,443825
216.13972,123.82,443830
216.91954,123.82001,443835
217.5693,123.82001,443840
218.34851,123.82,443845
218.6075,123.820015,443853
218.99739,123.82001,443859
219.9068,123.82,443865
220.42477,123.8201,443870
220.64513,123.80431,443877
221.1201,123.59272,443883
221.71382,123.328224,443888
222.54503,122.95794,443893
223.0649,122.947845,443898
223.84471,122.93271,443903
224.62453,122.91757,443908
225.40434,122.90243,443913
226.31413,122.88477,443919
226.92343,123.11105,443924
227.6546,123.3826,443929
228.02019,123.518364,443934
228.22586,123.66682,443941
228.44897,123.82986,443948
229.2286,123.82,443955
229.87778,123.82,443962
230.1367,123.820015,443966
230.1367,123.820015,443972
230.1367,123.820015,443977
230.1367,123.820015,444036
230.1367,123.820015,444044
229.61673,123.820015,444052
229.33257,123.9799,444056
229.09344,124.101776,444061
229.09735,124.10147,444066
228.65459,123.87002,444071
228.44017,123.82006,444077
228.16972,123.54675,444082
228.18,123.159676,444087
228.18,123.159676,444093
228.18,123.159676,444100
228.18,123.67965,444107
228.18,123.93964,444112
228.8283,123.89302,444117
229.6056,123.837074,444122
230.12393,123.82001,444127
230.74681,123.979965,444133
231.35034,124.14843,444137
231.65833,124.20589,444144
231.82693,124.43404,444150
231.82,124.95251,444154
231.82,124.95251,444161
231.82,124.95251,444167
232.47006,124.95251,444172
233.26631,124.58525,444177
233.90962,124.49241,444182
234.81024,124.36243,444187
235.32489,124.288155,444191
235.83623,124.19384,444196
236.60326,124.05237,444202
237.37029,123.9109,444206
237.88164,123.82002,444211
238.40154,123.82,444216
239.05135,123.82,444221
239.70097,123.82001,444225
240.34927,123.8201,444230
240.89648,123.62642,444236
241.42165,123.24344,444241
241.73672,123.01365,444245
241.73672,123.01365,444252
241.73672,123.01365,444261
241.73672,123.53362,444268
241.2168,123.787384,444274
240.82684,123.782715,444279
240.19785,123.822266,444284
239.54807,123.82,444290
238.89848,123.82001,444296
238.37978,123.8201,444302
237.85983,123.82,444307
237.07996,123.82,444312
236.17018,123.82,444318
235.2606,123.82,444324
234.61172,123.82001,444330
234.09251,123.82,444336
233.31264,123.82001,444341
232.53279,123.82,444347
231.88298,123.82001,444355
231.23338,123.82,444360
230.58565,123.8201,444366
230.06627,123.82,444371
229.15685,123.82001,444378
228.63864,123.82001,444384
228.42195,123.82001,444390
228.07382,123.64425,444395
227.37756,123.29275,444401
226.79733,122.999825,444407
226.27759,122.98455,444412
225.36803,122.95782,444418
224.58841,122.934906,444423
223.80878,122.911995,444427
223.02916,122.889084,444433
222.40991,123.08657,444440
221.66682,123.32355,444445
221.04759,123.521034,444451
220.82521,123.655716,444456
220.47896,123.82907,444461
219.69945,123.82001,444466
219.18074,123.8201,444471
218.6608,123.82,444477
217.8809,123.82,444482
216.97113,123.82001,444488
216.06155,123.82,444494
215.28342,123.82,444499
214.76347,123.82,444505
213.85362,123.82001,444510
213.2038,123.82,444515
212.29416,123.82001,444520
211.51558,123.82,444527
210.87907,123.933075,444533
210.24783,123.97997,444538
209.57872,123.97997,444544
209.15775,124.028305,444549
208.72551,124.6706,444555
208.5179,125.000725,444617
208.5179,125.000725,444622
208.5179,125.000725,444629
207.99792,125.000725,444634
207.59839,125.63554,444640
207.40303,126.52427,444646
207.40303,126.52427,444653
207.70374,126.10007,444658
208.07962,125.56982,444663
208.19801,125.36417,444668
208.65683,124.91689,444673
209.02994,124.368645,444678
209.07108,124.130684,444683
209.84996,123.921234,444689
210.75511,123.82795,444694
211.01332,123.82001,444700
211.53326,123.82,444705
212.57309,123.82,444711
213.35284,123.82,444715
214.26228,123.82,444720
214.78076,123.82001,444726
215.30072,123.820015,444732
216.08061,123.82,444737
216.99039,123.82,444743
217.77003,123.82001,444748
218.67773,123.82001,444754
219.06761,123.82001,444759
219.8471,123.82,444764
220.36555,123.8201,444770
220.58846,123.820045,444776
221.06422,123.61022,444781
221.77786,123.295494,444786
222.37256,123.03322,444791
223.14143,122.97362,444796
224.05109,122.95137,444801
224.83072,122.92894,444806
225.61037,122.906876,444812
226.26007,122.88849,444817
226.74942,123.06434,444823
227.48341,123.32812,444828
227.97275,123.50397,444833
228.194,123.64051,444839
228.6312,123.82687,444845
229.41072,123.82001,444850
230.18814,123.82001,444856
230.18814,123.82001,444861
230.18814,123.82001,444867
230.18814,123.82001,444927
230.18814,123.82001,444936
229.79816,123.82001,444941
229.48155,123.9799,444948
229.32289,123.98006,444954
229.1161,124.07613,444959
229.11351,124.082275,444964
228.65175,123.870575,444969
228.43791,123.82005,444976
228.20505,123.65233,444982
228.18,123.1536,444989
228.18,123.1536,444998
228.18,123.1536,445005
228.18,123.54359,445012
228.18,123.80357,445020
228.56125,123.83362,445026
229.34084,123.82001,445031
229.98984,123.82001,445037
230.61766,123.96811,445044
231.22675,124.0931,445050
231.65413,124.2035,445056
231.82,124.55543,445063
231.82,124.94418,445069
231.82,124.94418,445075
231.82,124.94418,445081
232.33998,124.94418,445088
232.93716,124.71591,445094
233.17076,124.60178,445101
233.68532,124.52692,445106
234.5858,124.39591,445112
235.22899,124.30234,445118
235.74045,124.20863,445123
236.50764,124.06807,445130
237.27483,123.92751,445136
237.7863,123.83381,445143
238.30617,123.82387,445148
239.08594,123.82,445154
239.73555,123.82001,445160
240.38359,123.82,445165
240.8146,123.669014,445170
241.44943,123.21588,445174
241.76685,122.98931,445180
241.76685,122.98931,445186
241.76685,122.98931,445193
241.76685,123.509285,445200
241.2469,123.774055,445205
240.85693,123.77763,445211
240.36395,123.8338,445218
239.58429,123.82,445223
238.67505,123.82001,445229
238.28674,123.82001,445234
237.7668,123.82,445240
237.24687,123.82,445247
236.59698,123.82001,445252
235.68727,123.82,445259
235.16759,123.82001,445265
234.51912,123.82,445271
233.99918,123.82,445277
233.34926,123.82,445283
232.69939,123.82,445288
231.91962,123.82001,445294
231.14014,123.82,445300
230.62192,123.82001,445306
230.10228,123.82,445311
229.3227,123.82,445315
228.67438,123.8201,445320
228.45148,123.82004,445327
227.98277,123.614,445332
227.2897,123.25624,445338
226.82755,123.017944,445343
226.30786,123.000496,445348
225.39842,122.96995,445354
224.6189,122.94377,445360
223.70946,122.91323,445366
222.92993,122.88705,445371
222.31358,123.09336,445377
221.69722,123.29967,445382
221.08087,123.50598,445388
220.85739,123.63885,445393
220.54051,123.83112,445398
219.89088,123.82,445403
219.11282,123.82001,445408
218.4629,123.82,445413
217.68304,123.82,445419
216.90324,123.82,445424
216.12358,123.82,445428
215.34506,123.82001,445432
214.82512,123.82,445438
214.17522,123.82001,445442
213.39539,123.82,445447
212.61563,123.82,445452
211.70654,123.82,445457
211.4477,123.8201,445463
210.81223,123.95661,445469
210.06035,123.97998,445473
209.53914,123.97998,445478
209.19037,124.00818,445484
208.68059,124.7434,445489
208.5419,124.9633,445547
208.5419,124.9633,445552
208.5419,124.9633,445557
208.02191,124.9633,445563
207.73018,124.70526,445570
207.601,124.06827,445574
207.44597,123.30386,445579
207.084,122.77974,445584
206.50429,122.078384,445590
206.00993,121.4751,445595
205.59782,120.97248,445601
205.4188,120.811966,445607
205.05547,120.48687,445612
204.5421,119.89968,445618
204.35237,119.80106,445624
204.15471,119.63218,445628
204.15471,119.63218,445634
204.15471,119.63218,445640
204.15471,119.63218,445645
204.15471,119.63218,445701
204.15471,119.63218,445707
204.15471,120.02216,445714
203.89685,120.44472,445720
203.75409,120.71325,445725
203.75409,120.71325,445788
203.75409,120.71325,445796
203.75409,120.71325,445803
204.27406,120.71325,445809
204.26115,120.123344,445814
204.02003,119.41918,445819
204.09901,118.57286,445824
204.17792,117.927704,445828
204.18,117.67028,445834
204.19913,117.35436,445839
204.6567,117.17999,445844
205.04308,117.17999,445850
205.04308,117.17999,445856
205.04308,117.17999,445862
205.04308,117.17999,445869
204.65637,117.17999,445875
204.44176,117.17999,445881
204.24062,117.29668,445887
204.18001,117.90221,445893
204.18,118.67894,445899
204.17998,119.32377,445905
204.19664,119.640594,445911
204.56686,119.99648,445916
205.05707,120.423294,445920
205.191,120.60763,445926
205.42622,120.9015,445931
206.06323,121.55129,445937
206.69873,122.20256,445942
207.15274,122.66768,445947
207.1793,123.18697,445951
207.23906,124.355385,446010
207.23906,124.355385,446015
207.4926,124.412926,446021
207.39124,124.494316,446027
207.00269,124.460884,446033
206.89249,124.96904,446038
206.82002,125.35017,446044
206.82002,125.56352,446049
206.54471,125.830574,446055
206.02872,125.82001,446060
206.02872,125.82001,446067
206.02872,125.82001,446074
206.02872,126.33998,446081
205.90579,126.64228,446086
205.78868,126.69871,446092
205.37479,126.8252,446097
204.7262,126.8201,446102
204.7262,126.8201,446108
204.7262,126.8201,446115
204.20622,126.8201,446121
204.05026,126.74215,446126
204.14888,126.23161,446132
204.17998,125.97635,446138
204.17998,125.97635,446145
204.18,126.36307,446150
204.18,126.47913,446156
204.18,126.58076,446162
204.36902,126.80592,446168
205.13889,126.82001,446174
205.91678,126.79824,446179
206.69559,126.75577,446185
207.085,126.7348,446191
207.41835,126.33574,446196
207.91837,125.73714,446202
208.1763,125.44474,446208
208.48633,125.07289,446212
209.02992,124.55445,446218
209.02992,124.36746,446223
209.02992,124.340034,446228
209.02992,124.31578,446233
209.02992,124.30131,446238
209.03038,124.28132,446243
209.0822,124.11794,446248
209.80081,123.97998,446254
210.95374,123.985565,446310
210.95374,123.985565,446317
211.05353,123.90226,446325
211.36996,124.1302,446332
211.67871,124.218025,446339
211.8262,124.61167,446344
211.8201,125.0012,446350
211.8201,125.0012,446357
211.8201,125.0012,446366
212.34007,125.0012,446372
212.9881,125.046104,446378
213.63573,125.10117,446383
214.28339,125.155975,446390
214.80121,125.17999,446395
215.32115,125.18,446401
216.10103,125.18,446407
216.7509,125.18,446413
217.53065,125.18,446418
218.3099,125.18,446423
218.56905,125.17999,446429
219.21884,125.18,446435
219.09016,125.17999,446440
218.71614,125.06956,446445
217.96811,124.84869,446450
217.23233,124.5905,446455
216.62123,124.369125,446460
215.8901,124.097466,446465
215.28122,123.87008,446470
214.76137,123.858604,446475
213.9816,123.84139,446480
213.20183,123.82418,446485
212.4221,123.82,446489
211.6431,123.82001,446493
210.7348,123.82,446498
210.08533,123.82,446503
209.43564,123.82001,446507
208.65727,123.82001,446512
208.32283,123.784935,446518
208.18001,123.26046,446523
208.18,123.130646,446579
208.18,123.130646,446585
208.18,123.130646,446651
208.18,123.130646,446658
208.18,123.65062,446664
208.18,124.43058,446723
208.18,124.43058,446729
207.92049,124.44649,446734
207.42342,124.599106,446740
207.04419,124.508156,446748
206.91092,125.010765,446753
206.82002,125.38772,446761
206.82002,125.59299,446767
206.59253,125.82028,446772
206.0784,125.82001,446777
206.0784,125.82001,446783
206.0784,125.82001,446790
206.0784,126.46998,446797
205.94844,126.726715,446803
205.82013,126.74753,446808
205.35196,126.820755,446813
204.70346,126.82,446818
204.70346,126.8201,446825
204.70346,126.8201,446833
204.0535,126.8201,446838
204.0267,126.70515,446843
204.16978,126.07112,446848
204.17998,125.94432,446855
204.17998,125.94432,446860
203.80437,125.83942,446865
203.15564,125.82001,446870
202.64001,125.82001,446876
202.43294,125.82007,446882
202.2201,125.67625,446889
202.18,125.0562,446896
202.18,124.67213,446901
202.18,124.67213,446910
202.18,124.67213,446917
202.18,124.28215,446924
202.8136,124.16706,446929
202.94032,124.17998,446935
202.94032,124.17998,446942
203.11989,123.69199,446947
203.34871,123.12643,446953
203.39603,122.47818,446958
203.46228,121.57064,446964
203.50014,121.05205,446970
203.6297,120.826645,446976
203.83139,120.53843,446981
204.00687,119.97224,446987
204.02003,119.285545,446992
204.02,118.67778,446997
203.97194,117.77172,447003
203.90599,116.99457,447007
203.84283,116.21717,447012
203.82,115.44169,447017
203.82,115.44169,447023
203.82,115.44169,447029
203.82,114.921715,447035
203.82,114.141884,447039
203.82,113.36224,447043
203.81999,112.58287,447048
203.82002,111.67619,447052
203.81999,110.8987,447057
203.82,109.989235,447062
203.82,109.080734,447067
203.82,108.693535,447073
203.77309,108.31307,447078
203.2137,108.09891,447083
202.32735,107.893196,447088
201.56863,107.71238,447093
201.06279,107.59203,447098
201.06279,107.59203,447104
201.06279,107.59203,447109
201.06279,106.94206,447114
200.89485,105.92419,447120
200.82767,105.67303,447125
200.80241,105.35747,447130
200.35182,105.17999,447136
199.9645,105.17999,447191
199.9645,105.17999,447195
199.9645,105.17999,447201
199.44452,105.17999,447206
198.5347,105.17999,447210
197.62518,105.17999,447215
196.58665,105.18,447220
196.07047,105.1799,447225
195.44424,105.00581,447230
194.81802,104.83172,447236
194.3286,104.65615,447241
193.59444,104.39279,447245
193.47208,104.3489,447297
193.47208,104.3489,447302
193.47208,104.3489,447308
192.82211,104.3489,447312
192.1901,103.98563,447316
191.54245,104.04042,447321
190.87483,103.96767,447325
189.87206,103.97997,447329
189.56111,103.97998,447376
189.56111,103.97998,447381
189.56111,103.97998,447388
188.91115,103.97998,447393
188.26118,103.97998,447442
188.21964,103.856804,447446
187.57033,103.82736,447451
186.79117,103.79204,447455
185.75229,103.744934,447459
184.84326,103.70372,447464
184.58354,103.69194,447468
183.93358,103.68993,447473
182.89363,103.686714,447477
181.8537,103.683495,447481
180.94374,103.68069,447486
180.69785,103.75218,447491
180.09921,103.82001,447496
179.4494,103.82,447500
178.4095,103.82,447505
177.49965,103.82001,447509
176.85017,103.82001,447514
176.33022,103.82,447518
175.55028,103.82,447522
174.77034,103.82,447526
173.99045,103.8201,447531
173.21075,103.82,447535
172.43217,103.859825,447540
171.65366,103.907425,447545
171.39415,103.92326,447550
170.87608,103.96773,447555
170.74657,103.978836,447560
170.87587,103.96539,447565
170.87587,103.96539,447568
170.87587,103.96539,447619
170.87587,103.96539,447624
171.39584,103.96539,447629
171.72725,104.21538,447634
171.82,104.79625,447639
171.82002,105.054665,447644
171.82002,105.054665,447649
171.82,104.66596,447653
171.82,104.441284,447658
171.70984,104.24653,447663
171.08249,104.07146,447667
170.29297,103.97998,447672
169.60309,103.97998,447676
169.32812,103.97998,447680
169.06349,104.148674,447685
169.0421,104.19822,447691
169.01585,104.07091,447696
168.66084,103.9095,447702
168.55115,103.83974,447706
168.49257,103.8201,447711
168.36565,103.79362,447715
168.18,103.13641,447720
168.18001,102.357574,447725
168.18,101.44907,447729
168.18,101.06201,447734
168.18,101.06201,447739
168.18,101.06201,447744
168.18,101.581985,447749
168.18,102.36049,447754
168.18,103.2608,447758
168.18199,103.60838,447764
168.61234,103.82333,447770
169.39201,103.82,447775
170.3016,103.82,447780
171.21152,103.82,447785
171.99135,103.82001,447790
172.511,103.82001,447794
173.16096,103.82,447799
173.81091,103.82,447804
174.72083,103.82,447808
175.50072,103.82,447813
176.41016,103.82,447817
177.0601,103.82,447822
177.97003,103.82,447827
178.74995,103.82,447831
179.65977,103.82,447836
180.17943,103.8201,447840
180.54561,103.82002,447844
180.92389,103.52631,447848
181.557,102.87284,447852
182.37874,102.04008,447857
183.01718,101.39169,447862
183.38206,101.02124,447866
183.38206,101.02124,447871
183.38206,101.02124,447876
184.03204,101.02124,447881
184.682,101.02124,447930
184.682,101.02124,447934
184.68138,101.15124,447939
184.50868,100.52463,447944
184.37053,100.023346,447949
184.35262,99.89459,447954
184.17963,99.591736,447958
184.18,98.5599,447963
184.18,97.669495,447968
184.19669,97.36418,447973
184.4967,97.16696,447978
185.00906,97.17999,447983
185.00906,97.17999,447989
185.00906,97.17999,447995
185.00906,96.66002,448000
185.13033,96.17005,448006
185.07434,95.78411,448011
184.96237,95.01223,448016
184.85173,94.50416,448021
184.68578,93.74206,448026
184.67383,93.22222,448031
184.65292,92.31251,448035
184.62903,91.272835,448040
184.55473,90.49683,448045
184.45677,89.59217,448050
184.3595,88.68743,448055
184.97769,88.40678,448060
185.42075,87.80887,448065
185.87828,87.02238,448070
186.27492,86.3508,448075
186.47313,86.014946,448080
186.47313,86.014946,448086
186.47313,86.014946,448092
187.1231,86.014946,448098
186.94809,85.73007,448103
186.8788,85.21474,448109
186.82002,84.6994,448114
186.82002,84.6994,448180
186.82002,84.6994,448184
186.82002,84.6994,448190
186.82002,84.17943,448196
186.19788,84.10758,448201
185.94902,84.17997,448208
185.94902,84.17997,448215
185.94902,84.17997,448220
186.339,84.17997,448225
186.68925,84.228745,448230
186.82597,84.62565,448235
186.82,85.40256,448240
186.81401,85.6229,448246
186.54816,85.89701,448250
185.86888,86.50249,448255
185.47806,86.96257,448260
184.85481,87.62357,448265
184.45894,88.13907,448270
184.39883,88.65556,448275
184.29366,89.55942,448279
184.2035,90.33415,448284
184.17346,90.59239,448289
184.1346,91.110916,448294
184.06657,92.018326,448298
183.99855,92.925735,448302
183.97913,93.18499,448307
183.93326,93.833336,448311
183.87822,94.61136,448315
183.8232,95.38937,448320
183.82,95.77775,448325
183.82,96.42768,448330
183.82,97.20755,448334
183.84227,98.06226,448339
184.02,98.688705,448343
184.02,99.54441,448348
183.90335,100.267685,448353
183.82,100.60492,448357
183.38103,101.06989,448362
182.54443,101.88772,448367
181.8956,102.52571,448371
181.15353,103.25429,448375
180.87527,103.52752,448380
180.76607,103.70303,448385
180.76607,103.70303,448389
180.76607,103.70303,448394
180.76607,104.22301,448399
180.14326,104.427055,448404
179.2525,104.24895,448408
178.35527,104.09741,448412
177.33064,103.91956,448416
176.94638,103.85304,448421
176.29648,103.84473,448426
175.3866,103.83309,448430
174.47672,103.82145,448434
173.69684,103.82001,448438
173.0473,103.82001,448443
172.39859,103.86039,448448
171.62013,103.90886,448452
171.36066,103.92501,448458
170.71313,103.97999,448463
170.71313,103.97999,448469
170.84251,103.96727,448474
170.84251,103.96727,448479
170.84251,103.96727,448529
170.84251,103.96727,448534
171.49248,103.96727,448539
171.76073,104.097,448544
171.82,104.83597,448548
171.82,104.96533,448553
171.82,104.96533,448558
171.82,104.706215,448563
171.811,104.37169,448568
171.40384,104.17392,448573
170.94742,103.982155,448578
170.1924,103.97998,448582
169.62039,103.97998,448587
169.36444,103.97998,448592
169.13078,104.06256,448597
169.02872,104.01659,448603
168.6613,103.88586,448608
168.54836,103.8215,448613
168.50043,103.8201,448618
168.35773,103.79015,448622
168.18,103.24439,448626
168.18,102.33547,448631
168.18,101.556656,448635
168.18,101.040306,448640
168.18,101.040306,448646
168.18,101.040306,448651
168.18,101.69027,448656
168.18,102.59797,448661
168.18,103.48692,448666
168.2285,103.69296,448671
168.64723,103.82074,448675
169.2972,103.82,448679
170.07657,103.82,448684
170.98648,103.82,448688
171.76636,103.82,448693
172.54588,103.8201,448698
173.19583,103.82,448702
173.97577,103.82,448707
174.88568,103.82,448712
175.79549,103.82001,448716
176.44492,103.8201,448720
177.22485,103.82,448725
178.00479,103.82,448730
178.78471,103.82,448734
179.95442,103.82001,448739
180.21414,103.82001,448743
180.46143,103.82001,448748
180.92705,103.51396,448753
181.64929,102.76623,448758
182.29146,102.12153,448762
183.02306,101.38245,448767
183.38898,101.01302,448772
183.38898,101.01302,448777
183.38898,101.01302,448783
184.03896,101.01302,448787
184.68892,101.01302,448837
184.68892,101.01302,448841
184.6862,101.14299,448846
184.5455,100.64241,448850
184.40482,100.14183,448855
184.35974,99.88578,448859
184.16997,99.47188,448863
184.17998,98.695206,448867
184.18,97.79834,448871
184.19464,97.36869,448876
184.61488,97.17999,448882
184.99864,97.17999,448886
184.99864,97.17999,448892
184.99864,97.17999,448897
184.99864,96.53002,448902
185.08105,96.1695,448907
185.02364,95.65271,448912
184.95184,95.006714,448917
184.81715,94.37086,448922
184.68248,93.73499,448928
184.66826,93.08518,448933
184.64835,92.175446,448939
184.63129,91.395676,448944
184.6256,91.13575,448950
184.56949,90.61881,448955
184.48534,89.8434,448960
184.38715,88.93876,448965
184.34506,88.551056,448971
184.97818,88.404015,448977
185.4848,87.69348,448982
185.94327,86.90754,448987
186.34114,86.23669,448991
186.47371,86.01304,448996
186.47371,86.01304,449002
186.47371,86.01304,449007
186.99368,86.01304,449012
187.14552,85.408264,449016
186.85976,84.68254,449020
186.85976,84.68254,449074
186.85976,84.68254,449078
186.85976,84.68254,449084
186.85976,83.90258,449090
186.28862,83.95284,449095
185.94594,84.13899,449099
185.94594,84.13899,449106
185.94594,84.13899,449111
186.46591,84.13899,449116
186.74626,84.26738,449121
186.82152,84.73231,449125
186.82,85.380516,449130
186.82005,85.600975,449136
186.47003,85.96471,449141
185.88843,86.48439,449146
185.39818,87.030045,449150
184.87193,87.60473,449154
184.47485,88.11931,449158
184.39659,88.76454,449163
184.28702,89.66788,449167
184.17746,90.57121,449172
184.12833,91.21932,449176
184.06938,91.99705,449180
184.00061,92.9044,449185
183.98096,93.16364,449190
183.92583,93.94165,449195
183.86153,94.849335,449199
183.82,95.62726,449203
183.81999,96.40643,449207
183.81999,97.31626,449211
183.8804,98.08087,449215
184.02,98.91486,449219
184.02,99.711365,449223
183.88649,100.32774,449227
183.79707,100.65855,449231
183.33331,101.11393,449235
182.59128,101.842545,449239
181.75648,102.66224,449243
181.19997,103.2087,449247
180.9217,103.48193,449251
180.73325,103.73636,449255
180.73325,103.73636,449260
180.73325,103.73636,449265
180.73325,104.38633,449270
179.98111,104.439804,449275
179.09065,104.25623,449279
178.068,104.067406,449284
177.04582,103.87591,449288
176.2681,103.84789,449293
175.4882,103.838486,449297
174.44836,103.823456,449302
173.53854,103.82,449307
173.01901,103.8201,449312
172.37033,103.86105,449317
171.59192,103.9102,449322
170.8145,103.97227,449327
170.8145,103.97227,449332
170.8145,103.97227,449337
170.8145,103.97227,449341
170.8145,103.97227,449391
170.8145,103.97227,449396
171.46446,103.97227,449401
171.7412,104.10117,449405
171.82,104.69745,449410
171.82,104.95648,449415
171.82,104.95648,449421
171.82,104.95648,449427
171.82,104.95648,449433
171.82,104.697395,449437
171.80745,104.363396,449442
171.38136,104.17318,449446
170.92824,103.97633,449450
170.04651,103.97998,449454
169.60458,103.97998,449459
169.29912,103.982605,449464
169.09215,104.10439,449468
169.01598,104.07019,449472
168.6608,103.909164,449477
168.55107,103.83947,449481
168.5027,103.8201,449486
168.31656,103.76803,449491
168.18,103.01231,449495
168.18,102.103485,449500
168.18,101.19615,449504
168.18,101.06763,449510
168.18,101.06763,449516
168.18,101.71666,449520
168.18,102.36491,449524
168.18,103.39007,449528
168.18071,103.604034,449533
168.60341,103.823296,449538
169.38307,103.82,449542
170.293,103.82,449546
171.2029,103.82,449551
171.98274,103.82001,449555
172.5024,103.8201,449559
173.15234,103.82,449564
174.06227,103.82,449568
174.97217,103.82,449573
175.88199,103.82001,449577
176.40155,103.82001,449582
176.92152,103.82,449586
177.96144,103.82,449590
178.74135,103.82001,449594
179.78113,103.82,449598
180.17084,103.82001,449603
180.538,103.82001,449608
181.09442,103.34526,449613
181.72961,102.69381,449617
182.36931,102.04665,449622
183.00856,101.39907,449626
183.4652,100.93653,449631
183.4652,100.93653,449636
183.4652,100.93653,449642
184.11517,100.93653,449647
184.76514,100.93653,449697
184.76514,100.93653,449701
184.72179,101.19288,449706
184.53674,100.56981,449710
184.3887,100.07135,449715
184.3673,99.94314,449720
184.20702,99.65427,449725
184.18,98.76976,449729
184.18,97.87101,449733
184.18,97.62459,449738
184.18,97.42705,449743
184.46397,97.168365,449748
184.97737,97.17999,449753
184.97737,97.17999,449759
184.97737,97.17999,449765
184.97737,96.53002,449771
185.06425,96.17334,449776
185.0129,95.65591,449781
184.94868,95.00912,449787
184.84207,94.50019,449792
184.68216,93.73679,449797
184.67085,93.21695,449802
184.64822,92.177246,449807
184.63126,91.39747,449812
184.6256,91.13754,449819
184.58354,90.74983,449825
184.49944,89.97443,449830
184.41533,89.19901,449835
184.34525,88.55283,449840
184.85153,88.434326,449846
185.10468,88.37507,449851
185.36578,87.925415,449857
185.75746,87.25092,449862
186.2144,86.46402,449867
186.47551,86.01436,449873
186.47551,86.01436,449878
186.47551,86.01436,449885
187.12547,86.01436,449890
186.94977,85.73057,449894
186.86234,85.08651,449899
186.82,84.70007,449905
186.82,84.70007,449962
186.82,84.70007,449967
186.82,84.70007,449973
186.82,84.05011,449978
186.82,83.79012,449983
186.7058,84.023674,449989
186.74751,84.28029,449995
186.82065,84.745895,450000
186.82,85.394005,450005
186.81717,85.61407,450011
186.45886,85.97596,450017
185.87683,86.49518,450021
185.48509,86.95482,450025
184.86182,87.615906,450030
184.54471,88.02799,450034
184.39598,88.77726,450039
184.30428,89.55179,450044
184.17662,90.58387,450049
184.12746,91.23197,450053
184.05865,92.13932,450058
183.98984,93.04667,450063
183.93416,93.82464,450068
183.88823,94.472984,450072
183.82,95.51033,450077
183.81999,96.28982,450081
183.82,97.19966,450087
183.83952,98.06116,450092
184.0201,98.357635,450097
184.02,98.995834,450101
184.02,99.68285,450106
183.89131,100.30157,450110
183.80646,100.64069,450115
183.35028,101.10106,450120
182.51437,101.9196,450125
181.95769,102.4659,450129
181.21529,103.19414,450134
180.93689,103.46723,450138
180.74702,103.72326,450143
180.74702,103.72326,450148
180.74702,103.72326,450154
180.74702,104.50322,450159
180.125,104.57467,450164
179.11296,104.3386,450169
178.0965,104.11888,450173
177.3346,103.95198,450177
176.82664,103.84083,450183
176.30669,103.835556,450187
175.52678,103.82765,450191
174.74686,103.82,450196
173.70702,103.82,450201
173.05745,103.82001,450205
172.40872,103.86018,450210
171.50052,103.91643,450214
170.85274,103.9694,450218
170.72324,103.97998,450223
170.85257,103.96695,450228
170.85257,103.96695,450232
170.85257,103.96695,450278
170.85257,103.96695,450283
171.50253,103.96695,450287
171.76776,104.09684,450292
171.82,104.71016,450297
171.82,104.96913,450302
171.82,104.96913,450307
171.82,104.96913,450313
171.82,104.96913,450319
171.82,104.71,450324
171.81244,104.37531,450329
171.41368,104.17485,450334
170.70528,103.97998,450338
169.83565,103.97998,450343
169.36758,103.97998,450347
169.13368,104.05997,450351
169.02979,104.013176,450357
168.66165,103.884476,450362
168.5485,103.820496,450368
168.49043,103.8201,450373
168.35692,103.78981,450377
168.18,103.11179,450381
168.18,102.33294,450385
168.18,101.55409,450389
168.18,101.03778,450394
168.18,101.03778,450399
168.18,101.03778,450404
168.18,101.557755,450409
168.18,102.465996,450413
168.18,103.48423,450417
168.22679,103.69099,450423
168.77293,103.82001,450427
169.2929,103.820015,450432
170.20282,103.82,450437
170.98274,103.82,450442
171.76262,103.82,450447
172.54214,103.8201,450452
173.0621,103.82,450456
174.10202,103.82,450460
175.01192,103.82,450465
176.05167,103.82,450470
176.44121,103.8201,450474
176.96117,103.82,450478
177.8711,103.82001,450482
178.78099,103.82,450486
179.82076,103.82,450491
180.21042,103.82001,450496
180.4579,103.82001,450501
180.92422,103.51824,450505
181.55717,102.864845,450509
182.28926,102.12624,450514
182.92885,101.47898,450518
183.38577,101.016716,450522
183.38577,101.016716,450527
183.38577,101.016716,450532
184.03574,101.016716,450537
184.6857,101.016716,450582
184.6857,101.016716,450586
184.68394,101.1467,450590
184.54443,100.6458,450594
184.37003,100.01966,450598
184.35213,99.89091,450602
184.17831,99.587364,450606
184.18,98.68359,450610
184.17998,97.66471,450615
184.19849,97.3604,450620
184.50572,97.16731,450624
185.01778,97.17999,450630
185.01778,97.17999,450635
185.01778,97.17999,450640
185.01778,96.53002,450646
185.09569,96.165985,450651
185.03297,95.6498,450656
184.95456,95.004585,450660
184.84583,94.4961,450665
184.68274,93.73338,450669
184.67131,93.21354,450674
184.6513,92.3038,450678
184.63416,91.52403,450683
184.62558,91.13415,450688
184.55542,90.487976,450694
184.4712,89.71257,450699
184.37299,88.80794,450702
184.97826,88.40341,450707
185.35826,87.92012,450712
185.74911,87.24522,450716
186.27687,86.34914,450720
186.47464,86.01302,450725
186.47464,86.01302,450729
186.47464,86.01302,450735
186.99461,86.01302,450739
187.02394,85.26795,450745
186.87016,84.77123,450749
186.82004,84.435616,450754
186.82004,84.435616,450812
186.82004,84.435616,450818
186.82004,84.435616,450823
186.82004,83.91564,450828
186.18819,83.50327,450832
185.83159,83.352005,450839
185.83159,83.352005,450845
186.17184,83.74521,450850
186.42702,84.04011,450854
186.69055,84.22598,450859
186.82,84.88509,450864
186.82,85.40327,450869
186.81374,85.62363,450873
186.45049,85.98412,450878
185.809,86.595505,450882
185.38019,87.049416,450887
185.2829,87.13563,450892
184.93996,87.52649,450897
184.4584,88.13973,450902
184.4405,88.6594,450907
184.4092,89.56882,450913
184.38235,90.34832,450918
184.35106,91.25773,450923
184.32869,91.90732,450928
184.32732,92.55728,450933
184.32565,93.33724,450937
184.32344,94.37718,450942
184.32178,95.15714,450946
184.3204,95.80711,450950
184.32024,96.45708,450955
184.32007,97.10705,450960
184.18,97.59276,450965
184.18,98.36947,450969
184.18,99.26545,450973
184.1679,99.25853,450978
184.1679,99.25853,450981
184.1679,99.25853,451024
184.1679,99.25853,451029
184.1679,99.9085,451033
184.31705,99.955536,451037
184.96175,99.87304,451041
184.96175,99.87304,451046
184.96175,99.87304,451051
184.96175,100.52301,451056
185.2135,100.848076,451060
185.73341,100.83959,451064
186.77322,100.822624,451068
187.81282,100.82,451072
187.9426,100.82001,451077
187.9426,100.82001,451082
188.01875,101.4655,451086
188.12535,102.36919,451091
188.18,103.39718,451096
188.18,103.39718,451149
188.18,103.39718,451152
188.18,103.39718,451157
188.18,103.91715,451162
188.82172,104.074,451166
189.6992,103.94588,451171
190.60846,103.91028,451213
190.60846,103.91028,451216
191.22205,104.07824,451221
191.55739,104.17995,451225
191.85173,104.56992,451230
191.93599,104.9507,451234
191.93599,104.9507,451240
191.93599,104.9507,451245
192.45596,104.9507,451250
193.10376,104.998055,451255
193.88065,105.0673,451259
194.6576,105.13574,451264
195.5628,105.17999,451268
196.21268,105.18,451273
196.99245,105.18,451278
197.90198,105.17999,451283
198.8108,105.17999,451288
199.45656,105.17999,451293
199.97537,105.18,451297
200.36179,105.179985,451302
200.57283,105.179985,451307
200.9866,105.469315,451312
201.69272,106.04322,451317
202.40054,106.61508,451321
203.20929,107.268845,451326
203.31038,107.35056,451332
203.31038,107.35056,451337
203.56229,107.94974,451342
203.66304,108.1894,451399
203.66304,108.1894,451403
203.66304,108.1894,451409
203.14563,108.18,451414
203.33604,107.71138,451418
203.7943,107.46565,451423
204.59624,107.03563,451427
205.51273,106.54418,451432
205.85641,106.359886,451436
206.44698,106.08841,451441
207.27376,105.70835,451446
208.01617,105.47323,451451
208.12561,105.403076,451457
208.60477,104.963905,451462
208.98808,104.612564,451468
209.02994,104.28886,451474
209.18396,104.01492,451479
210.17934,103.97999,451485
211.01886,104.008255,451490
211.38669,104.13782,451495
211.60172,104.17995,451501
211.60172,104.17995,451510
212.11855,104.12283,451515
213.15219,104.008606,451520
213.92744,103.92294,451526
214.57347,103.85155,451532
215.48186,103.824715,451537
216.2618,103.82085,451543
217.1717,103.82,451549
217.95157,103.82,451555
218.60117,103.8201,451560
219.25108,103.82001,451566
220.03088,103.82,451571
220.42043,103.8201,451576
220.53947,103.820045,451583
220.70073,103.756744,451588
220.82,103.0955,451593
220.81999,102.05598,451598
220.82,101.276245,451603
220.82,101.01659,451608
220.82,101.01659,451616
220.82,101.666145,451621
220.82,102.57484,451626
220.82,103.47585,451632
220.82,103.58648,451636
220.50343,103.8317,451641
219.85359,103.82001,451646
219.07419,103.82,451651
218.29425,103.82,451657
218.55396,103.82,451661
217.90376,103.82,451666
216.99385,103.82,451671
216.34393,103.82,451675
215.56416,103.8201,451679
215.30444,103.82001,451685
214.78447,103.82,451691
214.00453,103.82001,451696
213.2246,103.82,451701
212.31471,103.82001,451706
211.53508,103.82,451711
210.75537,103.82001,451716
209.97545,103.82,451720
209.06564,103.82001,451725
208.67595,103.8201,451729
208.43549,103.82003,451734
208.13412,103.40559,451739
207.99246,102.90528,451744
207.99788,102.25533,451749
207.99788,102.25533,451793
207.99788,102.25533,451798
207.99788,102.25533,451803
207.96574,102.51333,451808
208.1247,103.14356,451812
208.17998,103.39565,451817
208.17998,103.39565,451872
208.17998,103.39565,451877
208.17998,103.39565,451883
207.66,103.39565,451888
207.1551,103.99772,451893
206.8281,104.705345,451897
206.42882,105.523026,451902
206.20134,105.9906,451907
205.99582,106.46823,451911
205.63615,107.30409,451916
205.5334,107.54291,451972
205.5334,107.54291,451976
205.5334,107.54291,451983
204.88344,107.54291,451988
205.11778,107.96492,451993
205.23174,108.17844,451998
205.18,108.79103,452002
205.18,109.8298,452007
205.17998,110.73688,452012
205.18,111.121124,452016
205.18001,111.90086,452021
205.18,112.68041,452026
205.18,113.58951,452032
205.18,114.49706,452037
205.18,115.00896,452042
205.18,115.52852,452047
205.18,116.56592,452052
205.18,116.95128,452058
205.18,116.95128,452064
205.18,116.95128,452071
205.18,116.95128,452079
205.18,116.95128,452085
205.18,116.43201,452090
205.18,115.52766,452094
205.0027,114.776054,452098
204.82541,114.150734,452103
204.59758,113.542,452108
204.36977,112.93327,452113
204.34184,112.283905,452118
204.30833,111.50466,452123
204.26926,110.59554,452129
204.12111,109.962685,452133
203.8841,108.95011,452138
203.82483,108.69697,452143
203.77534,108.31648,452148
203.21974,108.02581,452153
202.86134,107.87209,452158
202.37596,107.43982,452163
201.89058,107.007545,452168
201.51353,106.47811,452173
200.91028,105.63102,452178
200.82005,105.432396,452183
200.54332,105.16923,452188
200.28421,105.17999,452192
199.8978,105.17999,452197
199.3779,105.18,452202
198.46819,105.17999,452207
197.55876,105.18,452212
196.64993,105.17999,452217
196.13287,105.17999,452221
195.50491,105.01231,452226
194.75136,104.81109,452230
194.14,104.590416,452235
193.52864,104.36974,452240
193.04141,104.18814,452245
192.18875,103.870346,452250
191.85059,104.064575,452255
191.3312,104.03974,452260
190.81181,104.01491,452265
190.81181,104.01491,452271
190.81181,104.01491,452277
190.16257,104.01491,452282
190.27995,104.006836,452287
190.92136,104.112,452292
191.3062,104.1751,452295
191.3062,104.1751,452348
191.3062,104.1751,452354
191.95618,104.1751,452359
192.01141,104.65307,452363
191.85785,105.01154,452368
191.85785,105.01154,452373
191.85785,105.01154,452379
192.50783,105.01154,452384
193.41577,105.06262,452389
194.32323,105.12994,452394
195.10114,105.17999,452398
195.6172,105.17999,452404
196.1371,105.18,452409
196.78693,105.18,452413
197.8264,105.17999,452418
198.60559,105.18,452422
199.38222,105.17999,452428
200.0307,105.17999,452433
200.2886,105.17999,452438
200.60895,105.18393,452443
201.12,105.581604,452448
201.92844,106.235756,452452
202.63664,106.80711,452457
203.34477,107.378586,452462
203.34477,107.378586,452468
203.34477,107.378586,452473
203.99474,107.378586,452478
204.6447,107.378586,452527
204.6447,107.378586,452532
204.6447,107.378586,452538
205.11354,107.60345,452542
205.23076,107.65965,452547
205.23076,107.65965,452602
205.23076,107.65965,452609
205.88072,107.65965,452613
206.11295,107.010284,452618
206.09073,106.49078,452623
206.53389,106.21881,452628
207.42024,105.674866,452680
207.42024,105.674866,452685
207.42024,105.674866,452692
207.42024,105.674866,452699
206.90027,105.674866,452704
206.2742,106.04412,452708
205.99,106.62866,452712
205.59215,107.44703,452716
205.48087,107.9501,452722
205.48087,107.9501,452728
205.48087,107.9501,452781
205.48087,107.9501,452787
206.13083,107.9501,452792
206.39102,107.44659,452796
206.13144,106.43955,452801
206.57805,106.17325,452806
207.47124,105.64063,452859
207.47124,105.64063,452863
207.47124,105.64063,452870
207.47124,105.64063,452875
207.47124,104.99066,452881
207.47124,104.3407,452886
207.47124,104.3407,452939
207.73041,104.31996,452944
207.68237,104.96815,452949
207.66316,105.227425,452954
207.0061,105.647675,452959
206.23953,106.13796,452964
205.95216,106.72095,452969
205.54984,107.53713,452974
205.54984,107.53713,453040
205.54984,107.53713,453044
205.54984,107.53713,453050
204.89987,107.53713,453055
205.02844,107.929,453061
205.23587,108.08575,453066
205.24522,108.2154,453071
205.18,109.07461,453075
205.18,109.98318,453080
205.18,111.0175,453085
205.18,111.79386,453090
205.18,112.70333,453095
205.18,113.74203,453100
205.18,114.51956,453105
205.18,114.90504,453110
205.18,114.90504,453116
205.18,114.90504,453124
205.18,115.42501,453129
205.18,115.42989,453134
205.18001,114.91004,453139
205.18,114.00051,453143
205.18,113.221214,453148
205.18,112.31284,453153
205.18,111.54239,453158
205.18001,111.02263,453162
205.18,110.113464,453167
205.18,109.2056,453172
205.18,108.69126,453176
205.18837,108.38124,453181
205.18837,108.38124,453186
205.18837,108.38124,453238
205.18837,108.38124,453244
205.18837,107.86127,453250
205.96808,107.58136,453255
206.8772,107.543335,453259
207.47066,106.82585,453264
207.88535,106.016075,453269
208.0674,105.671196,453319
208.0674,105.671196,453323
208.0674,105.671196,453328
208.0674,105.021225,453333
208.78769,105.060425,453339
209.02779,105.16015,453344
209.02779,105.16015,453351
209.02779,105.16015,453358
209.02779,105.16015,453363
209.02779,105.16015,453369
209.02779,105.16015,453427
209.02779,105.16015,453432
208.37782,105.16015,453437
208.11783,105.16015,453443
208.14497,105.93964,453448
208.17664,106.849045,453453
208.18,107.2387,453458
208.18,107.2387,453466
208.18,107.2387,453473
207.66002,107.2387,453478
206.70975,107.60182,453483
205.8977,108.01233,453488
205.66493,108.12811,453494
205.45804,108.17995,453499
205.45804,108.17995,453558
205.45804,108.17995,453563
205.45804,108.17995,453570
205.45804,108.17995,453577
205.97801,108.17995,453581
206.75798,108.17995,453585
206.75798,108.17995,453591
206.23872,108.17999,453596
205.7218,108.17999,453653
205.7218,108.17999,453658
205.7218,108.17999,453664
205.07184,108.17999,453669
204.42188,108.17999,453719
204.42188,108.17999,453724
204.42188,108.17999,453729
203.7719,108.17999,453733
203.46178,107.79828,453738
202.9739,107.36881,453742
202.29088,106.76757,453747
201.51027,106.08044,453752
200.92482,105.56509,453757
200.80847,105.37859,453762
200.80847,105.37859,453819
200.80847,105.37859,453823
200.80847,105.37859,453829
200.80847,105.37859,453833
201.45844,105.37859,453838
202.10841,105.37859,453842
202.10841,105.37859,453897
202.35542,105.4597,453903
202.73923,106.138695,453908
203.18698,106.93086,453913
203.37889,107.27036,453917
203.5834,107.887314,453921
203.66522,108.134094,453971
203.66522,108.134094,453975
203.66522,108.134094,453979
203.66522,108.134094,453984
202.88525,108.134094,453988
201.71681,108.17999,453993
200.94235,108.17999,453998
200.94235,108.17999,454039
200.94235,108.17999,454043
200.94235,108.17999,454092
200.94235,108.17999,454098
201.59233,108.17999,454103
202.37184,108.18,454108
203.27756,108.18,454113
203.59845,108.18076,454118
203.59845,108.18076,454170
203.59845,108.18076,454175
203.59845,108.18076,454180
202.94873,108.17847,454186
202.57147,108.05015,454191
202.19006,107.52385,454196
201.80867,106.99755,454201
201.52081,106.56452,454205
201.01707,105.806725,454209
200.817,105.39404,454215
200.43901,105.17999,454220
199.92262,105.17999,454224
199.92262,105.17999,454230
199.92262,105.17999,454235
200.5726,105.17999,454241
200.96257,105.17999,454245
201.22307,105.77548,454250
201.53566,106.49006,454254
202.10287,107.19481,454259
202.44629,107.58525,454263
203.00122,107.923645,454267
203.33417,108.126686,454272
203.6438,108.19823,454276
203.82,108.75784,454282
203.82,109.66674,454286
203.82,110.575516,454291
203.82,111.09226,454297
203.82,111.61217,454302
203.81999,112.39194,454308
203.81999,113.04169,454313
203.82,113.95102,454318
203.82,114.72896,454323
203.93478,115.6257,454328
204.06711,116.39435,454332
204.19675,117.16346,454337
204.1681,117.67008,454342
204.18,118.577095,454348
204.18,119.22366,454352
204.18,119.564896,454358
204.45375,119.83039,454363
204.97063,119.82001,454369
204.97063,119.82001,454374
204.97063,119.82001,454381
204.97063,120.59997,454387
205.22693,120.81629,454392
205.74417,120.82001,454397
206.78333,120.82,454402
207.17146,120.8201,454407
207.17146,120.8201,454414
207.17146,120.8201,454420
207.17146,121.47007,454427
207.72853,122.06491,454432
208.05397,122.62753,454438
208.13118,123.14175,454443
208.1698,123.39885,454502
208.1698,123.39885,454557
208.1698,123.39885,454562
208.1698,123.39885,454569
208.1698,124.04881,454575
208.8122,124.0799,454580
209.68875,123.92778,454584
210.59523,123.84832,454641
210.59523,123.84832,454647
210.98271,123.820015,454652
211.50055,124.17994,454657
211.81999,124.78166,454662
211.82,124.91152,454667
211.82,124.91152,454673
211.82,124.65188,454679
211.82,124.43082,454684
211.61899,124.189705,454689
210.9453,123.981926,454694
209.9547,123.97997,454699
209.48695,123.97997,454704
208.97527,123.887535,454709
208.59149,123.82002,454714
208.16908,124.12325,454719
207.8523,124.35068,454724
207.38274,124.574036,454729
207.00148,124.491974,454733
206.86064,125.1265,454738
206.82002,125.58731,454743
206.47995,125.83083,454749
206.09273,125.82001,454754
206.09273,125.82001,454760
206.09273,125.82001,454766
206.09273,126.46998,454773
205.96791,126.63627,454778
205.84776,126.6859,454783
205.31561,126.82001,454788
204.66734,126.8201,454793
204.66734,126.8201,454799
204.66734,126.8201,454806
204.01738,126.8201,454812
204.14258,126.7497,454817
203.75305,126.73111,454822
203.33499,126.42192,454828
202.7079,125.95814,454832
202.41264,125.82007,454838
202.16711,125.51189,454843
202.18,124.73797,454848
202.18,124.088005,454853
202.18,123.69802,454859
202.31863,123.19688,454863
202.52661,122.44515,454868
202.8596,121.88696,454873
203.3258,121.1055,454878
203.5714,120.81221,454882
203.78506,120.66872,454886
203.95149,120.05839,454891
204.02003,119.40936,454896
204.09929,118.5655,454901
204.18,117.663025,454907
204.20227,117.34837,454912
204.2989,116.83746,454917
204.44386,116.07108,454922
204.51945,115.55664,454927
204.65178,114.65636,454933
204.72739,114.14191,454939
204.8496,113.50353,454944
205.04515,112.48214,454949
205.17998,111.58926,454955
205.18,111.06949,454960
205.18001,110.16026,454966
205.18,109.25225,454971
205.18,108.61096,454977
205.18,108.411804,454982
205.18,108.411804,454993
205.18,108.93063,454998
205.18001,109.83972,455002
205.18,110.74684,455007
205.18,111.13083,455012
205.10257,111.645004,455017
204.96707,112.544815,455022
204.85094,113.31608,455027
204.79286,113.70171,455032
204.70045,114.34508,455037
204.55261,115.374466,455042
204.51564,115.631805,455046
204.47705,116.28063,455051
204.43845,116.92945,455056
204.34094,117.170456,455062
204.1759,117.64864,455068
204.18,118.42718,455072
204.17998,118.813156,455077
204.18,119.329666,455084
204.19911,119.64559,455090
204.66974,120.08592,455095
205.06186,120.42742,455100
205.19154,120.61233,455106
205.52214,120.997955,455110
206.15881,121.64807,455116
206.79402,122.29963,455121
207.15706,122.67189,455128
207.54239,123.021034,455133
208.20935,123.634995,455138
208.62059,123.8251,455144
209.65924,123.82,455148
210.56848,123.82001,455153
210.95705,123.82001,455159
211.73695,123.82,455164
212.51682,123.82001,455169
213.42654,123.82,455173
214.3359,123.82,455177
214.8538,123.8201,455183
215.37375,123.82001,455188
216.15361,123.82,455193
217.06339,123.82,455197
217.9729,123.82001,455202
218.62125,123.8201,455207
219.14108,123.82,455214
220.05031,123.82001,455219
220.30945,123.82001,455224
220.64832,123.80271,455229
221.24205,123.53827,455234
222.07329,123.16804,455239
222.54828,122.956474,455244
222.54828,122.956474,455251
222.54828,122.956474,455261
221.89832,122.956474,455267
221.22586,123.273094,455272
221.01962,123.4314,455276
220.8237,123.6023,455281
220.46744,123.82575,455287
219.68793,123.82001,455292
219.16928,123.82001,455298
218.51935,123.82,455303
217.6095,123.82,455307
216.82971,123.82,455312
216.0501,123.82,455316
215.27205,123.8201,455321
214.7521,123.82,455326
213.97223,123.82,455331
213.1924,123.82001,455335
212.28322,123.8201,455389
212.40161,123.87378,455396
211.75362,123.823204,455401
211.4946,123.82001,455407
210.98573,123.9269,455412
210.22728,123.97998,455416
209.49942,123.97998,455421
209.0649,124.134544,455426
208.50995,125.014046,455480
208.50995,125.014046,455486
208.50995,125.014046,455492
207.85999,125.014046,455497
208.03731,125.29534,455502
207.81406,125.764946,455506
207.47916,126.46935,455511
206.9663,126.555046,455515
206.197,126.68358,455520
205.81235,126.74785,455525
205.34338,126.82001,455530
204.69493,126.82001,455534
204.69493,126.82001,455539
204.69493,126.82001,455544
204.04497,126.82001,455549
204.01903,126.70683,455554
204.1372,126.20046,455559
204.17998,125.94727,455565
204.17998,125.94727,455571
203.80481,125.84082,455575
203.28577,125.82001,455580
202.64047,125.82001,455585
202.43329,125.82001,455590
202.2206,125.67698,455596
202.18,124.80012,455601
202.18,124.67322,455658
202.18,124.67322,455664
202.18,124.67322,455670
202.18,124.02325,455676
202.64919,123.987366,455681
203.00108,124.15544,455686
203.00108,124.15544,455695
203.00108,124.15544,455701
203.00108,123.63547,455706
203.37715,123.01639,455711
203.4103,122.49747,455716
203.46829,121.58936,455721
203.50143,121.07045,455727
203.62666,120.842606,455732
203.82883,120.55743,455737
203.95325,120.05641,455742
204.02,119.29929,455746
204.02,118.55952,455751
203.97394,117.78307,455756
203.88724,116.74675,455761
203.82335,115.969406,455766
203.82,115.45291,455771
203.82,115.45291,455776
203.82,115.45291,455781
203.82,114.93294,455787
203.82,114.02316,455792
203.82,113.11372,455797
203.82,112.334595,455801
203.82,111.55957,455806
203.81999,111.03972,455811
203.82,110.13018,455816
203.82,109.35207,455864
203.82,109.35207,455869
203.82,108.70538,455874
203.7797,108.323296,455879
203.35822,108.1315,455883
202.34491,107.89803,455888
201.33339,107.656525,455893
200.95401,107.56619,455899
200.95401,107.56619,455904
200.95401,107.56619,455909
200.95401,106.91622,455914
200.85324,106.01413,455919
200.82,105.6293,455925
200.82,105.42016,455930
200.37866,105.17866,455935
199.86343,105.17999,455940
199.86343,105.17999,455946
199.86343,105.17999,455954
200.3834,105.17999,455959
200.6434,105.17999,455964
200.94188,105.59051,455968
201.47714,106.482124,455973
201.98027,107.075424,455978
202.41647,107.557274,455983
202.85866,107.83085,455988
203.30084,108.10442,455993
203.61212,108.18501,455997
203.82062,108.40858,456001
203.82,109.57511,456006
203.82,110.48392,456011
203.82,111.12979,456016
203.81999,111.6497,456020
203.82,112.55942,456025
203.82,113.339005,456030
203.82,114.11828,456035
203.82,114.89499,456041
203.82,114.89499,456047
204.0652,114.29305,456052
204.4085,113.45033,456057
204.75177,112.60761,456061
205.04602,111.885284,456066
205.1441,111.64451,456071
205.16745,110.99496,456076
205.18,109.955925,456080
205.18,109.17804,456085
205.18,108.664375,456089
205.19833,108.358055,456094
205.19833,108.358055,456103
205.18,108.99581,456107
205.18,109.90478,456112
205.18,110.68241,456117
205.18,111.06783,456122
205.0853,111.71087,456126
204.97168,112.482506,456130
204.83911,113.38276,456135
204.80122,113.63997,456140
204.70897,114.283356,456147
204.57979,115.1841,456152
204.52443,115.57012,456157
204.48386,116.21883,456163
204.43517,116.99726,456168
204.32526,117.23185,456174
204.17401,117.59687,456179
204.18,118.37554,456183
204.18,118.76602,456188
204.18,119.28312,456194
204.1823,119.60377,456199
204.63188,120.050255,456205
205.02316,120.39271,456211
205.21254,120.67339,456217
205.48453,120.952866,456223
206.20982,121.69814,456229
206.7538,122.2571,456234
207.2071,122.7229,456241
207.68993,123.15804,456247
208.17273,123.59319,456252
208.47426,123.832504,456258
209.3835,123.82,456263
210.29303,123.82,456268
210.94138,123.82001,456272
211.59131,123.82,456277
212.3712,123.82,456281
213.28096,123.82,456286
214.19044,123.82001,456291
214.83835,123.82001,456297
215.48827,123.82,456302
216.3981,123.82,456307
217.30783,123.82,456311
218.08733,123.82,456316
218.6059,123.82001,456321
219.12575,123.82,456327
220.03499,123.82001,456331
220.42319,123.82001,456336
220.6436,123.80509,456342
221.2373,123.54058,456349
222.0685,123.17026,456355
222.54347,122.95864,456359
222.54347,122.95864,456366
222.54347,122.95864,456378
221.8935,122.95864,456383
221.11925,123.308945,456387
220.8348,123.5757,456393
220.66475,123.78772,456399
219.77567,123.82001,456403
219.1274,123.82001,456409
218.47746,123.82001,456415
217.56763,123.82,456420
216.52797,123.82,456425
215.61879,123.82,456430
215.23064,123.8201,456434
214.5807,123.82,456440
213.67087,123.82001,456445
212.63129,123.82,456451
211.72221,123.82001,456455
211.46327,123.82001,456460
210.81339,123.82,456466
209.77444,123.82001,456471
208.7359,123.82001,456476
208.01047,123.49261,456482
207.53731,123.04699,456487
207.01779,123.02539,456493
206.2385,122.993,456498
205.32933,122.95521,456502
204.42017,122.91742,456506
203.77075,122.89042,456510
203.15176,123.0887,456515
202.40898,123.32664,456520
201.78192,123.49765,456525
201.5311,123.56606,456532
201.01163,123.58892,456538
200.7739,123.69416,456546
200.36636,123.823204,456550
199.97754,123.82001,456554
199.45758,123.82,456559
198.6777,123.82001,456564
197.76791,123.82,456568
196.98866,123.8201,456609
197.06303,124.06922,456615
197.57986,124.0121,456621
198.3551,123.92642,456627
199.13034,123.840744,456632
199.38876,123.820015,456638
199.90828,123.82001,456643
200.29707,123.82001,456649
200.62549,123.81114,456655
200.82002,123.38629,456660
200.82,123.12882,456664
200.82,123.12882,456669
200.82,123.12882,456675
201.46997,123.12882,456681
201.46602,123.4159,456686
201.63048,124.04472,456692
201.69624,124.29625,456697
201.95758,124.891365,456702
202.16666,125.367455,456707
202.21127,125.66523,456712
202.69753,125.82001,456717
203.2147,125.82001,456721
203.2147,125.82001,456728
203.2147,125.82001,456733
203.2147,126.33998,456740
203.72897,126.67678,456744
204.11469,126.73439,456750
204.57277,126.82549,456755
205.35106,126.82001,456760
205.35106,126.82001,456767
205.35106,126.82001,456773
205.87103,126.82001,456778
206.02277,126.748055,456783
205.8798,126.114,456789
205.85121,125.98719,456796
205.85121,125.98719,456803
206.34763,125.832436,456809
206.56018,125.82005,456815
206.77534,125.68315,456820
206.82002,124.80566,456825
206.82002,124.67738,456880
206.82002,124.67738,456937
206.82002,124.67738,456942
206.82002,124.67738,456947
206.82002,124.15741,456953
206.2076,124.11511,456957
206.0851,124.158646,456963
206.0851,124.158646,456968
206.33948,124.179985,456974
206.6451,124.1999,456979
206.93217,124.46293,456984
207.45215,124.460945,456989
207.97615,124.076385,456994
208.18575,123.92257,456999
208.83499,123.89186,457004
209.74362,123.84887,457008
210.52267,123.8201,457056
210.52267,123.8201,457057
210.91148,123.8201,457063
211.44453,124.17995,457067
211.81999,124.68751,457073
211.82,124.94724,457079
211.82,124.94724,457085
211.82,124.94724,457091
212.46997,124.94724,457096
213.24611,125.01026,457102
214.14975,125.11718,457106
214.79543,125.179985,457111
215.44536,125.18,457117
216.3552,125.17999,457123
217.26492,125.18,457128
218.17429,125.18,457133
218.6922,125.17999,457139
219.21202,125.18,457144
219.99138,125.18,457150
220.42964,125.17999,457155
220.9606,125.4336,457160
221.5879,125.89702,457164
222.21881,126.35559,457168
222.53424,126.58493,457173
222.53424,126.58493,457179
222.53424,126.58493,457186
222.01425,126.58493,457190
221.33887,126.085045,457195
220.84036,125.485176,457199
220.40892,125.17277,457203
219.49965,125.18,457209
219.11116,125.17999,457215
218.4871,124.99829,457221
217.86305,124.81659,457226
217.25165,124.596054,457231
216.51796,124.331406,457236
215.909,124.10421,457241
215.30003,123.877014,457246
214.65024,123.86163,457251
213.74054,123.84011,457256
212.9608,123.82166,457261
211.92143,123.82,457267
211.40337,123.82001,457272
210.62352,123.82,457279
211.01169,123.82001,457284
211.01169,123.82001,457289
210.76643,123.90627,457295
210.76643,123.90627,457300
211.01605,123.83357,457306
211.01605,123.83357,457311
211.01605,123.83357,457372
211.01605,123.83357,457378
211.53603,123.83357,457382
211.79858,124.22355,457388
211.82066,124.73077,457392
211.82,124.99044,457397
211.82,124.99044,457402
211.82,124.73069,457408
211.82005,124.4981,457413
211.7309,124.265526,457418
211.42372,124.17729,457423
211.0493,124.03984,457428
210.34886,123.97998,457433
209.56367,123.97998,457438
209.06407,124.13664,457444
208.50883,125.01596,457503
208.50883,125.01596,457508
208.50883,125.01596,457514
207.98886,125.01596,457519
207.56386,125.77827,457525
207.42635,126.41352,457530
206.78935,126.542755,457536
206.02496,126.69783,457541
205.44818,126.82135,457546
204.67,126.8201,457551
204.67,126.8201,457556
204.67,126.8201,457561
203.89003,126.8201,457566
203.99687,126.68773,457571
204.16164,126.05899,457576
204.16164,126.05899,457581
204.16164,126.05899,457588
203.64166,126.05899,457593
202.76218,125.8623,457599
202.43193,125.82005,457606
202.17397,125.570885,457612
202.17998,124.79584,457616
202.17998,124.669014,457671
202.17998,124.669014,457677
202.17998,124.669014,457683
202.17998,124.01904,457690
202.64844,123.9847,457694
202.99979,124.15393,457700
202.99979,124.15393,457707
202.99979,124.15393,457713
202.99979,123.50397,457720
203.31932,123.0204,457724
203.3657,122.5025,457729
203.43529,121.725655,457734
203.49327,121.07828,457739
203.6199,120.85121,457745
203.82,120.448524,457750
203.99347,119.99929,457755
204.02002,119.22265,457759
204.02,118.62943,457764
203.97127,117.723465,457769
203.89368,116.81684,457774
203.82,115.90997,457779
203.82002,115.394485,457784
203.82002,115.394485,457791
203.82002,115.394485,457797
203.82002,114.614525,457804
203.82,113.83474,457808
203.81999,112.92532,457812
203.82,111.88746,457817
203.82,111.62976,457822
203.82,111.10989,457827
203.81999,110.07046,457833
203.82,109.422134,457886
203.82,109.422134,457890
203.82,108.774734,457895
203.80101,108.36045,457899
203.42203,108.149155,457904
202.40865,107.9162,457908
201.14478,107.61212,457913
201.01836,107.581856,457918
201.01836,107.581856,457923
200.94124,106.93648,457927
200.83325,106.03295,457932
200.82,105.6467,457938
200.82,105.433945,457943
200.54784,105.169815,457948
199.9022,105.17999,457953
199.9022,105.17999,457959
199.9022,105.17999,457969
200.55219,105.17999,457975
200.94215,105.17999,457980
201.20883,105.772736,457984
201.58218,106.60258,457988
202.0114,107.09067,457993
202.44061,107.57876,457998
203.10568,107.98619,458002
203.63763,108.19525,458006
203.82388,108.61074,458011
203.82,109.649666,458016
203.82,110.55843,458021
203.82,111.07539,458026
203.82,111.725266,458030
203.82,112.89478,458034
203.82,114.06352,458040
203.82,114.96878,458045
204.01271,114.48583,458048
204.30177,113.76141,458053
204.639,112.91626,458058
205.02443,111.95036,458063
205.16895,111.58816,458067
205.18,110.93846,458072
205.18001,110.15913,458076
205.18,109.38061,458081
205.18,108.60982,458087
205.18,108.41095,458091
205.18,108.41095,458100
205.18,109.059685,458106
205.18001,110.09833,458111
205.18,110.87471,458115
205.05804,111.900185,458121
204.90382,112.92862,458125
204.79184,113.7005,458130
204.69978,114.34391,458135
204.57089,115.24469,458139
204.51566,115.630745,458144
204.47708,116.279564,458150
204.4385,116.92838,458155
204.34117,117.16946,458160
204.17569,117.647316,458164
204.18,118.554665,458169
204.18,119.32989,458173
204.19919,119.645775,458177
204.5719,120.00069,458183
205.06203,120.427574,458188
205.19154,120.612495,458193
205.52231,120.99811,458197
206.24968,121.74134,458201
206.88492,122.392876,458206
207.1572,122.67206,458212
207.63885,123.108475,458216
208.20944,123.63517,458221
208.6211,123.82508,458227
209.4005,123.82,458231
210.4399,123.82001,458236
210.95827,123.8201,458240
211.60818,123.82,458244
212.77794,123.82001,458248
213.42775,123.82,458252
214.4669,123.82,458257
214.85501,123.8201,458262
215.50493,123.82,458266
216.41476,123.82001,458271
217.45433,123.82,458275
218.49294,123.82001,458279
219.14207,123.82,458284
220.05128,123.82,458290
220.31041,123.8201,458295
220.6492,123.802246,458301
221.24294,123.53781,458306
222.19293,123.11472,458311
222.54918,122.95607,458316
222.54918,122.95607,458323
222.54918,122.95607,458334
221.89922,122.95607,458340
221.2267,123.27259,458344
221.02043,123.430855,458349
220.82446,123.601715,458356
220.59819,123.81874,458361
219.56024,123.82,458367
219.17142,123.82001,458371
218.65147,123.82,458377
217.74162,123.82,458382
216.83186,123.82001,458386
215.92235,123.82001,458391
215.27419,123.820015,458396
214.62427,123.82,458402
213.84439,123.82,458407
212.8047,123.82,458413
212.02524,123.82001,458418
211.5065,123.82001,458424
210.8566,123.82,458430
209.94727,123.82001,458436
209.03796,123.82,458441
208.64925,123.82001,458446
208.23749,123.70302,458451
207.57379,123.08051,458455
206.9246,123.0484,458461
206.01576,123.00345,458467
205.10692,122.958496,458472
204.19809,122.913536,458477
203.80858,122.89427,458484
203.18785,123.08702,458491
202.44298,123.31833,458497
201.94122,123.454765,458503
201.43947,123.591194,458509
201.04951,123.596245,458515
200.8074,123.690994,458521
200.26984,123.82001,458526
199.88158,123.82001,458532
199.23166,123.82,458538
198.45178,123.82,458543
197.54202,123.82,458549
196.5028,123.82001,458553
196.11406,123.82001,458560
196.11406,123.82001,458612
196.11406,123.82001,458618
196.76402,123.82001,458623
197.5439,123.82001,458628
198.45355,123.82,458633
199.10287,123.82,458637
199.49101,123.82001,458641
200.14009,123.82,458646
200.59927,123.820015,458651
200.82306,123.44548,458656
200.82,123.18751,458661
200.82,123.18751,458667
200.82,123.18751,458672
201.46997,123.18751,458677
201.7444,123.83731,458683
201.75305,124.227196,458689
201.93552,124.7141,458695
202.16359,125.32274,458700
202.1926,125.62934,458705
202.48296,125.83265,458710
203.25897,125.8201,458715
203.25897,125.8201,458721
203.25897,125.8201,458728
203.25897,126.47007,458734
203.77443,126.66172,458739
204.15729,126.662834,458745
204.15729,126.662834,458752
204.65454,126.82307,458757
205.43216,126.82001,458762
205.43216,126.82001,458767
205.43216,126.82001,458773
205.95213,126.82001,458778
205.98277,126.69757,458783
206.35387,126.16396,458788
206.66609,125.781006,458793
206.82,125.295685,458798
206.82,124.65019,458803
206.82,124.65019,458850
206.82,124.65019,458855
206.82,124.65019,458860
206.82,124.00023,458866
206.3567,123.97631,458870
206.00925,124.153366,458876
206.00925,124.153366,458881
206.00925,124.153366,458887
206.52922,124.153366,458892
206.95686,124.24487,458896
207.06683,124.48046,458902
207.45662,124.467865,458906
207.97784,124.079575,458912
208.18634,123.92426,458917
208.70572,123.8994,458922
209.7442,123.84967,458927
210.39342,123.82001,458973
210.39342,123.82001,458978
210.91206,123.82001,458983
211.3384,124.11768,458988
211.65242,124.2015,458994
211.82152,124.55837,458999
211.82,124.94803,459003
211.82,124.94803,459008
211.82,124.94803,459014
212.33998,124.94803,459019
213.24562,125.02284,459024
214.0208,125.10904,459029
214.79617,125.17999,459035
215.31613,125.17999,459039
216.35594,125.18,459044
217.26566,125.17999,459050
218.04518,125.18,459055
218.69292,125.17999,459060
219.3427,125.18,459065
220.12184,125.18,459070
220.38066,125.1799,459077
220.91225,125.401855,459083
221.53952,125.86525,459088
222.17133,126.3226,459093
222.48717,126.55136,459098
222.48717,126.55136,459103
222.48717,126.55136,459109
221.83719,126.55136,459115
221.27367,126.12917,459120
220.81863,125.38966,459125
220.57382,125.17448,459129
219.53453,125.18,459134
219.14583,125.179985,459139
218.64572,125.037636,459144
217.89555,124.82412,459148
217.406,124.64884,459153
216.67169,124.385925,459157
216.06204,124.16063,459162
215.33112,123.88842,459166
214.81133,123.87478,459171
213.90169,123.85091,459176
212.99203,123.827034,459181
212.2124,123.82001,459186
211.43434,123.82001,459191
210.91441,123.82001,459195
209.8754,123.82001,459200
208.70709,123.82,459206
208.57805,123.8201,459212
208.57805,123.8201,459219
209.2279,123.82001,459224
210.13742,123.82001,459230
210.91582,123.82001,459235
210.91582,123.82001,459241
210.91582,123.82001,459248
210.91582,123.82001,459309
210.91582,123.82001,459315
211.43579,123.82001,459321
211.76044,124.20459,459326
211.82,124.81562,459332
211.82,124.94546,459338
211.82,124.94546,459344
211.82,124.68575,459349
211.82005,124.45907,459354
211.66872,124.21506,459358
211.0611,124.05043,459363
210.37666,123.97998,459367
209.58124,123.97998,459372
209.07301,124.1177,459377
208.5195,124.99811,459440
208.5195,124.99811,459445
208.5195,124.99811,459452
207.86954,124.99811,459457
208.0394,125.29068,459462
207.70456,125.99511,459466
207.48134,126.46473,459472
206.8405,126.57327,459477
206.07149,126.70352,459482
205.34708,126.82001,459486
204.69862,126.82001,459492
204.69862,126.82001,459498
204.69862,126.82001,459504
204.04865,126.82001,459509
204.02237,126.706085,459514
204.16806,126.07266,459519
204.17998,125.94598,459525
204.17998,125.94598,459530
203.80461,125.8402,459536
203.02635,125.82001,459541
202.64027,125.82001,459547
202.43314,125.82001,459552
202.22035,125.67664,459557
202.18,124.799614,459562
202.18,124.67272,459619
202.18,124.67272,459624
202.18,124.67272,459629
202.18,124.15275,459633
202.64911,123.98705,459638
203.00093,124.155266,459642
203.00093,124.155266,459647
203.00093,124.155266,459653
203.00093,123.5053,459660
203.23773,123.007965,459664
203.30309,122.49212,459669
203.43379,121.46041,459673
203.4828,121.073524,459679
203.61414,120.84915,459684
203.82144,120.58926,459689
203.9891,120.006905,459694
204.02003,119.32776,459698
204.02,118.63588,459703
203.97136,117.730034,459708
203.89392,116.82339,459713
203.82988,116.04607,459717
203.82,115.40088,459722
203.82,115.40088,459727
203.82,115.40088,459733
203.82,114.62092,459738
203.82,113.711174,459743
203.82,112.93163,459748
203.82,112.15269,459753
203.82,111.63584,459757
203.82,110.98602,459761
203.82,109.94664,459765
203.82,109.298485,459814
203.82,109.298485,459818
203.82,108.7808,459823
203.80322,108.36526,459828
203.17703,108.09713,459833
202.16402,107.86287,459838
201.2801,107.6467,459843
201.02751,107.58517,459848
201.02751,107.58517,459853
201.02751,107.58517,459858
201.02751,106.935196,459864
200.89203,106.03952,459868
200.82002,105.658104,459873
200.82002,105.44317,459877
200.67778,105.22079,459882
199.929,105.17999,459887
199.929,105.17999,459892
199.929,105.17999,459900
200.57896,105.17999,459904
200.88359,105.27804,459908
201.12221,105.74003,459912
201.53978,106.548515,459916
202.05342,107.13545,459921
202.39586,107.52675,459926
202.94469,107.87497,459932
203.27397,108.0839,459936
203.5853,108.17994,459941
203.78806,108.33696,459945
203.81999,109.35208,459950
203.82,110.39065,459955
203.82,111.165535,459962
203.82,111.165535,459967
203.81999,111.68544,459972
203.81999,112.59515,459976
203.82,113.37473,459980
203.82,114.283745,459984
203.82,114.93023,459989
203.81999,115.45014,459993
203.82,116.35985,459998
203.82,117.39924,460003
203.86343,118.07082,460008
204.02003,118.67334,460013
204.02,119.51101,460017
203.85226,120.37383,460023
203.79105,120.66051,460028
203.2529,120.93482,460033
202.5156,121.18917,460037
201.90173,121.40282,460042
201.35983,121.761696,460047
201.25145,121.83347,460053
201.25145,121.83347,460100
201.25145,121.83347,460104
201.25145,121.83347,460156
201.45201,121.66804,460161
202.04924,121.411575,460165
202.88536,121.05252,460170
203.2437,120.898636,460175
203.57246,120.820045,460180
203.57246,120.820045,460231
203.57246,120.820045,460236
203.57246,120.820045,460242
204.22243,120.820045,460247
203.98502,120.66853,460252
203.93478,120.070816,460257
204.02003,119.442795,460261
204.02003,119.15796,460267
204.02003,119.15796,460272
204.10164,118.51313,460277
204.18,117.73946,460281
204.18,117.406555,460286
204.53207,117.17138,460291
205.04779,117.17999,460295
205.04779,117.17999,460301
205.04779,117.17999,460306
205.04779,117.17999,460312
204.66101,117.17999,460316
204.34676,117.20316,460321
204.17976,117.6654,460325
204.18,118.57255,460330
204.18,119.34573,460335
204.18,119.55996,460340
204.68893,120.099266,460345
205.0799,120.44208,460350
205.19313,120.62916,460355
205.53868,121.01127,460360
206.08368,121.56923,460365
206.71846,122.2212,460369
207.17192,122.68685,460374
207.2022,123.33611,460380
207.24458,124.24508,460385
207.28697,125.15405,460390
207.3233,125.93317,460394
207.34753,126.452576,460400
207.34753,126.452576,460405
207.34753,126.452576,460412
206.82756,126.452576,460417
205.95325,126.66484,460421
205.40302,126.82466,460426
204.62523,126.82001,460431
204.62523,126.82001,460437
204.41122,126.82001,460441
204.16943,126.47875,460446
204.18,125.96324,460451
204.18,125.96324,460457
204.18,125.96324,460463
204.18,126.613205,460470
204.18,126.87319,460475
204.18,126.87319,460481
204.8286,126.831215,460486
205.34703,126.82001,460491
205.99602,126.79777,460496
206.7747,126.75336,460501
207.16406,126.73116,460507
207.56325,126.218216,460512
208.04227,125.602684,460517
208.19254,125.40362,460522
208.61945,124.95098,460527
209.02992,124.44539,460531
209.02992,124.32495,460536
209.02992,124.30555,460541
209.03127,124.26893,460547
209.14264,124.04654,460553
209.97078,123.97998,460558
211.01184,124.00844,460614
211.01184,124.00844,460618
211.01184,124.00844,460624
211.53181,124.00844,460629
211.79427,124.138405,460634
211.8266,124.77147,460639
211.82,125.03097,460644
211.82,125.03097,460650
212.46886,125.06906,460655
213.24748,125.11477,460660
214.15587,125.16809,460665
214.80392,125.17999,460670
215.32387,125.18,460675
216.23372,125.18,460680
217.1435,125.17999,460685
217.92307,125.17999,460690
218.5717,125.17999,460695
219.09155,125.18,460699
220.00085,125.18,460703
220.38933,125.17999,460708
220.91747,125.41066,460714
221.54582,125.87261,460719
222.28372,126.40507,460724
222.49452,126.557236,460730
222.49452,126.557236,460735
222.49452,126.557236,460742
221.97455,126.557236,460746
221.22054,125.95368,460752
220.81631,125.449814,460758
220.81631,125.449814,460763
220.81631,125.449814,460770
220.81631,124.79985,460777
220.32571,124.71218,460782
219.58983,124.970665,460786
219.09924,125.14298,460792
218.59709,125.008,460797
217.84387,124.80554,460801
217.23193,124.58647,460806
216.4976,124.323586,460812
215.88861,124.09647,460817
215.27962,123.86936,460822
214.6298,123.855125,460827
213.72006,123.8352,460833
212.81033,123.82,460838
211.90097,123.82,460844
211.51205,123.82001,460849
210.86215,123.82001,460855
209.95242,123.82001,460860
209.04315,123.82,460865
208.6544,123.82001,460870
208.1478,123.61744,460875
207.57838,123.08442,460881
207.57838,123.08442,460927
207.57838,123.08442,460933
207.05841,123.08442,460937
206.02017,123.03272,460943
205.11197,122.97638,460949
204.20367,122.921425,460955
203.8144,122.897835,460960
203.25488,122.5671,460965
202.80725,122.30251,460971
202.3872,121.996025,460975
201.86217,121.61291,460980
201.26921,121.87913,460985
201.26921,121.87913,461036
201.26921,121.87913,461040
201.26921,121.87913,461100
201.45567,121.69795,461104
202.04958,121.43386,461109
202.88103,121.064125,461115
203.23737,120.90567,461120
203.56638,120.82005,461125
203.56638,120.82005,461180
203.56638,120.82005,461185
203.56638,120.82005,461191
204.08635,120.82005,461196
204.14299,120.20271,461201
204.02002,119.35936,461206
204.02002,119.17491,461211
204.02002,119.17491,461217
204.08469,118.65897,461222
204.18,117.75614,461228
204.18,117.419266,461233
204.4984,117.167404,461238
205.01463,117.17999,461243
205.01463,117.17999,461249
205.01463,117.17999,461254
205.01463,117.17999,461260
204.6284,117.17999,461266
204.41945,117.17999,461272
204.16862,117.46184,461277
204.18,118.370384,461282
204.18,118.75751,461287
204.18,119.2747,461292
204.18004,119.59571,461297
204.62524,120.043045,461301
205.1138,120.47172,461307
205.20708,120.66376,461312
205.65996,121.12997,461317
206.294,121.78266,461322
206.83748,122.34211,461326
207.19978,122.71507,461332
207.22057,123.234634,461336
207.26733,124.40364,461387
207.26733,124.40364,461392
207.39624,124.420425,461397
207.30873,124.51656,461403
207.05124,124.48064,461409
206.8848,125.108925,461413
206.82002,125.571594,461419
206.52214,125.832535,461425
206.00659,125.82001,461430
206.00659,125.82001,461436
206.00659,125.82001,461442
206.00659,126.33998,461448
205.90338,126.548996,461454
205.80261,126.63113,461459
205.50313,126.83212,461465
204.72472,126.82001,461470
204.72472,126.82001,461476
204.72472,126.82001,461481
204.20474,126.82001,461486
204.04898,126.74234,461491
204.14822,126.23192,461496
204.17998,125.976715,461501
204.17998,125.976715,461507
204.18,126.36343,461512
204.18,126.47947,461518
204.18,126.58105,461523
204.49066,126.83232,461528
205.26929,126.82001,461533
206.04747,126.791466,461538
206.82626,126.74899,461543
207.08588,126.734886,461548
207.50235,126.235886,461553
208.00212,125.63708,461558
208.17668,125.44441,461564
208.48679,125.07275,461568
209.02992,124.47331,461573
209.02992,124.34053,461577
209.02992,124.31061,461583
209.02995,124.29429,461588
209.03659,124.23287,461593
209.22758,123.99188,461598
210.10716,123.97998,461603
211.0411,124.02639,461656
211.0411,124.02639,461661
211.0411,124.02639,461667
211.56108,124.02639,461671
211.81445,124.15622,461677
211.82,124.9282,461682
211.82,124.9282,461687
211.82,124.9282,461692
212.33998,124.9282,461697
213.24498,125.00839,461701
214.14856,125.115875,461707
214.79413,125.179985,461711
215.44406,125.18,461717
216.35391,125.18,461721
217.13368,125.18,461726
218.04317,125.18,461730
218.69093,125.17999,461735
219.21077,125.18,461739
220.11986,125.17999,461744
220.37868,125.17999,461750
221.01375,125.47938,461757
220.99347,125.509865,461762
220.78809,125.35046,461768
220.33104,125.18,461773
219.55164,125.18,461777
219.16284,125.1799,461782
218.66232,125.03902,461787
217.7864,124.79246,461792
217.29765,124.615,461796
216.56453,124.34879,461801
216.07735,124.16703,461806
215.34659,123.89439,461811
214.70483,123.84626,461816
213.79503,123.8313,461821
213.01523,123.82,461826
212.23558,123.82,461830
211.45734,123.82001,461834
210.80745,123.82,461839
209.89847,123.82,461844
208.98924,123.82,461849
208.60083,123.8201,461853
208.09996,123.576294,461858
207.53194,123.04179,461864
207.14227,123.02608,461868
207.13391,122.92852,461873
206.484,122.9198,461878
205.44415,122.90583,461884
204.53427,122.893616,461890
203.75438,122.88315,461894
203.13684,123.08588,461899
202.3958,123.32915,461904
201.89426,123.46641,461909
201.51811,123.56935,461914
200.99857,123.590355,461918
200.76175,123.69765,461923
200.22137,123.82001,461928
199.96236,123.82001,461933
199.31242,123.82,461938
198.53255,123.82001,461943
197.49284,123.82001,461948
196.58348,123.82001,461954
196.06523,123.8201,461959
195.28534,123.82,461964
194.37549,123.82,461969
193.46577,123.82,461974
192.55661,123.82001,461979
192.29753,123.82001,461984
191.78925,123.92969,461989
191.28098,124.03937,461994
190.79211,123.9789,461999
190.79211,123.9789,462005
190.79211,123.9789,462010
190.79211,123.9789,462015
190.79211,123.9789,462065
190.79211,123.9789,462071
191.44208,123.9789,462077
191.73447,124.236855,462081
191.89067,124.720436,462086
191.94624,124.97441,462091
191.94624,124.97441,462097
191.94624,124.97441,462102
191.94624,124.97441,462109
191.86069,124.728905,462114
191.82005,124.415794,462118
191.55139,124.17019,462124
191.0491,124.03979,462128
190.22629,123.97998,462133
189.57278,123.97998,462138
189.32054,123.97998,462142
189.05154,124.16886,462147
189.07182,124.139946,462152
188.62686,123.88305,462156
188.41531,123.82006,462161
188.16972,123.42888,462166
188.16512,123.16893,462171
188.16512,123.16893,462177
188.16512,123.16893,462183
187.38516,123.16893,462189
187.06738,123.81632,462194
186.96658,124.72059,462199
186.90445,125.23684,462203
186.62498,125.82366,462208
186.28963,126.52785,462213
186.06607,126.9973,462218
185.75513,127.56807,462224
185.5064,128.02469,462228
185.5064,128.02469,462275
185.5064,128.02469,462280
185.5064,128.02469,462287
184.85643,128.02469,462292
185.04195,128.29283,462297
184.99086,128.94078,462302
184.93979,129.58875,462308
184.86667,130.10355,462312
184.7387,131.00446,462316
184.64728,131.64796,462320
184.57051,132.29338,462326
184.46306,133.19698,462331
184.35559,134.10056,462336
184.34845,134.75049,462341
184.33846,135.66039,462347
184.32703,136.70027,462352
184.32274,137.09023,462358
184.16783,137.47197,462363
184.18,137.98567,462369
184.1799,138.50319,462374
184.18,138.89453,462379
184.18,139.39818,462383
184.18,139.39818,462389
184.18,139.39818,462394
184.18,140.17815,462401
184.05748,140.48158,462406
183.83537,140.61674,462410
183.46524,140.82768,462415
182.42638,140.82,462420
181.51772,140.82,462425
181.00168,140.82002,462429
181.00168,140.82002,462435
181.00168,140.82002,462443
181.52165,140.82002,462448
182.4311,140.82,462453
183.33704,140.82,462458
183.65875,140.79489,462463
183.82,140.3246,462469
184.03325,139.86877,462473
184.02,138.97821,462478
184.02,138.4103,462483
184.05879,137.89177,462488
184.12666,136.98436,462493
184.18484,136.20657,462498
184.25273,135.29915,462502
184.30121,134.65099,462508
184.37445,134.00516,462513
184.46234,133.23016,462517
184.56488,132.326,462521
184.67273,131.55359,462526
184.78421,130.78165,462531
184.87697,130.13832,462536
185.0028,129.50066,462542
185.17896,128.60791,462547
185.18163,128.3922,462552
185.78465,127.98522,462557
186.47508,127.62254,462561
187.27711,127.19269,462565
187.96472,126.82454,462570
188.07936,126.18476,462574
188.17108,125.67294,462580
188.20338,125.34236,462584
188.68597,124.91126,462589
189.02812,124.577415,462595
189.02994,124.31357,462600
189.13875,124.04674,462606
190.1334,123.92223,462611
190.13364,123.9256,462616
190.13364,123.9256,462621
190.7836,123.9256,462625
191.43356,123.9256,462629
191.43356,123.9256,462685
191.4857,124.04468,462691
190.95694,123.98579,462696
189.96803,123.97997,462701
189.5635,123.97997,462706
189.34062,123.97997,462711
189.07184,124.131,462716
189.04872,124.190094,462720
188.61174,123.89757,462725
188.4049,123.82006,462730
188.16771,123.4072,462734
188.1639,123.14724,462740
188.1639,123.14724,462745
188.1639,123.14724,462752
187.51393,123.14724,462758
187.16281,123.79079,462763
187.03572,124.56022,462768
186.92242,125.20024,462773
186.64284,125.787,462778
186.2514,126.60846,462783
186.08365,126.96052,462788
185.77357,127.53175,462793
185.52553,127.98875,462799
185.52553,127.98875,462857
185.52553,127.98875,462861
185.52553,127.98875,462867
184.87555,127.98875,462872
185.04547,128.28125,462876
185.09511,128.92932,462881
185.15466,129.707,462886
185.17998,130.35443,462890
185.18,130.87437,462895
185.18,131.78421,462899
185.18,132.564,462904
185.18,133.34364,462909
185.18,134.12202,462914
185.18,134.12202,462920
185.18,134.12202,462927
185.18,134.902,462932
184.95462,135.77162,462937
184.64844,136.6285,462942
184.51881,136.99629,462947
184.45374,137.10883,462952
184.25407,137.28156,462957
184.18,137.99243,462962
184.18,138.63889,462967
184.18,139.39977,462972
184.209,140.04874,462978
184.25885,140.95732,462982
184.30833,141.86594,462987
184.30833,141.86594,462993
184.30833,141.86594,462999
184.9583,141.86594,463004
184.96283,141.26828,463009
184.66724,140.54655,463013
184.42548,139.94322,463018
184.25256,139.71649,463023
184.18,138.61096,463028
184.18,137.96985,463033
184.18,137.59583,463039
184.19824,137.0764,463043
184.23982,136.1674,463048
184.28104,135.25838,463052
184.3105,134.60909,463057
184.3827,133.96313,463062
184.48376,133.0588,463067
184.58484,132.1545,463072
184.67496,131.51086,463076
184.80705,130.61055,463081
184.88245,130.09607,463086
184.98395,129.58609,463091
185.16154,128.69363,463096
185.19339,128.36165,463101
185.7101,128.02138,463106
186.51498,127.597,463110
187.20316,127.2299,463115
187.89148,126.86308,463119
188.00539,126.35574,463124
188.17627,125.59473,463129
188.1861,125.37916,463135
188.5518,125.02526,463140
189.02971,124.60516,463145
189.02992,124.32096,463150
189.07498,124.1257,463155
189.71492,123.95141,463159
190.62273,123.89126,463163
191.5027,123.8201,463168
192.01065,123.945244,463172
192.89386,124.16425,463177
193.51027,124.368866,463182
194.24562,124.628845,463187
194.8555,124.85355,463191
195.58647,125.125626,463196
196.23627,125.14061,463201
197.01602,125.158585,463207
197.79578,125.17656,463212
198.57545,125.18,463217
199.4831,125.17999,463222
200.00252,125.18,463227
200.39066,125.1799,463234
200.39066,125.1799,463240
199.8727,125.1799,463245
199.35275,125.18,463250
198.57289,125.1799,463254
197.66312,125.18,463259
196.7536,125.18,463265
196.10521,125.1799,463269
195.48009,125.00193,463274
194.85495,124.82396,463279
194.24303,124.60485,463284
193.50873,124.34191,463289
193.02145,124.16043,463294
193.02094,124.16183,463299
192.41214,123.93414,463305
191.77725,123.972664,463309
191.26411,124.05673,463314
190.78502,123.977196,463319
190.78502,123.977196,463325
190.78502,123.977196,463332
190.78502,123.977196,463335
190.78502,123.977196,463397
190.78502,123.977196,463402
191.435,123.977196,463408
191.73116,124.23466,463414
191.9176,124.84284,463420
191.94536,124.96984,463426
191.94536,124.96984,463432
191.8595,124.724434,463439
191.82005,124.412605,463444
191.54057,124.16874,463449
191.04364,124.03534,463454
190.21588,123.97998,463459
189.56665,123.97998,463464
189.2845,123.984825,463469
189.02905,124.23889,463474
189.05879,124.16539,463479
188.6247,123.88423,463485
188.4137,123.82006,463490
188.17154,123.55544,463496
188.16487,123.16552,463502
188.16487,123.16552,463508
188.16487,123.16552,463514
187.6449,123.16552,463519
187.25797,123.80297,463524
187.05745,124.69044,463529
186.93765,125.19643,463535
186.71146,125.66462,463540
186.37216,126.36691,463546
186.08942,126.952156,463551
185.84102,127.408966,463556
185.53052,127.97997,463561
185.53052,127.97997,463629
185.53052,127.97997,463636
185.53052,127.97997,463642
185.01054,127.97997,463647
184.88512,128.61586,463652
185.04558,129.51137,463657
185.17354,130.28076,463661
185.17941,130.8007,463666
185.18001,131.71057,463671
185.18001,132.62033,463677
185.18,133.39993,463682
185.18,134.04875,463687
185.18,134.1779,463693
185.18,134.1779,463699
185.02637,134.80946,463705
184.84201,135.56732,463710
184.5962,136.5778,463716
184.50403,136.95673,463721
184.44775,137.07391,463727
184.19864,137.36041,463732
184.18,137.98857,463736
184.1799,138.50687,463741
184.17996,139.27573,463745
184.20226,139.91771,463750
184.25217,140.8263,463754
184.30132,141.73492,463759
184.30835,141.86472,463764
184.30835,141.86472,463770
184.31111,141.34476,463776
184.31528,140.5648,463780
184.31874,139.91486,463786
184.16818,139.53117,463790
184.17998,138.75531,463795
184.18,138.49956,463800
184.18,137.85828,463806
184.18,137.61034,463811
184.20421,136.96106,463816
184.23956,136.1819,463821
184.27472,135.40273,463826
184.3099,134.62357,463831
184.36748,134.10678,463837
184.46822,133.20242,463844
184.56897,132.29807,463850
184.67363,131.52527,463856
184.78667,130.75354,463860
184.88052,130.11038,463865
184.98175,129.60036,463871
185.13359,128.83531,463875
185.1876,128.37517,463881
185.57516,128.08876,463886
186.49625,127.60612,463892
187.18446,127.239105,463897
187.98776,126.81164,463903
188.09328,126.17029,463908
188.17767,125.65721,463913
188.17996,125.43408,463918
188.6001,124.986244,463924
189.0275,124.568184,463929
189.02992,124.33639,463933
189.1024,124.08558,463938
189.79494,123.946266,463943
190.57278,123.8894,463948
191.35046,123.82977,463953
191.73901,123.82001,463958
192.239,123.96277,463963
192.98898,124.17692,463969
193.3561,124.308495,463974
194.21269,124.61551,463979
194.94415,124.88627,463985
194.82294,124.83927,463989
194.33614,124.65651,463993
193.60594,124.38238,463997
192.87567,124.10843,464003
192.9974,124.154045,464008
192.51053,123.97146,464013
192.2671,123.880165,464019
191.75478,123.969055,464023
191.24246,124.05794,464029
190.76428,123.976036,464034
190.76428,123.976036,464041
190.76428,123.976036,464047
190.76428,123.976036,464051
190.76428,123.976036,464115
190.76428,123.976036,464121
191.28426,123.976036,464126
191.65387,124.211784,464131
191.86139,124.6152,464136
191.9485,124.99532,464141
191.9485,124.99532,464146
191.9485,124.99532,464152
191.9485,124.99532,464158
191.82315,124.62604,464163
191.82005,124.42263,464169
191.57494,124.17485,464174
191.08253,124.07181,464179
190.3002,123.97998,464183
189.54475,123.97998,464187
189.30086,123.98204,464193
189.03711,124.20697,464198
189.07857,124.12867,464204
188.63242,123.880516,464209
188.41953,123.82005,464215
188.17358,123.56771,464219
188.16588,123.17781,464224
188.16588,123.17781,464230
188.16588,123.17781,464237
187.6459,123.17781,464242
187.25763,123.814995,464247
187.05573,124.70215,464253
186.93526,125.20797,464258
186.70845,125.67588,464264
186.36826,126.37774,464269
186.08476,126.962616,464275
185.7739,127.533424,464280
185.5252,127.990074,464287
185.5252,127.990074,464354
185.5252,127.990074,464360
185.5252,127.990074,464367
185.00523,127.990074,464372
184.9709,128.63297,464377
185.0743,129.406,464382
185.17998,130.30879,464387
185.18,130.82874,464392
185.18,131.60861,464396
185.18001,132.51839,464402
185.18,133.29805,464407
185.18,134.07664,464412
185.18,134.20566,464419
185.18,134.20566,464426
185.05602,134.71065,464431
184.80809,135.7206,464436
184.65312,136.35182,464440
184.49815,136.98305,464445
184.44011,137.09937,464451
184.18579,137.39003,464456
184.18,138.02501,464462
184.17998,138.54256,464468
184.18,139.4301,464474
184.20934,140.07906,464479
184.25262,140.85782,464484
184.3027,141.76639,464490
184.3027,141.76639,464497
184.3027,141.76639,464505
184.82268,141.76639,464510
184.90024,141.27946,464516
184.58852,140.42459,464521
184.41212,139.93546,464527
184.18193,139.59962,464532
184.18,138.82593,464538
184.18,138.44276,464543
184.18,137.80283,464548
184.1997,137.03896,464553
184.23566,136.25983,464558
184.27686,135.3508,464563
184.30632,134.70149,464569
184.36298,134.18462,464574
184.46213,133.28009,464579
184.5613,132.37555,464584
184.58961,132.11711,464590
184.68294,131.47388,464595
184.81358,130.57335,464600
184.88824,130.05876,464605
185.0157,129.42142,464611
185.16867,128.6566,464615
185.17996,128.43443,464620
185.49847,128.13858,464624
186.1892,127.77651,464629
186.87643,127.40768,464633
187.67853,126.97795,464638
187.9077,126.85517,464643
188.04408,126.21967,464648
188.17998,125.584175,464654
188.19048,125.368126,464659
188.56177,125.015976,464665
189.02925,124.5968,464670
189.02994,124.31832,464676
189.21252,123.996826,464681
189.98172,123.93029,464686
190.88919,123.86306,464691
191.79593,123.82001,464696
192.54372,124.04171,464702
193.04224,124.189514,464709
193.04224,124.189514,464716
192.43729,123.95182,464722
191.41536,123.8612,464728
190.50589,123.83918,464733
189.72624,123.82,464738
188.947,123.82001,464744
188.68796,123.82001,464749
188.35474,123.80331,464755
188.17119,123.43761,464759
188.16597,123.17767,464813
188.16597,123.17767,464819
188.16597,123.17767,464825
188.16597,123.69765,464831
188.16597,124.47761,464898
188.16597,124.47761,464906
188.33134,123.984634,464911
188.85112,123.970215,464916
189.6306,123.948586,464920
190.14725,123.97998,464925
190.78024,123.97999,464929
191.26439,124.11907,464934
191.58282,124.17994,464939
191.83385,124.491875,464944
191.94952,124.99882,464950
191.94952,124.99882,464957
191.94952,124.99882,464964
191.94952,124.99882,464973
191.82426,124.6295,464979
191.82005,124.42538,464985
191.58444,124.17733,464990
190.89122,123.96912,464995
190.20935,123.97997,465000
189.64412,123.97997,465005
189.34038,123.97997,465010
188.95238,124.317764,465015
188.54512,124.982956,465021
188.38527,125.18799,465026
188.20158,125.352905,465032
188.16501,125.99187,465036
188.16142,126.51183,465042
187.60866,126.85376,465047
186.94536,127.26407,465051
186.1715,127.74277,465056
185.61873,128.0847,465061
185.41443,128.18042,465066
185.41443,128.18042,465116
185.41443,128.18042,465120
185.41443,128.18042,465126
184.89445,128.18042,465131
184.74466,128.82097,465136
184.8769,129.58965,465141
184.81793,130.10626,465146
184.72946,130.88118,465151
184.64099,131.65611,465156
184.56546,132.30168,465162
184.47484,133.07635,465167
184.36911,133.98015,465172
184.34909,134.75922,465177
184.33943,135.66911,465182
184.33032,136.44902,465187
184.32278,137.09894,465192
184.18,137.60808,465197
184.18,137.99254,465202
184.18,138.50993,465208
184.17998,139.27708,465213
184.17998,139.39987,465218
184.17998,139.39987,465224
183.99913,140.01897,465229
183.85724,140.38222,465234
183.82005,140.59047,465239
183.53624,140.83174,465244
182.62729,140.81999,465249
181.84802,140.82,465254
181.07147,140.82002,465260
181.07147,140.82002,465266
181.07147,140.82002,465273
181.72145,140.82002,465279
182.50093,140.82,465284
183.40565,140.82,465289
183.6154,140.81483,465295
183.82,140.4416,465301
184.00806,139.97269,465306
184.02,139.09349,465311
184.02,138.40344,465316
184.06857,137.7553,465321
184.13657,136.84789,465327
184.20456,135.94048,465332
184.26283,135.16269,465337
184.3017,134.64417,465344
184.36034,134.12752,465348
184.46297,133.22336,465353
184.55093,132.44838,465358
184.59492,132.06088,465362
184.68906,131.41777,465369
184.78317,130.77466,465375
184.8773,130.13155,465380
185.0035,129.49394,465385
185.18,128.60211,465390
185.1836,128.38612,465395
185.67644,128.03848,465400
186.48181,127.61506,465404
187.28459,127.18663,465409
187.97287,126.81974,465414
188.08434,126.1794,465419
188.1735,125.66712,465425
188.17996,125.44289,465430
188.49055,125.07717,465435
189.02802,124.57517,465440
189.02992,124.31304,465446
189.10242,124.08547,465450
189.92569,123.93906,465456
190.18529,123.924965,465461
190.81297,123.97997,465466
190.81297,123.97997,465471
190.81297,123.97997,465476
190.81297,123.97997,465531
190.81297,123.97997,465537
191.33295,123.97997,465542
191.68167,124.22434,465548
191.87454,124.65703,465553
191.95937,125.037674,465558
191.95937,125.037674,465565
191.95937,125.037674,465572
191.95937,125.037674,465580
191.83597,124.66773,465586
191.82005,124.45645,465592
191.75037,124.290764,465597
191.1143,124.112976,465602
190.40701,123.97998,465607
189.60803,123.97998,465612
189.32979,123.97998,465617
189.09521,124.09831,465621
189.07335,124.13732,465626
188.62808,123.88243,465630
188.41621,123.82005,465636
188.17,123.43077,465641
188.16527,123.17083,465648
188.16527,123.17083,465654
188.16527,123.17083,465660
187.5153,123.17083,465665
187.16206,123.81407,465670
187.05331,124.45483,465674
186.91817,125.22299,465679
186.69324,125.691795,465684
186.2996,126.51221,465689
186.07468,126.98101,465694
185.826,127.43767,465699
185.51517,128.0085,465704
185.51517,128.0085,465764
185.51517,128.0085,465768
185.51517,128.0085,465774
184.73521,128.0085,465779
185.05054,128.31093,465784
185.0063,128.82901,465788
184.93996,129.60614,465792
184.8478,130.24954,465796
184.71878,131.15031,465801
184.66348,131.53635,465805
184.60156,132.05263,465810
184.50867,132.82703,465815
184.41579,133.60144,465818
184.35385,134.11772,465823
184.34839,134.63766,465828
184.33884,135.54756,465833
184.33063,136.32748,465838
184.32243,137.1074,465843
184.18,137.74435,465849
184.18,137.9997,465853
184.18,138.64607,465858
184.18,139.40648,465864
184.18,139.40648,465870
184.18,139.40648,465875
184.18,139.92645,465881
183.99467,140.36877,465887
183.8158,140.55263,465893
183.73633,140.72607,465899
182.9146,140.82,465904
182.13553,140.82,465908
181.22783,140.82,465913
180.97124,140.82,465920
180.97124,140.82,465926
181.49104,140.82,465932
182.40036,140.82,465937
183.17804,140.82,465942
183.6322,140.80829,465947
183.82593,140.39528,465953
184.02037,139.9398,465958
184.02,139.05289,465963
184.02,138.37694,465968
184.0689,137.7288,465972
184.13734,136.82143,465976
184.20578,135.91405,465981
184.28401,134.87706,465986
184.36343,134.10129,465990
184.48102,133.06801,465995
184.56873,132.293,466000
184.69293,131.39166,466005
184.80606,130.61995,466009
184.88121,130.10544,466015
184.98253,129.59543,466020
185.1598,128.70291,466026
185.18953,128.37044,466031
185.58174,128.08559,466036
186.38724,127.66235,466042
187.07582,127.29605,466046
187.8794,126.86909,466051
188.0971,126.16632,466057
188.17943,125.65291,466062
188.17996,125.43028,466067
188.50603,125.06823,466071
189.02725,124.56534,466076
189.02994,124.310745,466081
189.14526,124.04099,466086
190.01585,123.9308,466091
190.92332,123.863754,466097
191.18253,123.84359,466102
191.18253,123.84359,466108
190.8024,123.9307,466112
190.8024,123.9307,466117
190.8024,123.9307,466123
190.8024,123.9307,466127
190.8024,123.9307,466184
190.8024,123.9307,466191
191.45236,123.9307,466196
191.73657,124.18956,466202
191.9108,124.80583,466207
191.93817,124.93291,466213
191.93817,124.93291,466218
191.84978,124.68841,466224
191.81128,124.38067,466228
191.56644,124.172905,466233
191.0564,124.04604,466238
190.2406,123.97997,466242
189.51653,123.97997,466247
189.32272,123.97997,466251
189.05347,124.164696,466256
189.08878,124.11334,466261
188.64145,123.87743,466266
188.42654,123.82006,466271
188.17685,123.58266,466275
188.1675,123.19279,466281
188.1675,123.19279,466286
188.1675,123.19279,466292
187.51752,123.19279,466297
187.16202,123.8357,466302
187.02892,124.60417,466306
186.9149,125.244064,466312
186.63208,125.82928,466317
186.23616,126.648575,466322
186.06647,126.9997,466328
185.81723,127.456055,466333
185.50568,128.02649,466338
185.50568,128.02649,466386
185.50568,128.02649,466391
185.50568,128.02649,466396
184.9857,128.02649,466401
184.87874,128.67606,466406
184.90636,129.45552,466410
184.82655,130.22989,466415
184.7104,131.1324,466420
184.6445,131.6482,466425
184.56837,132.29369,466430
184.4618,133.19737,466434
184.35524,134.10107,466438
184.34818,134.75099,466442
184.33827,135.6609,466447
184.32695,136.70079,466452
184.32271,137.09074,466459
184.16779,137.47243,466464
184.18,137.98611,466469
184.18,138.50357,466474
184.18,138.89403,466479
184.18,139.51418,466484
184.18,139.51418,466491
184.18,139.51418,466497
184.18,140.16414,466503
184.05887,140.47133,466508
183.8388,140.60976,466515
183.35887,140.82202,466519
182.57994,140.81999,466523
181.5413,140.82,466528
181.02489,140.82,466533
181.02489,140.82,466538
181.02489,140.82,466544
181.67485,140.82,466549
182.58418,140.82,466555
183.36,140.82,466559
183.67679,140.78323,466565
183.82002,140.28284,466571
184.0322,139.82797,466575
184.02,139.06374,466580
184.02,138.38377,466585
184.06882,137.73564,466591
184.14691,136.69862,466596
184.20547,135.92087,466601
184.2738,135.01349,466605
184.30309,134.6246,466611
184.36188,134.10797,466616
184.45007,133.33301,466621
184.55298,132.4289,466625
184.59708,132.04141,466631
184.6914,131.39833,466636
184.82347,130.498,466641
184.88007,130.11215,466646
185.00664,129.47462,466651
185.17998,128.58209,466656
185.19138,128.36609,466662
185.70381,128.02405,466667
186.50972,127.60164,466672
187.31218,127.17261,466676
187.88556,126.8665,466681
188.00116,126.35954,466685
188.17458,125.599106,466690
188.1844,125.38382,466695
188.64673,124.945015,466701
189.02989,124.608696,466706
189.02992,124.35217,466711
189.05405,124.16875,466715
189.74898,123.957504,466720
190.65625,123.88897,466725
191.63638,123.82001,466731
191.7656,123.82001,466735
191.7656,123.82001,466742
191.27725,123.998604,466747
190.76593,123.97999,466751
190.76593,123.97999,466756
190.76593,123.97999,466761
190.76593,123.97999,466765
190.76593,123.97999,466823
190.76593,123.97999,466829
191.4159,123.97999,466834
191.6556,124.21569,466839
191.86264,124.61928,466843
191.94957,124.99945,466848
191.94957,124.99945,466854
191.94957,124.99945,466861
191.94957,124.99945,466868
191.8244,124.6301,466872
191.82005,124.42584,466877
191.6841,124.225945,466882
190.99867,124.00554,466888
190.14403,123.97997,466893
189.5286,123.97997,466898
189.29399,123.9831,466903
189.0576,124.15623,466908
189.08224,124.12293,466912
188.6356,123.87931,466917
188.42197,123.82006,466922
188.17188,123.44296,466927
188.1664,123.18304,466933
188.1664,123.18304,466939
188.1664,123.18304,466945
187.51642,123.18304,466951
187.16196,123.8261,466956
187.00903,124.723015,466961
186.91693,125.234764,466965
186.6347,125.82027,466970
186.29604,126.522865,466974
186.07027,126.991264,466979
185.759,127.56186,466984
185.51001,128.01833,466989
185.51001,128.01833,467054
185.51001,128.01833,467058
185.51001,128.01833,467065
184.99004,128.01833,467069
184.68999,128.53047,467074
184.8249,129.29868,467079
184.86989,129.55473,467084
184.79922,130.20085,467089
184.70032,131.10542,467095
184.6438,131.62231,467100
184.58359,132.1388,467106
184.47823,133.04262,467110
184.37286,133.94646,467115
184.35222,134.72551,467120
184.34161,135.6354,467125
184.33168,136.4153,467131
184.32347,137.06522,467135
184.18,137.57918,467141
184.18,137.96428,467146
184.17998,138.61107,467152
184.18,139.49188,467157
184.18,139.49188,467163
184.18,139.49188,467168
184.18,140.14185,467174
184.05093,140.54736,467179
183.81578,140.65825,467185
183.48053,140.83052,467190
182.57138,140.82,467195
181.79218,140.82,467199
181.01643,140.82,467204
181.01643,140.82,467210
181.01643,140.82,467216
181.5364,140.82,467222
182.44585,140.81999,467226
183.35155,140.82,467231
183.67036,140.78763,467236
183.81999,140.29787,467241
184.03333,139.84238,467246
184.02,138.95279,467251
184.02,138.39288,467256
184.06871,137.74475,467261
184.13687,136.83736,467266
184.19531,136.05959,467271
184.25374,135.28181,467276
184.30243,134.63367,467281
184.36116,134.11702,467286
184.46394,133.21289,467291
184.55203,132.43793,467296
184.59607,132.05045,467301
184.6903,131.40733,467306
184.8411,130.37837,467311
184.87878,130.12114,467317
184.9799,129.61108,467322
185.18,128.59099,467327
185.1877,128.37488,467332
185.69157,128.02995,467337
186.49686,127.60633,467342
187.18506,127.2393,467347
187.98819,126.81151,467352
188.07245,126.29841,467356
188.17778,125.65703,467362
188.17995,125.433914,467367
188.60031,124.98614,467373
189.02748,124.568054,467378
189.02994,124.31137,467383
189.08652,124.10717,467388
190.01543,123.941216,467394
190.14514,123.93215,467400
189.49762,123.875694,467405
188.59164,123.820015,467410
188.37553,123.81254,467415
188.17317,123.346016,467420
187.66281,122.80897,467425
187.0548,122.32044,467430
186.60455,122.06034,467435
185.81664,121.60515,467441
185.36128,121.354095,467445
184.56442,120.91476,467449
183.91486,120.891624,467454
183.00548,120.85924,467458
181.9662,120.82223,467463
181.1873,120.82001,467467
181.05792,120.82001,467525
181.05792,120.82001,467530
181.05792,120.82001,467589
181.05792,120.82001,467594
181.70789,120.82001,467599
182.6177,120.82001,467603
183.52715,120.82,467608
184.04572,120.8201,467661
184.04572,120.8201,467667
184.04572,120.8201,467674
184.56569,120.8201,467678
185.40974,121.28515,467683
185.96497,121.62307,467687
186.63123,122.02858,467693
187.19907,122.34483,467698
187.99405,122.787575,467703
188.13336,123.288536,467707
188.18893,123.62814,467712
188.581,123.82108,467718
189.3602,123.82,467722
190.2698,123.82,467727
191.17926,123.82,467732
191.69798,123.82001,467737
191.69798,123.82001,467742
191.69798,123.82001,467747
192.34795,123.82001,467752
193.12785,123.82,467757
194.03763,123.82,467761
194.81723,123.82001,467766
195.59538,123.82001,467770
196.11534,123.82001,467775
197.02519,123.82,467779
197.93494,123.82,467784
198.71452,123.82,467788
199.49216,123.82001,467793
200.01155,123.82001,467798
200.27069,123.82001,467803
200.60037,123.81968,467809
200.8257,123.57194,467813
200.82,123.18483,467819
200.82,123.18483,467825
200.82,123.18483,467831
201.46997,123.18483,467836
202.09604,122.64776,467842
202.60855,121.89587,467892
202.60855,121.89587,467896
202.60855,121.89587,467902
203.25853,121.89587,467907
203.47978,121.12126,467911
203.495,120.99216,467962
203.495,120.99216,467966
203.495,120.99216,467972
204.01497,120.99216,467977
204.07602,120.238,467982
204.02003,119.51462,467987
204.02003,119.20425,467992
204.02003,119.20425,467998
204.02003,119.20425,468003
204.02003,118.554276,468009
204.1786,117.66396,468014
204.2018,117.3493,468018
204.66835,117.17999,468023
205.05453,117.17999,468028
205.05453,117.17999,468033
205.05453,117.17999,468038
205.05453,117.17999,468044
204.66766,117.17999,468049
204.35219,117.20025,468054
204.1706,117.52182,468058
204.18,118.30064,468063
204.18,118.816124,468068
204.18,119.33259,468073
204.20035,119.64802,468078
204.57413,120.002495,468083
205.06421,120.42943,468087
205.19179,120.61461,468092
205.52426,120.999954,468097
206.16087,121.65015,468101
206.79607,122.301704,468107
207.1591,122.67398,468112
207.18489,123.19331,468116
207.23001,124.10214,468120
207.27515,125.01098,468126
207.31381,125.789986,468131
207.34605,126.43915,468136
207.34605,126.43915,468141
207.34605,126.43915,468148
207.34605,125.919174,468156
207.71922,125.54592,468160
207.968,125.47041,468166
208.19017,125.33537,468171
208.57881,124.98993,468176
209.02994,124.410904,468181
209.02994,124.31156,468187
209.02998,124.29242,468192
209.05994,124.15945,468198
209.48729,123.97998,468203
210.90582,123.97998,468259
210.90582,123.97998,468264
211.01332,123.9069,468270
211.54877,124.17995,468275
211.81999,124.81602,468281
211.82,124.68616,468285
211.82,124.459404,468290
211.66928,124.21542,468295
211.0615,124.05079,468299
210.37747,123.97997,468304
209.58177,123.97997,468309
208.99896,123.88944,468314
208.61494,123.82154,468320
208.1116,123.58862,468325
207.5441,123.05357,468329
206.89474,123.02556,468334
206.1155,122.99195,468339
205.20639,122.952736,468344
204.29729,122.91353,468350
203.77779,122.89111,468355
203.22137,122.55517,468360
202.77625,122.286415,468365
202.25269,121.90127,468370
201.83383,121.593155,468375
201.36652,121.82117,468379
201.24968,121.878174,468432
201.24968,121.878174,468437
201.24968,121.878174,468496
201.53592,121.613304,468500
202.13518,121.36162,468506
203.094,120.958916,468511
203.55145,120.82005,468516
203.55145,120.82005,468584
203.55145,120.82005,468589
203.55145,120.82005,468595
203.94144,120.82005,468600
204.04498,120.18919,468605
204.02002,119.36837,468609
204.02002,119.18108,468615
204.02002,119.18108,468620
204.10059,118.536125,468625
204.18,117.63418,468630
204.18,117.42398,468636
204.48537,117.16725,468641
205.00179,117.17999,468647
205.00179,117.17999,468653
205.00179,117.17999,468659
205.00179,117.17999,468665
204.6158,117.17999,468671
204.40968,117.17999,468676
204.16756,117.49291,468682
204.18,118.40136,468687
204.18,118.788284,468692
204.17998,119.30513,468697
204.18945,119.62418,468702
204.55162,119.98268,468707
205.04163,120.4097,468712
205.18915,120.59222,468717
205.59654,121.07079,468722
206.14241,121.62788,468727
206.6861,122.18711,468731
207.2299,122.74623,468736
207.25117,123.39585,468741
207.2852,124.43524,468747
207.31073,125.21478,468751
207.33624,125.99432,468756
207.35326,126.51402,468761
207.35326,126.51402,468769
207.35326,126.51402,468776
206.7033,126.51402,468782
205.94852,126.67387,468787
205.26004,126.82001,468792
204.61224,126.82001,468798
204.61224,126.82001,468805
204.40105,126.82001,468811
204.17523,126.45315,468816
204.18,126.06568,468822
204.18,126.06568,468829
204.18,126.06568,468835
204.18,126.585655,468841
204.18,126.84564,468847
204.18,126.84564,468853
204.82928,126.82001,468859
205.34785,126.8201,468865
205.86707,126.805176,468870
206.77554,126.753334,468876
207.16489,126.731125,468882
207.48409,126.32065,468888
208.04266,125.60232,468893
208.19261,125.40318,468898
208.61984,124.950554,468903
209.02994,124.44507,468908
209.02994,124.32482,468913
209.02994,124.3033,468918
209.0305,124.2792,468923
209.08025,124.12179,468928
209.64888,123.97998,468933
210.93399,123.9802,468996
210.93399,123.9802,469002
211.03786,123.90203,469007
211.56561,124.17994,469012
211.82541,124.589806,469016
211.8201,124.979385,469021
211.8201,124.979385,469026
211.8201,124.979385,469032
212.47006,124.979385,469037
213.37628,125.04897,469042
214.15211,125.12909,469047
214.79863,125.17999,469051
215.44855,125.18,469057
216.09845,125.18,469061
217.13818,125.18,469066
218.04764,125.17999,469071
218.69536,125.17999,469076
219.21518,125.18,469082
220.25383,125.17999,469087
220.80783,125.32374,469090
221.5382,125.8661,469095
222.17053,126.322685,469100
222.48656,126.5512,469105
222.48656,126.5512,469112
222.48656,126.5512,469118
221.96658,126.5512,469124
221.37779,126.14838,469128
220.8154,125.4419,469133
220.69876,125.23661,469139
219.6976,125.18,469145
219.44449,125.05007,469151
219.44449,125.05007,469159
218.80351,124.942314,469164
217.90614,124.79146,469169
217.28986,124.58496,469175
216.55031,124.337166,469180
215.9405,124.11221,469186
215.33072,123.887245,469192
214.68097,123.87038,469198
213.77132,123.846756,469203
212.86166,123.82314,469207
212.08209,123.82,469211
211.43391,123.82001,469217
210.78403,123.82,469223
209.87497,123.82,469229
208.96577,123.82001,469234
208.57755,123.82001,469239
208.17366,123.64043,469243
207.50885,123.01911,469248
207.50885,123.01911,469305
207.50885,123.01911,469311
207.50885,123.01911,469318
206.98888,123.01911,469323
206.51932,122.4649,469328
206.1017,121.806206,469332
205.60858,121.04146,469337
205.44746,120.83741,469342
204.99011,120.420334,469348
204.56535,119.92837,469353
204.37958,119.80795,469359
204.16711,119.51563,469364
204.18,118.609795,469369
204.18001,117.83217,469374
204.18645,117.38374,469380
204.28607,116.8734,469386
204.43552,116.10789,469391
204.569,115.20778,469397
204.7025,114.30767,469401
204.81961,113.668434,469406
204.99031,112.774635,469410
205.1607,111.880775,469415
205.18,111.6257,469419
205.18,110.97601,469424
205.18,110.196686,469428
205.17998,109.28851,469433
205.18,108.645935,469437
205.18,108.645935,469491
205.18,108.645935,469496
205.18,108.645935,469503
205.18,107.995964,469509
205.80113,107.7974,469513
207.17598,108.17998,469519
207.17598,108.17998,469524
207.17598,108.17998,469531
207.17598,107.40002,469537
207.63635,106.25044,469542
208.07652,105.6068,469547
208.18513,105.40309,469552
208.54582,105.17476,469557
208.93307,105.17999,469561
208.93307,105.17999,469567
208.93307,105.17999,469575
208.02313,105.17999,469581
207.99101,105.305176,469586
207.81291,105.93027,469592
207.56358,106.805405,469597
207.42111,107.30547,469602
206.83327,107.58277,469608
206.01028,107.970985,469613
205.65758,108.13736,469618
205.45126,108.17995,469622
205.23141,108.30921,469628
205.18,109.176544,469633
205.18,109.95534,469637
205.17998,110.861755,469642
205.17998,111.11716,469647
205.10294,111.631386,469653
204.96808,112.531296,469657
204.85251,113.30264,469662
204.79471,113.68832,469667
204.70233,114.33169,469673
204.57298,115.23241,469677
204.51756,115.61842,469682
204.48633,116.13746,469687
204.43948,116.916016,469691
204.3724,117.16147,469696
204.11504,117.67644,469701
204.02003,118.499626,469705
204.02003,118.909706,469710
204.02,119.54875,469716
203.8334,120.40905,469721
203.7721,120.68936,469726
203.36272,121.00425,469732
202.62402,121.53561,469737
201.88605,122.06798,469742
201.14798,122.60021,469746
200.83076,123.26126,469750
200.82002,123.59812,469756
200.57733,123.82456,469761
199.92908,123.82001,469767
199.92908,123.82001,469824
199.92908,123.82001,469830
200.44905,123.82001,469836
200.57906,123.82001,469842
200.81169,123.61691,469847
200.82,123.10886,469852
200.82,123.10886,469859
200.82,123.10886,469865
201.33998,123.10886,469870
201.38972,123.43731,469875
201.55525,123.93024,469880
201.67938,124.299934,469885
201.89417,124.77347,469889
202.16266,125.365395,469894
202.2101,125.66333,469899
202.5637,125.82001,469904
203.33829,125.82001,469909
203.33829,125.82001,469916
203.33829,125.82001,469923
203.33829,126.46997,469929
203.98827,126.59999,469934
204.11197,126.63992,469940
204.2303,126.69373,469945
204.63402,126.82536,469950
205.41183,126.82001,469955
205.41183,126.82001,469960
205.41183,126.82001,469967
206.0618,126.82001,469972
206.08221,126.718994,469977
206.34811,126.27215,469982
206.61401,125.82531,469988
206.82,125.43435,469993
206.82,124.65892,469998
206.82,124.65892,470059
206.82,124.65892,470064
206.82,124.65892,470070
206.82,124.13895,470077
206.21114,124.10641,470082
206.08936,124.1519,470087
206.08936,124.1519,470093
206.34326,124.179985,470099
206.64815,124.20147,470103
206.93427,124.466064,470108
207.45422,124.461945,470114
207.87288,124.15356,470119
208.18686,123.92227,470124
208.70625,123.89774,470128
209.61493,123.85483,470133
210.39403,123.8201,470191
210.39403,123.8201,470196
210.91267,123.82,470201
211.33893,124.11789,470207
211.65288,124.20175,470212
211.82167,124.559296,470217
211.82,124.94895,470222
211.82,124.94895,470229
211.82,124.94895,470234
212.46997,124.94895,470239
213.24583,125.021835,470245
214.15025,125.12208,470250
214.79631,125.179985,470256
215.31625,125.18,470261
216.2261,125.17999,470266
217.00589,125.18,470271
217.78555,125.17999,470275
218.56412,125.17999,470280
219.34285,125.17999,470285
220.25156,125.18,470291
220.90755,125.402985,470297
221.53311,125.868385,470302
222.16692,126.32294,470307
222.48372,126.55037,470313
222.48372,126.55037,470319
222.48372,126.55037,470326
221.83376,126.55037,470332
221.19505,126.02213,470337
220.81792,125.38744,470343
220.43806,125.176796,470348
219.52875,125.17999,470353
219.14008,125.17999,470358
218.51512,125.00144,470363
217.89015,124.82289,470368
217.15594,124.559685,470374
216.54411,124.34035,470380
216.05684,124.15882,470384
215.32596,123.886536,470389
214.67621,123.86976,470394
213.76656,123.84627,470399
212.98686,123.82614,470403
212.07733,123.82001,470408
211.4292,123.8201,470413
210.90929,123.82,470417
209.86964,123.82,470423
209.09026,123.82,470427
208.5723,123.820015,470432
208.17009,123.634026,470436
207.50403,123.014046,470441
207.15117,122.632126,470446
206.62189,122.05924,470451
205.91617,121.295395,470457
205.65152,121.00896,470461
205.16306,121.43774,470467
204.47919,122.038025,470472
203.89302,122.55256,470477
203.10388,122.98851,470481
202.3914,123.30584,470486
201.76805,123.489944,470492
201.5187,123.56358,470498
201.89728,123.46993,470503
201.52048,123.57048,470509
201.0009,123.590645,470514
200.7638,123.69731,470520
200.35332,123.82206,470525
199.96455,123.82001,470531
199.4446,123.82,470536
198.53474,123.82,470541
197.62498,123.82001,470546
196.58566,123.82,470552
196.0674,123.82001,470557
195.41747,123.82,470563
194.50763,123.82,470568
193.59792,123.82001,470572
192.68857,123.82,470578
192.2997,123.82001,470584
191.6643,123.95689,470589
191.28308,124.03902,470594
190.79335,123.97957,470599
190.79335,123.97957,470605
190.79335,123.97957,470612
190.79335,123.97957,470617
190.79335,123.97957,470676
190.79335,123.97957,470685
191.31332,123.97957,470690
191.671,124.220505,470696
191.8986,124.76834,470702
191.95555,125.02201,470708
191.95555,125.02201,470714
191.83134,124.65234,470720
191.82005,124.44377,470726
191.72466,124.26113,470731
191.10149,124.09491,470737
190.48625,123.97997,470741
189.76492,123.97997,470745
189.34671,123.97997,470750
189.04778,124.1775,470755
189.05582,124.17213,470759
188.61548,123.89171,470764
188.4072,123.82006,470769
188.16606,123.281944,470774
188.1641,123.15196,470779
188.1641,123.15196,470784
187.846,123.718765,470789
187.40065,124.51229,470794
187.01892,125.19246,470799
186.71802,125.768585,470805
186.35695,126.45994,470810
186.05608,127.036064,470815
185.74103,127.604576,470820
185.552,127.94569,470825
185.552,127.94569,470883
185.552,127.94569,470888
185.552,127.94569,470894
184.90204,127.94569,470899
185.05084,128.26703,470904
185.09866,128.91524,470909
185.15604,129.69308,470914
185.18,130.3407,470919
185.18,130.86064,470923
185.18,131.7705,470928
185.18,132.55028,470932
185.18001,133.45981,470937
185.18,134.10835,470943
185.18,134.10835,470950
185.18,134.10835,470957
185.18,134.62833,470963
184.96083,135.6302,470967
184.67392,136.49365,470972
184.51451,136.98859,470977
184.45157,137.10231,470983
184.19609,137.36569,470989
184.18,137.99524,470994
184.17998,138.64168,470999
184.18,139.40236,471003
184.20903,140.05135,471008
184.25185,140.83012,471013
184.29431,141.60893,471017
184.30846,141.86853,471022
184.30846,141.86853,471027
184.3112,141.34857,471032
184.316,140.43863,471038
184.31874,139.91866,471043
184.16849,139.53447,471048
184.18,138.75854,471053
184.18,138.50273,471058
184.18,137.98846,471063
184.18,137.6133,471068
184.20421,136.964,471074
184.24562,136.05501,471078
184.28645,135.14597,471083
184.30981,134.62651,471088
184.36734,134.10973,471094
184.46802,133.20537,471100
184.56868,132.301,471105
184.6733,131.5282,471109
184.80518,130.62784,471114
184.88016,130.11331,471119
185.0066,129.47575,471125
185.15836,128.71071,471129
185.1909,128.36716,471135
185.7023,128.02473,471140
186.39275,127.66202,471145
187.19565,127.233826,471150
187.884,126.86705,471155
188.00008,126.3602,471161
188.14517,125.72664,471165
188.1841,125.3847,471171
188.54697,125.03004,471176
189.02994,124.60937,471181
189.02992,124.35253,471186
189.0539,124.169136,471191
189.61806,123.9624,471195
190.52563,123.89904,471200
191.30304,123.83605,471204
191.76476,123.82001,471208
192.38893,124.00126,471214
193.01312,124.18251,471219
193.50229,124.3588,471224
194.35835,124.66732,471229
194.84554,124.849045,471234
195.57631,125.121635,471240
195.57631,125.121635,471246
194.96783,124.89314,471252
194.23756,124.61918,471257
193.5073,124.34526,471262
192.89871,124.117035,471267
193.02043,124.16267,471272
192.29013,123.8888,471277
191.6487,123.993805,471283
191.26384,124.05681,471287
190.78479,123.97719,471292
190.78479,123.97719,471297
190.78479,123.97719,471303
190.78479,123.97719,471308
190.78479,123.97719,471364
190.78479,123.97719,471369
191.30476,123.97719,471374
191.58424,124.189896,471379
191.86449,124.62302,471385
191.95082,125.00332,471390
191.95082,125.00332,471395
191.95082,125.00332,471400
191.95082,125.00332,471407
191.8257,124.63396,471412
191.82007,124.428925,471417
191.69135,124.231415,471422
191.00798,124.010925,471427
190.15886,123.97997,471432
189.53583,123.97997,471437
189.29703,123.98262,471442
189.06027,124.15108,471448
189.0735,124.13705,471452
188.6282,123.88237,471457
188.41632,123.82006,471462
188.17238,123.56096,471467
188.16528,123.17104,471472
188.16528,123.17104,471478
188.16528,123.17104,471483
187.51532,123.17104,471489
187.18071,123.68563,471493
187.0332,124.58343,471498
186.91875,125.22324,471503
186.6937,125.691986,471507
186.24355,126.62946,471512
186.07475,126.98102,471516
185.82607,127.43767,471521
185.5152,128.00847,471525
185.5152,128.00847,471581
185.5152,128.00847,471586
185.5152,128.00847,471591
184.86523,128.00847,471596
185.04382,128.2878,471601
184.9818,129.06529,471606
184.94043,129.58362,471611
184.84904,130.22713,471616
184.7211,131.12804,471620
184.648,131.64285,471625
184.57121,132.28827,471630
184.46371,133.19185,471636
184.37158,133.96634,471641
184.35094,134.74538,471646
184.3407,135.65527,471651
184.32948,136.56516,471656
184.32312,137.08508,471662
184.18,137.59627,471667
184.18,137.98102,471672
184.18,138.75647,471677
184.17995,139.50633,471682
184.17995,139.50633,471687
184.17995,139.50633,471694
184.17995,140.1563,471700
184.05965,140.46553,471706
183.84073,140.60577,471711
183.50221,140.83278,471717
182.72319,140.81999,471721
181.81401,140.82,471727
181.03792,140.82,471733
181.03792,140.82,471739
181.03792,140.82,471745
181.55789,140.82,471750
182.59718,140.82,471755
183.37276,140.82,471760
183.58562,140.82,471766
183.79616,140.6497,471771
183.96652,140.04173,471776
184.02002,139.201,471781
184.02002,138.39099,471786
184.05899,137.87248,471791
184.11745,137.09473,471796
184.17592,136.31696,471801
184.24411,135.40956,471806
184.30257,134.63179,471811
184.37599,133.98598,471816
184.46411,133.21101,471820
184.56691,132.30688,471825
184.69115,131.40556,471830
184.80405,130.6338,471834
184.8792,130.1193,471838
184.98029,129.60924,471843
185.13194,128.84416,471847
185.18843,128.37305,471851
185.69412,128.02866,471856
186.38383,127.66453,471861
187.18721,127.237206,471866
187.99066,126.81002,471871
188.07413,126.29679,471875
188.17847,125.65525,471880
188.17995,125.43235,471885
188.50339,125.069496,471890
189.02739,124.56687,471895
189.02994,124.3111,471900
189.19087,124.008415,471905
189.9531,123.92711,471910
190.99043,123.853455,471917
191.16066,123.929245,471922
191.16066,123.929245,471928
190.77289,123.97077,471934
190.77289,123.97077,471940
190.77289,123.97077,471946
190.77289,123.97077,471951
190.77289,123.97077,472006
190.77289,123.97077,472013
191.42285,123.97077,472019
191.72502,124.22732,472024
191.91603,124.83106,472030
191.94345,124.95813,472035
191.94345,124.95813,472041
191.85667,124.71305,472047
191.81877,124.40338,472052
191.62848,124.19336,472057
191.03247,124.02695,472061
190.19751,123.97997,472066
189.5562,123.97997,472071
189.27028,123.987946,472077
189.04028,124.19721,472082
189.10118,124.09697,472087
188.65308,123.87459,472092
188.43582,123.82005,472096
188.18254,123.60255,472101
188.16632,123.082825,472106
188.16632,123.082825,472114
188.16632,123.082825,472120
187.51636,123.082825,472126
187.1692,123.72692,472131
187.02246,124.624825,472136
186.93294,125.13704,472141
186.7679,125.49037,472145
186.3828,126.31483,472150
186.05272,127.0215,472155
185.74185,127.5923,472160
185.49315,128.04895,472164
185.49315,128.04895,472226
185.49315,128.04895,472233
185.49315,128.04895,472239
184.84319,128.04895,472243
185.03856,128.29999,472248
184.98866,128.94803,472253
184.93877,129.59608,472258
184.84735,130.2396,472263
184.71936,131.1405,472269
184.64622,131.6553,472274
184.56952,132.30072,472279
184.46211,133.20432,472284
184.37006,133.97882,472288
184.34969,134.75786,472293
184.33984,135.66776,472298
184.33057,136.44766,472303
184.32286,137.0976,472308
184.18,137.60686,472313
184.18,137.99136,472318
184.18,138.50876,472322
184.18,139.27596,472327
184.18,139.39879,472336
184.18,139.39879,472342
183.99971,140.01788,472348
183.85774,140.3811,472354
183.82005,140.58957,472359
183.5394,140.83142,472364
182.50092,140.82,472369
181.59212,140.82,472375
181.07504,140.82002,472381
181.07504,140.82002,472387
181.07504,140.82002,472394
181.59502,140.82002,472400
182.37457,140.82,472405
183.28127,140.82,472411
183.61877,140.81363,472416
183.82797,140.56215,472421
184.01039,139.96698,472426
184.02,139.08736,472431
184.02,138.39928,472437
184.0589,137.88077,472442
184.12697,136.97336,472447
184.1853,136.19559,472452
184.25337,135.28818,472458
184.30199,134.64003,472463
184.36066,134.12338,472468
184.44868,133.3484,472473
184.55136,132.44426,472478
184.59538,132.05676,472484
184.68954,131.41367,472489
184.8214,130.5133,472494
184.87788,130.12744,472499
185.00415,129.48985,472504
185.15567,128.72476,472509
185.18533,128.38116,472515
185.56696,128.09305,472521
186.25795,127.7314,472526
186.94655,127.365105,472531
187.75002,126.93795,472536
188.08838,126.17511,472541
188.17542,125.662476,472547
188.17995,125.43875,472555
188.49551,125.07399,472561
188.99036,124.65258,472567
189.02992,124.33763,472572
189.06277,124.14888,472578
189.66376,123.95819,472583
190.44179,123.90504,472588
191.4784,123.82174,472593
191.61534,124.075356,472598
191.61534,124.075356,472603
191.22566,124.090965,472608
190.77261,123.9798,472611
190.77261,123.9798,472616
190.77261,123.9798,472622
190.77261,123.9798,472627
190.77261,123.9798,472679
190.77261,123.9798,472685
191.42259,123.9798,472690
191.72571,124.23618,472695
191.88783,124.71302,472699
191.944,124.96687,472705
191.944,124.96687,472711
191.944,124.96687,472716
191.944,124.96687,472721
191.85828,124.72142,472727
191.82005,124.41044,472733
191.64673,124.20239,472740
191.0992,124.09173,472747
190.59956,123.97998,472753
189.98041,123.97998,472757
189.50932,123.97998,472763
189.28612,123.98451,472768
189.0297,124.2357,472773
189.07121,124.141045,472778
188.62637,123.88331,472784
188.41495,123.82005,472790
188.16963,123.42809,472795
188.16505,123.168144,472800
188.16505,123.168144,472807
188.16505,123.168144,472812
187.64508,123.168144,472818
187.28331,123.67806,472822
187.11401,124.43933,472827
186.9364,125.1988,472832
186.71022,125.66701,472837
186.37096,126.369316,472841
186.08823,126.95457,472847
185.7777,127.52555,472851
185.52925,127.98234,472857
185.52925,127.98234,472924
185.52925,127.98234,472929
185.52925,127.98234,472936
185.00928,127.98234,472942
184.97379,128.6254,472948
185.0757,129.39864,472953
185.18,130.30164,472959
185.18001,130.82158,472963
185.18,131.73143,472968
185.18001,132.64119,472973
185.18,133.42079,472978
185.18,134.19858,472983
185.18,134.19858,472989
185.18,134.19858,472996
185.18,134.71855,473001
185.01163,135.47049,473006
184.76709,136.2111,473010
184.52654,136.95305,473015
184.46532,137.06772,473019
184.28197,137.25555,473024
184.18,137.9378,473029
184.18,138.584,473033
184.18,139.4678,473038
184.20975,140.11673,473044
184.26096,141.02525,473049
184.30455,141.80399,473055
184.30455,141.80399,473062
184.30455,141.80399,473068
184.82452,141.80399,473073
184.90358,141.31651,473078
184.59618,140.46007,473083
184.42264,139.96991,473088
184.19925,139.64098,473093
184.18,138.74919,473098
184.18,138.49356,473104
184.18,137.9794,473109
184.18,137.60478,473114
184.20425,136.9555,473119
184.24567,136.0465,473124
184.28082,135.26732,473129
184.31015,134.61801,473134
184.36778,134.10124,473139
184.46866,133.1969,473144
184.55511,132.42175,473149
184.59834,132.03416,473154
184.67375,131.5197,473160
184.82458,130.49074,473165
184.88115,130.10489,473170
185.00784,129.46739,473175
185.1599,128.7024,473180
185.18973,128.36993,473185
185.58244,128.08527,473190
186.38792,127.662,473195
187.19131,127.2347,473200
187.88008,126.86872,473205
188.0975,126.16592,473209
188.17961,125.652466,473215
188.17996,125.42989,473220
188.60527,124.98346,473225
189.02724,124.565056,473230
189.02992,124.310684,473235
189.08743,124.10582,473240
189.88675,123.94541,473244
190.92384,123.87031,473249
191.70096,123.82001,473253
192.4523,124.029366,473259
192.22931,123.88414,473263
192.22931,123.88414,473270
191.58913,123.99655,473275
191.20503,124.063995,473281
190.73224,123.97878,473285
190.73224,123.97878,473290
190.73224,123.97878,473296
190.73224,123.97878,473301
190.73224,123.97878,473365
190.73224,123.97878,473372
191.25221,123.97878,473377
191.63524,124.20781,473383
191.8503,124.58949,473387
191.94038,124.968925,473393
191.94038,124.968925,473398
191.94038,124.968925,473404
191.94038,124.968925,473410
191.85646,124.722855,473417
191.82005,124.41128,473422
191.53609,124.168274,473428
191.04149,124.03363,473433
190.33618,123.97997,473438
189.56433,123.97997,473443
189.3178,123.98014,473448
189.02867,124.24076,473453
189.05779,124.16761,473458
188.6167,123.89036,473464
188.408,123.82005,473469
188.16814,123.41362,473474
188.16417,123.15366,473480
188.16417,123.15366,473486
188.16417,123.15366,473492
187.51419,123.15366,473497
187.18086,123.668434,473502
187.05237,124.43769,473508
186.92017,125.20637,473513
186.75232,125.55838,473518
186.36067,126.37974,473523
186.08092,126.96642,473529
185.77068,127.53757,473534
185.52249,127.99449,473539
185.52249,127.99449,473597
185.52249,127.99449,473603
185.52249,127.99449,473609
184.87253,127.99449,473615
185.045,128.28319,473620
185.10477,129.06085,473625
185.16454,129.83852,473630
185.18,130.35631,473635
185.18,130.87625,473640
185.18,131.65613,473645
185.18,132.69582,473651
185.18,133.60522,473656
185.18,134.12381,473662
185.18,134.64374,473667
185.18,135.5535,473673
185.18001,136.4629,473678
185.18,136.98125,473683
185.18,136.98125,473689
185.18,136.98125,473697
185.18,136.98125,473703
184.68506,137.14093,473708
184.57092,137.17995,473714
184.39146,137.1954,473719
184.18,137.63647,473724
184.18,138.02019,473730
184.18,138.5373,473735
184.17998,139.42525,473740
184.19237,139.63367,473745
184.19237,139.63367,473750
183.93272,140.2295,473755
183.82005,140.56134,473760
183.63927,140.80132,473765
182.74501,140.82,473770
181.83603,140.82,473775
181.05963,140.82002,473780
181.05963,140.82002,473785
181.05963,140.82002,473791
181.5796,140.82002,473797
182.35918,140.82,473802
183.39397,140.82,473807
183.60356,140.81863,473814
183.8167,140.60379,473819
183.94199,140.0698,473826
184.02002,139.50786,473831
184.02002,138.75534,473836
184.02002,138.42662,473841
184.05864,137.90808,473846
184.12625,137.00064,473851
184.19385,136.0932,473856
184.2518,135.3154,473861
184.30008,134.66722,473866
184.35855,134.15054,473872
184.44624,133.37553,473877
184.54855,132.47134,473883
184.5924,132.08383,473888
184.66753,131.56932,473893
184.79897,130.66891,473898
184.89287,130.02576,473903
184.99544,129.516,473908
185.14929,128.75136,473912
185.17996,128.40677,473918
185.5342,128.11461,473923
186.33965,127.69136,473928
187.14232,127.26272,473934
187.71582,126.95687,473939
187.94524,126.834526,473945
188.06749,126.19617,473951
188.15457,126.46297,473956
188.18,125.81433,473961
188.19807,125.352036,473965
188.77531,124.834656,473971
189.02856,124.58466,473976
189.02994,124.315315,473981
189.13759,124.045586,473985
189.49474,123.96949,473990
190.01239,123.97999,473995
189.69057,123.97999,474000
189.52988,123.97999,474005
189.52988,123.97999,474059
189.52988,123.97999,474065
188.8799,123.97999,474070
189.03006,124.28943,474075
189.12201,124.908195,474080
189.16801,125.02978,474085
189.16801,125.02978,474091
188.66328,125.154785,474096
188.44142,125.179955,474101
188.2264,125.31417,474106
188.18,126.06424,474111
188.18,126.45295,474117
188.18,126.45295,474123
188.18,126.45295,474129
187.40002,126.45295,474135
186.7848,126.83267,474140
186.14575,127.48026,474145
185.6843,127.937996,474150
185.40361,128.19324,474156
185.40361,128.19324,474221
185.40361,128.19324,474227
185.40361,128.19324,474233
186.0433,128.17201,474238
186.7055,127.84897,474243
187.4218,127.28791,474248
187.93695,126.89159,474253
188.03389,126.38073,474258
188.17929,125.61444,474263
188.17995,125.39865,474269
188.53522,125.04228,474275
189.02933,124.62002,474280
189.02992,124.32646,474285
189.03265,124.25638,474290
189.21259,123.998955,474295
190.09068,123.97999,474300
190.967,123.97999,474304
191.32173,124.14202,474309
191.62617,124.19129,474314
191.85161,124.56753,474319
191.9381,124.9478,474325
191.9381,124.9478,474331
191.9381,124.9478,474336
192.71805,124.9478,474341
193.62476,125.01265,474346
194.5307,125.097946,474351
195.43674,125.17999,474357
196.21602,125.18,474362
196.9959,125.17999,474366
197.77571,125.18,474370
198.68529,125.18,474375
199.46321,125.1799,474380
199.98267,125.18,474384
200.37099,125.17999,474389
200.58577,125.17999,474394
200.83258,125.489044,474399
200.82,126.395706,474404
200.82002,126.52353,474410
200.82002,126.52353,474416
201.46828,126.5707,474421
202.24619,126.627304,474427
203.02408,126.683914,474431
203.93185,126.74683,474437
204.80147,126.82,474442
205.32018,126.82001,474448
205.44542,126.82001,474454
205.66455,126.793465,474460
206.01225,126.407906,474466
206.44061,125.91906,474470
206.44061,125.91906,474477
206.44061,125.91906,474482
206.96059,125.91906,474487
207.06598,125.4226,474491
206.83408,124.67791,474547
206.83408,124.67791,474607
206.83408,124.67791,474612
206.83408,124.67791,474619
206.83408,124.15793,474626
206.22063,124.112724,474631
205.97523,124.17996,474637
205.97523,124.17996,474643
206.359,124.17999,474647
206.66035,124.20829,474652
206.94392,124.476006,474658
207.46379,124.465004,474662
207.98434,124.075806,474667
208.84247,123.9101,474672
209.62129,123.87436,474677
210.52956,123.82001,474734
210.52956,123.82001,474739
210.91833,123.82001,474745
211.45001,124.17994,474751
211.82295,124.56741,474756
211.82,124.95705,474762
211.82,124.95705,474768
211.82,124.95705,474774
212.34007,124.95705,474779
213.24599,125.0294,474784
214.15076,125.12639,474789
214.79712,125.179985,474794
215.44705,125.18,474800
215.31837,125.17999,474804
214.68233,125.04622,474809
213.79185,124.85893,474814
212.90138,124.671646,474819
212.13812,124.51111,474823
211.78542,124.354935,474828
211.46579,124.16887,474832
211.06943,124.058075,474837
210.26505,123.97997,474842
209.59012,123.97997,474846
209.00497,123.88991,474851
208.6209,123.822365,474856
208.022,123.504265,474861
207.54913,123.05834,474866
207.02966,123.03535,474870
207.14882,122.93148,474875
206.49892,122.922264,474880
205.71904,122.911194,474885
204.80917,122.898285,474889
203.8993,122.885376,474893
203.27481,123.04423,474898
202.53304,123.28527,474902
201.78249,123.49701,474908
201.53171,123.565636,474913
201.01225,123.58877,474920
200.77449,123.69395,474926
200.36719,123.823265,474932
199.97836,123.82001,474937
199.45842,123.82,474942
198.67853,123.82001,474947
197.89871,123.82,474951
196.98906,123.82,474956
196.08104,123.82001,474961
195.5611,123.82001,474965
194.5213,123.82,474971
193.74153,123.82001,474975
192.83208,123.82,474979
192.18436,123.8201,474984
191.55182,123.96959,474989
191.2988,124.02938,474994
190.79984,123.97429,474999
190.79984,123.97429,475005
190.79984,123.97429,475010
190.79984,123.97429,475015
190.79984,123.97429,475069
190.79984,123.97429,475074
191.4498,123.97429,475079
191.67361,124.21676,475084
191.89937,124.76941,475089
191.95604,125.02314,475095
191.95604,125.02314,475104
191.83177,124.65349,475109
191.82005,124.44472,475115
191.72667,124.2632,475119
191.12901,124.136154,475124
190.34413,123.97997,475129
189.6518,123.97997,475134
189.28543,123.98465,475138
189.0294,124.237045,475143
189.0703,124.14266,475148
188.62564,123.88369,475154
188.41441,123.82005,475160
188.1695,123.42695,475165
188.16498,123.167,475171
188.16498,123.167,475178
188.16498,123.167,475184
187.645,123.167,475189
187.25792,123.80442,475193
187.0872,124.56536,475198
186.93736,125.197815,475203
186.71109,125.66598,475208
186.31512,126.48526,475213
186.08885,126.95342,475218
185.7783,127.52441,475223
185.52988,127.98119,475227
185.52988,127.98119,475285
185.52988,127.98119,475290
185.52988,127.98119,475295
184.87991,127.98119,475300
185.04631,128.27878,475306
185.09566,128.92688,475311
185.16473,129.8342,475316
185.18,130.35205,475322
185.18001,131.00198,475328
185.18,132.0418,475333
185.18001,132.82155,475337
185.18,133.7309,475342
185.18,134.11967,475348
185.18,134.11967,475356
185.18,134.11967,475363
185.18,134.63965,475369
184.97539,135.51656,475375
184.73897,136.2598,475379
184.5071,137.00449,475384
184.44377,137.11803,475390
184.3004,137.24136,475395
184.18,138.02583,475400
184.18,138.6719,475405
184.17998,139.4304,475410
184.20934,140.07936,475416
184.24533,140.72833,475420
184.30269,141.7667,475425
184.30269,141.7667,475430
184.30269,141.7667,475435
184.95265,141.7667,475440
184.95135,141.17155,475445
184.595,140.3343,475450
184.39352,139.85495,475455
184.16835,139.48936,475460
184.18,138.71298,475464
184.18,137.81786,475469
184.20619,136.9231,475474
184.24805,136.01411,475478
184.28853,135.10506,475483
184.3117,134.5856,475489
184.38423,133.93968,475493
184.47127,133.1646,475498
184.5728,132.26033,475502
184.68097,131.48796,475507
184.79301,130.7161,475511
184.88625,130.07285,475517
185.01341,129.43544,475522
185.166,128.67055,475527
185.2043,128.3408,475532
185.62485,128.07275,475537
186.31384,127.70725,475542
187.11623,127.27805,475547
187.91869,126.849014,475552
188.02454,126.33993,475557
188.15686,125.703575,475561
188.18913,125.371346,475567
188.65788,124.934494,475571
189.02939,124.59924,475576
189.02994,124.34734,475580
189.14699,124.03967,475585
189.88808,123.938965,475590
190.7956,123.87242,475595
191.57326,123.82001,475599
192.20354,123.959724,475604
193.08003,124.20422,475608
193.56895,124.38122,475613
194.30234,124.64671,475618
194.91136,124.87377,475623
195.64218,125.14624,475629
195.64218,125.14624,475635
195.03368,124.91781,475640
194.79027,124.82644,475645
194.1817,124.59819,475650
193.57312,124.36994,475654
192.96454,124.141716,475659
193.08626,124.187355,475664
192.47768,123.95914,475669
192.23425,123.86784,475674
191.59549,123.98799,475679
191.21222,124.06008,475684
190.73605,123.97763,475689
190.73605,123.97763,475695
190.73605,123.97763,475701
190.73605,123.97763,475706
190.73605,123.97763,475770
190.73605,123.97763,475776
191.25603,123.97763,475782
191.63734,124.20757,475787
191.85158,124.592125,475792
191.9413,124.97165,475797
191.9413,124.97165,475803
191.9413,124.97165,475810
191.9413,124.97165,475817
191.85738,124.72557,475823
191.82005,124.41322,475828
191.6536,124.2062,475833
191.04591,124.037315,475838
190.22252,123.97997,475843
189.50899,123.97997,475848
189.28598,123.984535,475853
189.08359,124.11351,475858
189.06041,124.16193,475865
188.61322,123.89482,475871
188.40576,123.82006,475878
188.16972,123.53896,475884
188.16396,123.149025,475889
188.16396,123.149025,475898
188.16396,123.149025,475905
187.51399,123.149025,475910
187.25085,123.78521,475915
187.05382,124.67355,475920
186.93881,125.18065,475926
186.71382,125.64942,475931
186.32008,126.46978,475936
186.0951,126.93855,475941
185.84717,127.395615,475947
185.53726,127.96695,475952
185.53726,127.96695,476011
185.53726,127.96695,476015
185.53726,127.96695,476021
184.88728,127.96695,476026
185.04202,128.23343,476031
185.08168,128.75189,476036
185.14117,129.52959,476041
185.18,130.30693,476045
185.18001,130.82686,476050
185.18,131.60674,476054
185.18,132.5165,476059
185.18,133.42604,476064
185.18,134.20377,476069
185.18,134.20377,476075
185.18,134.20377,476082
185.18,134.85373,476089
184.95872,135.72487,476094
184.70108,136.46103,476099
184.53194,136.95271,476104
184.46953,137.06676,476109
184.28839,137.25038,476114
184.18,138.05048,476120
184.18,138.6969,476125
184.18,139.4533,476131
184.2096,140.10223,476136
184.24593,140.75117,476141
184.28934,141.52994,476146
184.3038,141.78952,476151
184.3038,141.78952,476158
184.3038,141.78952,476163
184.95377,141.78952,476167
184.95389,141.19376,476172
184.60156,140.3548,476177
184.40134,139.87492,476182
184.1993,139.64107,476188
184.18,138.8783,476192
184.17998,138.49368,476198
184.18,137.97952,476202
184.17996,137.60489,476208
184.20425,136.95561,476212
184.2398,136.17645,476217
184.28082,135.26743,476222
184.31015,134.61812,476227
184.38219,133.97215,476233
184.46864,133.197,476238
184.58392,132.16347,476243
184.67392,131.51982,476248
184.80586,130.61948,476253
184.8812,130.105,476258
184.98253,129.59499,476264
185.15988,128.70248,476269
185.18968,128.37004,476273
185.69827,128.0266,476278
186.50345,127.602776,476283
187.19167,127.23578,476288
187.9948,126.80798,476293
188.07692,126.29453,476298
188.17957,125.652725,476303
188.17995,125.430115,476309
188.605,124.9836,476314
189.02725,124.56522,476319
189.02992,124.33539,476324
189.06433,124.145676,476329
189.80069,123.95124,476334
190.57863,123.89715,476340
191.35594,123.83303,476345
191.74435,123.82001,476352
191.74435,123.82001,476359
191.74435,123.82001,476365
191.09439,123.82001,476371
190.71994,123.88162,476376
190.71994,123.88162,476383
190.82245,123.961555,476388
190.82245,123.961555,476393
190.82245,123.961555,476456
190.82245,123.961555,476462
191.47241,123.961555,476467
191.74738,124.221115,476472
191.92053,124.83852,476477
191.94705,124.965775,476483
191.94705,124.965775,476489
191.85991,124.72083,476494
191.82005,124.410164,476500
191.64604,124.202034,476505
191.0989,124.09133,476510
190.34886,123.97998,476515
189.57166,123.97998,476520
189.28629,123.98448,476525
189.02975,124.235374,476530
189.06071,124.161255,476535
188.61862,123.888535,476540
188.40933,123.82005,476545
188.16838,123.41636,476550
188.1643,123.1564,476556
188.1643,123.1564,476562
188.1643,123.1564,476569
187.64433,123.1564,476574
187.25835,123.79404,476579
187.11534,124.428024,476584
186.93866,125.187706,476590
186.71306,125.6562,476595
186.31827,126.47604,476600
186.09267,126.94453,476605
185.78247,127.5157,476611
185.53433,127.97264,476615
185.53433,127.97264,476677
185.53433,127.97264,476682
185.53433,127.97264,476687
184.75436,127.97264,476692
184.94243,128.23653,476697
185.09674,128.95108,476702
185.1545,129.72888,476707
185.17998,130.37607,476712
185.18001,131.02599,476717
185.18,131.80586,476721
185.18,132.84554,476726
185.18,133.62502,476731
185.17998,134.1435,476736
185.17998,134.1435,476741
185.17998,134.1435,476747
185.17998,134.66347,476753
184.98726,135.4142,476758
184.72234,136.28473,476762
184.49693,137.0314,476767
184.43227,137.14418,476772
184.1735,137.43181,476777
184.18,137.9463,476782
184.18,138.46408,476787
184.18,139.23192,476791
184.21794,139.67865,476797
184.21794,139.67865,476802
184.21794,139.67865,476808
184.21794,140.19862,476814
183.96739,140.52805,476819
183.85748,140.59744,476824
183.65245,140.79437,476829
182.76242,140.82,476834
181.98317,140.81999,476839
181.07672,140.82,476844
181.07672,140.82,476850
181.07672,140.82,476856
181.5967,140.82,476861
182.37625,140.81999,476865
183.41066,140.82002,476871
183.62039,140.81303,476876
183.82246,140.42783,476881
184.01242,139.9623,476885
184.02,139.08032,476889
184.02,138.39458,476894
184.05894,137.87607,476898
184.13683,136.83904,476903
184.20497,135.93164,476908
184.26338,135.15387,476914
184.30232,134.63536,476919
184.3757,133.98955,476925
184.47847,133.0854,476929
184.56654,132.31044,476934
184.69073,131.4091,476938
184.8037,130.63736,476944
184.87874,130.12283,476949
185.00502,129.48526,476954
185.17998,128.59264,476959
185.18707,128.37654,476964
185.68933,128.03114,476970
186.37999,127.66886,476975
187.2976,127.179504,476980
187.98595,126.81273,476985
188.09218,126.1715,476990
188.17715,125.658516,476995
188.17996,125.435234,477001
188.49983,125.07146,477006
189.02757,124.56908,477011
189.02994,124.3728,477016
189.10925,124.07743,477022
189.32521,123.979546,477027
189.12973,124.06205,477032
188.71382,124.71268,477038
188.50867,125.04433,477043
188.33484,125.22168,477048
188.16724,125.72193,477053
188.16158,126.50187,477059
187.72008,126.77655,477063
186.94745,127.25725,477068
186.17482,127.73794,477073
185.62294,128.0813,477079
185.41867,128.1804,477084
185.17451,128.46182,477089
185.16373,128.5927,477094
185.06401,129.10303,477100
184.96428,129.61334,477105
184.90468,129.99875,477110
184.7855,130.76955,477116
184.66632,131.54034,477121
184.6038,132.05655,477126
184.4944,132.9599,477131
184.40062,133.7342,477136
184.35373,134.12135,477141
184.282,134.63637,477146
184.15645,135.53761,477151
184.04883,136.31012,477156
183.94122,137.08261,477160
183.82002,137.98387,477166
184.02231,138.39694,477171
184.02,139.17351,477177
184.17996,139.50516,477182
184.17996,139.50516,477186
184.17996,139.50516,477246
184.17996,139.50516,477252
184.17996,140.02513,477258
183.9707,140.43939,477264
183.8008,140.6162,477269
183.43996,140.82,477274
182.53094,140.82,477279
181.88156,140.82,477284
180.9768,140.82,477289
180.9768,140.82,477295
180.9768,140.82,477302
181.49678,140.82,477306
182.53612,140.82,477310
183.18394,140.82,477315
183.63756,140.80591,477320
183.83263,140.51042,477325
183.98097,140.02205,477329
184.02,139.16379,477335
184.02,138.36783,477339
184.17998,137.7439,477345
184.22198,137.3174,477349
184.7437,137.18,477355
185.00238,137.18,477359
185.00238,137.18,477365
185.0531,136.53192,477369
185.11397,135.75433,477374
185.17998,134.84715,477378
185.18001,134.06877,477383
185.18001,133.41885,477388
185.18,132.63902,477393
185.18,131.59947,477398
185.18,130.82123,477403
185.18,130.17137,477409
185.18,129.26186,477414
185.18,128.61385,477419
185.18,128.39809,477425
185.54465,128.10681,477431
186.35028,127.68391,477436
187.03854,127.31698,477440
187.84178,126.88939,477445
187.95653,126.8283,477451
187.95653,126.8283,477456
188.07443,126.18912,477461
188.16875,125.67777,477467
188.20091,125.34675,477473
188.55182,125.18,477478
188.94069,125.1799,477483
188.94069,125.1799,477488
188.94069,125.1799,477493
188.94069,125.1799,477499
189.06392,124.75306,477504
189.02992,124.323456,477509
189.26431,123.989914,477565
189.26431,123.989914,477570
189.26431,123.989914,477578
189.77637,123.96873,477582
190.79677,123.97998,477587
191.39795,124.17996,477591
191.59583,124.18099,477597
191.86996,124.64062,477601
191.95537,125.02113,477606
191.95537,125.02113,477612
191.95537,125.02113,477618
192.60533,125.02113,477622
193.384,125.05779,477627
194.29193,125.11851,477632
195.07022,125.16952,477638
195.58852,125.17999,477643
196.10847,125.17999,477649
197.01831,125.18,477654
197.79811,125.18,477659
198.57777,125.17999,477663
199.48538,125.18,477668
200.13448,125.18,477673
200.6041,125.18137,477678
200.82,125.67206,477683
200.82,126.44836,477689
200.82,126.44836,477695
200.82,126.44836,477702
201.47006,126.44836,477707
202.37259,126.54635,477712
203.2723,126.682594,477717
203.7904,126.72656,477722
204.17899,126.75954,477726
204.78741,126.82,477732
205.43513,126.8201,477736
205.43513,126.8201,477741
205.65504,126.79908,477745
206.09103,126.320045,477751
206.433,125.92835,477756
206.433,125.92835,477762
206.433,125.92835,477768
207.08298,125.92835,477774
207.15332,125.44419,477779
206.86887,124.71795,477835
206.86887,124.71795,477888
206.86887,124.71795,477893
206.86887,124.71795,477899
206.86887,124.197975,477904
205.99759,124.17997,477911
205.99759,124.17997,477916
205.86674,123.676735,477922
205.82005,123.45299,477927
205.53136,123.17163,477933
204.75896,123.063736,477938
203.85884,122.930244,477943
203.23436,123.06754,477948
202.4905,123.302086,477952
201.73903,123.51063,477958
200.96494,123.58668,477962
200.84877,123.64502,477968
200.37419,123.82416,477974
199.98535,123.8201,477981
199.33542,123.82,477986
198.42557,123.82,477992
197.64577,123.82,477997
196.73624,123.82,478003
196.08795,123.82001,478009
195.43803,123.82,478014
194.5282,123.82,478019
193.61847,123.82,478024
192.83894,123.82001,478029
192.19115,123.82001,478034
191.67761,123.90154,478039
190.80705,123.966156,478044
190.0572,123.97997,478049
189.54626,123.97997,478054
189.30151,123.98195,478059
188.921,124.37933,478063
188.51013,125.0423,478068
188.33684,125.22089,478073
188.16849,125.58788,478078
188.16264,126.36782,478083
187.71431,126.76287,478087
187.05174,127.174225,478091
186.39291,127.59168,478096
185.73383,128.00874,478100
185.41989,128.18086,478105
185.17432,128.45915,478110
185.16396,128.59013,478115
185.03943,129.22807,478120
184.96472,129.61082,478125
184.86539,130.25316,478131
184.72632,131.15242,478136
184.66672,131.53783,478141
184.58856,132.18307,478145
184.51039,132.82832,478149
184.40096,133.73167,478153
184.35405,134.11882,478159
184.26439,134.76257,478164
184.15678,135.53508,478169
184.03123,136.43633,478174
183.92363,137.20883,478178
183.82002,137.98134,478183
184.02328,138.39487,478189
184.02,139.29935,478194
184.17995,139.50354,478199
184.17995,139.50354,478203
184.17995,139.50354,478253
184.17995,139.50354,478258
184.17995,140.15352,478264
184.05994,140.46346,478269
183.84143,140.60434,478273
183.62677,140.80736,478278
182.72798,140.82,478282
181.8189,140.82,478287
181.01894,140.82002,478291
181.01894,140.82002,478296
181.01894,140.82002,478302
181.66891,140.82002,478306
182.44843,140.82,478310
183.22578,140.82002,478315
183.67238,140.7863,478319
183.82407,140.42307,478324
184.02002,139.7122,478329
184.02,138.82869,478334
184.02,138.39227,478339
184.17998,137.7672,478344
184.2106,137.33386,478349
184.4499,137.17035,478354
184.96825,137.17998,478358
184.96825,137.17998,478363
184.96825,137.17998,478369
184.96825,136.66,478374
185.06738,135.62639,478379
185.16414,134.85245,478384
185.18001,134.075,478388
185.18001,133.16513,478393
185.18001,132.25539,478398
185.18,131.34595,478403
185.18,130.82741,478409
185.18,130.17755,478413
185.18001,129.26804,478418
185.18,128.61998,478422
185.18,128.40303,478427
185.5387,128.11119,478431
186.45981,127.62867,478437
187.14758,127.26081,478441
187.83554,126.89331,478446
187.9502,126.83206,478450
187.9502,126.83206,478456
188.07053,126.19333,478461
188.1668,125.68235,478467
188.19865,125.35095,478472
188.54285,125.17558,478476
188.93172,125.17999,478482
188.93172,125.17999,478488
188.93172,125.17999,478494
188.93172,125.17999,478500
189.03426,124.686165,478505
189.02992,124.35264,478510
189.26523,123.98966,478561
189.26523,123.98966,478566
189.26523,123.98966,478571
189.90742,123.97149,478576
190.79784,123.97998,478581
191.39888,124.179955,478586
191.59677,124.181244,478591
191.87044,124.642235,478596
191.95576,125.022766,478601
191.95576,125.022766,478607
191.95576,125.022766,478612
192.47574,125.022766,478616
193.38423,125.066475,478621
194.29236,125.12404,478626
195.07082,125.17227,478630
195.58919,125.17999,478634
196.23912,125.17999,478639
197.14896,125.17999,478643
198.05865,125.18,478648
198.96802,125.18,478653
199.486,125.1799,478658
200.13509,125.18,478663
200.6047,125.18156,478668
200.82344,125.54398,478673
200.82,126.32152,478678
200.82,126.450066,478684
200.82,126.450066,478690
201.46675,126.514725,478695
202.3722,126.60524,478700
203.27763,126.69576,478705
203.92584,126.74356,478710
204.66568,126.82001,478715
205.3143,126.8201,478720
205.43968,126.82002,478725
205.6593,126.79665,478730
206.09418,126.31568,478735
206.43642,125.92422,478740
206.43642,125.92422,478746
206.43642,125.92422,478753
207.08638,125.92422,478757
207.10754,125.31972,478762
206.86873,124.71521,478814
206.86873,124.71521,478870
206.86873,124.71521,478875
206.86873,124.71521,478881
206.86873,124.06525,478886
206.15103,124.110634,478892
206.03142,124.16152,478896
205.87651,123.66516,478901
205.82005,123.44424,478905
205.63287,123.19389,478910
204.73239,123.06329,478914
203.9612,122.94666,478919
203.0856,123.10755,478924
202.46709,123.30729,478928
201.9658,123.44545,478933
201.46452,123.58362,478938
201.07465,123.59268,478943
200.83151,123.68475,478947
200.42896,123.82066,478952
199.91068,123.820015,478958
199.39072,123.82001,478964
198.61086,123.82,478968
197.70108,123.82,478973
196.79155,123.82,478978
196.14294,123.8201,478982
195.49301,123.82001,478987
194.71313,123.82,478991
193.80336,123.82,478995
192.89384,123.82,479001
192.24559,123.8201,479005
191.60336,123.92008,479010
190.8664,123.962234,479015
189.99234,123.97997,479021
189.51448,123.97997,479025
189.32198,123.97997,479029
188.83862,124.50502,479034
188.49875,125.05904,479039
188.41646,125.159676,479043
188.17177,125.51346,479048
188.16415,126.29338,479052
187.61005,126.76516,479056
186.84753,127.261566,479061
186.19734,127.692375,479066
185.6553,128.05106,479071
185.34607,128.20091,479076
185.13062,128.72806,479081
185.17183,128.60396,479087
185.06802,129.11346,479091
184.9642,129.62296,479097
184.8246,130.52214,479102
184.70494,131.29288,479107
184.66505,131.54977,479111
184.58694,132.19504,479117
184.47757,133.09839,479122
184.36821,134.00175,479127
184.26245,134.77449,479132
184.13686,135.67574,479138
184.02936,136.44826,479143
183.886,137.47827,479148
183.82,137.99329,479153
184.02501,138.27435,479158
184.02,139.18062,479163
184.1801,139.51074,479168
184.1801,139.51074,479174
184.1801,139.51074,479224
184.1801,139.51074,479228
184.1801,140.2907,479234
183.84346,140.61758,479239
183.46983,140.82877,479244
182.56085,140.81999,479249
181.65192,140.82,479253
181.0061,140.82002,479258
181.0061,140.82002,479263
181.0061,140.82002,479268
181.65608,140.82002,479273
182.56543,140.82,479278
183.34152,140.82,479283
183.66241,140.79268,479288
183.82,140.31615,479293
184.02002,139.73207,479299
184.02002,138.84682,479305
184.02002,138.4048,479310
184.17998,137.77917,479315
184.20871,137.3369,479320
184.70316,137.18,479325
184.96207,137.18,479329
184.96207,137.18,479335
184.96207,137.18,479340
184.96207,136.65993,479344
185.04669,135.75551,479348
185.14606,134.9819,479353
185.18,134.59503,479357
185.18,133.94511,479362
185.18,133.16522,479366
185.18,132.25546,479371
185.18,131.4759,479376
185.18,130.8275,479381
185.18,130.30762,479385
185.18,129.39801,479390
185.18,128.62006,479395
185.18,128.4031,479400
185.65488,128.0531,479405
186.3455,127.69079,479409
187.14764,127.26116,479413
187.95013,126.83218,479418
187.95013,126.83218,479423
187.95013,126.83218,479429
187.95013,126.182205,479434
188.12917,125.57576,479439
188.19077,125.3675,479444
188.5057,125.16827,479449
189.02373,125.17999,479453
189.02373,125.17999,479459
189.02373,125.17999,479464
189.02373,125.17999,479471
189.0753,124.77568,479476
189.02992,124.334595,479481
189.25238,123.99348,479528
189.25238,123.99348,479534
189.25238,123.99348,479540
189.76178,123.968925,479544
190.65628,123.97998,479549
191.38353,124.17236,479553
191.58319,124.17995,479558
191.86299,124.6192,479564
191.9497,124.99942,479569
191.9497,124.99942,479575
191.9497,124.99942,479582
192.46968,124.99942,479586
193.37791,125.04158,479591
194.15572,125.099556,479595
195.06335,125.16437,479600
195.58159,125.17999,479605
196.10153,125.18,479610
196.88141,125.18,479615
197.66122,125.17999,479619
198.64236,125.17999,479625
199.42061,125.17999,479629
200.19943,125.179985,479635
200.55113,125.17999,479639
200.75464,125.29104,479643
200.82,126.15023,479648
200.82,126.535965,479653
200.82,126.535965,479658
200.82,126.535965,479664
201.33998,126.535965,479668
202.37628,126.61133,479673
203.28215,126.69754,479679
203.93042,126.744514,479685
204.66942,126.82,479689
205.31802,126.82001,479694
205.44331,126.82001,479700
205.66263,126.79465,479705
206.01096,126.40998,479710
206.43909,125.920944,479715
206.43909,125.920944,479720
206.43909,125.920944,479726
206.95906,125.920944,479730
207.10883,125.31699,479734
206.8686,124.71304,479785
206.8686,124.71304,479839
206.8686,124.71304,479844
206.8686,124.71304,479850
206.8686,124.06308,479857
206.80305,124.18752,479861
206.28687,123.79255,479867
205.97714,123.55556,479873
205.79732,123.37868,479878
205.34334,123.14805,479883
204.57132,123.03724,479888
203.79994,122.92187,479892
203.17656,123.10586,479896
202.4285,123.326645,479901
201.8007,123.494995,479905
201.54959,123.56233,479910
201.03021,123.587105,479915
200.79123,123.68949,479921
200.38777,123.82378,479925
199.86989,123.82001,479931
199.21997,123.82,479936
198.31015,123.82,479941
197.53036,123.82001,479945
196.62093,123.82001,479950
196.10242,123.82001,479956
195.4525,123.82,479962
194.67264,123.82001,479966
193.63293,123.82,479972
192.59386,123.82,479976
192.20557,123.82001,479981
191.56357,123.92142,479986
190.69562,123.97997,479991
189.83739,123.97997,479995
189.55434,123.97997,480000
189.30504,123.98147,480006
188.92494,124.37552,480010
188.51317,125.037926,480015
188.34106,125.21923,480020
188.16829,125.70923,480025
188.16188,126.48917,480031
187.50098,126.90334,480037
186.72993,127.38655,480042
185.95888,127.86976,480046
185.62842,128.07684,480051
185.42418,128.1804,480056
185.1741,128.44914,480061
185.16516,128.5805,480066
185.0658,129.09091,480070
184.96645,129.6013,480075
184.88692,130.11516,480079
184.74776,131.0144,480084
184.64836,131.65672,480088
184.5711,132.3021,480093
184.46297,133.2056,480098
184.35481,134.1091,480103
184.26523,134.75287,480108
184.13982,135.65413,480114
184.03232,136.42665,480119
183.90692,137.32793,480124
183.82002,137.97168,480129
184.02626,138.38667,480134
184.02,139.29137,480139
184.17886,139.49716,480144
184.17886,139.49716,480150
184.17886,139.49716,480205
184.17886,139.49716,480211
184.17886,140.01714,480216
184.0596,140.45882,480221
183.84215,140.60132,480226
183.63438,140.80382,480230
182.73831,140.82,480234
181.95905,140.82,480238
181.0529,140.82,480243
181.0529,140.82,480249
181.0529,140.82,480255
181.70287,140.82,480260
182.61218,140.81999,480266
183.38748,140.82,480271
183.59732,140.82,480277
183.81033,140.62036,480281
183.98529,140.01515,480286
184.02,139.15451,480291
184.02,138.44739,480295
184.17996,137.73872,480300
184.22458,137.31403,480305
184.88043,137.18,480310
185.00954,137.18,480317
185.00954,137.18,480323
185.04878,136.6615,480328
185.10767,135.88377,480332
185.17635,134.97641,480337
185.18,134.58833,480342
185.18,133.93842,480348
185.18,133.15855,480353
185.18001,132.37875,480357
185.18,131.59912,480362
185.18,130.82086,480366
185.18001,130.30098,480371
185.18,129.5213,480375
185.17998,128.6135,480381
185.17998,128.39781,480386
185.54497,128.10657,480391
186.35062,127.68368,480396
187.15355,127.25554,480401
187.95686,126.82808,480405
187.95686,126.82808,480411
187.95686,126.82808,480416
187.95686,126.178116,480423
188.10356,125.68678,480428
188.19313,125.36216,480432
188.51785,125.16963,480437
189.0358,125.17999,480442
189.0358,125.17999,480448
189.0358,125.17999,480454
189.0358,125.17999,480461
189.07785,124.77943,480466
189.02992,124.31163,480471
189.28168,123.98561,480518
189.28168,123.98561,480523
189.28168,123.98561,480528
189.79694,123.96967,480532
190.69058,123.97998,480537
191.29424,124.13562,480543
191.6009,124.182434,480547
191.90079,124.77637,480552
191.95753,125.03009,480558
191.95753,125.03009,480564
192.60672,125.061844,480569
193.38576,125.099945,480574
194.16478,125.138054,480579
195.20346,125.18,480583
195.59207,125.179985,480588
196.242,125.18,480593
197.02187,125.17999,480598
197.93163,125.18,480603
198.8411,125.18,480607
199.48889,125.17999,480612
200.26746,125.17999,480617
200.6076,125.18245,480623
200.82442,125.42194,480627
200.82,126.32927,480632
200.82002,126.457756,480638
200.82002,126.457756,480644
201.46695,126.52059,480650
202.37263,126.60856,480655
203.27834,126.696526,480660
203.92657,126.74392,480665
204.79626,126.82001,480670
205.315,126.82001,480674
205.44037,126.82001,480679
205.65994,126.79628,480684
206.09464,126.31501,480689
206.43692,125.923584,480693
206.43692,125.923584,480700
206.43692,125.923584,480706
207.0869,125.923584,480711
207.10779,125.31919,480716
206.8687,124.7148,480770
206.8687,124.7148,480823
206.8687,124.7148,480827
206.8687,124.7148,480832
206.8687,124.06483,480837
206.2986,123.98699,480841
206.07056,124.111855,480848
206.07056,124.111855,480855
205.88118,123.627594,480859
205.82005,123.41405,480864
205.42882,123.156685,480869
204.65648,123.04823,480874
203.75633,122.914986,480878
203.1351,123.106125,480882
202.38963,123.335495,480887
201.88757,123.470825,480892
201.51103,123.57232,480897
200.99141,123.59147,480902
200.75507,123.699776,480907
200.21274,123.82001,480913
199.95375,123.82001,480919
199.43379,123.82,480923
198.39397,123.82,480928
197.74416,123.82,480932
196.70471,123.82001,480936
196.05667,123.8201,480941
195.53673,123.82001,480946
194.75685,123.82001,480950
193.84708,123.82001,480955
192.93755,123.82001,480960
192.28902,123.82001,480965
191.64656,123.91853,480971
190.91122,123.96995,480976
190.1568,123.97998,480980
189.5348,123.97998,480986
189.2966,123.98268,480991
188.87868,124.428246,480996
188.54239,124.98446,481001
188.38303,125.18987,481005
188.16847,125.47812,481010
188.16315,126.258064,481015
187.706,126.76905,481019
186.93118,127.24544,481024
186.27351,127.664734,481028
185.61528,128.08315,481033
185.41129,128.18144,481038
185.15335,128.60603,481043
185.16788,128.6092,481049
185.0652,129.11894,481053
184.96254,129.6287,481057
184.86305,130.271,481063
184.74365,131.04176,481067
184.66405,131.5556,481073
184.60161,132.07182,481079
184.50795,132.84613,481083
184.39868,133.74951,481088
184.35184,134.13666,481093
184.28008,134.65166,481098
184.15446,135.5529,481103
184.02887,136.45415,481108
183.90327,137.3554,481112
183.82002,137.99915,481117
184.02602,138.27867,481121
184.02,139.18486,481126
184.18019,139.51407,481131
184.18019,139.51407,481136
184.18019,139.51407,481194
184.18019,139.51407,481200
184.18019,140.16403,481206
183.96866,140.44518,481211
183.79907,140.62137,481216
183.42505,140.82068,481221
182.64592,140.82,481225
181.73685,140.81999,481230
180.96225,140.82,481234
180.96225,140.82,481239
180.96225,140.82,481245
181.61221,140.82,481250
182.39177,140.82,481255
183.16954,140.82002,481260
183.62434,140.81152,481265
183.83044,140.54678,481270
184.01495,139.9554,481276
184.02,139.19896,481281
184.02,138.38966,481285
184.16289,137.88971,481289
184.17998,137.52338,481294
184.21568,137.32614,481299
184.72528,137.18,481304
184.98407,137.18,481310
184.98407,137.18,481316
185.02803,136.66188,481321
185.10498,135.75519,481327
185.17093,134.97801,481332
185.18,134.59003,481338
185.18001,133.9401,481343
185.18001,133.03026,481348
185.18,132.12054,481353
185.18,131.21124,481358
185.17998,130.82256,481363
185.18001,130.30267,481368
185.18,129.39307,481373
185.18,128.61516,481378
185.18,128.39914,481383
185.65962,128.04953,481388
186.35031,127.68733,481393
187.03802,127.31941,481397
187.95528,126.82936,481402
187.95528,126.82936,481407
187.95528,126.82936,481412
187.95528,126.1794,481418
188.13235,125.571945,481423
188.19258,125.363396,481427
188.64474,125.17833,481432
189.03302,125.17999,481438
189.03302,125.17999,481443
189.03302,125.17999,481449
189.03302,125.17999,481456
189.07724,124.77855,481460
189.02994,124.33622,481464
189.28224,123.985504,481515
189.28224,123.985504,481519
189.28224,123.985504,481525
189.92755,123.971794,481531
190.81726,123.97997,481537
191.29663,124.136154,481541
191.60318,124.18311,481546
191.8451,124.52662,481551
191.95847,125.03408,481555
191.95847,125.03408,481561
191.95847,125.03408,481566
192.60843,125.03408,481571
193.38727,125.0684,481576
194.29544,125.12524,481580
195.20369,125.17999,481585
195.59229,125.17999,481591
196.2422,125.18,481597
197.15204,125.18,481602
198.06174,125.18,481607
198.9711,125.17999,481611
199.48904,125.17999,481616
200.00845,125.18,481621
200.39653,125.17999,481626
200.60774,125.18249,481632
200.82,125.55214,481637
200.82,126.329636,481641
200.82,126.45812,481647
200.82,126.45812,481652
201.46695,126.52087,481657
202.24326,126.59616,481662
203.01958,126.671455,481666
203.27835,126.696556,481672
203.92659,126.743935,481678
204.66093,126.82,481683
205.30959,126.82001,481687
205.43507,126.82001,481693
205.655,126.799126,481698
206.09099,126.32008,481703
206.43297,125.92839,481707
206.43297,125.92839,481714
206.43297,125.92839,481720
206.95294,125.92839,481725
207.1059,125.32318,481730
206.86887,124.71798,481784
206.86887,124.71798,481842
206.86887,124.71798,481849
206.86887,124.71798,481856
207.51883,124.71798,481861
207.6633,124.211,481866
207.46112,123.323784,481871
207.9091,122.949486,481875
207.9091,122.949486,481927
207.9091,122.949486,481931
207.9091,122.949486,481983
207.9091,122.949486,481989
207.9091,123.46946,481995
207.9091,124.24942,482051
207.9091,124.24942,482057
207.9091,124.24942,482063
207.25914,124.24942,482068
206.99915,124.24942,482074
206.90717,124.76119,482079
206.82002,125.272964,482085
206.82002,125.5944,482090
206.462,125.827515,482094
206.07492,125.82001,482100
206.07492,125.82001,482106
206.07492,125.82001,482112
206.07492,126.33998,482117
205.95055,126.63777,482123
205.83113,126.68915,482129
205.42636,126.82269,482134
204.64835,126.82,482139
204.64835,126.8201,482144
204.64835,126.8201,482149
204.12837,126.8201,482154
203.98024,126.75385,482158
204.14459,126.12501,482164
204.17746,125.99924,482169
204.17746,125.99924,482175
203.81099,125.86588,482181
203.29256,125.82584,482186
202.64719,125.82001,482192
202.4385,125.82001,482197
202.1794,125.59147,482203
202.17998,124.81829,482208
202.17998,124.69111,482213
202.17998,124.69111,482220
202.18674,124.3889,482225
202.50778,124.1799,482230
203.02002,124.17999,482236
203.02002,124.17999,482241
203.02002,124.17999,482247
203.02002,123.53002,482254
203.3804,123.02519,482258
203.41267,122.50622,482262
203.46106,121.72776,482266
203.5014,121.07905,482272
203.6249,120.850266,482277
203.82129,120.437256,482282
203.99753,119.99172,482286
204.02003,119.214516,482291
204.02,118.6959,482296
203.97218,117.78953,482301
203.9066,117.01234,482305
203.83336,116.10534,482310
203.82,115.459175,482316
203.82,115.459175,482321
203.82,115.459175,482327
203.82,114.9392,482333
203.82,114.029396,482338
203.82,112.99001,482343
203.82,112.08142,482348
203.82,111.56569,482354
203.81999,110.91588,482359
203.81999,110.13629,482364
203.82,109.1,482418
203.82,109.1,482423
203.82002,108.71259,482428
203.78314,108.32878,482434
203.2403,108.10775,482438
202.35408,107.901566,482443
201.34276,107.65927,482448
200.96346,107.56863,482453
200.96346,107.56863,482458
200.96346,107.56863,482463
200.96346,106.918655,482468
200.83704,105.88902,482473
200.82,105.422844,482477
200.51573,105.167305,482482
199.87083,105.17999,482487
199.87083,105.17999,482492
199.87083,105.17999,482499
200.5208,105.17999,482504
200.78079,105.17999,482510
201.03078,105.63593,482514
201.53075,106.547806,482519
201.96071,107.03525,482524
202.47665,107.62017,482528
203.03545,107.95214,482533
203.25897,108.08493,482539
203.5745,108.17994,482544
203.82893,108.531555,482550
203.82,109.31042,482554
203.82,110.21964,482559
203.82,110.9969,482563
203.81999,111.64505,482568
203.82,112.55476,482573
203.81999,113.46426,482578
203.82,114.37302,482582
203.82,114.89319,482587
203.81999,115.4131,482592
203.82,116.32283,482598
203.88045,116.96795,482602
203.83627,116.31949,482608
203.82,115.41451,482613
203.99403,114.92453,482618
204.34207,113.94455,482622
204.6031,113.209564,482628
204.82063,112.59708,482633
205.08167,111.8621,482639
205.16869,111.6171,482644
205.18001,110.96741,482650
205.18,110.058235,482654
205.18,109.15073,482659
205.17998,108.637856,482664
205.20972,108.33729,482669
205.20972,108.33729,482676
205.18,108.967674,482682
205.18,109.74683,482686
205.18,110.78355,482691
205.18,111.166374,482696
205.1016,111.680405,482701
204.96439,112.579956,482706
204.80757,113.60802,482711
204.71407,114.25122,482716
204.58464,115.151924,482720
204.51067,115.6666,482726
204.48074,116.185715,482731
204.43587,116.964386,482736
204.33319,117.20324,482740
204.18,117.69032,482746
204.17998,118.725975,482750
204.17998,119.36949,482754
204.17998,119.578896,482760
204.51353,119.94204,482766
205.09865,120.45777,482772
205.19882,120.64768,482778
205.64877,121.11635,482783
206.19202,121.676,482788
206.91612,122.42244,482793
207.18767,122.702354,482798
207.66986,123.13817,482805
208.15207,123.57399,482810
208.74214,123.964455,482814
209.15312,124.04639,482818
209.80228,123.97998,482823
210.98451,123.99378,482873
210.98451,123.99378,482880
210.98451,123.99378,482885
211.63449,123.99378,482891
211.85454,124.51222,482895
211.82,125.03066,482901
211.82,125.03066,482906
211.82,125.03066,482913
212.34,125.03066,482917
213.24783,125.08289,482921
214.02547,125.1431,482926
214.80276,125.17999,482931
215.45268,125.18,482937
216.23256,125.18,482941
217.27225,125.179985,482946
218.18156,125.18,482951
218.57048,125.17999,482956
219.09033,125.18,482962
219.99962,125.17999,482967
220.3881,125.17999,482972
220.91687,125.40934,482979
221.54504,125.871544,482983
222.49358,126.55642,482987
222.49358,126.55642,482993
222.49358,126.55642,483003
221.9736,126.55642,483009
221.30199,126.053406,483014
220.8162,125.4488,483019
220.62842,125.19293,483025
219.72707,125.17999,483030
219.0792,125.17999,483034
218.5808,125.031746,483041
217.8332,124.809364,483046
217.34445,124.63192,483052
216.61131,124.36576,483057
216.00229,124.138725,483062
215.27145,123.86628,483067
214.7516,123.85526,483072
213.71188,123.83323,483077
212.9321,123.82001,483082
211.8928,123.82,483087
211.50392,123.82001,483093
210.98401,123.82001,483098
210.07423,123.82001,483103
209.16483,123.82001,483107
208.6463,123.8201,483112
208.23457,123.701065,483118
207.57117,123.07824,483123
206.92198,123.04648,483128
205.88327,122.99564,483133
205.10425,122.95752,483137
204.19537,122.91305,483141
203.80586,122.89399,483147
203.30937,123.04851,483152
202.44054,123.31891,483157
201.93878,123.455376,483161
201.56247,123.557724,483223
201.94032,123.46121,483228
202.10176,123.95549,483232
202.18246,124.20263,483238
202.18,124.84445,483243
202.18,125.35748,483249
202.20763,125.65922,483255
202.69759,126.075935,483260
203.31165,126.55683,483265
203.31165,126.55683,483270
203.31165,126.55683,483276
203.31165,127.2068,483282
203.86414,127.12443,483287
204.19563,126.919014,483292
204.71315,126.8685,483297
205.35997,126.82001,483302
205.48405,126.82001,483307
205.59073,126.82001,483313
206.03815,126.37861,483318
206.38075,125.98746,483324
206.38075,125.98746,483329
206.38075,125.98746,483335
207.03072,125.98746,483340
207.12202,125.495605,483345
206.82683,124.634865,483407
206.82683,124.634865,483471
206.82683,124.634865,483477
206.82683,124.634865,483482
206.82683,123.98489,483489
206.3657,123.9652,483493
206.01987,124.14542,483498
206.01987,124.14542,483504
206.01987,124.14542,483510
206.66983,124.14542,483515
206.8649,124.25804,483521
207.0139,124.47109,483527
207.40382,124.46479,483531
207.8295,124.166176,483535
208.14876,123.942215,483539
208.668,123.91461,483544
209.57596,123.8663,483549
210.35483,123.82492,483608
210.35483,123.82492,483613
211.00264,123.82001,483618
211.51575,124.17994,483623
211.82643,124.60937,483628
211.82,124.99889,483633
211.82,124.99889,483638
211.82,124.99889,483645
212.47006,124.99889,483650
213.37686,125.06289,483655
214.28273,125.149086,483660
214.80025,125.17999,483666
215.45018,125.18,483670
216.23004,125.18,483674
217.26973,125.17999,483679
218.17906,125.18,483684
218.56798,125.17999,483690
219.21779,125.18,483694
219.99713,125.17999,483699
220.38565,125.17999,483704
220.9155,125.40677,483709
221.54333,125.86942,483714
222.3862,126.47859,483719
222.49153,126.55477,483724
222.49153,126.55477,483731
221.96236,126.17737,483736
221.22151,125.648994,483741
220.79817,125.34707,483747
220.33192,125.17996,483752
219.42274,125.17999,483757
219.16373,125.17999,483763
218.53806,125.003944,483768
217.78725,124.79269,483773
217.2985,124.61524,483778
216.56534,124.349075,483783
216.07817,124.16732,483788
215.34741,123.89469,483793
214.57565,123.84584,483798
213.79582,123.83323,483803
213.01604,123.82,483807
211.97662,123.82001,483812
211.45815,123.82001,483818
210.80826,123.82,483823
210.0292,123.82,483828
209.11981,123.82001,483833
208.6016,123.82001,483838
208.19539,123.66615,483843
207.53273,123.04254,483848
207.17966,122.66082,483853
206.47351,121.89738,483858
205.85562,121.22936,483864
205.59082,120.94307,483869
205.40517,120.81273,483874
205.04254,120.47496,483879
204.61572,119.98478,483884
204.43631,119.81461,483890
204.16713,119.515625,483896
204.18,118.60979,483901
204.18,117.70352,483906
204.18,117.70352,483912
204.02411,118.19958,483917
204.02005,118.864105,483921
204.02,119.6303,483927
203.85619,120.36623,483931
203.79456,120.654335,483936
203.40111,120.97545,483940
202.66158,121.50563,483945
202.02957,121.96269,483949
201.29199,122.4956,483953
200.97589,122.724,483958
200.88257,123.10265,483963
200.82036,123.35509,483968
200.78583,123.67305,483973
200.4086,123.823326,483977
200.27856,123.8201,483982
199.89024,123.82001,483987
199.11034,123.82,483993
198.20052,123.82,483998
197.2908,123.82,484003
196.38167,123.82,484008
196.12265,123.82001,484014
195.4727,123.82001,484019
194.56287,123.82,484024
193.65312,123.82001,484029
192.74373,123.82001,484034
192.22548,123.82001,484038
191.71857,123.93582,484043
191.21165,124.05164,484047
190.72977,123.97705,484051
190.72977,123.97705,484056
190.72977,123.97705,484062
190.72977,123.97705,484066
190.72977,123.97705,484133
190.72977,123.97705,484141
191.37973,123.97705,484146
191.63336,124.205765,484152
191.85173,124.58539,484156
191.94046,124.96514,484161
191.94046,124.96514,484167
191.94046,124.96514,484173
191.94046,124.96514,484179
191.85596,124.71927,484184
191.82005,124.40878,484189
191.52773,124.16761,484195
191.0434,124.03513,484199
190.21524,123.97997,484204
189.50609,123.97997,484209
189.28433,123.98486,484214
189.02898,124.23918,484219
189.05864,124.16573,484224
188.61723,123.88981,484229
188.40837,123.82006,484235
188.1702,123.54436,484239
188.16422,123.15442,484246
188.16422,123.15442,484252
188.16422,123.15442,484258
187.51424,123.15442,484264
187.1625,123.79788,484269
187.03493,124.56724,484274
186.92131,125.2072,484279
186.69722,125.67641,484285
186.30505,126.49752,484290
186.08098,126.96673,484295
185.77066,127.537834,484301
185.5224,127.99471,484305
185.5224,127.99471,484366
185.5224,127.99471,484371
185.5224,127.99471,484378
185.00243,127.99471,484382
184.75288,128.49536,484387
184.9617,129.3807,484392
185.15628,130.26962,484396
185.16429,130.78954,484401
185.17633,131.5694,484406
185.18,132.47919,484411
185.18001,133.38878,484417
185.18,134.16684,484421
185.18,134.68675,484428
185.18,135.3366,484433
185.18,135.98634,484440
185.18,136.63571,484447
185.18,137.02391,484452
185.18,137.02391,484457
185.18,137.02391,484462
185.18,137.02391,484470
184.67737,137.1571,484476
184.56165,137.17996,484481
184.42569,137.1863,484486
184.18,137.72728,484491
184.18,137.98299,484498
184.18,138.50046,484505
184.17998,139.26796,484510
184.23907,139.70515,484515
184.23907,139.70515,484522
184.23907,139.70515,484529
184.23907,140.22513,484535
183.98447,140.53773,484540
183.87193,140.60278,484545
183.53746,140.8316,484550
182.62851,140.81999,484555
181.84924,140.82,484560
181.07268,140.82,484564
181.07268,140.82,484571
181.07268,140.82,484578
181.59265,140.82,484583
182.5044,140.8201,484588
183.409,140.82,484594
183.61876,140.81364,484599
183.8217,140.43236,484604
184.01103,139.96571,484609
184.02,139.08463,484614
184.02,138.39745,484619
184.06865,137.7493,484624
184.13673,136.8419,484629
184.1951,136.06413,484635
184.25348,135.28635,484639
184.30211,134.63821,484645
184.37547,133.9924,484650
184.4782,133.08826,484655
184.56622,132.31328,484659
184.67142,131.54054,484665
184.8032,130.64018,484670
184.8783,130.12566,484675
185.02979,129.36055,484680
185.17998,128.59544,484686
185.18599,128.37935,484692
185.68552,128.03323,484698
186.49084,127.60973,484703
187.17902,127.24263,484708
187.9821,126.814766,484713
188.06833,126.301994,484718
188.1761,125.66102,484724
188.1761,125.66102,484730
188.17995,125.437454,484734
188.4971,125.07303,484739
189.02771,124.5708,484743
189.02992,124.31201,484749
189.27878,123.9745,484754
189.49025,123.979904,484760
189.49025,123.979904,484765
189.49025,123.979904,484770
189.49025,123.979904,484831
189.49025,123.979904,484837
188.84029,123.979904,484842
189.00679,124.27735,484847
189.1143,124.898994,484852
189.1617,125.02004,484858
189.1617,125.02004,484864
188.65877,125.15207,484869
188.43788,125.179955,484875
188.22076,125.32209,484880
188.18,125.94584,484885
188.17998,126.4643,484889
188.17258,127.11423,484894
188.16223,128.02412,484899
188.16223,128.02412,484905
188.16223,128.02412,484911
187.51225,128.02412,484916
186.47672,128.10684,484921
185.70102,128.18,484925
185.36678,128.19107,484930
185.36678,128.19107,484986
185.36678,128.19107,484991
185.36678,128.19107,484997
185.88124,128.17659,485002
186.65915,127.787224,485008
187.2916,127.330956,485013
187.92949,126.88216,485018
188.0545,126.24432,485023
188.17952,125.60649,485029
188.18213,125.390656,485035
188.64081,124.9509,485041
189.0302,124.61389,485046
189.02992,124.35498,485050
189.02995,124.295204,485055
189.03407,124.24626,485060
189.40733,123.97421,485065
190.0488,123.97999,485069
190.9283,123.97999,485074
191.40604,124.17996,485079
191.60387,124.18333,485085
191.81706,124.40097,485090
191.95874,125.03531,485096
191.95874,125.03531,485102
191.95874,125.03531,485107
192.60872,125.03531,485112
193.38747,125.074974,485118
194.16605,125.121376,485123
195.07442,125.17488,485128
195.59279,125.1799,485133
196.11275,125.17999,485139
197.15254,125.18,485144
197.93231,125.18,485149
198.8418,125.17999,485154
199.48958,125.1799,485159
200.00899,125.17999,485163
200.26813,125.17999,485169
200.5982,125.17999,485174
200.82898,125.52536,485179
200.82002,126.43165,485184
200.82002,126.43165,485190
200.82002,126.43165,485195
201.46999,126.43165,485200
202.24327,126.514755,485204
203.14165,126.65936,485209
203.78802,126.725006,485214
204.17654,126.75881,485220
204.65466,126.82082,485225
205.4323,126.82001,485230
205.4323,126.82001,485235
205.65237,126.80057,485241
206.089,126.32273,485246
206.43085,125.93092,485251
206.43085,125.93092,485258
206.43085,125.93092,485263
206.95082,125.93092,485267
207.02269,125.30878,485273
206.83456,124.68662,485328
206.83456,124.68662,485388
206.83456,124.68662,485394
206.83456,124.68662,485399
206.83456,124.03666,485406
206.36346,123.99676,485410
206.01015,124.16182,485414
206.01015,124.16182,485421
206.01015,124.16182,485429
206.40013,124.16182,485434
206.66011,124.16182,485440
206.93086,124.44249,485446
207.40868,124.49263,485451
207.82793,124.18504,485456
208.14235,123.95435,485461
208.79128,123.91735,485467
209.69908,123.865555,485471
210.47778,123.821175,485529
210.47778,123.821175,485534
210.99583,123.82001,485538
211.40764,124.13749,485543
211.8314,124.46645,485548
211.82,124.98589,485553
211.82,124.98589,485561
211.82,124.98589,485566
212.34007,124.98589,485571
212.73006,124.98589,485577
213.37671,125.05143,485584
214.28203,125.14318,485589
214.79926,125.179985,485595
215.3192,125.18,485599
216.22905,125.18,485603
217.1388,125.18,485609
218.17805,125.17999,485614
218.69592,125.17999,485618
219.3457,125.17999,485623
220.12485,125.18,485627
220.90327,125.40684,485632
221.52682,125.87432,485637
222.37537,126.47553,485642
222.48138,126.55075,485647
222.48138,126.55075,485656
221.95265,126.17274,485660
221.21242,125.643524,485665
220.78941,125.34112,485670
220.3146,125.18,485675
219.40546,125.17999,485679
219.1465,125.17999,485685
218.52135,125.00213,485690
217.8962,124.824265,485695
217.28426,124.605194,485700
216.54993,124.342316,485705
216.06265,124.16085,485709
215.33173,123.88864,485714
214.68199,123.87156,485719
213.9023,123.85106,485723
212.99266,123.82713,485727
212.08313,123.82,485731
211.43495,123.820015,485736
210.91502,123.82001,485741
209.87604,123.82,485747
209.09665,123.82,485751
208.57863,123.8201,485755
208.07953,123.55289,485760
207.50986,123.02014,485765
207.15698,122.63824,485770
206.45123,121.87443,485775
205.92192,121.30157,485780
205.56905,120.91966,485785
205.47868,120.8262,485792
205.10622,120.55048,485797
204.59491,119.961494,485802
204.41284,119.81177,485808
204.17737,119.58385,485813
204.17998,119.32938,485818
204.18,118.80973,485823
204.17998,117.77281,485829
204.18,117.64466,485835
204.18,117.64466,485842
204.18,117.432304,485848
204.4618,117.16866,485852
204.97858,117.17999,485859
204.97858,117.17999,485866
204.97858,117.17999,485873
204.97858,116.66002,485879
205.14389,115.64144,485884
205.18001,114.87007,485890
205.18,113.96047,485895
205.18001,113.05136,485900
205.18,112.273,485904
205.18,111.62921,485909
205.18001,111.23937,485913
205.18,110.20029,485918
205.18,109.292496,485923
205.18,108.649796,485928
205.18,108.649796,485979
205.18,108.649796,485984
205.18,108.649796,485990
205.18,107.99983,485995
205.81187,107.892105,486000
206.82587,108.12278,486005
207.0798,108.17851,486011
207.0798,108.17851,486016
207.0798,108.17851,486023
207.0798,107.52854,486029
207.49222,106.606544,486034
207.96016,105.826195,486039
208.1825,105.39686,486044
208.50226,105.1799,486048
209.02272,105.17999,486052
209.02272,105.17999,486058
209.02272,105.17999,486073
208.50275,105.17999,486077
208.11278,105.17999,486082
207.87392,105.92248,486087
207.59525,106.78872,486092
207.43602,107.28371,486097
206.7326,107.620705,486104
205.91197,108.01386,486108
205.6775,108.1262,486113
205.37401,108.19136,486120
205.17076,108.44495,486125
205.18,109.483215,486130
205.18,110.5209,486135
205.18,111.16245,486191
205.18,111.16245,486198
205.18,110.64276,486203
205.18,109.863594,486207
205.17998,108.95688,486212
205.18,108.70074,486217
205.18,108.70074,486271
205.18,108.70074,486276
205.18,108.70074,486282
205.18,108.05077,486287
205.81514,107.928795,486292
206.83426,108.135735,486298
207.08928,108.179985,486303
207.08928,108.179985,486309
207.08928,108.179985,486316
207.08928,107.530014,486323
207.43059,106.716896,486328
207.89673,105.93544,486333
208.09448,105.59932,486337
208.18262,105.39383,486343
208.56561,105.17999,486348
208.95273,105.17999,486353
208.95273,105.17999,486358
208.95273,105.17999,486364
208.30276,105.17999,486369
208.01254,105.26334,486375
207.79588,106.01261,486380
207.57922,106.76188,486384
207.43478,107.26138,486389
206.85126,107.54765,486395
206.15102,107.89118,486399
205.68419,108.12019,486404
205.38033,108.18885,486410
205.1799,108.50361,486415
205.18,109.414185,486421
205.18,110.32268,486426
205.18,111.09595,486430
205.1035,111.61027,486435
204.98877,112.381744,486439
204.87402,113.15321,486443
204.79755,113.667534,486448
204.7052,114.310905,486453
204.57593,115.21163,486458
204.52052,115.59766,486463
204.48875,116.11666,486468
204.43315,117.02492,486473
204.37605,117.1417,486479
204.17517,117.42337,486484
204.18,118.332054,486489
204.18,118.84671,486495
204.18,119.36267,486500
204.18,119.573524,486506
204.18,119.573524,486512
203.93385,120.17509,486517
203.76796,120.69526,486523
203.76796,120.69526,486585
203.76796,120.69526,486590
203.76796,120.69526,486596
203.76796,121.34523,486602
203.65573,121.231735,486606
203.0866,121.58606,486612
202.75705,121.98827,486618
202.51112,122.58992,486624
202.2652,123.19156,486629
202.26303,123.71153,486634
202.26086,124.2315,486694
202.26086,124.2315,486699
202.26086,124.2315,486704
201.6109,124.2315,486709
201.9832,124.36592,486714
202.09879,124.87289,486719
202.17998,125.37938,486725
202.21767,125.674904,486731
202.61229,126.008095,486736
203.32831,126.56966,486741
203.32831,126.56966,486748
203.32831,126.56966,486755
203.32831,127.08963,486763
203.81064,127.02538,486768
204.17238,126.8797,486774
204.69113,126.84397,486778
205.3392,126.82001,486783
205.46394,126.82001,486788
205.68054,126.78243,486794
206.02399,126.39202,486798
206.4533,125.904015,486804
206.4533,125.904015,486810
206.4533,125.904015,486815
206.97327,125.904015,486820
207.07332,125.40925,486825
206.8334,124.6671,486829
206.9633,124.672226,486834
207.46295,124.52829,486839
207.96655,124.11737,486844
208.16798,123.953,486849
208.8169,123.91598,486854
209.72453,123.86414,486859
210.50323,123.82001,486916
210.50323,123.82001,486920
210.89241,123.82001,486925
210.89241,123.82001,486933
210.89241,123.82001,486938
211.54237,123.82001,486943
211.80087,124.209984,486949
211.82,124.720505,486954
211.82,124.9802,486959
211.82,124.9802,486967
211.82,124.9802,486972
212.34007,124.9802,486977
213.11734,125.03304,486982
214.02295,125.12187,486986
214.79915,125.17999,486992
215.44908,125.18,486997
216.22894,125.18,487002
217.1387,125.18,487006
218.04817,125.18,487011
218.69589,125.17999,487016
219.21573,125.18,487021
219.99507,125.18,487026
220.3836,125.1799,487032
220.91422,125.40474,487037
221.64719,125.94383,487042
222.38446,126.477165,487047
222.48978,126.553375,487052
222.48978,126.553375,487061
222.06642,126.25147,487066
221.21971,125.64767,487071
220.79636,125.345764,487077
220.198,125.17999,487082
219.4188,125.17999,487087
219.15977,125.17999,487093
218.53423,125.00353,487099
217.78355,124.79178,487104
217.29485,124.614204,487109
216.56177,124.347855,487115
216.07462,124.16607,487120
215.22208,123.847946,487125
214.70218,123.839165,487129
213.66238,123.821594,487134
212.62268,123.82,487139
211.84337,123.82,487144
211.45474,123.820015,487149
210.80484,123.82,487155
209.89589,123.82,487161
209.11647,123.82001,487166
208.59827,123.82001,487170
208.00273,123.484665,487175
207.52933,123.0393,487180
207.00977,123.01866,487184
206.10052,122.98253,487188
205.32118,122.95156,487192
204.28204,122.91028,487196
203.76248,122.88963,487201
203.26761,123.04923,487205
202.40158,123.32853,487210
201.77454,123.49961,487215
201.52371,123.56804,487221
201.0042,123.58978,487226
200.76697,123.69616,487232
200.35765,123.82252,487238
199.96886,123.82001,487243
199.43211,123.82,487250
198.52226,123.82,487254
197.48256,123.82,487259
196.5732,123.82,487264
196.05504,123.82001,487269
195.5351,123.82,487273
194.62524,123.82,487278
193.7155,123.82,487282
192.80606,123.82,487287
192.28741,123.8201,487292
191.77345,123.89895,487297
190.91,123.969345,487302
189.91609,123.97997,487307
189.53435,123.97997,487312
189.2964,123.98271,487317
189.03456,124.21565,487322
189.08588,124.117516,487327
188.63881,123.87823,487331
188.42447,123.82005,487336
188.17578,123.57826,487341
188.16696,123.18838,487347
188.16696,123.18838,487353
188.16696,123.18838,487360
187.64699,123.18838,487365
187.2575,123.82532,487370
187.05432,124.71218,487375
186.9332,125.21785,487380
186.70589,125.68551,487386
186.30809,126.50391,487390
186.08076,126.97156,487395
185.83183,127.42807,487401
185.52066,127.99871,487405
185.52066,127.99871,487464
185.52066,127.99871,487470
185.52066,127.99871,487477
185.00069,127.99871,487482
184.78673,128.62439,487488
184.96658,129.38298,487493
185.15811,130.27255,487499
185.15811,130.27255,487557
185.15811,130.27255,487563
185.15811,129.75258,487568
185.18,128.84375,487573
185.19,128.36926,487578
185.69936,128.0261,487584
186.50375,127.600746,487589
187.19235,127.23445,487593
187.99582,126.80728,487597
187.99582,126.80728,487602
187.99582,126.80728,487607
187.99582,126.15731,487613
188.12704,125.66008,487618
188.17995,125.4415,487623
188.45287,125.16981,487629
188.97128,125.17999,487634
188.97128,125.17999,487641
188.97128,125.17999,487648
188.97128,125.17999,487658
189.06677,124.761154,487663
189.02994,124.32704,487667
189.2605,123.99099,487716
189.2605,123.99099,487721
189.2605,123.99099,487727
189.90172,123.97165,487732
190.79233,123.97998,487737
191.39404,124.17996,487742
191.59193,124.17998,487747
191.8679,124.633835,487752
191.95364,125.014275,487757
191.95364,125.014275,487763
191.95364,125.014275,487768
192.47362,125.014275,487772
193.38208,125.05365,487777
194.28986,125.11643,487782
195.19778,125.17704,487787
195.58638,125.17999,487792
196.23631,125.18,487797
197.27611,125.18,487802
198.31573,125.18,487807
199.09497,125.17999,487813
199.48318,125.1799,487819
200.1323,125.17999,487824
200.6019,125.18075,487829
200.82634,125.535995,487834
200.82,126.18438,487839
200.82,126.44217,487844
200.82,126.44217,487851
200.82,126.44217,487856
201.33998,126.44217,487862
202.24306,126.53648,487867
203.14372,126.6662,487872
203.92014,126.73844,487877
204.17923,126.75998,487883
204.78806,126.82,487887
205.43578,126.82001,487892
205.43578,126.82001,487898
205.65565,126.79875,487904
206.17699,126.22151,487909
206.43349,125.92776,487914
206.43349,125.92776,487920
206.43349,125.92776,487926
207.21346,125.92776,487931
207.00604,125.69993,487936
206.90637,125.18959,487941
206.82002,124.67926,488000
206.82002,124.67926,488056
206.82002,124.67926,488061
206.82002,124.67926,488067
206.82002,124.02929,488073
206.2343,124.05106,488078
206.00002,124.16377,488082
206.00002,124.16377,488088
206.38246,124.179985,488093
206.58324,124.179985,488099
206.97395,124.49947,488104
207.49316,124.471245,488109
208.0058,124.07167,488114
208.86078,123.903824,488119
209.8991,123.854675,488124
210.54794,123.82001,488175
210.54794,123.82001,488179
210.93663,123.82001,488184
211.46457,124.17994,488189
211.82031,124.72303,488194
211.82,124.98271,488199
211.82,124.98271,488205
212.46822,125.03048,488211
213.24606,125.0878,488215
214.15356,125.15467,488219
214.8013,125.17999,488224
215.32124,125.18,488230
216.2311,125.18,488235
217.14084,125.18,488241
218.05031,125.18,488246
218.56908,125.1799,488251
219.34882,125.18,488256
220.12794,125.18,488261
220.80621,125.325905,488265
221.64035,125.9459,488271
221.2018,125.666115,488275
220.98505,125.52255,488283
220.7859,125.35614,488288
220.47145,125.173,488294
219.43234,125.17999,488299
219.17326,125.1799,488304
218.5473,125.004875,488309
217.79616,124.79484,488314
217.18506,124.57343,488319
216.57397,124.35202,488325
215.96497,124.12492,488330
215.23416,123.8524,488335
214.71428,123.84307,488340
213.6745,123.82441,488346
212.76474,123.82,488350
211.85542,123.82,488354
211.46672,123.8201,488360
210.9468,123.82,488365
209.9071,123.82001,488370
209.12769,123.82001,488374
208.6094,123.82001,488379
208.20177,123.673164,488384
207.53949,123.049126,488389
207.18636,122.66746,488394
206.56837,121.99954,488399
206.03867,121.42705,488403
205.59726,120.94997,488409
205.4122,120.81335,488413
205.0492,120.480865,488418
204.62178,119.99119,488423
204.44305,119.815445,488429
204.20158,119.64589,488433
204.18,119.276886,488438
204.18,118.627396,488443
204.18,117.72089,488448
204.18,117.72089,488455
204.18,117.72089,488462
204.18,116.940926,488469
204.72794,116.900536,488473
205.0567,117.1103,488478
205.0567,117.1103,488486
205.0567,117.1103,488494
205.0567,116.46033,488500
205.16026,115.69078,488505
205.17998,115.43644,488511
205.18,114.786644,488516
205.18001,113.87715,488521
205.1799,113.097916,488526
205.18,112.18986,488531
205.18,111.54867,488535
205.18,110.89899,488541
205.18,109.86012,488546
205.18,108.9536,488550
205.18,108.69751,488556
205.18,108.69751,488610
205.18,108.69751,488616
205.18,108.69751,488622
205.18,108.04755,488627
205.80522,107.83516,488632
206.685,108.0673,488637
207.0628,108.16396,488641
207.0628,108.16396,488648
207.0628,108.16396,488655
207.0628,107.384,488661
207.502,106.479454,488666
208.07541,105.61195,488670
208.18422,105.40796,488676
208.53314,105.17147,488681
208.92047,105.17999,488687
208.92047,105.17999,488692
208.92047,105.17999,488707
208.27051,105.17999,488711
208.01051,105.17999,488716
207.83643,105.80621,488722
207.55789,106.80816,488727
207.41862,107.30914,488732
206.83049,107.58583,488737
206.0071,107.9732,488741
205.65422,108.13921,488747
205.44844,108.17995,488751
205.28322,108.256,488757
205.18,109.06274,488761
205.18001,109.97114,488766
205.17998,111.0056,488771
205.10086,111.646324,488776
204.96492,112.54606,488780
204.81154,113.57464,488785
204.71852,114.21791,488789
204.58926,115.11864,488794
204.5154,115.63334,488798
204.47687,116.282166,488804
204.43832,116.93099,488809
204.34062,117.17191,488815
204.10287,117.72148,488821
204.02003,118.54382,488826
204.02003,118.934395,488831
204.02,119.57305,488837
203.8757,120.30952,488841
203.76808,120.69509,488846
203.35564,121.00803,488851
202.40405,121.68867,488905
202.50035,121.93016,488910
202.84529,121.54107,488914
203.36269,120.95743,488919
203.55766,120.8176,488924
203.55766,120.8176,488976
203.55766,120.8176,488981
203.55766,120.8176,488986
204.07764,120.8176,488991
204.17693,120.323074,488995
204.0201,119.83692,488999
204.02003,119.17758,489004
204.02003,119.17758,489010
204.02003,119.17758,489015
204.02003,118.52761,489022
204.17996,117.6385,489027
204.17996,117.4274,489033
204.35968,117.19875,489038
204.9923,117.17999,489043
204.9923,117.17999,489048
204.9923,117.17999,489053
204.9923,117.17999,489059
204.6065,117.17999,489064
204.402,117.18067,489070
204.16975,117.51673,489076
204.18,118.295555,489080
204.18,118.81116,489086
204.18,119.3277,489091
204.19826,119.643936,489096
204.5701,119.99921,489100
205.06026,120.426056,489105
205.19136,120.61076,489110
205.61229,121.08881,489114
206.24878,121.73911,489119
206.88364,122.39101,489124
207.15576,122.67035,489130
207.18196,123.18966,489134
207.24089,124.358116,489191
207.24089,124.358116,489195
207.49469,124.414444,489201
207.39287,124.49524,489206
207.00436,124.46133,489212
206.86565,125.09632,489216
206.82002,125.56365,489221
206.54436,125.83062,489227
206.02837,125.82001,489232
206.02837,125.82001,489238
206.02837,125.82001,489244
206.02837,126.33998,489250
205.90546,126.64231,489255
205.78838,126.698784,489260
205.24454,126.82001,489265
204.72581,126.8201,489270
204.72581,126.8201,489276
204.72581,126.8201,489282
204.20584,126.8201,489287
204.04994,126.74222,489292
204.17342,126.10409,489298
204.18,125.97646,489303
204.18,125.97646,489310
204.18,126.363174,489315
204.18,126.47924,489320
204.18,126.58085,489326
204.49005,126.83234,489331
205.39784,126.82,489336
206.04688,126.791664,489341
206.82567,126.74916,489346
207.08527,126.734985,489352
207.41855,126.33586,489356
208.00177,125.63739,489361
208.17635,125.44473,489366
208.58345,124.986496,489371
209.02994,124.40855,489376
209.02995,124.29454,489381
209.03531,124.23891,489386
209.46011,123.97998,489391
210.95062,123.98752,489445
210.95062,123.98752,489451
211.05055,123.904366,489455
211.47359,124.17994,489460
211.82062,124.73845,489465
211.82,124.99811,489471
211.82,124.99811,489476
212.46844,125.04279,489481
213.24655,125.09641,489486
214.02467,125.15003,489490
214.80222,125.17999,489495
215.32216,125.18,489500
216.23201,125.17999,489504
217.14175,125.18,489509
217.92134,125.18,489513
218.5681,125.17999,489518
219.08795,125.18,489523
219.99724,125.18,489528
220.38576,125.1799,489533
220.81241,125.327774,489538
221.43977,125.79108,489543
222.28157,126.4017,489548
222.49196,126.55444,489554
222.49196,126.55444,489560
222.49196,126.55444,489566
223.14194,126.55444,489571
223.02242,126.65833,489578
222.46475,126.324455,489583
221.68404,125.85703,489588
220.9033,125.38961,489593
220.41487,125.17386,489598
219.3759,125.17999,489602
218.49286,124.99895,489607
217.8686,124.817894,489611
217.25711,124.5976,489616
216.52332,124.33325,489621
216.03613,124.151535,489626
215.30534,123.87897,489630
214.65556,123.863304,489635
213.74588,123.84137,489640
212.83618,123.82,489644
212.05663,123.82,489649
211.40866,123.8201,489653
210.75877,123.82,489659
209.84904,123.82,489664
208.93988,123.82001,489669
208.68079,123.82001,489675
208.17174,123.63723,489680
207.50635,123.016525,489684
207.15349,122.634605,489689
206.53598,121.96624,489693
205.91847,121.29788,489697
205.56561,120.91597,489702
205.47523,120.82253,489708
205.01816,120.44876,489715
204.59196,119.95803,489720
204.40948,119.8114,489725
204.17558,119.57687,489730
204.18,119.32154,489735
204.18,118.67202,489740
204.18,117.89401,489744
204.17995,117.4262,489749
204.30377,116.78813,489756
204.42758,116.15007,489760
204.5234,115.5072,489765
204.65756,114.60719,489770
204.71506,114.22147,489774
204.83665,113.582985,489779
205.00688,112.689095,489784
205.17711,111.795204,489788
205.18001,111.021965,489792
205.18,109.98302,489797
205.18,109.075775,489801
205.18,108.690765,489807
205.18,108.690765,489857
205.18,108.690765,489863
205.18,108.690765,489869
205.18,108.0408,489875
205.94142,107.94979,489880
206.95993,108.15967,489885
207.08739,108.179985,489890
207.08739,108.179985,489896
207.2859,107.699394,489901
207.52782,107.09613,489907
207.96329,106.010254,489912
208.10844,105.64829,489917
208.17995,105.43254,489924
208.46457,105.168396,489928
208.98073,105.17999,489934
208.98073,105.17999,489940
208.98073,105.17999,489951
208.46075,105.17999,489956
208.07077,105.17999,489962
207.88187,105.8019,489967
207.57962,106.79696,489971
207.4285,107.29449,489976
206.7241,107.62942,489981
205.90233,108.020164,489986
205.66753,108.131805,489991
205.4597,108.17994,489996
205.25464,108.28238,490000
205.18,109.12377,490005
205.18,110.16197,490010
205.18,111.06528,490016
205.08539,111.70832,490021
204.97185,112.47998,490026
204.85832,113.25163,490030
204.80156,113.63746,490035
204.72775,114.15217,490041
204.5986,115.05291,490046
204.50633,115.6963,490051
204.47003,116.345245,490056
204.43373,116.9942,490061
204.32605,117.23084,490066
204.08795,117.77427,490070
204.02003,118.5908,490075
204.02003,118.8931,490080
204.02,119.532394,490084
203.83774,120.3948,490088
203.78056,120.6768,490094
203.37735,120.99477,490099
202.63834,121.525665,490103
201.90028,122.05793,490108
201.0567,122.66609,490112
200.95126,122.74211,490118
200.82002,123.3765,490123
200.82002,123.58861,490128
200.82002,123.58861,490184
200.82002,123.58861,490188
200.82002,123.58861,490195
201.46999,123.58861,490200
201.89166,124.21814,490204
202.12688,125.09714,490208
202.17998,125.34777,490213
202.20338,125.65174,490217
202.66757,125.82001,490222
203.31299,125.82001,490226
203.31299,125.82001,490231
203.31299,125.82001,490237
203.31299,126.33998,490243
203.96297,126.59999,490247
204.0874,126.6376,490253
204.2069,126.68877,490258
204.73625,126.82001,490263
205.38445,126.82001,490269
205.38445,126.82001,490274
205.38445,126.82001,490282
205.90442,126.82001,490287
206.05312,126.752815,490293
206.32153,126.30748,490298
206.66812,125.7751,490303
206.8221,125.41755,490308
206.82,124.64249,490313
206.82,124.64249,490372
206.82,124.64249,490377
206.82,124.64249,490383
206.82,124.12251,490389
206.2144,124.09851,490394
206.09328,124.14571,490398
206.09328,124.14571,490403
205.89844,123.66362,490408
205.82005,123.44636,490414
205.70668,123.23373,490419
205.5791,122.729645,490423
205.5153,122.47761,490429
205.49226,121.958145,490434
205.45192,121.04908,490439
205.34975,120.81001,490446
205.0034,120.42273,490451
204.57393,119.93487,490456
204.3885,119.80947,490461
204.18,119.40599,490467
204.18,118.62822,490472
204.17998,117.72171,490477
204.17998,117.72171,490483
204.17998,117.72171,490488
204.17998,117.07174,490493
204.78418,117.05133,490498
205.02586,117.14716,490504
205.02586,117.14716,490510
205.02586,117.14716,490516
205.02586,116.49719,490521
205.15579,115.60374,490525
205.18001,114.957954,490529
205.18,114.048355,490534
205.18,113.269035,490538
205.18,112.360664,490542
205.17998,111.588425,490547
205.18,110.938736,490552
205.18,110.02962,490557
205.18,108.992905,490562
205.18,108.61021,490567
205.18,108.61021,490620
205.18,108.61021,490625
205.18,108.61021,490631
205.18,107.830246,490638
205.799,107.768486,490642
206.66939,108.03376,490647
207.16762,108.17997,490652
207.16762,108.17997,490657
207.16762,108.17997,490663
207.16762,107.659996,490669
207.47551,106.82759,490673
207.95425,105.90447,490678
208.07187,105.67261,490683
208.17993,105.460846,490688
208.38342,105.18814,490693
209.02113,105.17999,490698
209.02113,105.17999,490704
209.02113,105.17999,490709
208.24117,105.17999,490715
208.06877,105.276054,490720
207.873,105.895836,490725
207.63809,106.63958,490729
207.44232,107.25937,490734
206.8586,107.54524,490739
205.92464,108.00265,490744
205.69115,108.11699,490749
205.38667,108.18652,490754
205.17224,108.53622,490758
205.18,109.57419,490764
205.18,110.35269,490768
205.17998,111.12513,490774
205.0834,111.76788,490779
205.16486,111.65395,490784
205.16486,111.65395,490790
205.0734,112.165825,490795
204.8905,113.18956,490800
204.79904,113.70142,490805
204.70486,114.344536,490811
204.59184,115.116264,490816
204.5165,115.63075,490821
204.47758,116.27955,490826
204.43867,116.92835,490831
204.34126,117.1694,490836
204.16966,117.51722,490841
204.18,118.42561,490846
204.17998,118.81163,490852
204.17998,118.81163,490858
204.17998,118.81163,490864
204.17998,118.81163,490918
204.17998,118.81163,490923
204.17998,119.4616,490929
204.17998,119.72159,490934
204.61934,119.82001,490939
205.00629,119.82001,490945
205.00629,119.82001,490952
205.00629,119.82001,490958
205.00629,120.46997,490965
205.24641,120.69964,490971
205.7837,120.82055,490976
206.56319,120.82001,490981
207.08179,120.8201,490986
207.08179,120.8201,490993
207.08179,120.8201,491000
207.08179,121.34007,491006
207.43768,121.57062,491012
207.76039,121.97834,491017
208.04523,122.56256,491022
208.15714,123.19647,491027
208.17996,123.555534,491032
208.17996,123.555534,491087
208.17996,123.555534,491092
208.17996,123.555534,491097
208.17996,124.2055,491103
207.91998,124.46252,491109
207.42007,124.60557,491113
207.04182,124.51069,491118
206.9093,125.01349,491123
206.82004,125.390594,491128
206.82004,125.59517,491133
206.4601,125.82704,491139
206.07304,125.820015,491143
206.07304,125.820015,491149
206.07304,125.820015,491154
206.07304,126.46998,491160
205.94308,126.72667,491165
205.81483,126.74783,491170
205.21614,126.82,491176
204.69754,126.82001,491181
204.69754,126.82001,491188
204.69754,126.82001,491193
204.04758,126.82001,491198
204.0214,126.70631,491202
204.16768,126.07301,491207
204.17998,125.94636,491213
204.17998,125.94636,491219
204.18,126.33347,491224
204.18,126.55932,491231
204.20686,126.66171,491236
204.56282,126.82168,491240
205.34119,126.8201,491245
205.8604,126.80523,491249
206.76889,126.75358,491254
207.15825,126.73145,491259
207.55876,126.21956,491264
208.03938,125.60527,491269
208.192,125.40674,491274
208.51956,125.04021,491278
209.02994,124.38884,491283
209.02994,124.3034,491288
209.0309,124.27341,491293
209.08026,124.12104,491297
209.79268,123.97998,491302
210.94656,123.98348,491359
210.94656,123.98348,491363
211.04793,123.9021,491368
211.57286,124.17995,491373
211.8206,124.73384,491378
211.82,124.9935,491383
211.82,124.9935,491388
212.46846,125.03911,491394
213.2465,125.093834,491398
214.15422,125.157684,491403
214.80203,125.17999,491408
215.45197,125.18,491413
216.23184,125.18,491417
217.14159,125.17999,491422
217.92117,125.18,491427
218.5698,125.17999,491433
219.08965,125.18,491438
219.99893,125.18,491444
220.38744,125.1799,491450
220.81328,125.32961,491454
221.54619,125.86881,491458
222.28291,126.402916,491463
222.49335,126.55558,491468
222.49335,126.55558,491475
222.49335,126.55558,491482
221.84338,126.55558,491488
221.2792,126.13387,491492
220.81917,125.395256,491497
220.58772,125.178055,491501
219.67827,125.17999,491505
219.15967,125.17999,491512
218.65923,125.03881,491516
217.78346,124.79175,491520
217.17256,124.569786,491525
216.56168,124.34782,491529
215.95273,124.12058,491535
216.07405,124.167274,491539
216.07405,124.167274,491548
215.46536,123.93931,491553
214.57196,123.85425,491557
213.79219,123.84281,491561
212.88252,123.82036,491567
211.97307,123.82,491571
211.4546,123.82001,491576
210.80472,123.82001,491582
209.89574,123.82,491587
209.1163,123.82,491592
208.59811,123.82001,491598
208.09724,123.57357,491604
207.52916,123.03914,491609
207.52916,123.03914,491665
207.52916,123.03914,491671
207.52916,123.03914,491678
207.00919,123.03914,491683
206.34895,122.44801,491688
205.92352,121.644325,491693
205.54272,120.963646,491698
205.37334,120.79851,491702
205.01195,120.44886,491706
204.58833,119.9559,491710
204.4059,119.81075,491716
204.17653,119.44161,491720
204.18,118.793564,491725
204.18,117.885735,491730
204.17998,117.419785,491735
204.37625,117.19109,491741
205.01324,117.179985,491746
205.01324,117.179985,491753
205.01324,117.179985,491759
205.01324,116.53002,491765
205.13008,115.76336,491769
205.17998,115.38415,491775
205.18,114.73436,491781
205.18,113.824875,491786
205.18,113.04566,491790
205.18,112.008545,491795
205.18,111.62369,491800
205.18,110.974,491805
205.18,110.19467,491809
205.18,109.286514,491813
205.18,108.644,491819
205.18,108.644,491876
205.18,108.644,491883
205.18,108.644,491889
205.18,107.73405,491895
205.34712,107.96644,491899
205.99118,108.05396,491903
207.02165,108.179985,491908
207.14964,108.179985,491914
207.14964,108.179985,491920
207.26808,107.80842,491925
207.50433,107.20291,491931
207.88234,106.2341,491935
208.1186,105.62859,491940
208.17995,105.41486,491945
208.513,105.16838,491950
209.02823,105.17999,491955
209.02823,105.17999,491960
209.02823,105.17999,491971
208.50826,105.17999,491975
208.11827,105.17999,491981
207.87784,105.92197,491987
207.59734,106.787605,491992
207.43704,107.28226,491998
206.73376,107.61953,492004
205.79608,108.06922,492009
205.37523,108.190865,492015
205.18,108.70072,492020
205.18001,109.47932,492025
205.18,110.5172,492030
205.18,111.1589,492035
205.08224,111.80147,492041
204.9454,112.70107,492045
204.80856,113.600685,492050
204.71512,114.24389,492056
204.5857,115.1446,492062
204.51172,115.65928,492067
204.4816,116.17838,492073
204.4364,116.95703,492078
204.33487,117.19637,492083
204.12733,117.61715,492088
204.0201,118.361145,492093
204.02003,118.7151,492098
204.02,119.666725,492103
203.83531,120.401764,492109
203.77684,120.6822,492115
203.3712,120.99907,492120
202.63226,121.53009,492124
201.99965,121.98631,492129
201.26152,122.51845,492133
200.94518,122.746506,492138
200.82002,123.38169,492143
200.82002,123.59274,492147
200.46024,123.82499,492153
199.94179,123.82001,492158
199.29185,123.82,492163
198.25229,123.8201,492219
197.64644,124.05547,492225
197.4041,124.14963,492230
198.04565,124.04543,492235
199.07216,123.878716,492241
199.45709,123.82002,492246
200.10625,123.82001,492252
200.5809,123.82001,492256
200.83209,123.49038,492261
200.82,123.10414,492266
200.82,123.10414,492272
200.82,123.10414,492277
201.33998,123.10414,492282
201.39105,123.43343,492286
201.59663,124.05003,492291
201.67886,124.29667,492297
201.94699,124.88876,492302
202.16148,125.362434,492306
202.2087,125.66103,492311
202.68855,125.82001,492316
203.33351,125.82001,492321
203.33351,125.82001,492327
203.33351,125.82001,492334
203.33351,126.46997,492340
203.84822,126.656166,492344
204.10399,126.665016,492350
204.22615,126.709465,492355
204.78331,126.82001,492360
205.43108,126.8201,492364
205.43108,126.8201,492370
205.43108,126.8201,492375
206.08104,126.8201,492380
205.9798,126.67315,492385
206.35739,126.144104,492390
206.58394,125.826675,492395
206.83264,125.51339,492401
206.82,124.73689,492407
206.82,124.73689,492464
206.82,124.73689,492469
206.82,124.73689,492474
206.82,124.08692,492481
206.82,123.43696,492534
206.82,123.43696,492539
206.82,123.43696,492545
206.82,122.78699,492550
206.29955,123.04632,492555
205.98726,123.279915,492560
205.85803,123.26587,492565
205.64929,123.11086,492571
205.53523,122.60356,492576
205.48117,121.82727,492581
205.45052,121.047905,492585
205.34875,120.80866,492590
204.83043,120.22649,492596
204.57283,119.9337,492601
204.38728,119.80932,492606
204.18,119.40354,492611
204.18001,118.6258,492616
204.18,117.719315,492621
204.18,117.719315,492626
204.18,117.719315,492631
204.18,117.06935,492638
204.78374,117.050095,492644
205.02522,117.146385,492649
205.02522,117.146385,492654
205.02522,117.146385,492660
205.02522,116.49642,492667
205.16882,115.60252,492671
205.18001,114.955864,492675
205.18,114.1762,492680
205.18001,113.39679,492684
205.18,112.488205,492689
205.18,111.586395,492693
205.18,110.93671,492697
205.18,110.02764,492701
205.18,109.24949,492706
205.17998,108.608315,492711
205.17998,108.608315,492761
205.17998,108.608315,492766
205.17998,108.608315,492772
205.17998,107.828354,492778
205.79883,107.7671,492783
206.669,108.03306,492787
207.16713,108.17997,492793
207.16713,108.17997,492798
207.16713,108.17997,492804
207.16713,107.659996,492810
207.56206,106.597435,492815
208.05956,105.68441,492820
208.17993,105.473526,492826
208.34769,105.20505,492832
208.97601,105.17999,492837
208.97601,105.17999,492844
208.97601,105.17999,492850
208.32603,105.17999,492855
208.06606,105.17999,492860
207.8783,105.80225,492865
207.61545,106.673416,492870
207.42769,107.29567,492876
206.72319,107.63037,492883
206.57518,107.83868,492887
206.57518,107.83868,492894
205.83983,108.09865,492900
205.40738,108.180145,492904
205.16827,108.463196,492909
205.18001,109.37179,492913
205.18,110.28043,492918
205.18,111.05465,492922
205.07947,111.82255,492926
204.94179,112.72202,492931
204.82477,113.49316,492935
204.73119,114.136345,492939
204.58292,115.16567,492944
204.50877,115.680336,492948
204.47183,116.32925,492954
204.43489,116.978165,492959
204.32996,117.216034,492965
204.18001,117.70591,492970
204.18,118.48419,492975
204.18,118.741936,492980
204.18,119.387054,492985
204.18,119.5925,492991
204.72017,120.12603,492996
205.1109,120.46909,493002
205.20544,120.660774,493008
205.56764,121.033844,493012
206.29204,121.77999,493017
206.83534,122.3396,493022
207.19756,122.71267,493028
207.68002,123.14818,493034
208.1625,123.58369,493039
208.63919,123.916725,493045
209.11891,124.07721,493050
209.7346,123.97998,493056
211.01434,124.01121,493113
211.01434,124.01121,493119
211.01434,124.01121,493126
211.66432,124.01121,493132
211.85782,124.65777,493137
211.83122,124.91639,493143
211.83122,124.91639,493149
211.83122,124.91639,493156
212.48119,124.91639,493161
213.38518,125.00431,493166
214.15846,125.1061,493170
214.80307,125.179985,493175
215.32301,125.18,493180
216.36282,125.17999,493186
217.1426,125.17999,493191
218.05206,125.18,493196
218.57082,125.17999,493200
219.09067,125.17999,493205
219.99995,125.17999,493210
220.38844,125.17999,493216
220.8138,125.3307,493220
221.54544,125.87158,493225
222.38858,126.480354,493231
222.49393,126.556526,493236
222.49393,126.556526,493245
222.07059,126.25459,493251
221.32976,125.72622,493255
220.8006,125.3488,493261
220.46725,125.174194,493267
219.5579,125.17999,493272
219.1691,125.17999,493277
218.54326,125.0045,493282
217.79227,124.79391,493287
217.30345,124.616646,493291
216.5702,124.35074,493296
215.96123,124.123604,493302
215.23044,123.85103,493306
214.58058,123.83958,493311
213.67076,123.82354,493317
212.89095,123.82001,493321
212.11137,123.82,493326
211.463,123.82001,493332
210.68312,123.82,493338
209.6435,123.82001,493344
208.86444,123.82001,493348
208.10435,123.58088,493355
207.5365,123.046196,493360
206.8871,123.019325,493365
205.84804,122.976326,493370
204.93886,122.938705,493375
204.02968,122.901085,493380
203.76991,122.890335,493384
203.15097,123.088745,493389
202.40823,123.32683,493395
201.90659,123.463646,493401
201.53035,123.56626,493406
201.01086,123.58901,493412
200.7732,123.69437,493418
200.23575,123.82001,493423
199.97667,123.82001,493428
199.32674,123.82001,493434
198.54686,123.82,493438
197.6371,123.82,493443
196.8103,123.8201,493448
196.03261,123.8201,493453
195.38269,123.82,493458
194.34311,123.82001,493515
193.86266,124.01885,493519
193.50232,124.167984,493524
192.873,124.005455,493530
192.24368,123.84293,493535
191.8579,123.89992,493540
190.97572,124.00246,493544
190.24167,123.97997,493549
189.51698,123.97997,493554
189.32289,123.97997,493560
189.05362,124.16437,493565
189.07538,124.133865,493570
188.62976,123.88165,493575
188.4175,123.82006,493580
188.17279,123.56344,493585
188.16548,123.17353,493589
188.16548,123.17353,493595
188.16548,123.17353,493600
187.51552,123.17353,493604
187.16202,123.816734,493610
187.03294,124.585846,493615
186.91838,125.22563,493620
186.63686,125.81147,493625
186.24274,126.631645,493631
186.07382,126.98315,493636
185.76288,127.55391,493641
185.51411,128.01051,493647
185.51411,128.01051,493706
185.51411,128.01051,493710
185.51411,128.01051,493716
184.99414,128.01051,493721
184.88397,128.66019,493726
184.91173,129.56972,493731
184.82889,130.21439,493736
184.69635,131.24585,493741
184.64664,131.63264,493746
184.57045,132.27814,493752
184.47902,133.05272,493757
184.38759,133.8273,493762
184.34187,134.2146,493767
184.33733,134.86455,493772
184.33095,135.77448,493777
184.32458,136.6844,493782
184.32185,137.07439,493787
184.18,137.718,493793
184.18,137.97388,493798
184.18,138.49146,493802
184.18,139.38258,493807
184.18,139.5002,493812
184.18,139.5002,493817
183.95421,140.1097,493822
183.8639,140.35349,493828
183.82005,140.56703,493834
183.61914,140.81058,493839
182.97815,140.82,493844
182.19868,140.82,493849
181.4201,140.82,493855
181.03316,140.82,493860
181.03316,140.82,493867
181.03316,140.82,493873
181.55313,140.82,493878
182.3327,140.82,493883
183.36804,140.82,493888
183.58182,140.82,493893
183.8301,140.54938,493898
184.03334,139.83963,493904
184.02002,139.07639,493909
184.02002,138.39198,493914
184.05898,137.87347,493920
184.12717,136.96608,493925
184.19534,136.05869,493930
184.2538,135.28091,493936
184.3025,134.63278,493941
184.37592,133.98697,493947
184.46402,133.212,493951
184.5668,132.30786,493957
184.69102,131.40654,493962
184.80403,130.63481,493968
184.87909,130.12027,493973
184.98016,129.61021,493977
185.13177,128.84514,493982
185.18806,128.37401,493987
185.57677,128.08794,493992
186.26764,127.72605,493997
186.95622,127.35972,494002
187.64496,126.9937,494007
187.98933,126.81069,494012
188.07324,126.29753,494016
188.17812,125.656075,494021
188.17996,125.43308,494026
188.50247,125.06998,494031
189.02744,124.56742,494035
189.02992,124.33613,494040
189.06381,124.146736,494045
189.66849,123.9572,494050
190.5761,123.89371,494055
191.48314,123.82114,494060
191.74203,123.82001,494066
192.36693,123.99879,494072
192.99182,124.17757,494078
192.99182,124.17757,494085
192.38852,123.93574,494090
191.49567,123.99717,494095
190.67613,123.97997,494100
189.93446,123.97997,494105
189.54419,123.97997,494110
189.33307,123.97997,494115
188.9449,124.3294,494119
188.53784,124.994705,494124
188.3774,125.19929,494128
188.16824,125.62655,494133
188.16235,126.40649,494137
187.72768,126.69186,494142
186.96701,127.191246,494146
185.989,127.83331,494152
185.663,128.04735,494156
185.35368,128.19704,494161
185.12784,128.71326,494165
185.17342,128.59015,494170
185.04425,129.22716,494174
184.96675,129.60936,494179
184.86691,130.2516,494184
184.7471,131.02231,494189
184.66724,131.53612,494194
184.60464,132.0523,494199
184.49512,132.95564,494203
184.38559,133.85898,494208
184.3543,134.11708,494213
184.28256,134.63208,494218
184.15703,135.53334,494222
184.01355,136.56334,494226
183.87007,137.59334,494231
183.82,137.9796,494236
184.02393,138.39342,494241
184.02002,139.29793,494246
184.17993,139.5016,494251
184.17993,139.5016,494254
184.17993,139.5016,494307
184.17993,139.5016,494313
184.17993,140.02158,494318
184.06013,140.462,494323
183.8419,140.60333,494328
183.62946,140.80614,494333
182.73149,140.82,494337
181.95221,140.82,494341
181.04617,140.82,494347
181.04617,140.82,494353
181.04617,140.82,494358
181.69614,140.82,494363
182.47556,140.82,494368
183.3808,140.82,494373
183.59203,140.82005,494378
183.83272,140.51497,494383
184.02275,139.93144,494388
184.02,139.04408,494393
184.02,138.37152,494398
184.1652,137.87224,494403
184.17996,137.50784,494408
184.22432,137.31435,494414
184.7502,137.18,494418
185.00883,137.18,494424
185.00883,137.18,494429
185.04822,136.66151,494434
185.11713,135.75417,494439
185.18,134.84683,494444
185.18,133.93848,494449
185.18001,133.15863,494454
185.18001,132.24889,494458
185.18001,131.46933,494463
185.18,130.82097,494467
185.18,130.17111,494472
185.18001,129.13176,494477
185.18,128.6136,494482
185.18,128.39789,494487
185.66112,128.04843,494493
186.35182,127.686264,494498
187.15425,127.25718,494502
187.9569,126.828476,494507
187.9569,126.828476,494512
187.9569,126.828476,494519
187.9569,126.3085,494524
188.13335,125.57074,494529
188.19318,125.36211,494535
188.51799,125.169655,494540
189.03592,125.17999,494544
189.03592,125.17999,494550
189.03592,125.17999,494555
189.03592,125.17999,494561
189.04585,124.71882,494567
189.02992,124.33675,494572
189.28163,123.98563,494626
189.28163,123.98563,494632
189.28163,123.98563,494637
189.92685,123.97176,494641
190.69263,123.97997,494645
191.29604,124.136024,494650
191.60262,124.182945,494655
191.90154,124.77936,494660
191.95824,125.03309,494666
191.95824,125.03309,494671
192.47762,125.0581,494676
193.38652,125.10186,494680
194.42526,125.15188,494685
195.20428,125.18,494689
195.59288,125.1799,494694
196.11284,125.17999,494699
197.02267,125.18,494703
198.06235,125.17999,494708
198.97168,125.17999,494713
199.48961,125.17999,494718
200.13869,125.18,494724
200.5982,125.179955,494729
200.8215,125.65512,494734
200.82,126.43163,494739
200.82,126.43163,494745
200.82,126.43163,494750
201.47006,126.43163,494755
202.37166,126.53553,494759
203.27008,126.67994,494764
203.9176,126.73628,494768
204.17662,126.75882,494774
204.91446,126.82,494779
205.43237,126.82001,494784
205.43237,126.82001,494790
205.65245,126.80054,494795
206.08907,126.32267,494800
206.43091,125.93086,494805
206.43091,125.93086,494811
206.43091,125.93086,494816
207.08087,125.93086,494821
207.1049,125.32524,494826
206.86894,124.71962,494877
206.86894,124.71962,494882
206.86894,124.71962,494887
206.86894,124.199646,494892
206.86894,123.41968,494949
206.86894,123.41968,494954
206.86894,123.41968,494960
206.86894,123.93965,494966
206.71707,123.83234,494971
206.24283,123.61911,494975
205.79337,123.36248,494981
205.64198,123.15566,494987
205.53656,122.646484,494991
205.46265,121.61222,494996
205.44849,121.092445,495001
205.35555,120.84963,495006
204.93214,120.3565,495011
204.59341,119.96199,495017
204.41174,119.811424,495022
204.20013,119.683266,495028
204.20013,119.683266,495033
204.20013,119.683266,495039
204.20013,119.683266,495045
204.20013,119.683266,495096
204.20013,119.683266,495101
204.20013,120.20324,495106
203.95184,120.540375,495111
203.7681,120.685616,495117
203.36803,121.005646,495122
202.30623,121.75559,495175
202.30623,121.75559,495180
202.4542,121.96937,495184
201.99619,122.215546,495188
201.19467,122.64636,495193
200.82002,123.40036,495198
200.81664,123.61006,495203
200.81664,123.61006,495257
200.81664,123.61006,495261
200.81664,123.61006,495267
201.33661,123.61006,495271
201.88623,124.24012,495276
202.09254,124.99222,495281
202.17998,125.36728,495286
202.21204,125.66645,495292
202.5704,125.82009,495297
203.2173,125.82001,495302
203.2173,125.82001,495308
203.2173,125.82001,495314
203.2173,126.46997,495320
203.8667,126.75697,495325
204.12646,126.767784,495330
204.61154,126.83153,495335
205.38948,126.82001,495340
205.38948,126.82001,495347
205.38948,126.82001,495353
206.03944,126.82001,495358
206.06151,126.7152,495364
206.334,126.27234,495369
206.60649,125.82948,495374
206.823,125.58341,495379
206.82,124.93564,495384
206.82,124.6783,495390
206.95,124.67895,495396
207.44914,124.53323,495402
207.85336,124.206154,495407
208.15652,123.96084,495413
208.67558,123.92999,495418
209.58318,123.87602,495423
210.36176,123.829796,495481
210.36176,123.829796,495486
211.00945,123.82001,495491
211.4186,124.140884,495496
211.82626,124.622215,495501
211.82,125.01172,495506
211.82,125.01172,495511
211.82,125.01172,495517
212.21008,125.01172,495524
213.11772,125.06653,495529
214.02469,125.14017,495534
214.80186,125.17999,495539
215.4518,125.18,495544
216.36163,125.18,495549
217.14143,125.18,495555
217.92104,125.18,495559
218.56967,125.17999,495564
219.08952,125.17999,495570
219.99881,125.18,495576
220.38731,125.179985,495582
220.81325,125.329445,495587
221.54613,125.86869,495592
222.1776,126.326485,495597
222.49326,126.5555,495603
222.49326,126.5555,495608
222.49326,126.5555,495614
221.97328,126.5555,495619
221.30157,126.05257,495624
220.81609,125.448006,495628
220.71257,125.24859,495634
219.85347,125.18,495639
219.07573,125.17999,495644
218.57744,125.031425,495649
217.82999,124.80856,495654
217.21909,124.58663,495659
216.60818,124.3647,495664
215.99918,124.13763,495669
215.26836,123.86514,495674
214.74849,123.85426,495680
213.83875,123.83522,495685
212.92899,123.82,495691
212.01949,123.82001,495696
211.50078,123.82001,495702
210.85088,123.82,495707
210.07109,123.82,495713
209.29152,123.82,495718
208.64314,123.82001,495723
208.13675,123.60994,495728
207.56837,123.07581,495733
207.21486,122.694496,495738
206.59622,122.02718,495744
206.06596,121.45521,495749
205.62407,120.97855,495754
205.44153,120.815994,495760
204.90347,120.312164,495767
205.11565,120.46777,495772
205.20537,120.66035,495777
205.56754,121.03345,495783
206.1108,121.5931,495788
206.83514,122.3393,495793
207.19731,122.7124,495798
207.77628,123.23503,495804
208.16226,123.58344,495809
208.33,123.783806,495814
209.08408,123.82,495819
209.99236,123.82,495824
210.90074,123.82,495830
210.90074,123.8201,495834
210.38103,123.82,495838
209.47139,123.82001,495843
208.56389,123.82001,495848
208.06796,123.53804,495853
207.49667,123.007034,495858
207.0557,122.52953,495863
206.52654,121.95654,495868
205.82098,121.19255,495873
205.64459,121.00155,495878
205.46434,120.81811,495884
205.09357,120.534966,495889
204.58191,119.94629,495894
204.39804,119.81013,495901
204.17998,119.42503,495906
204.18,118.776955,495910
204.18,117.86922,495915
204.17993,117.40724,495919
204.53027,117.17101,495926
205.04604,117.17999,495931
205.04604,117.17999,495936
205.04604,117.17999,495943
205.04604,116.66002,495949
205.16013,115.760155,495954
205.18,115.50436,495959
205.18001,114.85456,495966
205.18,114.07495,495970
205.18,113.16574,495975
205.18,112.25755,495980
205.17998,111.61415,495986
205.18,111.09438,495990
205.18,110.05538,495995
205.18,109.27725,495999
205.18,108.63504,496004
205.18,108.63504,496064
205.18,108.63504,496070
205.18,108.63504,496076
205.18,107.98507,496082
205.80023,107.7894,496086
206.79857,108.08039,496091
207.17368,108.17997,496095
207.17368,108.17997,496101
207.17368,108.17997,496106
207.17368,107.53,496112
207.5592,106.591995,496117
208.05913,105.68014,496122
208.17993,105.470055,496129
208.27628,105.25876,496135
208.98857,105.17999,496139
208.98857,105.17999,496146
208.98857,105.17999,496155
208.4686,105.17999,496160
208.07861,105.17999,496165
207.88782,105.80132,496170
207.58252,106.79545,496174
207.42987,107.29251,496178
206.84303,107.57194,496184
206.02145,107.96313,496188
205.66936,108.13079,496192
205.46126,108.17994,496196
205.25928,108.27768,496201
205.18,109.11367,496205
205.18,110.02201,496210
205.18,110.79904,496214
205.18,111.05556,496218
205.0857,111.69865,496223
204.97255,112.47036,496228
204.82169,113.499306,496232
204.71062,114.27132,496237
204.5815,115.172066,496243
204.50769,115.686775,496247
204.47838,116.20592,496253
204.4344,116.98464,496257
204.3284,117.22203,496262
204.08911,117.76627,496267
204.02003,118.5838,496272
204.02003,118.88845,496276
204.02,119.52782,496281
203.84181,120.39086,496285
203.78268,120.67374,496290
203.27472,121.06741,496295
202.53581,121.59847,496300
201.79799,122.13104,496305
201.16548,122.58742,496309
200.95465,122.73955,496315
200.83992,123.246704,496321
200.82002,123.586205,496326
200.60376,123.81681,496331
199.95856,123.82001,496384
199.95856,123.82001,496391
200.22224,124.41408,496396
200.48595,125.00815,496401
200.63911,125.211266,496406
201.26085,125.40071,496411
202.00694,125.628044,496416
202.92662,125.82001,496421
203.31282,125.82001,496426
203.31282,125.82001,496431
203.31282,125.82001,496437
203.31282,126.46997,496443
203.82776,126.65778,496448
204.084,126.66509,496454
204.207,126.70716,496459
204.63264,126.82457,496465
205.41048,126.82001,496470
205.41048,126.82001,496476
205.41048,126.82001,496482
206.06044,126.82001,496486
206.08096,126.71877,496491
206.34726,126.27217,496496
206.61357,125.82556,496501
206.82729,125.56528,496506
206.82,124.660065,496511
206.82,124.660065,496576
206.82,124.660065,496584
206.82,124.660065,496592
206.82,124.27008,496598
206.1887,124.164764,496603
206.06244,124.17998,496609
206.06244,124.17998,496614
206.31824,124.179985,496620
206.62717,124.19168,496625
207.01169,124.53645,496630
207.39928,124.4934,496635
208.03001,124.03459,496640
208.6546,123.93511,496644
209.69212,123.874245,496648
210.34079,123.83312,496707
210.34079,123.83312,496712
210.98862,123.82001,496717
211.40178,124.13571,496722
211.70221,124.236755,496727
211.82,124.79092,496732
211.82,124.92077,496737
211.82,124.92077,496743
212.33774,124.96888,496748
213.11436,125.04105,496752
214.02042,125.12525,496756
214.79684,125.17999,496760
215.31677,125.18,496766
216.22662,125.17999,496772
216.87646,125.17999,496776
217.916,125.17999,496781
218.69362,125.1799,496786
219.3434,125.17999,496791
220.2521,125.17999,496795
221.00937,125.48482,496800
221.74197,126.024025,496805
222.3775,126.47618,496810
222.4834,126.55157,496815
222.4834,126.55157,496821
221.95457,126.173676,496826
221.31999,125.7202,496831
220.79117,125.34231,496837
220.44795,125.178925,496842
219.27924,125.18,496848
218.64969,125.037994,496852
217.89937,124.82498,496858
217.28738,124.606064,496863
216.553,124.34335,496868
215.94388,124.116554,496873
215.33476,123.889755,496878
214.81497,123.87595,496883
214.0353,123.85526,496888
213.12566,123.831116,496893
212.346,123.82,496897
211.43799,123.82001,496902
210.91808,123.82,496907
210.0092,123.82,496911
209.09982,123.82,496916
208.58179,123.8201,496921
208.08212,123.556404,496926
207.60776,123.11207,496931
207.07266,122.54502,496936
206.45503,121.87677,496941
205.83696,121.20894,496946
205.57208,120.92272,496951
205.38463,120.811035,496957
205.02458,120.45649,496962
204.59851,119.96565,496967
204.41693,119.81225,496972
204.17027,119.467415,496977
204.18,118.81947,496981
204.18,117.91151,496986
204.18,117.65422,496990
204.18,117.65422,496994
204.18,117.44,496999
204.56912,117.17999,497005
204.69928,117.17999,497010
204.37982,117.18788,497015
204.17584,117.57907,497020
204.18,118.48719,497024
204.18,118.74501,497029
204.18,119.39006,497034
204.17993,119.59479,497040
204.62445,120.04223,497045
205.11296,120.470955,497050
205.2066,120.662895,497056
205.56888,121.03589,497060
206.20287,121.68864,497065
206.83685,122.34138,497070
207.19914,122.71437,497075
207.68167,123.14982,497079
208.16422,123.585266,497084
208.33524,123.78714,497088
209.09062,123.82,497092
209.99976,123.82,497098
210.90811,123.82001,497103
210.90811,123.82001,497109
210.38828,123.82001,497113
209.60858,123.8201,497117
208.82954,123.82,497121
208.07419,123.54393,497126
207.50294,123.01288,497131
207.06187,122.53547,497137
206.44437,121.8671,497142
205.91508,121.29422,497146
205.65044,121.00778,497152
205.47064,120.81999,497157
205.01405,120.443825,497163
204.58778,119.953156,497168
204.40472,119.81087,497172
204.17738,119.4391,497177
204.18,118.66117,497182
204.18,117.75431,497186
204.18,117.417854,497192
204.27956,116.9075,497197
204.4289,116.14197,497201
204.52469,115.4991,497207
204.6588,114.59908,497211
204.71628,114.213356,497216
204.86227,113.44718,497222
205.00827,112.68101,497227
205.15427,111.91483,497231
205.17998,111.65944,497236
205.18,111.13967,497241
205.18,110.230446,497246
205.18,109.45185,497251
205.17998,108.67873,497256
205.17998,108.67873,497305
205.17998,108.67873,497310
205.17998,108.67873,497315
205.17998,108.028755,497321
205.9405,107.9418,497325
206.95789,108.15705,497330
207.0852,108.17998,497336
207.0852,108.17998,497342
207.28508,107.69995,497346
207.57555,106.9761,497352
207.91443,106.1316,497356
208.10808,105.64903,497361
208.17995,105.43268,497366
208.46419,105.168434,497371
208.98035,105.17999,497375
208.98035,105.17999,497381
208.98035,105.17999,497391
208.33038,105.17999,497396
208.0704,105.17999,497401
207.88158,105.80193,497406
207.54172,106.92142,497411
207.42844,107.294586,497415
206.72403,107.62949,497419
205.78484,108.076035,497423
205.45963,108.17995,497427
205.19868,108.36113,497432
205.18,109.38331,497437
205.18001,110.29168,497441
205.18,111.06566,497446
205.08537,111.7087,497451
204.95291,112.60896,497456
204.82043,113.509224,497460
204.70929,114.28123,497465
204.58011,115.18197,497470
204.50629,115.69667,497476
204.47,116.34563,497481
204.43372,116.99458,497486
204.32596,117.231186,497491
204.12053,117.64876,497496
204.02003,118.47339,497501
204.02003,118.8931,497507
204.02,119.40537,497513
203.93001,120.151726,497517
203.78058,120.6768,497522
203.27133,121.06999,497527
202.53244,121.601074,497531
201.9,122.05754,497535
201.16205,122.58993,497540
200.82002,123.37645,497544
200.82002,123.37645,497550
200.82002,123.58857,497556
200.82002,123.58857,497607
200.82002,123.58857,497611
200.82002,123.58857,497616
201.46999,123.58857,497620
201.85933,124.09219,497624
202.0945,124.971214,497629
202.17998,125.34754,497634
202.20326,125.65155,497639
202.53741,125.82654,497644
203.31255,125.82001,497649
203.31255,125.82001,497655
203.31255,125.82001,497661
203.31255,126.33998,497667
203.83252,126.59998,497672
204.08696,126.63756,497678
204.20648,126.68868,497684
204.60591,126.825806,497688
205.38397,126.820015,497693
205.38397,126.820015,497698
205.38397,126.820015,497704
205.90395,126.820015,497708
206.05269,126.75276,497714
206.38837,126.19618,497720
206.66795,125.7752,497725
206.82205,125.4179,497729
206.82,124.64282,497734
206.82,124.64282,497790
206.82,124.64282,497795
206.82,124.64282,497802
206.82,124.12285,497808
206.317,124.124596,497813
206.06549,124.17997,497818
206.06549,124.17997,497825
206.06549,124.17997,497830
206.84546,124.17997,497834
207.00159,124.25815,497840
207.09299,124.50154,497846
207.48206,124.474915,497851
207.99608,124.077126,497857
208.7216,123.91056,497861
209.76001,123.86135,497866
210.40887,123.82345,497923
210.40887,123.82345,497928
210.9274,123.82001,497934
211.35127,124.12117,497939
211.66344,124.20784,497945
211.82,124.71022,497950
211.82,124.969925,497955
211.82,124.969925,497960
211.82,124.969925,497965
212.46997,124.969925,497969
213.3759,125.04222,497974
214.28062,125.13958,497980
214.79768,125.17999,497985
215.44762,125.18,497991
216.35747,125.17999,497997
217.13724,125.18,498002
218.04672,125.18,498007
218.69446,125.17999,498013
219.34422,125.18,498018
220.25293,125.17999,498024
220.8072,125.32288,498030
221.43468,125.785934,498035
221.96051,126.167984,498040
222.48627,126.550125,498044
222.48627,126.550125,498050
222.48627,126.550125,498055
221.9663,126.550125,498060
221.3774,126.14739,498064
220.81529,125.44101,498069
220.6967,125.23493,498073
219.82382,125.18,498078
219.17525,125.1799,498083
218.54922,125.00508,498088
217.79802,124.79529,498093
217.30911,124.61823,498098
216.57578,124.35264,498103
215.96675,124.12556,498109
215.23595,123.853065,498114
214.71606,123.84365,498118
213.80626,123.82718,498123
212.89647,123.82001,498128
211.98701,123.82,498133
211.46848,123.8201,498139
210.94856,123.82001,498144
210.03947,123.82001,498148
209.2599,123.82001,498153
208.61176,123.8201,498157
208.10901,123.585945,498162
207.54141,123.05099,498168
207.09998,122.57393,498173
206.48196,121.906044,498178
205.86394,121.23815,498184
205.59908,120.95192,498189
205.4142,120.81352,498195
204.88007,120.2867,498199
204.62352,119.99299,498204
204.44496,119.81569,498210
204.44496,119.81569,498216
204.81963,120.17623,498220
205.10063,120.44664,498225
205.19443,120.63759,498231
205.54749,121.016655,498236
206.18228,121.66862,498241
206.81657,122.32107,498246
207.17905,122.69388,498252
207.5647,123.04265,498258
208.21996,123.66098,498263
208.21996,123.66098,498269
208.21996,123.66098,498274
208.21996,124.44094,498279
208.95499,124.44003,498284
209.03789,124.217514,498288
209.64873,123.94314,498293
210.4246,123.86381,498297
210.94157,123.82001,498303
210.94157,123.82001,498308
210.94157,123.82001,498360
210.94157,123.82001,498366
211.46155,123.82001,498371
211.77051,124.2069,498376
211.82,124.95347,498381
211.82,124.95347,498386
211.82,124.95347,498391
211.82,124.95347,498398
211.8201,124.693756,498402
211.82005,124.46591,498406
211.58308,124.17762,498410
211.06815,124.05694,498416
210.84009,123.9799,498421
210.08627,123.97998,498426
209.49168,123.97998,498431
209.1379,124.04307,498436
208.64302,124.80537,498441
208.50375,125.02491,498491
208.50375,125.02491,498495
208.50375,125.02491,498501
207.85379,125.02491,498505
208.03598,125.2985,498510
207.75685,125.88548,498515
207.4777,126.47246,498521
206.83647,126.57861,498526
205.93874,126.72723,498531
205.21107,126.82001,498535
204.6925,126.8201,498540
204.6925,126.8201,498545
204.6925,126.8201,498551
204.04254,126.8201,498557
204.01683,126.707375,498563
204.16585,126.07472,498568
204.17998,125.94819,498575
204.17998,125.94819,498582
203.80495,125.84125,498587
203.15623,125.82001,498593
202.64061,125.82001,498598
202.4334,125.82001,498603
202.17503,125.57543,498608
202.18,124.67357,498613
202.18,124.67357,498670
202.18,124.67357,498675
202.18,124.67357,498681
202.18,124.153595,498685
202.64926,123.98759,498689
203.0012,124.15557,498695
203.0012,124.15557,498701
203.0012,124.15557,498706
203.0012,123.76559,498711
203.33311,123.10535,498716
203.37477,122.58704,498722
203.44766,121.680016,498727
203.49973,121.032135,498733
203.63387,120.80942,498738
203.80392,120.63482,498743
203.96481,120.04244,498748
204.02003,119.27786,498755
204.02,118.67161,498760
203.95982,117.63647,498764
203.88368,116.72971,498769
203.82,115.822716,498773
203.82,115.43602,498779
203.82,115.43602,498785
203.82,115.43602,498790
203.82,114.916046,498795
203.82,114.13621,498799
203.82,113.22669,498803
203.82,112.44746,498808
203.82,111.67068,498812
203.81999,110.89325,498817
203.81999,110.113686,498821
203.82,109.07745,498874
203.82,109.07745,498878
203.82,108.690285,498883
203.77124,108.31033,498887
203.20898,108.09761,498892
202.32265,107.891884,498897
201.43744,107.68108,498901
201.05803,107.590866,498906
201.05803,107.590866,498911
201.05803,107.590866,498917
201.05803,106.9409,498922
200.90852,106.04838,498927
200.82002,105.66885,498931
200.80026,105.35319,498936
200.47125,105.170815,498941
199.95454,105.17999,498946
199.95454,105.17999,498952
199.95454,105.17999,498959
200.6045,105.17999,498964
200.8645,105.17999,498969
201.21176,105.87838,498973
201.55904,106.57676,498977
201.9025,106.96716,498982
202.41768,107.552765,498987
202.96922,107.89663,498991
203.30017,108.10295,498995
203.61113,108.18468,499000
203.82,108.662704,499005
203.82,108.66446,499009
203.82,108.66446,499016
203.82,109.18443,499021
203.81999,110.09391,499025
203.82,111.00095,499030
203.81999,111.77903,499035
203.81999,112.68871,499040
203.81999,113.72796,499045
203.82,114.506584,499049
203.82,114.894135,499055
203.82,115.54401,499059
203.81999,116.32377,499064
203.82,117.23331,499068
203.82,118.0125,499073
204.02003,118.63934,499078
204.02,119.61198,499082
203.86525,120.346466,499087
203.74374,120.725395,499092
203.2168,121.1059,499097
202.37369,121.71473,499103
201.74136,122.17134,499107
201.00365,122.704056,499113
200.83308,123.33125,499118
200.79834,123.652626,499124
200.32092,123.82001,499128
199.9323,123.82001,499132
199.41235,123.82,499137
198.50252,123.82,499141
197.59276,123.82,499145
196.68329,123.82001,499150
196.03545,123.82001,499155
195.38554,123.82001,499159
194.34575,123.82001,499164
193.30618,123.82,499169
192.52704,123.82,499173
192.26808,123.8201,499177
191.62573,123.91931,499182
190.89044,123.96501,499186
190.01462,123.97998,499191
189.52467,123.97998,499195
189.29236,123.983376,499200
189.05621,124.15899,499204
189.06767,124.14747,499209
188.62363,123.88487,499213
188.41292,123.82005,499218
188.16913,123.42382,499224
188.16475,123.16387,499230
188.16475,123.16387,499234
188.16475,123.16387,499240
187.64478,123.16387,499244
187.28337,123.67386,499249
187.08495,124.561806,499253
186.93723,125.19476,499259
186.65477,125.78015,499266
186.25932,126.599686,499270
186.08984,126.95092,499276
185.77943,127.52197,499280
185.5311,127.97881,499284
185.5311,127.97881,499341
185.5311,127.97881,499347
185.5311,127.97881,499355
184.88113,127.97881,499360
184.82802,128.20776,499366
185.00194,128.78183,499371
185.12607,129.8143,499377
185.17998,130.3302,499382
185.18001,130.98013,499387
185.18001,131.88997,499392
185.18001,132.7997,499397
185.18,133.70903,499404
185.18,134.09792,499409
185.18,134.09792,499415
185.18,134.09792,499421
185.18,134.74788,499427
185.02094,135.37294,499431
184.70764,136.36458,499435
184.51355,136.98488,499439
184.45134,137.09903,499445
184.25327,137.28241,499449
184.18,137.99406,499454
184.18,138.6405,499460
184.18,139.40128,499465
184.24078,139.70728,499472
184.24078,139.70728,499477
183.998,140.1671,499483
183.81992,140.59969,499489
183.5051,140.83289,499495
182.59616,140.81999,499501
181.68715,140.82,499506
181.04079,140.82,499511
181.04079,140.82,499517
181.04079,140.82,499531
181.69075,140.82,499537
182.47026,140.81999,499541
183.3756,140.82,499546
183.58789,140.82,499551
183.7992,140.64401,499557
183.91623,140.0933,499562
184.02,139.3158,499567
184.02,138.47398,499572
184.02,138.38324,499636
184.02,138.38324,499644
184.1637,137.88351,499650
184.17998,137.51785,499655
184.21872,137.32182,499660
184.73434,137.18,499666
184.99307,137.18,499671
184.99307,137.18,499677
184.73401,137.18,499682
184.49867,137.18,499688
184.26904,137.26685,499693
184.18,137.96301,499698
184.18,138.60942,499703
184.18,139.49043,499709
184.22697,139.69026,499714
184.61424,140.03725,499721
185.00151,140.38423,499727
185.00151,140.38423,499732
185.00151,140.38423,499740
185.00151,141.03421,499748
185.51558,141.08603,499754
186.28932,140.98822,499761
187.06355,140.89381,499766
187.70874,140.82002,499771
187.9654,140.82002,499778
187.9654,140.82002,499784
187.31566,140.82,499789
186.40652,140.82,499794
185.63086,140.82002,499798
185.4173,140.82002,499804
184.96516,140.38802,499809
184.61879,140.0002,499814
184.5301,139.90515,499820
184.39677,139.80557,499825
184.18,139.20316,499830
184.17998,138.43227,499835
184.18,137.79262,499841
184.21294,136.76987,499846
184.26067,135.73102,499851
184.30116,134.82196,499856
184.36446,134.17531,499860
184.46373,133.27078,499865
184.5484,132.49544,499870
184.59074,132.10776,499875
184.68413,131.46454,499880
184.83354,130.43538,499885
184.88957,130.04944,499891
184.99171,129.5396,499898
185.11937,128.9023,499904
185.17044,128.64737,499910
185.17995,128.42653,499918
185.51059,128.13443,499925
186.08513,127.83059,499932
186.65813,127.523796,499937
187.3458,127.155754,499942
187.91885,126.84905,499946
187.91885,126.84905,499951
187.91885,126.84905,499958
187.91885,126.19909,499964
188.10902,125.59863,499969
188.18143,125.392845,499974
188.5771,125.17866,499980
188.96584,125.17999,499985
188.96584,125.17999,499990
188.96584,125.17999,499996
188.96584,125.17999,500002
189.03723,124.6953,500007
189.02992,124.35803,500012
189.26125,123.99078,500063
189.26125,123.99078,500068
189.26125,123.99078,500073
189.9026,123.97161,500079
190.79117,123.97997,500084
191.39261,124.17996,500089
191.59085,124.17996,500094
191.83871,124.50521,500099
191.95317,125.012436,500104
191.95317,125.012436,500110
191.95317,125.012436,500115
192.60313,125.012436,500121
193.38158,125.056915,500126
194.2895,125.11751,500132
195.06776,125.16894,500137
195.58607,125.17999,500143
196.10603,125.17999,500148
197.01588,125.17999,500153
197.53577,125.1799,500158
198.44545,125.18,500164
199.35399,125.179985,500170
200.00244,125.17999,500176
200.39058,125.17999,500182
200.60173,125.1807,500187
200.8203,125.40712,500192
200.82,126.44172,500197
200.82,126.44172,500203
200.82,126.44172,500209
201.34007,126.44172,500214
202.11452,126.517296,500218
203.0151,126.647484,500224
203.27245,126.68444,500231
203.27245,126.68444,500236
202.64583,126.5118,500242
202.16235,126.32296,500246
201.56544,126.06576,500251
201.06447,125.65166,500256
200.80287,125.38723,500261
200.53555,125.16853,500266
199.88773,125.17999,500271
199.23781,125.18,500276
198.32797,125.18,500281
197.5482,125.18,500286
196.63875,125.18,500291
196.12015,125.1799,500297
195.61969,125.03879,500304
194.99411,124.8624,500311
194.13298,124.5699,500317
193.52208,124.34795,500322
192.91313,124.12073,500327
192.18239,123.84805,500333
191.53952,123.94392,500339
190.68285,123.97997,500344
189.82622,123.97997,500350
189.33183,123.97997,500355
188.9437,124.331406,500360
188.53662,124.996704,500364
188.37607,125.201195,500370
188.16966,125.50071,500375
188.16347,126.28065,500379
187.61072,126.754234,500385
187.06758,127.111145,500391
186.52637,127.47109,500397
185.76862,127.97491,500402
185.35136,128.19812,500407
185.12805,128.7177,500412
185.16966,128.59387,500418
185.04198,129.23117,500424
184.96536,129.61354,500429
184.86572,130.25583,500434
184.74617,131.02658,500440
184.66647,131.5404,500447
184.61957,131.92755,500454
184.54138,132.5728,500460
184.47884,133.089,500464
184.36938,133.99236,500469
184.26364,134.76509,500474
184.13808,135.66634,500479
184.03061,136.43886,500484
183.9052,137.34013,500489
183.82,137.9839,500494
184.02231,138.39697,500500
184.02,139.30139,500505
184.17998,139.5052,500510
184.17998,139.5052,500514
184.17998,139.5052,500575
184.17998,139.5052,500581
184.17998,140.02518,500588
183.91264,140.4391,500596
183.80685,140.63396,500603
183.52866,140.83234,500610
182.87914,140.81999,500617
181.9698,140.82,500623
181.32138,140.82,500630
181.06354,140.82,500637
181.06354,140.82,500647
181.06354,140.82,500654
181.58351,140.82,500659
182.36307,140.82,500666
183.01167,140.82,500671
183.39778,140.82002,500677
183.60744,140.81749,500682
183.82655,140.46486,500688
184.03226,139.88129,500692
184.02,139.11621,500697
184.02,138.41927,500702
184.15926,137.91827,500707
184.17998,137.54924,500712
184.20236,137.34793,500716
184.55132,137.17946,500720
184.9401,137.17998,500725
184.9401,137.17998,500732
184.9401,137.17998,500737
184.9401,136.53001,500741
185.03728,135.62737,500747
185.1524,134.85596,500751
185.18,133.9488,500756
185.18,133.03894,500761
185.18001,131.99928,500766
185.18,131.21994,500771
185.18,130.8312,500777
185.18,130.18137,500783
185.18,129.40172,500788
185.18,128.62373,500793
185.18,128.40607,500798
185.6513,128.05583,500803
186.45638,127.63188,500808
187.37306,127.140785,500813
187.94623,126.8343,500818
187.94623,126.8343,500824
187.94623,126.8343,500829
187.94623,126.184326,500834
188.12671,125.578636,500839
188.18945,125.37063,500845
188.62823,125.17692,500851
189.01662,125.17999,500858
189.01662,125.17999,500866
189.01662,125.17999,500875
189.01662,125.17999,500883
189.0739,124.77355,500888
189.02992,124.33342,500893
189.25365,123.99307,500949
189.25365,123.99307,500954
189.25365,123.99307,500960
189.8933,123.97205,500965
190.65982,123.97998,500970
191.387,124.17477,500975
191.58607,124.17995,500981
191.8647,124.62402,500986
191.95103,125.004326,500991
191.95103,125.004326,500996
191.95103,125.004326,501002
192.60101,125.004326,501008
193.37946,125.04402,501013
194.28703,125.10975,501018
195.1947,125.17416,501023
195.58327,125.17999,501028
196.10321,125.18,501033
196.88309,125.18,501038
197.79286,125.18,501043
198.57251,125.18,501047
199.4802,125.17999,501051
200.12929,125.17999,501056
200.59897,125.17999,501061
200.82855,125.52749,501067
200.82002,126.30509,501071
200.82002,126.43375,501076
200.82002,126.43375,501082
201.46635,126.50227,501088
202.37125,126.598206,501093
203.14687,126.680435,501099
203.79465,126.733055,501106
204.18353,126.762245,501112
204.7939,126.82001,501117
205.31264,126.8201,501122
205.43806,126.82003,501127
205.65779,126.79752,501133
206.00754,126.41512,501139
206.43521,125.92568,501145
206.43521,125.92568,501151
206.43521,125.92568,501157
207.08517,125.92568,501163
207.10696,125.32093,501168
206.86877,124.71618,501226
206.86877,124.71618,501287
206.86877,124.71618,501293
206.86877,124.196205,501298
206.28351,123.653534,501303
206.0494,123.54046,501309
205.83638,123.39141,501314
205.5141,123.17399,501319
204.7421,123.063126,501324
203.84218,122.928276,501329
203.0946,123.107185,501334
202.47559,123.30536,501339
201.97426,123.44337,501345
201.47293,123.581375,501351
200.95314,123.594955,501357
200.83669,123.6527,501362
200.48055,123.83018,501367
199.96205,123.82001,501372
199.44211,123.82,501379
198.66223,123.82001,501385
197.8824,123.82001,501392
197.23262,123.82,501398
196.4533,123.82001,501404
196.06485,123.8201,501412
195.5449,123.82,501419
194.895,123.82,501426
194.24512,123.82,501432
193.5953,123.82,501439
192.81578,123.82001,501445
192.29709,123.82001,501450
191.65459,123.91826,501455
190.79214,123.97401,501460
190.04257,123.97997,501464
189.53854,123.97997,501469
189.33092,123.97997,501474
188.87497,124.44378,501479
188.53572,124.998184,501484
188.37509,125.202614,501490
188.17004,125.50377,501494
188.1636,126.2837,501501
187.83133,126.61959,501508
187.28561,126.972534,501513
186.52686,127.474815,501519
185.87627,127.90503,501524
185.65941,128.04845,501531
185.35023,128.19875,501537
185.15201,128.5921,501542
185.16943,128.59596,501549
185.0672,129.10579,501554
184.96497,129.61562,501561
184.88528,130.12944,501567
184.7259,131.1571,501572
184.66614,131.54248,501577
184.58798,132.18773,501583
184.47855,133.09108,501589
184.40039,133.73633,501595
184.35349,134.12349,501602
184.28174,134.63849,501609
184.19205,135.28224,501615
184.0665,136.18349,501621
183.95888,136.95598,501626
183.85126,137.72849,501631
183.82,137.986,501637
184.02367,138.26894,501642
184.02,139.30302,501647
184.18001,139.50648,501652
184.18001,139.50648,501657
184.18001,139.50648,501719
184.18001,139.50648,501725
184.18001,140.02646,501732
183.91223,140.43997,501739
183.80663,140.63481,501746
183.52634,140.83246,501753
183.00677,140.82,501758
182.09738,140.82,501764
181.31915,140.82,501769
181.06133,140.82,501775
181.06133,140.82,501782
181.06133,140.82,501788
181.5813,140.82,501792
182.36081,140.82,501799
183.00941,140.82,501804
183.39557,140.82,501809
183.6052,140.81818,501816
183.81822,140.59937,501824
183.88979,140.11317,501830
184.02,139.6308,501836
184.02,138.9961,501842
184.02,138.42307,501848
184.15881,137.92195,501855
184.17998,137.5526,501862
184.20078,137.35094,501868
184.54494,137.1763,501874
184.9337,137.18,501879
184.9337,137.18,501886
184.9337,137.18,501893
184.9337,136.66002,501898
185.02745,135.75687,501904
185.1194,135.11343,501910
185.18,134.59856,501918
185.18,133.94864,501924
185.18,133.16876,501929
185.18,132.5189,501934
185.18001,131.7392,501939
185.17998,130.96031,501946
185.18,130.31108,501953
185.18,129.79126,501959
185.18001,129.01192,501967
185.18,128.62349,501975
185.18,128.40588,501980
185.65154,128.05565,501985
186.22635,127.75232,501990
187.029,127.32367,501996
187.83177,126.89519,502001
187.94644,126.83398,502007
187.94644,126.83398,502014
188.04388,126.32321,502019
188.16566,125.68475,502023
188.19748,125.3532,502028
188.5379,125.17393,502034
189.05571,125.17999,502042
189.05571,125.17999,502049
189.05571,125.17999,502056
189.05571,125.17999,502064
189.08253,124.78607,502071
189.02994,124.438065,502077
189.27261,123.98773,502146
189.27261,123.98773,502153
189.27261,123.98773,502160
189.91626,123.97146,502165
190.68228,123.97997,502171
191.40631,124.17996,502176
191.60413,124.1834,502183
191.87384,124.65517,502189
191.95885,125.03577,502194
191.95885,125.03577,502200
191.95885,125.03577,502206
192.47882,125.03577,502212
192.99814,125.05859,502218
193.64703,125.09582,502225
194.29596,125.13255,502230
194.94489,125.169304,502235
195.59305,125.17999,502240
196.11299,125.18,502246
196.89288,125.17999,502252
197.6727,125.17999,502257
198.71223,125.18,502263
199.48988,125.17999,502268
200.13898,125.18,502273
200.59843,125.17999,502279
200.82884,125.526024,502284
200.82,126.30363,502288
200.82,126.4323,502295
200.82,126.4323,502300
201.46632,126.50116,502306
202.37115,126.59758,502311
203.01746,126.66644,502315
203.27599,126.69399,502320
203.7945,126.73297,502324
204.18338,126.76221,502329
204.79373,126.82,502335
205.31247,126.82001,502341
205.4379,126.82001,502346
205.65765,126.797615,502351
206.09296,126.317375,502356
206.43509,125.92582,502361
206.43509,125.92582,502369
206.43509,125.92582,502374
207.08507,125.92582,502379
207.10692,125.321045,502384
206.86877,124.71627,502449
206.86877,124.71627,502513
206.86877,124.71627,502519
206.86877,124.06631,502525
206.28352,123.65359,502530
206.04942,123.5405,502535
205.83641,123.39144,502541
205.38528,123.157104,502546
204.48486,123.02605,502552
203.71368,122.90931,502558
203.27869,122.62445,502563
202.84367,122.339584,502570
202.42545,122.03064,502578
202.0072,121.721695,502584
201.41885,121.83502,502590
201.17696,121.9303,502594
201.17696,121.9303,502653
201.17696,121.9303,502657
201.17696,121.9303,502715
201.46751,121.67019,502720
201.94455,121.46329,502725
202.66011,121.15294,502731
203.25641,120.89431,502736
203.58295,120.82005,502742
203.58295,120.82005,502810
203.58295,120.82005,502817
203.58295,120.82005,502824
204.10292,120.82005,502829
204.1961,120.32756,502834
204.02003,119.36205,502839
204.02003,119.17675,502845
204.02003,119.17675,502851
204.10078,118.531815,502856
204.18,117.62996,502861
204.18,117.42066,502866
204.49455,117.16729,502871
205.01083,117.17999,502877
205.01083,117.17999,502883
205.01083,117.17999,502890
205.01083,117.17999,502899
204.62468,117.17999,502906
204.41653,117.17999,502912
204.20099,117.35529,502918
204.18,117.8608,502923
204.18,118.508965,502928
204.18,118.76671,502935
204.18,119.2838,502942
204.18251,119.60441,502948
204.43675,119.87963,502953
205.02373,120.39324,502958
205.21292,120.67398,502964
205.66624,121.139755,502970
206.21025,121.69869,502976
206.66357,122.16447,502981
207.11691,122.63024,502987
207.21523,123.24331,502993
207.23975,123.89277,502999
207.27298,124.67203,503004
207.30609,125.45129,503009
207.3392,126.23054,503014
207.35023,126.490295,503022
207.35023,126.490295,503029
206.8374,126.57616,503036
206.19635,126.68349,503042
205.81174,126.74789,503048
205.21283,126.82,503055
204.69426,126.82001,503061
204.56972,126.82001,503066
204.46158,126.82001,503072
204.18993,126.620995,503077
204.18,125.98377,503082
204.18,125.98377,503089
204.18,125.98377,503094
204.18,126.76373,503100
204.18,126.89372,503104
204.18,126.89372,503109
204.82794,126.842545,503115
205.34607,126.82001,503121
205.86528,126.80519,503126
206.90353,126.746,503132
207.56252,126.21844,503137
208.0418,125.60311,503142
208.19244,125.40413,503148
208.5217,125.03764,503154
209.02992,124.5206,503159
209.02992,124.35723,503164
209.02992,124.32816,503170
209.02992,124.3048,503175
209.0307,124.27614,503180
209.07214,124.13499,503185
209.62605,123.97998,503189
210.91728,123.97998,503247
210.91728,123.97998,503252
211.0234,123.90491,503254
211.55576,124.17995,503259
211.82335,124.57024,503263
211.8201,124.95986,503268
211.8201,124.95986,503273
211.8201,124.95986,503279
212.34007,124.95986,503284
213.11687,125.017136,503290
213.89243,125.09989,503295
214.66815,125.179985,503300
215.31734,125.18,503305
216.22719,125.17999,503310
217.13695,125.17999,503316
217.78665,125.18,503322
218.56522,125.18,503328
219.214,125.18,503337
219.73369,125.18,503342
220.3819,125.18,503347
220.81009,125.32375,503352
221.54222,125.864006,503358
222.27837,126.398895,503363
222.48865,126.55178,503368
222.48865,126.55178,503373
222.48865,126.55178,503380
221.70868,126.55178,503386
221.80579,126.92975,503391
221.556,126.46973,503396
221.25589,126.04509,503402
220.9558,125.62046,503408
220.81158,125.41797,503414
220.64001,125.198456,503419
219.87202,125.17999,503423
219.09413,125.17999,503428
218.47063,124.99638,503433
217.84714,124.812775,503439
217.3582,124.635796,503445
216.74704,124.41458,503452
216.01573,124.143456,503457
215.28482,123.8712,503463
214.89494,123.862495,503468
213.98521,123.842186,503473
213.07549,123.82188,503479
212.1659,123.82001,503484
211.38824,123.82,503489
210.73836,123.82,503494
209.95891,123.82,503499
209.17941,123.82,503504
208.6608,123.8201,503509
208.3257,123.78698,503515
208.18,123.26628,503521
208.18,123.13646,503577
208.18,123.13646,503581
208.18,123.13646,503643
208.18,123.13646,503649
208.18,123.65643,503655
208.18,124.43639,503719
208.18,124.43639,503727
207.92032,124.449165,503733
207.54716,124.562454,503739
207.04372,124.50858,503745
206.91061,125.01123,503751
206.82002,125.388214,503757
206.82002,125.59337,503762
206.46455,125.82812,503767
206.07745,125.82001,503774
206.07745,125.82001,503781
206.07745,125.82001,503787
206.07745,126.33998,503792
205.953,126.63755,503799
205.8335,126.688675,503804
205.29922,126.82,503810
204.65108,126.82,503815
204.65108,126.8201,503820
204.65108,126.8201,503825
204.1311,126.8201,503830
204.09671,126.73201,503837
204.17253,126.2176,503842
204.17998,125.96111,503848
204.17998,125.96111,503855
203.80693,125.847435,503861
203.28802,125.82001,503866
202.64268,125.82001,503872
202.435,125.82001,503878
202.22319,125.68071,503885
202.17998,125.063156,503891
202.18,124.6789,503898
202.18,124.6789,503905
202.18,124.6789,503913
202.18,124.15893,503918
202.794,124.112114,503923
203.03961,124.17997,503928
203.03961,124.17997,503933
203.1597,123.67405,503938
203.28833,123.21363,503944
203.39426,122.58785,503952
203.43861,121.93941,503959
203.49323,121.161354,503965
203.63557,120.80844,503972
203.83258,120.511185,503977
203.96703,120.0396,503983
204.02002,119.37662,503989
204.02,118.75518,503995
203.99446,117.978645,504000
203.91563,117.072136,504005
203.84038,116.1653,504010
203.82,115.3908,504016
203.82,115.3908,504023
203.82,115.3908,504029
203.82,114.87083,504037
203.82,114.22097,504045
203.82,113.57121,504050
203.82,112.79171,504055
203.82,112.01309,504059
203.82,111.625984,504064
203.82,111.106125,504069
203.82,110.32648,504074
203.82,109.41837,504130
203.82,109.41837,504137
203.82,108.899994,504142
203.80513,108.369545,504147
203.44035,108.15025,504153
202.68057,107.97421,504159
201.79507,107.76466,504165
201.03604,107.58524,504171
201.03604,107.58524,504176
201.03604,107.58524,504182
201.03604,106.80528,504188
200.91216,106.04029,504193
200.82002,105.661545,504198
200.79706,105.34719,504203
200.32785,105.17999,504208
199.9408,105.17999,504213
199.9408,105.17999,504219
199.9408,105.17999,504227
200.59076,105.17999,504233
200.85075,105.17999,504238
201.08537,105.64402,504243
201.49599,106.45607,504247
201.98401,107.06003,504252
202.41339,107.547966,504257
202.96448,107.8926,504263
203.29512,108.09937,504268
203.6056,108.182884,504273
203.83151,108.51436,504279
203.81999,109.5528,504285
203.82,110.33199,504290
203.82,111.108,504296
203.81999,111.62791,504302
203.82,112.407684,504307
203.82,113.18733,504312
203.82,113.96671,504318
203.82,114.74461,504323
203.82,115.00134,504328
203.9312,115.64173,504334
204.06465,116.410194,504339
204.19807,117.17865,504344
204.17334,117.68678,504348
204.18,118.59364,504353
204.18,119.368004,504359
204.17993,119.57774,504364
204.61012,120.02691,504370
205.09763,120.4568,504376
205.19829,120.646545,504382
205.64752,121.11569,504388
206.1003,121.582016,504393
206.6435,122.14172,504398
207.18669,122.70142,504404
207.8268,122.81423,504409
207.95482,122.836784,504467
207.95482,122.836784,504471
207.95482,122.836784,504531
207.95482,122.836784,504539
207.95482,123.356766,504546
207.95482,124.13673,504612
207.95482,124.13673,504617
207.87434,124.238815,504625
207.32133,124.580345,504631
206.94301,124.48575,504637
206.83578,125.126816,504642
206.82,125.58927,504649
206.60051,125.81773,504654
206.08769,125.82001,504659
206.08769,125.82001,504664
206.08769,125.82001,504669
206.08769,126.46998,504677
205.95773,126.72678,504682
205.82932,126.74702,504688
205.3629,126.82274,504693
204.71437,126.82001,504697
204.71437,126.82001,504703
204.71437,126.82001,504709
204.1944,126.82001,504715
204.0399,126.74406,504720
204.1176,126.36189,504725
204.17998,125.97974,504731
204.17998,125.97974,504738
204.17998,125.97974,504744
203.66,125.97974,504750
202.89316,125.863716,504755
202.43271,125.82002,504762
202.17451,125.573296,504768
202.18,124.92648,504775
202.18,124.67135,504782
202.18,124.67135,504790
202.19318,124.3721,504795
202.60678,124.17999,504802
202.99077,124.17999,504808
202.99077,124.17999,504815
202.99077,124.17999,504823
202.99077,123.66002,504830
203.36165,123.03558,504835
203.40717,122.387215,504841
203.45268,121.73884,504847
203.4982,121.09047,504853
203.62062,120.86111,504860
203.82285,120.58432,504866
203.94211,120.068474,504872
204.02003,119.546074,504878
204.02003,119.15122,504886
204.02,118.63265,504892
203.98349,117.85602,504899
203.9163,117.078964,504905
203.86246,116.43124,504912
203.82,115.783516,504918
203.82,115.39749,504925
203.82,115.39749,504932
203.82,115.39749,504938
203.82,114.87752,504944
203.81999,113.837814,504949
203.81999,113.05824,504955
203.81999,112.40889,504960
203.82,111.632576,504964
203.82,110.982765,504969
203.81999,110.20316,504974
203.82,109.295235,505027
203.82,109.295235,505031
203.82,108.77758,505036
203.80205,108.3627,505042
203.29926,108.12291,505047
202.41292,107.917404,505052
201.52823,107.70447,505057
201.02263,107.58306,505063
201.02263,107.58306,505069
201.02263,107.58306,505077
201.02263,107.06309,505084
200.90137,106.16454,505090
200.82002,105.653694,505095
200.82002,105.43959,505102
200.67023,105.21576,505107
199.9185,105.17999,505112
199.9185,105.17999,505118
199.9185,105.17999,505125
200.56847,105.17999,505130
200.82845,105.17999,505136
201.12796,105.756836,505141
201.54729,106.564415,505146
201.9768,107.05224,505151
202.40633,107.54006,505156
202.84657,107.81676,505161
203.28682,108.093445,505166
203.5964,108.1802,505171
203.83292,108.481964,505175
203.82,109.390884,505180
203.81999,110.30009,505185
203.82,111.07654,505189
203.82,111.59644,505194
203.81999,112.506165,505199
203.82,113.415665,505204
203.82,114.194885,505209
203.82,114.970505,505215
203.82,114.970505,505221
204.06079,114.36678,505227
204.34973,113.64232,505233
204.63867,112.91785,505238
204.97577,112.07264,505244
205.1684,111.58966,505249
205.18,111.0699,505254
205.18001,110.29048,505259
205.18,109.51173,505264
205.18,108.61124,505269
205.18,108.41201,505275
205.18,108.41201,505283
205.18001,109.190636,505290
205.18,110.09945,505295
205.18,110.87594,505300
205.07832,111.77299,505305
204.92441,112.80147,505310
204.811,113.57314,505315
204.71835,114.21647,505319
204.57086,115.2459,505324
204.51555,115.63194,505330
204.47699,116.28077,505335
204.43843,116.92959,505340
204.34091,117.17059,505346
204.17593,117.648834,505352
204.18,118.29779,505356
204.18,118.81335,505361
204.18,119.32985,505368
204.19917,119.64574,505372
204.66989,120.08604,505377
205.062,120.42754,505381
205.19154,120.612465,505386
205.52226,120.998085,505392
206.61418,122.11207,505396
207.15747,122.671684,505400
207.639,123.10824,505404
208.2094,123.63511,505410
208.83531,124.00887,505413
209.1291,124.06707,505417
209.79366,123.97998,505421
210.96889,123.98847,505469
210.96889,123.98847,505473
210.96889,123.98847,505479
211.48888,123.98847,505484
211.83412,124.24458,505489
211.81999,124.764244,505494
211.82,125.02386,505499
211.82,125.02386,505505
212.33902,125.05547,505509
213.37704,125.1187,505515
214.28532,125.17403,505519
214.80359,125.1799,505524
215.5835,125.18,505530
216.36337,125.18,505534
217.27312,125.17999,505539
218.05266,125.17999,505543
218.57141,125.17999,505548
219.22119,125.17999,505553
220.13026,125.18,505558
220.90742,125.41166,505563
221.6377,125.953445,505568
222.48642,126.554405,505573
222.48642,126.554405,505579
222.48642,126.554405,505587
221.96645,126.554405,505592
221.37816,126.15118,505597
220.81572,125.44413,505602
220.70389,125.24089,505607
219.83684,125.17999,505611
219.1882,125.17999,505616
218.6871,125.04117,505621
217.81018,124.798225,505625
217.19887,124.57743,505631
216.58754,124.356636,505636
216.1003,124.17508,505641
215.2476,123.85736,505647
214.59776,123.84494,505652
213.68797,123.82755,505657
212.64827,123.82,505661
211.86893,123.82,505666
211.48015,123.82001,505671
210.96024,123.82,505676
210.05106,123.82001,505680
209.14165,123.82,505686
208.62328,123.8201,505692
208.11856,123.59525,505696
207.64566,123.14935,505701
206.90126,123.04612,505706
206.1221,123.012856,505710
204.9537,122.95276,505716
204.17474,122.91326,505720
203.78526,122.89347,505726
203.2894,123.04994,505731
202.54558,123.28464,505735
201.91989,123.46034,505740
201.54361,123.56278,505744
201.02423,123.58745,505750
200.78568,123.69084,505754
200.12172,123.82001,505759
199.34232,123.82,505763
198.43268,123.82001,505814
198.95226,123.82,505819
199.47037,123.820015,505824
200.1195,123.82001,505830
200.59137,123.82001,505835
200.82071,123.590965,505840
200.82,123.078285,505845
200.82,123.078285,505850
200.82,123.078285,505856
201.20999,123.078285,505860
201.39804,123.41191,505865
201.5569,123.90703,505870
201.67604,124.27836,505876
201.88889,124.75278,505880
202.15494,125.3458,505885
202.20119,125.64757,505890
202.65756,125.82001,505895
203.30319,125.82001,505900
203.30319,125.82001,505906
203.30319,125.82001,505912
203.30319,126.46997,505918
203.81824,126.65851,505923
204.07466,126.66517,505928
204.19801,126.706184,505934
204.75275,126.82,505940
205.4008,126.82001,505945
205.4008,126.82001,505951
205.4008,126.82001,505958
206.05077,126.82001,505964
206.07198,126.717155,505968
206.34114,126.27227,505972
206.61032,125.827385,505977
206.82547,125.57365,505982
206.82,124.796455,505987
206.82,124.66827,506046
206.82,124.66827,506106
206.82,124.66827,506111
206.82,124.66827,506117
206.82,124.14829,506121
206.33145,124.06633,506126
206.08719,124.15534,506132
206.08719,124.15534,506138
206.08719,124.15534,506145
206.73715,124.15534,506150
206.91393,124.25522,506156
207.04425,124.48019,506161
207.43404,124.468185,506167
207.95964,124.085815,506173
208.16988,123.93287,506178
208.6892,123.90667,506183
209.59714,123.86082,506188
210.3761,123.82155,506249
210.3761,123.82155,506253
210.89482,123.82001,506258
211.32382,124.11384,506263
211.63931,124.19493,506268
211.82619,124.53189,506272
211.8201,124.92154,506278
211.8201,124.92154,506283
211.8201,124.92154,506289
212.34007,124.92154,506293
213.24483,125.00354,506298
214.14812,125.11344,506303
214.7935,125.179985,506308
215.44342,125.18,506312
216.35327,125.18,506318
217.263,125.18,506323
218.17236,125.18,506328
218.69029,125.17999,506333
219.21011,125.17999,506340
219.98947,125.17999,506346
220.37804,125.17999,506350
220.8075,125.31987,506355
221.53917,125.86072,506361
222.27501,126.396034,506366
222.48518,126.54906,506372
222.48518,126.54906,506378
222.48518,126.54906,506383
221.83522,126.54906,506389
221.27176,126.12682,506393
220.81778,125.386986,506398
220.43686,125.176575,506403
219.78723,125.18,506409
219.13887,125.1799,506413
218.63892,125.03699,506418
217.889,124.82261,506423
217.39954,124.6471,506428
216.54298,124.339966,506434
216.05574,124.15843,506439
215.32484,123.88612,506445
214.80505,123.87276,506451
214.15529,123.85603,506456
213.24564,123.832634,506461
212.46596,123.82,506466
211.42809,123.82001,506471
210.90817,123.82,506476
209.99847,123.82001,506481
208.95932,123.82001,506487
208.57117,123.82001,506492
208.07425,123.54403,506498
207.9885,123.44413,506503
208.18582,123.61341,506509
208.5476,123.82261,506514
209.45692,123.82001,506519
210.3656,123.82,506524
211.01335,123.82001,506530
210.49345,123.82,506534
209.58379,123.82,506539
208.80482,123.82,506545
208.16893,123.63026,506550
207.50175,123.01147,506555
207.14888,122.629555,506560
206.53137,121.96121,506565
206.00206,121.388336,506569
205.6492,121.006424,506574
205.46939,120.81865,506580
205.01309,120.44249,506585
204.58675,119.95189,506590
204.40353,119.81074,506595
204.17998,119.30801,506600
204.18,118.528656,506605
204.17998,117.751656,506610
204.18,117.62374,506616
204.18,117.62374,506622
204.18,117.41581,506628
204.29459,117.24191,506632
205.02388,117.17999,506637
205.02388,117.17999,506643
205.02388,117.17999,506650
205.02388,116.53002,506656
205.16393,115.63534,506662
205.18001,114.732735,506666
205.18001,113.823235,506671
205.18,112.91422,506677
205.18,112.00692,506681
205.18,111.62211,506687
205.18,111.10234,506691
205.18,110.06333,506696
205.18,109.15574,506701
205.18,108.64271,506707
205.18,108.64271,506766
205.18,108.64271,506771
205.18,108.64271,506776
205.18,108.122734,506781
205.81068,107.88985,506786
206.82446,108.12137,506790
207.07831,108.1776,506796
207.07831,108.1776,506802
207.07831,108.1776,506808
207.07831,107.527626,506813
207.42244,106.716255,506818
207.95982,105.826,506823
208.18254,105.39679,506827
208.50293,105.1799,506832
209.02184,105.17999,506836
209.02184,105.17999,506842
209.02184,105.17999,506852
208.37186,105.17999,506856
208.11188,105.17999,506862
207.87328,105.92256,506867
207.59491,106.788895,506871
207.43585,107.28394,506876
206.84966,107.564735,506880
205.91176,108.01401,506885
205.67729,108.12633,506890
205.37381,108.191444,506895
205.18,108.704765,506900
205.18001,109.6132,506905
205.18001,110.39177,506909
205.18,111.162865,506914
205.10168,111.6769,506919
204.96465,112.576485,506923
204.82762,113.47606,506928
204.67772,114.50514,506933
204.54822,115.40584,506939
204.46616,116.44183,506944
204.43613,116.96094,506949
204.33397,117.20002,506954
204.09384,117.74628,506959
204.0201,118.364296,506964
204.02003,118.90107,506968
204.02002,119.41327,506972
203.88153,120.28004,506977
203.77698,120.68199,506982
203.37146,120.998924,506987
202.63252,121.52993,506992
201.89445,122.06217,506997
201.26175,122.51828,507002
200.9454,122.74633,507007
200.82002,123.38149,507012
200.82002,123.59258,507017
200.46065,123.82513,507023
199.94218,123.82001,507027
199.42224,123.82,507032
198.5124,123.82,507036
197.47272,123.82,507042
196.43364,123.82001,507046
196.04535,123.82001,507051
195.39543,123.82,507058
194.61555,123.82,507062
193.70612,123.8201,507120
193.43478,124.100204,507126
192.92729,123.986946,507131
192.29292,123.845375,507136
191.77829,123.91965,507141
191.01122,124.02328,507146
190.17001,123.97997,507151
189.54147,123.97997,507156
189.33203,123.97997,507161
189.03627,124.2097,507166
189.07666,124.13174,507171
188.63083,123.88117,507176
188.4183,123.82005,507181
188.17061,123.43516,507186
188.16563,123.17522,507191
188.16563,123.17522,507198
188.16563,123.17522,507205
187.64566,123.17522,507210
187.28328,123.68501,507215
187.11327,124.44613,507220
186.93504,125.20545,507225
186.59525,125.90751,507231
186.25546,126.60956,507236
186.08556,126.96059,507241
185.77481,127.531456,507247
185.5262,127.98815,507253
185.5262,127.98815,507313
185.5262,127.98815,507317
185.5262,127.98815,507323
185.13623,127.98815,507328
184.98058,128.62968,507334
185.0484,129.14514,507339
185.12665,129.79037,507345
185.18,130.30656,507351
185.18001,130.8265,507357
185.18,131.6064,507363
185.18001,132.25627,507369
185.18,133.03601,507374
185.18,133.81529,507380
185.18,134.2035,507386
185.18,134.2035,507393
185.18,134.2035,507400
185.18,134.72348,507405
185.01134,135.47533,507411
184.72614,136.3394,507417
184.52527,136.95755,507423
184.46379,137.0721,507429
184.27849,137.25848,507434
184.18,137.9449,507440
184.18,138.46269,507446
184.18,139.35547,507452
184.20285,139.99393,507456
184.25429,140.90244,507461
184.29773,141.68118,507467
184.30498,141.81097,507474
184.30498,141.81097,507481
184.30956,141.16103,507488
184.31413,140.51106,507494
184.31781,139.9911,507499
184.18175,139.59787,507505
184.18,138.8241,507510
184.18,138.441,507516
184.17998,137.92757,507522
184.17998,137.5567,507527
184.20464,136.90744,507533
184.24667,135.99846,507538
184.28241,135.21931,507543
184.30623,134.69989,507549
184.37712,134.0538,507554
184.47635,133.14928,507559
184.56142,132.37396,507564
184.58977,132.11552,507570
184.6831,131.4723,507576
184.79512,130.70042,507581
184.88846,130.05719,507587
185.01596,129.41986,507593
185.16896,128.65504,507599
185.17996,128.43309,507606
185.61751,128.08072,507613
186.19183,127.77654,507618
186.99352,127.34603,507623
187.68076,126.977196,507628
187.90984,126.854256,507633
188.01828,126.34572,507638
188.17998,125.58291,507644
188.19101,125.36688,507649
188.56294,125.014946,507653
189.0292,124.59586,507659
189.02994,124.318085,507664
189.12862,124.056335,507670
189.72624,123.9468,507676
190.50427,123.89235,507681
191.41167,123.82414,507687
191.79984,123.82001,507694
192.29826,123.96817,507699
193.04588,124.190414,507704
193.53465,124.36782,507709
194.26782,124.63394,507713
194.63324,124.77016,507719
195.60768,125.13339,507725
195.60768,125.13339,507732
195.1209,124.95061,507738
194.7558,124.813515,507743
194.14723,124.585266,507749
193.53867,124.35702,507754
192.93008,124.12879,507760
192.3215,123.900566,507764
191.55763,123.9554,507769
190.84065,123.96619,507775
189.96857,123.97997,507780
189.56383,123.97997,507786
189.34076,123.97997,507791
188.9184,124.386055,507796
188.57526,124.93806,507801
188.33142,125.22286,507807
188.1678,125.59874,507812
188.16147,126.508675,507817
187.71948,126.78258,507823
187.0565,127.193436,507829
186.39352,127.604294,507833
185.62006,128.08362,507839
185.41576,128.1804,507846
185.17549,128.46843,507851
185.16342,128.59898,507857
185.06332,129.10924,507862
184.96324,129.61949,507867
184.86394,130.26183,507872
184.72493,131.1611,507878
184.66536,131.5465,507883
184.60289,132.06271,507888
184.49355,132.96606,507893
184.41545,133.61133,507897
184.35297,134.12753,507902
184.28122,134.64253,507908
184.17358,135.41504,507913
184.06596,136.18753,507917
183.95833,136.96004,507922
183.83276,137.86128,507927
184.02,138.40178,507932
184.02002,139.17827,507937
184.18004,139.5089,507942
184.18004,139.5089,507947
184.18004,139.5089,508007
184.18004,139.5089,508012
184.18004,140.02887,508018
183.96983,140.44183,508023
183.80008,140.6184,508028
183.56335,140.8277,508033
182.78413,140.81999,508037
181.8749,140.81999,508042
181.09804,140.82,508047
180.9703,140.82,508052
180.9703,140.82,508058
181.62004,140.81999,508063
182.39944,140.81999,508068
183.30588,140.82,508073
183.63141,140.80862,508078
183.82,140.26762,508084
184.02002,139.6992,508089
184.02,138.93852,508094
184.02,138.38351,508099
184.17998,137.75885,508105
184.21857,137.322,508110
184.60426,137.17706,508114
184.99268,137.18,508120
184.99268,137.18,508127
184.99268,137.18,508133
184.99268,136.65993,508139
185.06738,135.75427,508144
185.16982,134.85011,508149
185.18,134.07196,508154
185.18,133.29208,508159
185.18,132.51227,508163
185.18001,131.60266,508167
185.18,130.82437,508172
185.18,130.30449,508177
185.18,129.5248,508181
185.18001,128.61696,508187
185.17995,128.40062,508192
185.54161,128.10902,508197
186.3472,127.68604,508203
187.03545,127.31911,508208
187.83855,126.89125,508213
187.95326,126.830124,508219
187.95326,126.830124,508225
188.07243,126.19118,508230
188.16776,125.680016,508236
188.1998,125.3488,508241
188.67725,125.17999,508247
188.93636,125.17999,508253
188.93636,125.17999,508259
188.93636,125.17999,508265
188.93636,125.17999,508271
189.0346,124.68728,508276
189.02992,124.35329,508281
189.26476,123.98979,508333
189.26476,123.98979,508339
189.26476,123.98979,508345
189.7769,123.96873,508350
190.67104,123.97998,508356
191.39662,124.17996,508361
191.59453,124.18065,508367
191.84079,124.5115,508372
191.95479,125.01882,508377
191.95479,125.01882,508384
191.95479,125.01882,508389
192.47476,125.01882,508394
193.25351,125.054474,508398
194.16154,125.11335,508404
194.93994,125.162766,508408
195.58801,125.17999,508413
196.23796,125.17999,508419
197.27774,125.18,508424
198.0575,125.18,508429
198.83704,125.18,508435
199.48488,125.17999,508440
200.00429,125.17999,508445
200.39241,125.17999,508450
200.60359,125.18124,508455
200.82472,125.54086,508460
200.82,126.31841,508465
200.82,126.446976,508471
200.82,126.446976,508477
201.46667,126.51237,508483
202.24269,126.590836,508488
203.01869,126.669304,508493
203.27736,126.69546,508499
203.66628,126.72423,508504
204.18483,126.762596,508510
204.79526,126.82,508516
205.314,126.8201,508521
205.43938,126.82003,508526
205.65901,126.79681,508531
206.09398,126.31596,508536
206.4362,125.924484,508541
206.4362,125.924484,508547
206.4362,125.924484,508554
206.95618,125.924484,508559
207.02524,125.303185,508565
206.83432,124.68189,508627
206.83432,124.68189,508693
206.83432,124.68189,508699
206.83432,124.68189,508705
206.83432,124.16192,508711
206.363,123.68232,508716
206.0095,123.51762,508721
205.79779,123.36672,508727
205.32112,123.14257,508733
204.4204,123.01348,508737
203.77747,122.91817,508742
203.15518,123.10586,508748
202.40845,123.331085,508753
201.90633,123.46615,508759
201.52972,123.567444,508765
201.01022,123.58942,508770
200.7725,123.69472,508776
200.3644,123.82307,508781
199.97559,123.8201,508786
199.32567,123.82,508792
198.54578,123.82,508797
197.63602,123.82,508802
196.8564,123.82001,508807
196.0783,123.82001,508812
195.55835,123.82001,508816
194.64848,123.82,508822
193.86868,123.82,508827
192.95914,123.82,508832
192.3105,123.8201,508838
191.802,123.9287,508842
191.29349,124.037315,508848
190.79971,123.97986,508853
190.79971,123.97986,508858
190.79971,123.97986,508864
190.79971,123.97986,508868
190.79971,123.97986,508928
190.79971,123.97986,508933
191.31969,123.97986,508938
191.67453,124.22192,508943
191.90009,124.77358,508949
191.95686,125.02729,508955
191.95686,125.02729,508960
191.83292,124.65753,508965
191.82005,124.44803,508970
191.66257,124.21155,508974
191.05222,124.04258,508980
189.87459,123.97998,508984
189.51402,123.97998,508990
189.32181,123.97998,508995
189.05266,124.16643,509001
189.06262,124.15733,509005
188.6284,123.882286,509009
188.41647,123.82006,509015
188.16768,123.30133,509020
188.16531,123.171364,509025
188.16531,123.171364,509031
187.84491,123.73688,509037
187.46043,124.41549,509042
187.07596,125.0941,509047
186.77124,125.66814,509052
186.34975,126.474594,509057
186.04858,127.05058,509062
185.79639,127.505295,509067
185.54419,127.960014,509072
185.54419,127.960014,509139
185.54419,127.960014,509145
185.54419,127.960014,509153
185.02422,127.960014,509158
184.86899,128.46933,509164
185.00465,129.23724,509170
185.12991,130.00708,509176
185.1717,130.26369,509182
185.17929,130.9136,509187
185.18001,131.82347,509192
185.18,132.60326,509196
185.18,133.51279,509201
185.18,134.161,509206
185.18,134.161,509212
185.18,134.161,509218
185.18,134.68097,509224
184.93085,135.68005,509230
184.69145,136.42233,509236
184.49603,137.04224,509241
184.42987,137.15413,509247
184.17998,137.82976,509252
184.18,138.47508,509257
184.17998,139.2427,509261
184.21147,140.13402,509266
184.25577,140.91272,509271
184.29861,141.6915,509275
184.30577,141.82129,509281
184.30577,141.82129,509287
184.30922,141.30133,509292
184.31439,140.5214,509297
184.31873,139.87143,509302
184.16806,139.49,509307
184.17998,138.58546,509312
184.18,137.69371,509315
184.20525,136.92363,509321
184.24124,136.1445,509326
184.28226,135.23546,509331
184.31158,134.58617,509336
184.36961,134.06943,509341
184.45667,133.29434,509346
184.5437,132.51926,509351
184.58723,132.13171,509357
184.66196,131.61714,509362
184.77402,130.84526,509367
184.8861,130.0734,509371
185.08958,129.05356,509377
185.1659,128.67111,509382
185.20401,128.3413,509386
185.62434,128.0732,509391
186.42792,127.646286,509397
187.23029,127.217064,509402
187.9181,126.84932,509408
188.05064,126.213005,509413
188.15668,125.70396,509418
188.189,125.37173,509425
188.65755,124.93481,509431
189.02939,124.599525,509437
189.02994,124.34745,509442
189.05632,124.16323,509448
189.63264,123.966576,509455
190.28078,123.918785,509460
191.18777,123.84549,509465
191.63556,123.82001,509471
192.26413,123.96501,509477
193.01315,124.18252,509483
193.38004,124.314735,509489
194.11378,124.57918,509494
194.84526,124.8499,509500
195.57626,125.12187,509506
196.09608,125.1343,509512
197.13574,125.15916,509517
196.7461,125.17999,509522
196.09775,125.1799,509526
195.47285,125.00114,509531
194.84795,124.822365,509537
194.23615,124.602936,509542
193.50197,124.33962,509545
192.89291,124.112686,509549
192.28384,123.88576,509554
191.63936,123.96997,509559
190.93044,123.97513,509564
190.05644,123.97998,509568
189.54585,123.97997,509574
189.30133,123.98197,509579
188.85234,124.49002,509585
188.50998,125.04251,509590
188.33664,125.22097,509596
188.16748,125.71829,509601
188.16165,126.49823,509606
187.72041,126.77332,509612
187.05855,127.18597,509617
186.50699,127.52984,509621
185.73482,128.01126,509627
185.42023,128.1804,509633
185.17424,128.45824,509637
185.16403,128.58926,509642
185.06445,129.09961,509646
184.96487,129.60995,509651
184.88539,130.12383,509656
184.78606,130.76616,509661
184.66685,131.53696,509666
184.60432,132.05316,509671
184.51051,132.82745,509675
184.40106,133.7308,509681
184.35416,134.11795,509686
184.28242,134.63295,509691
184.13896,135.66296,509693
183.99548,136.69296,509698
183.88788,137.46547,509704
183.82002,137.98047,509709
184.02255,138.26483,509714
184.02,139.17076,509719
184.17996,139.50299,509724
184.17996,139.50299,509729
184.17996,139.50299,509787
184.17996,139.50299,509792
184.17996,140.02296,509797
183.97124,140.43796,509802
183.80121,140.6149,509808
183.5734,140.82552,509813
182.79393,140.82,509818
181.10733,140.82002,509824
180.97963,140.82,509829
180.97963,140.82,509835
181.49945,140.81999,509840
182.40874,140.81999,509845
183.18636,140.82,509849
183.63971,140.8049,509854
183.82607,140.37473,509859
184.02553,139.79236,509864
184.02,138.90523,509869
184.02,138.36288,509875
184.17996,137.73918,509879
184.22433,137.31433,509884
184.62059,137.17706,509888
185.00888,137.18,509893
185.00888,137.18,509899
185.00888,137.18,509906
185.00888,136.66002,509912
185.06444,135.88303,509916
185.14616,135.10736,509921
185.18,134.5905,509926
185.18001,134.07056,509931
185.18,133.16072,509937
185.18,132.25098,509943
185.18,131.34155,509949
185.18,130.82304,509955
185.18001,130.17319,509961
185.18,129.2637,509965
185.18,128.61566,509970
185.18,128.39955,509976
185.65913,128.0499,509981
186.5799,127.566734,509986
187.38176,127.136566,509992
187.95479,126.829834,509997
187.95479,126.829834,510003
187.95479,126.829834,510009
187.95479,126.30986,510014
188.10214,125.6888,510020
188.19215,125.36433,510025
188.64261,125.178085,510030
189.0309,125.17999,510035
189.0309,125.17999,510042
189.0309,125.17999,510047
189.0309,125.17999,510054
189.04506,124.71688,510060
189.02992,124.33584,510066
189.28265,123.985405,510114
189.28265,123.985405,510119
189.28265,123.985405,510125
189.92804,123.971825,510129
190.69379,123.97998,510134
191.29706,124.13625,510139
191.60358,124.183235,510144
191.87361,124.65419,510149
191.95863,125.03479,510155
191.95863,125.03479,510162
191.95863,125.03479,510168
192.6086,125.03479,510174
193.38744,125.06898,510179
194.42535,125.13389,510184
195.20387,125.17999,510189
195.59247,125.1799,510194
196.11243,125.17999,510199
196.8923,125.18,510204
197.67212,125.18,510209
198.45183,125.18,510214
199.23085,125.17999,510219
200.13841,125.18,510224
200.598,125.179985,510230
200.81735,125.39797,510236
200.82,126.173225,510241
200.82002,126.431114,510246
200.82002,126.431114,510253
200.82002,126.431114,510258
201.34,126.431114,510264
202.24251,126.52911,510269
203.14244,126.66387,510274
203.91869,126.73766,510279
204.17775,126.75954,510285
204.65645,126.820274,510291
205.43407,126.82,510296
205.43407,126.8201,510303
205.65404,126.79964,510310
206.09027,126.32106,510316
206.4322,125.92932,510322
206.4322,125.92932,510328
206.4322,125.92932,510335
207.08217,125.92932,510342
207.15285,125.44503,510346
206.8689,124.7186,510401
206.8689,124.7186,510462
206.8689,124.7186,510466
206.8689,124.7186,510473
206.8689,124.19862,510479
206.80261,124.19295,510484
206.28786,123.796104,510489
205.97899,123.558,510495
205.79817,123.38128,510501
205.34865,123.14965,510506
204.44812,123.01925,510511
203.80534,122.92281,510515
203.1817,123.1059,510520
202.43333,123.325615,510525
201.80551,123.49383,510531
201.55438,123.56112,510537
201.03502,123.58653,510542
200.79576,123.68826,510547
200.26363,123.82001,510552
199.87543,123.82001,510558
199.35548,123.82,510563
198.44565,123.82,510568
197.66588,123.82,510572
196.62646,123.82,510576
196.1075,123.82001,510581
195.45757,123.82,510587
194.80766,123.82001,510592
193.89787,123.82,510597
193.11821,123.82,510602
192.33954,123.82001,510607
191.6971,123.90277,510612
190.82994,123.96294,510617
190.07881,123.97997,510622
189.55826,123.97997,510627
189.33853,123.97997,510632
188.95042,124.320656,510637
188.54326,124.98591,510641
188.38327,125.19084,510646
188.16847,125.47814,510650
188.16225,126.38807,510655
187.60048,126.84647,510661
186.93619,127.255035,510666
186.16576,127.739235,510670
185.61528,128.08484,510675
185.41115,128.18106,510680
185.15329,128.60617,510685
185.16783,128.60936,510691
185.0395,129.24654,510698
184.96251,129.62883,510704
184.863,130.27115,510709
184.76352,130.91345,510714
184.66402,131.55576,510720
184.60158,132.07196,510725
184.50792,132.84628,510731
184.41426,133.6206,510737
184.35182,134.13681,510743
184.28006,134.65181,510749
184.19034,135.29556,510754
184.08269,136.06805,510759
183.95709,136.9693,510766
183.84943,137.74179,510772
183.82002,137.9993,510778
184.01999,138.40857,510783
184.02,139.31308,510788
184.1802,139.5145,510793
184.1802,139.5145,510797
184.1802,139.5145,510856
184.1802,139.5145,510862
184.1802,140.03447,510869
183.96857,140.44545,510874
183.79898,140.62161,510880
183.42435,140.82079,510886
182.64523,140.82,510890
181.73618,140.82,510895
180.9616,140.82002,510900
180.9616,140.82002,510909
180.9616,140.82002,510916
181.48157,140.82002,510921
182.52092,140.82,510926
183.29755,140.82,510931
183.62364,140.8118,510936
183.8238,140.41887,510942
184.03304,139.83621,510947
184.02,138.94742,510952
184.02,138.38933,510957
184.16293,137.88937,510962
184.17996,137.52309,510966
184.21584,137.32591,510972
184.59605,137.1774,510976
184.98453,137.17998,510981
184.98453,137.17998,510987
184.98453,137.17998,510993
184.98453,136.66,510999
185.0464,135.88374,511003
185.15248,134.98,511008
185.18,134.59274,511014
185.18001,133.94283,511018
185.18,133.03299,511023
185.18,132.25322,511027
185.18,131.47365,511033
185.18,130.82526,511038
185.18001,130.17542,511043
185.18001,129.2659,511048
185.17998,128.61786,511053
185.17998,128.40132,511058
185.65701,128.05147,511063
186.4622,127.62775,511069
187.26453,127.19847,511075
187.95244,126.83089,511080
187.95244,126.83089,511088
187.95244,126.83089,511097
187.95244,126.18092,511104
188.1007,125.69022,511110
188.19144,125.365974,511115
188.5092,125.16858,511121
189.02718,125.17999,511126
189.02718,125.17999,511131
189.02718,125.17999,511137
189.02718,125.17999,511143
189.0445,124.71546,511148
189.02992,124.370674,511153
189.28337,123.98525,511208
189.28337,123.98525,511212
189.28337,123.98525,511218
189.92886,123.97187,511224
190.81854,123.97998,511229
191.29778,124.13641,511235
191.60425,124.18344,511241
191.8739,124.65538,511246
191.95891,125.03598,511252
191.95891,125.03598,511257
191.95891,125.03598,511263
192.47888,125.03598,511268
193.64705,125.08396,511273
194.55511,125.14224,511278
195.33363,125.17999,511282
195.5925,125.17999,511288
196.11243,125.18,511293
197.02228,125.18,511298
197.93202,125.17999,511302
198.84149,125.18,511307
199.48927,125.17999,511311
200.0087,125.18,511315
200.26784,125.17999,511321
200.59799,125.17999,511326
200.82912,125.52474,511332
200.82,126.30235,511337
200.82,126.43103,511342
200.82,126.43103,511348
201.46637,126.5002,511354
202.24191,126.583206,511358
203.1467,126.68004,511363
203.79445,126.7329,511368
204.18333,126.762184,511374
204.6638,126.82001,511381
205.31242,126.82001,511387
205.43785,126.82001,511392
205.65761,126.79764,511398
206.0074,126.41531,511403
206.43506,125.92586,511408
206.43506,125.92586,511414
206.43506,125.92586,511420
206.95503,125.92586,511425
207.06276,125.42868,511430
206.83438,124.6829,511490
206.83438,124.6829,511554
206.83438,124.6829,511559
207.35435,124.6829,511564
207.61433,124.6829,511570
208.03471,124.18718,511576
208.20287,123.98889,511581
208.72159,123.952736,511585
209.62915,123.88947,511590
210.40723,123.83525,511641
210.92558,123.82001,511646
210.92558,123.82001,511651
210.92558,123.82001,511698
210.92558,123.82001,511704
211.44556,123.82001,511708
211.76428,124.205536,511713
211.82,124.81881,511718
211.82,124.94865,511724
211.82,124.94865,511731
211.8201,124.68894,511735
211.82004,124.46179,511740
211.57376,124.17523,511745
211.06317,124.05219,511751
210.37747,123.97997,511756
209.51099,123.97997,511762
209.16043,124.02649,511768
208.7274,124.66739,511773
208.51984,124.99755,511843
208.51984,124.99755,511848
208.51984,124.99755,511855
207.86987,124.99755,511860
208.03342,125.254295,511865
207.81633,125.72678,511871
207.4907,126.43552,511876
206.97932,126.529686,511881
206.21227,126.67093,511886
205.82874,126.741554,511893
205.23647,126.82,511898
204.71777,126.82001,511902
204.71777,126.82001,511908
204.71777,126.82001,511914
204.0678,126.82001,511919
204.0395,126.70206,511924
204.1748,126.06632,511929
204.1748,126.06632,511934
204.1748,126.06632,511940
203.65483,126.06632,511945
202.77594,125.867775,511951
202.44327,125.82005,511957
202.18437,125.606445,511964
202.18,124.83593,511969
202.18,124.70851,512032
202.18,124.70851,512036
202.18,124.70851,512042
202.18,124.05854,512047
202.65529,124.00944,512052
203.01175,124.1676,512057
203.01175,124.1676,512064
203.01175,124.1676,512071
203.01175,123.77762,512076
203.33585,123.11102,512081
203.3768,122.59266,512087
203.43822,121.815125,512092
203.49963,121.03758,512097
203.63258,120.814156,512103
203.82611,120.392525,512108
204.03299,119.864784,512113
204.02003,119.19483,512118
204.02,118.67622,512123
203.97191,117.77008,512128
203.89546,116.86336,512133
203.82167,115.9564,512139
203.82,115.44007,512145
203.82,115.44007,512151
203.82,115.44007,512157
203.82,114.7901,512162
203.82,114.01028,512167
203.82,113.10076,512172
203.82,112.06233,512177
203.82,111.54701,512182
203.82,111.02716,512187
203.81999,110.11764,512192
203.82002,109.33955,512251
203.82002,109.33955,512256
203.82,108.82157,512260
203.7728,108.31262,512266
203.21292,108.098694,512270
202.073,107.83584,512275
201.18835,107.62274,512280
201.06195,107.59242,512285
201.06195,107.59242,512291
200.99037,107.0774,512295
200.8293,105.918594,512300
200.82002,105.66153,512305
200.79707,105.347176,512310
200.45735,105.174225,512315
199.94078,105.17999,512320
199.94078,105.17999,512325
199.94078,105.17999,512333
200.59074,105.17999,512337
200.89273,105.27567,512342
201.18793,105.85474,512347
201.54216,106.549614,512351
202.14096,107.23478,512356
202.3976,107.52842,512361
202.94653,107.87644,512366
203.27591,108.08526,512372
203.58693,108.17994,512376
203.82991,108.44912,512381
203.82,109.228134,512385
203.82,110.13746,512390
203.82002,111.1718,512395
203.82002,111.1718,512400
204.07257,110.717285,512404
204.37512,110.14207,512408
204.67438,109.56509,512413
205.02951,108.870674,512418
205.14789,108.6392,512422
205.14789,108.6392,512429
205.17465,109.28861,512434
205.18,110.327095,512438
205.18,111.10018,512443
205.10338,111.61448,512447
204.95018,112.64308,512452
204.83528,113.414536,512456
204.79698,113.671684,512461
204.70464,114.315056,512466
204.59381,115.087105,512470
204.51993,115.60181,512475
204.48827,116.12081,512480
204.43285,117.029076,512485
204.37534,117.14566,512491
204.17409,117.42794,512495
204.18,118.46614,512500
204.17998,118.85114,512504
204.18,119.36701,512510
204.18,119.57696,512516
204.60948,120.026184,512520
205.09691,120.45614,512525
205.19792,120.64577,512530
205.556,121.02207,512534
206.28065,121.76797,512538
206.91441,122.42094,512543
207.18604,122.700775,512548
207.57178,123.049446,512553
208.1504,123.57246,512557
208.39034,123.81439,512562
209.42383,123.82,512567
210.33273,123.82,512572
210.98079,123.82001,512577
211.6307,123.82001,512583
212.41058,123.82,512587
213.45027,123.82001,512592
214.22974,123.82,512596
214.74841,123.8201,512602
215.26837,123.82001,512607
216.17822,123.82,512611
217.088,123.82001,512616
217.9975,123.82,512620
218.64568,123.8201,512624
219.29547,123.82001,512629
220.20435,123.82,512633
220.66977,123.79007,512636
221.38264,123.473625,512641
222.09554,123.15719,512645
222.45198,122.99896,512649
222.45198,122.99896,512655
222.45198,122.99896,512662
221.802,122.99896,512667
221.03696,123.40806,512671
220.84294,123.58112,512677
220.65593,123.79299,512681
219.7635,123.82,512686
219.11533,123.82001,512690
218.59538,123.82001,512696
217.68555,123.82,512701
216.77579,123.82,512707
215.86633,123.82001,512711
215.34758,123.820015,512715
214.69763,123.82,512720
213.7878,123.82001,512725
212.87805,123.82001,512731
212.09851,123.82001,512735
211.45023,123.82001,512740
210.9303,123.82001,512744
209.76149,123.82001,512749
208.85257,123.82001,512754
208.09315,123.569305,512758
207.52492,123.03504,512763
206.87543,123.009895,512768
205.96616,122.97469,512772
205.05688,122.9395,512777
204.27751,122.909325,512782
203.75792,122.889206,512786
203.13954,123.08938,512793
202.39749,123.32959,512798
201.89586,123.46648,512802
201.51964,123.56914,512808
201.00009,123.59025,512813
200.76315,123.697266,512820
200.48259,123.83013,512826
199.96408,123.8201,512832
199.44412,123.82,512838
198.53427,123.82,512843
197.75447,123.82,512847
196.71506,123.82001,512852
196.06693,123.82001,512857
195.41699,123.82,512861
194.50716,123.82,512866
193.59744,123.82,512871
192.81795,123.82,512875
192.29924,123.82001,512880
192.29924,123.82001,512945
192.29924,123.82001,512952
191.64928,123.82001,512958
190.75552,123.9642,512963
190.12848,123.97997,512968
189.52138,123.97997,512973
189.291,123.98361,512978
189.03183,124.22617,512984
189.06607,124.150505,512989
188.6158,123.89133,512994
188.40741,123.82006,512999
188.20786,123.65932,513004
188.16411,123.152405,513010
188.16411,123.152405,513016
188.16411,123.152405,513024
187.64413,123.152405,513030
187.28366,123.66258,513035
187.11583,124.424164,513039
186.93944,125.18392,513045
186.65768,125.769646,513050
186.31958,126.47251,513056
186.09416,126.94109,513061
185.84612,127.39809,513067
185.53606,127.96933,513073
185.53606,127.96933,513148
185.53606,127.96933,513153
185.53606,127.96933,513159
185.01608,127.96933,513165
184.86253,128.4783,513170
185.0436,129.50218,513176
185.17183,130.27153,513181
185.1779,130.79147,513186
185.18,131.57137,513192
185.18,132.48116,513198
185.18,133.26085,513203
185.18,134.16881,513208
185.18,134.16881,513215
185.18,134.16881,513222
185.18,134.81879,513228
184.97594,135.56587,513234
184.73456,136.30754,513240
184.53488,136.92609,513244
184.41508,137.15683,513249
184.1956,137.36671,513255
184.18,137.99652,513260
184.18,138.51387,513265
184.17998,139.28087,513269
184.20229,139.9227,513274
184.23824,140.57167,513280
184.2734,141.22067,513286
184.3086,141.86969,513291
184.3086,141.86969,513298
184.3086,141.86969,513305
184.82857,141.86969,513311
184.9546,141.50343,513316
184.69559,140.76778,513321
184.44102,140.03052,513326
184.16945,139.54582,513332
184.18,138.89877,513338
184.18,138.5137,513344
184.18,137.9993,513349
184.18,137.50696,513354
184.19878,136.98758,513360
184.2355,136.20848,513364
184.2719,135.42937,513370
184.3083,134.65025,513376
184.36562,134.13345,513383
184.4516,133.35825,513390
184.50893,132.84143,513396
184.59491,132.06624,513402
184.68881,131.42308,513408
184.8203,130.52267,513413
184.87665,130.1368,513419
184.9775,129.6267,513425
185.15396,128.73401,513431
185.1821,128.3907,513437
185.55423,128.10052,513444
186.2443,127.73706,513449
187.04794,127.310265,513455
187.73688,126.94459,513460
188.00829,126.252815,513465
188.16489,125.621994,513470
188.17995,125.40626,513478
188.42987,125.13326,513485
189.02248,124.62614,513491
189.02994,124.36076,513496
189.07701,124.12245,513502
189.72018,123.95114,513507
190.49808,123.89523,513513
191.27576,123.83551,513519
191.79356,123.82001,513526
192.41681,124.00449,513532
193.04004,124.18898,513538
193.52888,124.36619,513544
194.26215,124.63202,513549
194.87148,124.85825,513554
195.48035,125.08567,513560
196.12207,125.13626,513566
196.90186,125.152115,513573
197.68158,125.171265,513578
198.22699,124.97167,513583
197.78961,124.69048,513588
197.35222,124.409294,513593
196.87216,124.209526,513599
196.15205,123.90986,513604
195.3821,123.85557,513610
194.6023,123.840996,513616
193.6926,123.82001,513621
192.913,123.82,513627
192.2646,123.82001,513634
191.75075,123.89948,513639
190.8868,123.96446,513644
190.13255,123.97998,513649
189.52322,123.97998,513655
189.29176,123.98348,513661
188.8698,124.453094,513666
188.53027,125.00733,513672
188.36784,125.20846,513679
188.18362,125.39407,513685
188.16829,126.04316,513691
188.16351,126.43311,513697
187.72687,126.71545,513702
187.18106,127.06837,513707
186.63525,127.42129,513713
185.98029,127.84479,513719
185.65279,128.05653,513723
185.34303,128.2028,513729
185.12892,128.73293,513735
185.17053,128.60892,513739
185.04091,129.24582,513744
184.96313,129.62798,513749
184.88342,130.1418,513753
184.72401,131.16945,513759
184.66423,131.55482,513764
184.58615,132.20009,513769
184.47685,133.10345,513775
184.36755,134.00682,513780
184.27983,134.65082,513787
184.19011,135.29457,513795
184.10048,135.93832,513802
184.02878,136.45334,513808
183.93913,137.09709,513814
183.8495,137.74084,513822
183.82,137.99835,513829
184.02588,138.27808,513836
184.02,138.92616,513840
184.17998,138.55484,513845
184.17998,138.42886,513848
184.17998,138.42886,513916
184.17998,138.42886,513923
184.17998,137.90889,513928
184.17998,137.5305,513932
184.21187,137.3319,513938
184.58368,137.17831,513944
184.97226,137.18,513950
184.97226,137.18,513956
184.97226,137.18,513962
184.97226,137.18,513969
184.71327,137.18,513974
184.48073,137.18,513981
184.22926,137.31084,513986
184.17998,138.04451,513991
184.18,138.56137,513997
184.18,139.32646,514002
184.20265,139.65456,514008
184.57916,140.00957,514014
185.06465,140.44173,514019
185.06465,140.44173,514026
185.06465,140.44173,514033
185.06465,140.9617,514038
185.70917,141.0077,514043
186.61394,140.91154,514049
187.3902,140.83565,514054
187.90645,140.82,514059
187.90645,140.82,514065
187.90645,140.82,514071
187.38647,140.82,514076
186.60693,140.82,514081
185.82918,140.82,514086
185.37445,140.81107,514092
185.01411,140.44844,514098
184.58325,139.9618,514103
184.49452,139.8668,514108
184.36201,139.79279,514114
184.17712,139.36871,514120
184.17998,138.59369,514126
184.18,137.9531,514132
184.18,137.58022,514139
184.19833,137.0608,514144
184.24011,136.15181,514149
184.28156,135.2428,514154
184.31117,134.5935,514159
184.36913,134.07677,514165
184.45605,133.30167,514171
184.55748,132.39738,514176
184.58646,132.13902,514183
184.67978,131.49579,514189
184.77309,130.85255,514194
184.88507,130.08067,514199
185.01208,129.44324,514205
185.16452,128.67831,514210
185.20042,128.34763,514216
185.61539,128.075,514221
186.3043,127.70933,514226
186.99252,127.34234,514230
187.91023,126.853134,514236
187.91023,126.853134,514241
187.91023,126.853134,514247
187.91023,126.33316,514253
188.12758,125.60081,514258
188.1816,125.39232,514264
188.57831,125.17852,514268
188.96703,125.17999,514273
188.96703,125.17999,514280
188.96703,125.17999,514285
188.96703,125.17999,514291
189.03737,124.695656,514297
189.02994,124.358246,514302
189.2611,123.99082,514356
189.2611,123.99082,514362
189.2611,123.99082,514368
189.77248,123.96871,514374
190.66672,123.97998,514379
191.39288,124.17996,514385
191.59105,124.17996,514390
191.83884,124.50555,514395
191.95326,125.01278,514400
191.95326,125.01278,514407
191.95326,125.01278,514413
192.47324,125.01278,514419
193.25189,125.049484,514424
194.15982,125.11009,514430
194.80841,125.152466,514434
195.58617,125.17999,514439
196.10611,125.17999,514444
196.88599,125.17999,514449
197.79576,125.18,514454
198.70528,125.18,514459
199.483,125.179985,514465
200.00243,125.18,514470
200.39056,125.1799,514475
200.60172,125.180664,514481
200.8265,125.53545,514487
200.82002,126.31303,514492
200.82002,126.44163,514498
200.82002,126.44163,514504
201.46655,126.508286,514509
203.14757,126.681595,514515
203.27687,126.69493,514522
203.79541,126.73351,514527
204.18431,126.76245,514533
204.66484,126.82,514539
205.31346,126.82001,514544
205.96248,126.798134,514549
206.87102,126.74731,514555
207.1283,126.21284,514561
207.17612,125.434685,514566
207.24388,124.52725,514626
207.24388,124.52725,514687
207.5011,124.48933,514693
208.10805,123.99948,514699
208.20544,123.7879,514704
208.18,123.1521,514709
208.18,123.1521,514764
208.18,123.1521,514768
208.18,123.1521,514833
208.18,123.1521,514838
208.18,123.67207,514844
208.18,124.452034,514906
208.18,124.452034,514911
207.92004,124.45635,514917
207.42122,124.60313,514923
207.04259,124.50971,514929
206.90985,125.01246,514934
206.82002,125.38952,514940
206.82002,125.59436,514945
206.4621,125.827545,514950
206.07501,125.82001,514956
206.07501,125.82001,514962
206.07501,125.82001,514968
206.07501,126.46998,514973
205.95064,126.637764,514979
205.83122,126.68913,514985
205.42647,126.822685,514990
204.64845,126.8201,514995
204.64845,126.8201,515000
204.64845,126.8201,515007
203.99849,126.8201,515014
203.98033,126.75384,515021
204.11177,126.250755,515027
204.17749,125.99921,515034
204.17749,125.99921,515041
204.17749,125.99921,515047
203.65752,125.99921,515054
203.01968,125.887505,515059
202.63881,125.82002,515066
202.432,125.82002,515074
202.21869,125.674164,515078
202.18,124.79605,515084
202.18,124.66922,515091
202.18,124.66922,515097
202.19392,124.37035,515102
202.48196,124.16709,515108
202.99481,124.17999,515113
202.99481,124.17999,515119
202.99481,124.17999,515125
202.99481,123.66002,515131
203.3643,123.034164,515136
203.40909,122.38574,515142
203.46283,121.607635,515147
203.49866,121.0889,515152
203.62122,120.85961,515158
203.8201,120.497505,515165
203.9231,120.0866,515172
204.02002,119.47461,515178
204.02002,119.17743,515183
204.02,118.658844,515188
203.97166,117.75273,515193
203.88426,116.71648,515197
203.82,115.809555,515202
203.82,115.42306,515209
203.82,115.42306,515217
203.82,115.42306,515223
203.82,114.773094,515228
203.82,113.99328,515233
203.82,112.953926,515238
203.82,112.04542,515244
203.82002,111.65796,515249
203.82,111.00814,515254
203.82,110.098625,515259
203.82,109.32056,515303
203.82,109.32056,515308
203.82,108.80271,515312
203.76186,108.29729,515317
203.1861,108.092766,515322
202.2999,107.88639,515326
201.28822,107.64554,515331
201.03528,107.58543,515336
201.03528,107.58543,515343
201.03528,107.58543,515347
201.03528,106.935455,515352
200.8274,105.663734,515357
200.79843,105.34972,515362
200.33366,105.17999,515366
199.94655,105.17999,515372
199.94655,105.17999,515377
199.94655,105.17999,515386
200.59651,105.17999,515390
200.85649,105.17999,515395
201.14816,105.76085,515400
201.55649,106.57404,515404
201.98584,107.06201,515409
202.41519,107.54998,515413
202.85622,107.825424,515418
203.29724,108.100876,515424
203.60793,108.18362,515429
203.8304,108.52229,515433
203.82,109.30132,515438
203.82,110.34037,515442
203.82,111.11607,515447
203.81999,111.89591,515451
203.82,112.80558,515455
203.82,113.97447,515459
203.82,114.75225,515464
203.81999,115.78864,515470
203.82,115.53107,515474
203.82,115.92305,515479
203.82,116.83272,515483
203.81999,117.74202,515489
204.02003,118.62431,515494
204.02,119.47364,515499
203.87035,120.33385,515504
203.75241,120.71539,515508
203.2935,120.91873,515512
202.43387,121.21711,515517
201.94289,121.38831,515522
201.39761,121.74206,515528
201.1795,121.883545,515533
201.1795,121.883545,515563
201.1795,121.883545,515568
201.1795,121.883545,515617
201.48308,121.63876,515622
202.082,121.38625,515627
202.92047,121.032745,515632
203.27983,120.88124,515636
203.60316,120.81891,515641
203.60316,120.81891,515691
203.60316,120.81891,515695
203.60316,120.81891,515701
204.25313,120.81891,515705
204.01381,120.673775,515709
203.94237,120.06101,515714
204.02003,119.315544,515720
204.02003,119.146736,515724
204.02003,119.146736,515730
204.10217,118.50198,515735
204.17998,117.72844,515740
204.17998,117.40661,515745
204.53194,117.17136,515751
205.04767,117.17999,515756
205.04767,117.17999,515762
205.04767,117.17999,515768
205.04767,117.17999,515774
204.66089,117.17999,515780
204.34665,117.203224,515785
204.17415,117.53578,515790
204.18,118.3146,515796
204.18,118.829735,515802
204.18,119.345985,515808
204.18,119.560165,515812
204.4937,119.92799,515817
205.08012,120.44225,515822
205.19316,120.62936,515828
205.53888,121.01142,515833
206.17451,121.662544,515838
206.71861,122.22138,515843
207.17209,122.68703,515847
207.19629,123.206436,515852
207.25073,124.375114,515923
207.25073,124.375114,515928
207.5062,124.42338,515934
207.40176,124.500786,515939
207.01352,124.46401,515945
206.86954,125.097824,515951
206.82002,125.56448,515957
206.6536,125.79424,515961
206.02606,125.82001,515966
206.02606,125.82001,515972
206.02606,125.82001,515978
206.02606,126.46997,515985
205.90324,126.64256,515990
205.90324,126.64256,515996
205.43434,126.82214,516002
204.65625,126.820015,516007
204.65625,126.820015,516014
204.65625,126.820015,516020
204.00629,126.820015,516025
203.98378,126.71418,516030
204.15233,126.08645,516036
204.17996,125.96091,516041
204.17996,125.96091,516047
204.17998,126.34784,516053
204.17998,126.46487,516058
204.21231,126.67031,516064
204.71124,126.82001,516070
205.3596,126.82001,516076
206.00858,126.79763,516082
206.78726,126.75289,516086
207.04681,126.73798,516091
207.38629,126.34412,516096
208.06522,125.55637,516101
208.20541,125.357376,516105
208.66223,124.90939,516110
209.02994,124.41592,516115
209.02994,124.31345,516120
209.02995,124.29487,516125
209.0357,124.236755,516130
209.2305,123.99062,516135
209.98392,123.97998,516140
211.04338,124.02837,516212
211.04338,124.02837,516217
211.04338,124.02837,516224
211.56335,124.02837,516229
211.81598,124.15816,516236
211.82338,124.80131,516241
211.82,124.9311,516248
211.82,124.9311,516255
212.338,124.97756,516260
213.24431,125.05888,516266
214.02115,125.12858,516272
214.79776,125.17999,516278
215.44768,125.18,516284
216.35753,125.18,516290
217.13733,125.18,516295
218.04678,125.17999,516300
218.69452,125.1799,516306
219.34428,125.17999,516311
220.253,125.17999,516317
220.90866,125.40427,516322
221.5372,125.86584,516328
221.31245,125.73401,516333
220.98573,125.521065,516340
220.78558,125.35554,516346
220.46991,125.17346,516350
219.56056,125.17999,516356
219.17172,125.17999,516361
218.671,125.03982,516366
217.79474,124.79451,516372
217.30588,124.617325,516377
216.5726,124.351555,516382
215.9636,124.12444,516388
215.2328,123.851906,516393
214.58295,123.84032,516399
213.67313,123.8241,516404
212.89333,123.82,516409
212.24364,123.82,516414
211.46533,123.8201,516418
210.94542,123.82,516423
210.03566,123.82,516428
209.12625,123.82001,516434
208.60799,123.82001,516440
208.20068,123.67196,516445
207.53835,123.048004,516451
207.09694,122.57091,516457
206.47897,121.90298,516463
205.94928,121.33046,516468
205.59616,120.948784,516474
205.411,120.81324,516480
204.96259,120.38191,516486
204.62074,119.990105,516492
204.4419,119.81531,516497
204.16792,119.529976,516501
204.18001,118.494675,516507
204.17998,117.71809,516513
204.18196,117.397385,516518
204.28217,116.88716,516522
204.4325,116.121826,516527
204.509,115.607506,516532
204.62375,114.83604,516537
204.71936,114.19314,516543
204.8412,113.55469,516549
204.9874,112.78855,516553
205.17998,111.76704,516558
205.18,110.989815,516563
205.18001,110.08069,516568
205.18,109.172935,516573
205.18,108.65941,516577
205.18,108.65941,516633
205.18,108.65941,516639
205.18,108.65941,516645
205.18,108.00944,516651
205.8125,107.89904,516657
206.82771,108.1244,516662
207.08177,108.17958,516668
207.08177,108.17958,516673
207.08177,108.17958,516681
207.08177,107.6596,516687
207.4752,106.72615,516692
207.98283,105.81864,516697
208.18427,105.38351,516702
208.58841,105.17999,516708
208.97525,105.17999,516713
208.97525,105.17999,516718
208.97525,105.17999,516728
208.32527,105.17999,516733
208.06529,105.17999,516738
207.87772,105.80231,516743
207.61513,106.67355,516747
207.42755,107.29587,516752
206.84047,107.574745,516757
205.90111,108.02096,516761
205.66628,108.13251,516766
205.45863,108.17994,516772
205.1963,108.36594,516777
205.18001,109.51948,516781
205.18,110.42742,516785
205.18,111.071655,516790
205.08517,111.71467,516794
204.93347,112.74349,516799
204.80074,113.64371,516804
204.72691,114.15842,516809
204.59772,115.05916,516813
204.52391,115.57386,516818
204.49153,116.09283,516823
204.43489,117.001015,516828
204.32301,117.23325,516833
204.11942,117.65391,516837
204.02003,118.47888,516842
204.02003,118.89676,516847
204.02002,119.409004,516852
203.83633,120.397804,516857
203.77905,120.67894,516862
203.26894,121.07178,516867
202.42468,121.679,516872
201.79222,122.13542,516877
201.15965,122.591705,516882
200.83682,123.25158,516886
200.82002,123.590225,516892
200.33684,123.82,516898
199.94812,123.8201,516902
199.94812,123.8201,516953
199.94812,123.8201,516960
200.59808,123.8201,516964
200.89453,123.72983,516969
200.82002,123.21625,516975
200.82,123.08828,516981
200.82,123.08828,516987
201.14421,123.49481,516992
201.47415,124.05481,516998
201.60611,124.27882,517004
201.8396,124.74342,517009
202.13144,125.32418,517014
202.19168,125.62717,517019
202.47752,125.8325,517024
203.2536,125.82001,517028
203.2536,125.82001,517034
203.2536,125.82001,517041
203.2536,126.33998,517046
203.90358,126.59999,517051
204.15558,126.644844,517056
204.15558,126.644844,517062
204.62117,126.8264,517066
205.3991,126.8201,517071
205.3991,126.8201,517077
205.3991,126.8201,517081
206.17906,126.8201,517086
205.92316,126.747375,517091
205.92316,126.747375,517097
206.2261,126.32477,517103
206.60654,125.8019,517108
206.82687,125.567184,517113
206.82,124.66194,517118
206.82,124.66194,517177
206.82,124.66194,517182
206.82,124.66194,517188
206.82,124.01197,517194
206.26895,123.96667,517199
206.04854,124.10454,517204
206.04854,124.10454,517209
206.04854,124.10454,517215
206.56851,124.10454,517220
206.80249,124.2319,517225
206.96463,124.435135,517230
207.48431,124.452705,517235
207.90009,124.14044,517240
208.21191,123.90625,517245
208.8613,123.87881,517250
209.6403,123.84589,517254
210.54933,123.8201,517304
210.54933,123.8201,517309
210.938,123.82001,517313
211.36014,124.12362,517318
211.67067,124.21244,517323
211.82574,124.595024,517328
211.82,124.98459,517334
211.82,124.98459,517339
211.82,124.98459,517345
212.34007,124.98459,517350
213.24678,125.04944,517355
214.15257,125.13636,517360
214.7995,125.17999,517365
215.44943,125.18,517371
216.2293,125.18,517377
216.87915,125.18,517382
217.65886,125.18,517388
218.43787,125.17999,517393
219.2161,125.18,517399
219.99542,125.17999,517405
220.38394,125.17999,517412
220.91446,125.40505,517417
221.64746,125.9441,517423
222.27943,126.40123,517428
222.49007,126.553635,517434
222.49007,126.553635,517440
222.49007,126.553635,517447
221.9701,126.553635,517452
221.29875,126.05039,517457
220.81577,125.44522,517462
220.61609,125.18771,517468
219.84145,125.18,517473
219.06386,125.17999,517479
218.44139,124.9929,517485
217.81894,124.8058,517490
217.20819,124.58342,517496
216.59746,124.36103,517501
216.11028,124.17928,517506
215.25772,123.86123,517512
214.73785,123.850815,517517
213.95805,123.835205,517522
213.04828,123.82,517527
212.26862,123.82,517533
211.49017,123.82001,517539
210.84029,123.82,517544
210.19096,123.82,517550
209.28143,123.82001,517555
208.63312,123.82,517560
208.22197,123.69189,517565
207.55957,123.06798,517570
207.11786,122.59117,517576
206.41112,121.82828,517582
206.48172,121.557304,517588
206.84126,122.09878,517593
207.2008,122.64024,517599
207.57468,123.00162,517605
208.1355,123.54367,517609
208.75401,123.82001,517614
209.53291,123.82,517619
210.31248,123.82,517624
210.96071,123.820015,517629
210.31143,123.82,517634
209.53175,123.82,517638
208.6237,123.82001,517643
208.11891,123.595604,517649
207.55144,123.06051,517654
207.02155,122.48819,517660
206.40334,121.82048,517666
205.87344,121.24815,517670
205.6085,120.962,517675
205.4245,120.81444,517681
205.06125,120.49063,517686
204.54675,119.904434,517691
204.35768,119.80352,517697
204.16943,119.4724,517701
204.18,118.69457,517706
204.18,117.91647,517710
204.18,117.65912,517716
204.18,117.65912,517721
204.18,117.65912,517726
204.18,117.139145,517732
204.79646,117.08513,517737
205.04305,117.16751,517743
205.04305,117.16751,517750
205.11429,116.52146,517757
205.17998,115.74632,517762
205.18,115.49003,517768
205.18001,114.97017,517772
205.18001,113.930756,517778
205.18,113.15156,517783
205.18,112.24335,517788
205.18,111.60033,517793
205.18,110.95063,517798
205.18,110.0415,517803
205.18,109.004715,517808
205.17998,108.6216,517814
205.17998,108.6216,517866
205.17998,108.6216,517871
205.17998,108.6216,517877
205.17998,107.971634,517883
205.80992,107.871704,517888
206.821,108.1148,517893
207.07425,108.17363,517899
207.07425,108.17363,517905
207.07425,108.17363,517913
207.07425,107.653656,517918
207.49692,106.60817,517923
207.9638,105.82736,517928
208.18196,105.39681,517933
208.42932,105.173965,517938
208.94609,105.1799,517943
208.94609,105.1799,517949
208.94609,105.1799,517958
208.16612,105.1799,517963
208.0068,105.262146,517968
207.82782,105.886986,517973
207.61302,106.63679,517977
207.43402,107.26162,517983
206.96721,107.49066,517987
205.91689,108.006004,517992
205.68347,108.12053,517998
205.37967,108.1891,518002
205.18,108.55834,518008
205.18001,109.59633,518013
205.18,110.50432,518018
205.18,111.148384,518023
205.10208,111.66249,518029
204.96576,112.56217,518034
204.80994,113.59038,518039
204.69809,114.362274,518044
204.58717,115.13431,518048
204.5132,115.648994,518054
204.47517,116.29785,518060
204.43716,116.9467,518064
204.33719,117.1867,518069
204.06519,117.86026,518073
204.02005,118.6713,518078
204.02,119.382385,518083
203.90231,120.25192,518089
203.7918,120.65923,518094
203.29002,121.05484,518099
202.55118,121.58596,518103
201.70825,122.19505,518108
201.07599,122.65175,518112
200.82002,123.35967,518117
200.78339,123.67654,518122
200.14171,123.82,518128
199.36229,123.82,518132
198.45242,123.82001,518137
197.67264,123.82001,518142
196.63322,123.82001,518147
196.11464,123.82001,518151
196.11464,123.82001,518209
196.11464,123.82001,518216
196.76462,123.82001,518222
197.67444,123.82001,518227
198.58405,123.82001,518233
199.49158,123.82001,518237
200.14067,123.82,518242
200.59982,123.81986,518247
200.82254,123.44416,518252
200.82,123.18619,518258
200.82,123.18619,518263
200.82,123.18619,518269
201.33998,123.18619,518273
201.67627,123.83166,518278
201.7373,124.34804,518283
201.94038,124.82671,518289
202.14348,125.30538,518294
202.18593,125.6119,518299
202.56874,125.82001,518304
203.21565,125.82001,518310
203.21565,125.82001,518317
203.21565,125.82001,518326
203.21565,126.33998,518332
203.85847,126.69605,518337
204.1156,126.7345,518342
204.7036,126.82,518347
205.352,126.82001,518351
205.352,126.82001,518356
205.352,126.82001,518360
205.87198,126.82001,518365
206.0236,126.7482,518370
205.88016,126.11426,518375
205.85147,125.98747,518381
205.85147,125.98747,518386
206.34781,125.83249,518392
206.56033,125.82005,518397
206.82333,125.582115,518402
206.82,124.6769,518407
206.82,124.6769,518465
206.82,124.6769,518469
206.82,124.6769,518476
206.82,124.02693,518482
206.35187,123.99323,518486
206.00075,124.16296,518491
206.00075,124.16296,518497
206.00075,124.16296,518502
206.52072,124.16296,518508
206.7807,124.16296,518513
207.01138,124.4774,518518
207.40123,124.46755,518523
207.93309,124.09394,518529
208.14583,123.944496,518534
208.79486,123.90954,518539
209.7028,123.8606,518544
210.48164,123.82001,518611
210.48164,123.82001,518619
210.99968,123.82001,518624
211.5135,124.17994,518629
211.82632,124.60371,518635
211.82,124.99324,518644
211.82,124.99324,518651
211.82,124.99324,518657
212.34007,124.99324,518661
213.37651,125.060745,518667
214.2822,125.14866,518672
214.7997,125.17999,518678
215.31964,125.18,518682
216.09952,125.18,518687
217.0093,125.17999,518693
217.78896,125.18,518698
218.5675,125.18,518704
219.21628,125.18,518710
220.25493,125.18,518715
221.01154,125.487305,518720
221.7444,126.02615,518726
222.38005,126.478134,518731
222.48598,126.5535,518737
222.48598,126.5535,518743
222.06293,126.25117,518748
221.42834,125.797676,518753
220.79378,125.344185,518759
220.45319,125.18,518764
219.54384,125.17999,518770
219.15508,125.1799,518776
218.65474,125.03836,518782
217.90422,124.82605,518787
217.29048,124.61295,518792
216.5575,124.346375,518797
216.19212,124.210014,518802
215.33961,123.89183,518808
214.69786,123.844,518814
213.78804,123.82959,518819
212.87828,123.82,518825
212.09871,123.82001,518830
211.45042,123.82001,518836
210.93051,123.82,518841
210.02075,123.82,518846
209.2412,123.82,518851
208.59319,123.82001,518856
208.09245,123.56856,518861
208.00925,123.46542,518866
207.52654,123.03016,518871
207.00693,123.01069,518876
206.09761,122.97661,518882
205.31819,122.947395,518887
204.53879,122.91818,518892
203.75937,122.88897,518897
203.20486,122.54989,518903
202.76126,122.27862,518908
202.343,121.96969,518913
201.92474,121.66077,518919
201.43658,121.83984,518924
201.1925,121.92938,518982
201.1925,121.92938,518988
201.1925,121.92938,519058
201.47923,121.665054,519063
201.95628,121.45817,519068
202.55258,121.199554,519075
203.26814,120.88921,519082
203.59268,120.82005,519088
203.59268,120.82005,519156
203.59268,120.82005,519161
203.59268,120.82005,519168
203.98267,120.82005,519175
204.10657,120.3182,519180
204.02003,119.592865,519186
204.02003,119.17806,519191
204.02003,119.17806,519197
204.02003,119.17806,519204
204.02003,118.52809,519210
204.16264,117.76397,519216
204.17998,117.42632,519222
204.36201,117.19759,519227
204.9953,117.17999,519233
204.9953,117.17999,519239
204.9953,117.17999,519247
204.9953,117.17999,519253
204.60945,117.17999,519259
204.40485,117.17999,519266
204.16858,117.507774,519273
204.18,118.286606,519278
204.18,118.80291,519284
204.17998,119.319565,519290
204.19493,119.63697,519296
204.56342,119.99349,519301
205.0536,120.420296,519306
205.1906,120.60422,519313
205.51483,120.990524,519319
206.06096,121.54736,519324
206.69608,122.19901,519329
207.14981,122.664406,519336
207.17673,123.18368,519343
207.23727,124.35205,519419
207.23727,124.35205,519427
207.49046,124.41112,519433
207.38963,124.49316,519439
207.00104,124.46035,519445
206.91896,124.84159,519452
206.82,125.34992,519458
206.82,125.56333,519465
206.65602,125.792885,519471
206.02924,125.82001,519477
206.02924,125.82001,519485
206.02924,125.82001,519491
206.02924,126.33998,519496
205.9063,126.64222,519501
205.78917,126.698586,519507
205.37538,126.825226,519512
204.72679,126.82001,519516
204.72679,126.82001,519522
204.72679,126.82001,519528
204.20682,126.82001,519533
204.0508,126.74198,519538
204.14917,126.23139,519543
204.17998,125.976105,519550
204.17998,125.976105,519556
204.18,126.362816,519561
204.18,126.478905,519567
204.18,126.58056,519573
204.4892,126.83236,519578
205.26784,126.82,519584
205.91621,126.798615,519592
206.56522,126.76324,519600
207.08443,126.734985,519606
207.5012,126.23624,519612
208.00134,125.63773,519616
208.17595,125.44511,519621
208.48582,125.07309,519626
209.02992,124.55473,519632
209.02994,124.37335,519637
209.02994,124.34024,519642
209.02994,124.312744,519647
209.02994,124.296455,519653
209.03198,124.26191,519657
209.27983,123.974304,519662
209.9178,123.97998,519667
211.08846,124.070816,519729
211.08846,124.070816,519734
211.08846,124.070816,519740
211.73842,124.070816,519745
211.93687,124.185326,519750
211.86868,124.700806,519755
211.83458,124.95855,519761
211.83458,124.95855,519767
211.83458,124.95855,519774
212.22456,124.95855,519779
213.00159,125.01377,519786
213.77748,125.093285,519791
214.55354,125.171165,519797
215.33284,125.17999,519803
216.11273,125.18,519808
217.0225,125.17999,519814
217.80219,125.18,519820
218.58066,125.179985,519825
218.58066,125.179985,519831
218.10625,124.96713,519837
217.86905,124.86071,519843
217.26305,124.62571,519849
216.53586,124.34371,519854
216.04929,124.16035,519860
215.31943,123.88531,519866
214.66966,123.8687,519872
213.88997,123.84876,519877
212.9803,123.82551,519882
212.20067,123.82,519887
211.4227,123.82001,519893
210.7728,123.82001,519899
210.12318,123.82,519904
209.47348,123.82,519911
208.69492,123.82,519917
208.34596,123.79966,519923
208.1783,123.43615,519928
208.18,123.1764,519989
208.18,123.1764,519995
208.18,123.1764,520058
208.18,123.1764,520064
208.18,123.69637,520069
208.18,124.47633,520131
208.18,124.47633,520136
207.92017,124.46749,520142
207.54459,124.57249,520147
207.04141,124.511475,520153
206.90898,125.014305,520158
206.82002,125.391426,520163
206.81992,125.59592,520169
206.68556,125.77377,520175
206.07117,125.82001,520181
206.07117,125.82001,520188
206.07117,125.82001,520194
206.07117,126.46997,520198
205.94122,126.726654,520203
205.81299,126.74794,520208
205.34396,126.82001,520213
204.69551,126.82001,520218
204.69551,126.82001,520224
204.69551,126.82001,520230
204.17554,126.82001,520235
204.02315,126.74705,520241
204.16261,126.11221,520247
204.17998,125.98525,520253
204.17998,125.98525,520259
203.8109,125.85928,520263
203.16263,125.82001,520268
202.64688,125.82001,520273
202.43826,125.82001,520278
202.17917,125.590675,520283
202.18,124.81739,520288
202.18,124.690216,520353
202.18,124.690216,520356
202.18,124.690216,520362
202.18,123.910255,520367
202.62856,123.91325,520372
202.96498,124.1105,520377
202.96498,124.1105,520384
202.96498,124.1105,520389
202.96498,123.59052,520395
203.36868,123.002815,520400
203.41283,122.354355,520406
203.46579,121.576195,520411
203.5011,121.05742,520417
203.62917,120.831154,520423
203.83089,120.54311,520427
204.00545,119.975464,520432
204.02003,119.28886,520436
204.02,118.551,520441
203.9623,117.64508,520447
203.88623,116.73832,520453
203.82,115.83141,520458
203.82002,115.44458,520464
203.82002,115.44458,520470
203.82002,115.44458,520476
203.82002,114.92461,520482
203.82,114.144775,520486
203.82,113.235214,520491
203.82,112.455956,520496
203.82,111.55133,520501
203.82,110.90153,520505
203.82,109.99206,520510
203.82,109.08569,520564
203.82,109.08569,520569
203.82,108.69843,520573
203.77585,108.31725,520578
202.58528,107.96505,520583
201.69969,107.75654,520585
200.94333,107.56615,520590
200.94333,107.56615,520596
200.94333,107.56615,520601
200.94333,106.78619,520607
200.82336,105.7574,520612
200.82002,105.420425,520617
200.50891,105.16727,520621
199.86418,105.17999,520626
199.86418,105.17999,520631
199.86418,105.17999,520638
200.51416,105.17999,520643
200.77414,105.17999,520648
201.02554,105.63515,520652
201.52837,106.54546,520657
201.95839,107.03284,520662
202.47443,107.61768,520666
203.03294,107.95011,520671
203.25636,108.083084,520676
203.57224,108.17994,520681
203.81668,108.396835,520686
203.82,109.30108,520691
203.82,110.34001,520695
203.82,111.11585,520700
203.81999,111.765724,520705
203.82,112.67542,520710
203.82,113.58488,520714
203.82,114.49349,520719
203.82,115.0089,520725
203.81999,115.658775,520730
203.81999,116.56846,520736
203.82,116.95817,520741
203.81999,116.43858,520746
203.82,115.66065,520752
204.0078,114.918945,520757
204.31456,114.062386,520763
204.57162,113.326004,520767
204.87236,112.467186,520771
205.13008,111.73103,520775
205.18001,111.08846,520780
205.18,110.30897,520785
205.18,109.400536,520791
205.18,108.628975,520796
205.21376,108.33086,520801
205.21376,108.33086,520808
205.18001,109.088455,520813
205.18,109.86748,520818
205.18,110.774506,520823
205.18,111.15765,520827
205.06274,111.92875,520832
204.92596,112.82837,520837
204.80873,113.599464,520841
204.71529,114.242676,520845
204.56737,115.27205,520850
204.5119,115.658066,520855
204.48174,116.17716,520860
204.4365,116.95581,520865
204.33514,117.19523,520870
204.18,117.55091,520875
204.18,118.32971,520879
204.18,118.84444,520885
204.18,119.23234,520890
204.17998,119.571754,520896
204.50793,119.93514,520901
205.0923,120.45174,520905
205.19562,120.6406,520910
205.73218,121.20475,520916
206.3666,121.85708,520922
206.90997,122.41662,520926
207.18167,122.69637,520930
207.56735,123.045135,520936
208.22119,123.66402,520942
208.75589,123.97003,520947
209.17667,124.0297,520952
209.93375,123.97998,520957
210.99529,123.99788,521011
210.99529,123.99788,521016
210.99529,123.99788,521023
211.51526,123.99788,521028
211.78252,124.12767,521034
211.8264,124.75493,521040
211.82,125.01447,521047
211.82,125.01447,521054
212.46864,125.05588,521061
213.24702,125.10555,521065
214.15514,125.16351,521069
214.80312,125.1799,521073
215.58302,125.18,521079
216.23293,125.17999,521083
217.1427,125.17999,521088
218.05217,125.18,521094
218.57092,125.17999,521099
219.09077,125.17999,521104
219.87025,125.18,521108
220.38855,125.17999,521114
220.9171,125.40982,521120
221.54533,125.871925,521125
222.28314,126.40452,521131
222.49391,126.55673,521136
222.49391,126.55673,521142
222.49391,126.55673,521151
221.84395,126.55673,521157
221.10992,126.00528,521161
220.82005,125.453835,521166
220.72577,125.26141,521172
220.0104,125.17999,521177
219.10252,125.17999,521182
218.47876,124.99733,521188
217.85498,124.81466,521192
217.36595,124.637955,521198
216.51016,124.32872,521203
215.90123,124.10144,521208
215.29228,123.87416,521214
214.64249,123.859215,521220
213.60281,123.83529,521225
212.82306,123.82,521230
212.0435,123.82,521235
211.39566,123.82001,521240
210.74577,123.82001,521246
209.966,123.82001,521251
209.1865,123.82,521256
208.66785,123.82001,521261
208.06628,123.537056,521266
207.59041,123.094345,521271
206.94135,123.060165,521276
206.16246,123.01915,521281
205.38358,122.97813,521286
204.34506,122.92345,521291
203.8258,122.8961,521298
203.20432,123.08638,521305
202.45853,123.31471,521309
202.45853,123.31471,521315
202.36818,123.82678,521320
202.30043,124.21083,521375
202.30043,124.21083,521381
202.30043,124.21083,521386
201.65047,124.21083,521391
201.89328,124.343346,521396
202.1466,125.01379,521401
202.17998,125.394615,521407
202.18015,125.592514,521413
202.53496,125.93685,521418
203.24724,126.50314,521423
203.34898,126.58404,521432
203.34898,126.58404,521442
203.86047,126.67762,521448
204.11621,126.72441,521454
204.56453,126.82339,521459
205.34288,126.8201,521465
205.4675,126.82003,521470
205.5759,126.82003,521476
205.93877,126.48852,521482
206.45409,125.90304,521486
206.45409,125.90304,521492
206.45409,125.90304,521498
207.10405,125.90304,521503
207.116,125.30226,521508
206.86795,124.701485,521568
206.86795,124.701485,521630
206.86795,124.701485,521636
206.86795,124.701485,521643
206.86795,124.05151,521650
206.27274,124.05263,521655
206.03465,124.15706,521660
206.03465,124.15706,521666
206.03465,124.15706,521671
206.68462,124.15706,521677
206.87357,124.26593,521682
207.02147,124.47975,521687
207.41129,124.4684,521693
207.9411,124.091896,521699
208.15303,123.9413,521704
208.8021,123.90694,521709
209.58022,123.86571,521714
210.4889,123.8201,521777
210.4889,123.8201,521782
211.00687,123.82001,521787
211.51895,124.17994,521792
211.8207,124.74725,521797
211.82,125.0069,521803
211.82,125.0069,521809
212.33885,125.04123,521814
213.11711,125.092735,521819
214.02507,125.152824,521824
214.80272,125.17999,521829
215.45264,125.18,521834
216.36247,125.17999,521839
217.2722,125.17998,521844
218.05171,125.17999,521849
218.57047,125.17999,521855
219.22026,125.17999,521860
220.12933,125.17999,521865
220.8072,125.32722,521869
221.53564,125.87158,521874
222.16992,126.325485,521879
222.48683,126.552765,521884
222.48683,126.552765,521891
222.48683,126.552765,521897
221.70686,126.552765,521903
221.10422,126.000465,521909
220.82005,125.44816,521914
220.71371,125.24966,521918
219.85573,125.18,521923
219.07799,125.17999,521928
218.45503,124.99454,521933
217.83208,124.80909,521939
217.34334,124.63161,521944
216.61021,124.36539,521950
216.00119,124.13834,521955
215.27037,123.86588,521960
214.62054,123.85217,521966
213.84076,123.83572,521971
212.931,123.82,521976
211.89168,123.82001,521982
211.50279,123.82001,521987
210.98288,123.82001,521992
210.0731,123.82001,521997
209.29355,123.82,522002
208.64516,123.82001,522007
208.13869,123.61133,522012
207.57016,123.07738,522016
207.12823,122.60076,522021
206.59793,122.028824,522026
206.06761,121.45689,522030
205.62569,120.98027,522036
205.4433,120.81616,522042
205.07596,120.50999,522047
204.56247,119.922905,522053
204.37587,119.80798,522058
204.17998,119.380135,522063
204.18,118.47282,522069
204.17998,118.60187,522074
204.18,119.374,522079
204.18,119.58243,522084
204.71153,120.11716,522089
205.10182,120.46074,522093
205.20047,120.65114,522098
205.56229,121.02458,522104
206.10503,121.58474,522109
206.73822,122.23825,522113
207.19049,122.70505,522120
207.57628,123.05368,522126
208.15495,123.57663,522130
208.15495,123.57663,522135
208.15495,123.57663,522141
208.15495,124.0966,522147
208.78773,124.20809,522153
209.5426,123.95353,522159
210.18922,123.88811,522163
210.08687,123.97996,522167
209.55486,123.97996,522171
209.49194,123.97996,522233
209.49194,123.97996,522239
209.49194,123.97996,522244
208.97197,123.97996,522249
208.19202,123.97996,522304
208.19202,123.97996,522308
208.19202,123.97996,522315
207.54204,123.97996,522320
207.53813,124.274086,522326
207.36092,124.46432,522332
206.97125,124.44854,522337
206.87581,124.95969,522342
206.82002,125.34304,522347
206.82002,125.55776,522352
206.66765,125.78593,522357
206.04477,125.82001,522363
206.04477,125.82001,522369
206.04477,125.82001,522374
206.04477,126.33998,522380
205.92128,126.6406,522385
205.80331,126.69518,522390
205.39294,126.82537,522395
204.61526,126.82001,522399
204.61526,126.82001,522406
204.61526,126.82001,522411
204.09529,126.82001,522416
204.06372,126.69583,522421
204.17998,126.05709,522427
204.17998,126.05709,522434
204.17998,126.05709,522441
203.53001,126.05709,522447
202.78047,125.88187,522451
202.449,125.82005,522457
202.24686,125.710396,522461
202.18,124.730286,522466
202.18,124.730286,522527
202.18,124.730286,522532
202.18,124.730286,522538
202.18,124.08032,522544
202.77866,124.073425,522549
203.01813,124.17466,522554
203.01813,124.17466,522560
203.15248,123.67234,522566
203.21521,123.31926,522570
203.36342,123.10565,522576
203.39835,122.58685,522580
203.4682,121.549255,522585
203.50313,121.03046,522590
203.63635,120.8072,522595
203.82611,120.37864,522600
204.0127,119.958084,522604
204.02003,119.18498,522609
204.02,118.536896,522614
203.97363,117.760345,522619
203.90768,116.983185,522623
203.8219,115.94678,522628
203.82,115.43062,522634
203.82,115.43062,522639
203.82,115.43062,522645
203.82,114.78065,522651
203.82,114.000824,522656
203.82,113.09131,522661
203.81999,112.18247,522665
203.82,111.66528,522670
203.82,111.145424,522675
203.82,110.23586,522679
203.82,109.45761,522733
203.82,109.45761,522738
204.09984,110.04425,522743
204.04057,109.65454,522748
203.86772,108.893974,522752
203.79866,108.355675,522757
203.28514,108.12321,522762
202.39915,107.91608,522767
201.262,107.641075,522772
201.00926,107.58012,522777
201.00926,107.58012,522783
201.00926,107.58012,522789
201.00926,106.930145,522794
200.89632,106.03261,522798
200.82002,105.65194,522804
200.82002,105.43816,522809
200.56024,105.171814,522814
199.91438,105.17999,522819
199.91438,105.17999,522825
199.91438,105.17999,522832
200.56435,105.17999,522837
200.82434,105.17999,522841
201.12498,105.75624,522846
201.5459,106.562996,522851
201.88954,106.95323,522856
202.40501,107.53858,522861
202.95517,107.884674,522866
203.28526,108.09234,522871
203.59486,108.17994,522876
203.83272,108.47657,522881
203.82,109.3855,522886
203.82,110.16486,522890
203.82,111.07121,522894
203.81999,111.981,522900
203.82,111.72318,522904
203.99707,111.106026,522908
204.17412,110.61713,522912
204.45602,110.03147,522917
204.62518,109.680084,522922
204.9176,109.09962,522926
205.15155,108.63525,522931
205.15155,108.63525,522936
205.1774,109.2847,522941
205.18,110.323166,522945
205.17998,111.09635,522951
205.08435,111.73924,522956
204.9696,112.51072,522961
204.8166,113.53935,522966
204.70518,114.31131,522971
204.59436,115.08336,522975
204.52048,115.59805,522981
204.48077,116.24681,522986
204.43312,117.025314,522991
204.37599,117.142075,522997
204.18001,117.55367,523001
204.18,118.59049,523007
204.18,119.36494,523013
204.17993,119.57532,523018
204.60818,120.024635,523022
205.09546,120.454765,523027
205.1972,120.644165,523033
205.64497,121.114204,523038
206.27916,121.76677,523043
206.91301,122.41964,523047
207.18468,122.69943,523052
207.66684,123.1353,523057
208.149,123.57117,523062
208.61832,123.91017,523068
209.13274,124.06367,523073
209.76494,123.97998,523078
210.51865,123.97998,523083
211.06905,124.05144,523088
211.43376,124.17996,523093
211.6419,124.196144,523099
211.82422,124.53746,523104
211.8201,124.92713,523108
211.8201,124.92713,523113
211.8201,124.92713,523120
212.47006,124.92713,523125
213.37451,125.01163,523130
214.1483,125.10941,523135
214.79333,125.179985,523139
215.44327,125.18,523144
216.35312,125.18,523149
217.26285,125.18,523154
218.04236,125.18,523158
218.69014,125.1799,523163
219.33992,125.18,523167
220.11906,125.17999,523172
220.37788,125.17999,523178
220.91026,125.39919,523183
221.53728,125.86295,523188
222.27415,126.39683,523193
222.48465,126.54941,523198
222.48465,126.54941,523205
222.48465,126.54941,523213
221.83469,126.54941,523218
221.19557,126.02148,523223
220.8178,125.387054,523227
220.30708,125.18,523232
219.26836,125.18,523238
218.6391,125.037056,523242
217.88919,124.82267,523247
217.27736,124.60329,523252
216.54317,124.34003,523258
215.9341,124.113106,523265
215.32503,123.88619,523270
214.67528,123.86947,523274
213.89558,123.849396,523279
213.11588,123.82932,523284
212.20628,123.82001,523288
211.42827,123.8201,523292
210.90836,123.82,523297
210.1286,123.82001,523302
209.0893,123.82001,523307
208.57135,123.82001,523313
208.16956,123.63278,523318
207.50319,123.01314,523322
206.85358,122.991425,523327
205.6843,122.95234,523333
204.90477,122.926285,523337
203.8654,122.89154,523343
202.99474,123.1314,523349
202.37744,123.3349,523353
201.75043,123.506096,523357
201.49962,123.57457,523363
200.97995,123.59244,523369
200.86226,123.64763,523375
200.51111,123.832596,523380
199.86357,123.82001,523385
199.21365,123.82001,523391
198.3038,123.82,523396
197.26414,123.82,523401
196.35509,123.82001,523406
196.09619,123.82001,523462
196.09619,123.82001,523468
196.61612,123.82,523472
197.39598,123.82001,523477
198.17574,123.82,523481
199.08495,123.82001,523486
199.47324,123.82001,523491
200.12238,123.82001,523496
200.59361,123.82001,523501
200.82715,123.458725,523507
200.82002,123.072975,523513
200.82002,123.072975,523519
200.82002,123.072975,523525
201.46999,123.072975,523530
201.39815,123.473305,523535
201.60695,124.08883,523540
201.96086,124.92609,523544
202.17717,125.39893,523550
202.18114,125.5964,523554
202.65778,125.82001,523556
203.3034,125.82001,523560
203.3034,125.82001,523566
203.3034,125.82001,523571
203.3034,126.46997,523577
203.81844,126.65849,523581
204.07486,126.66517,523586
204.1982,126.70621,523591
204.75294,126.82001,523597
205.401,126.82,523602
205.401,126.8201,523608
205.401,126.8201,523613
206.05096,126.8201,523619
206.0684,126.75507,523624
206.33214,126.306946,523629
206.67369,125.7719,523634
206.82323,125.40543,523639
206.82,124.63066,523645
206.82,124.63066,523706
206.82,124.63066,523712
206.82,124.63066,523720
206.82,123.98069,523726
206.33743,124.04434,523731
205.9755,124.17996,523737
205.9755,124.17996,523743
205.9755,124.17996,523749
206.49547,124.17996,523754
206.88545,124.17996,523760
207.01057,124.40786,523766
207.39944,124.43727,523771
207.93935,124.07537,523777
208.1553,123.93062,523782
208.80447,123.8985,523787
209.58273,123.85996,523792
210.49158,123.82001,523846
210.49158,123.82001,523851
211.00952,123.82001,523856
211.52095,124.17993,523862
211.83195,124.49249,523868
211.82,125.01186,523873
211.82,125.01186,523880
211.82,125.01186,523886
212.47006,125.01186,523892
213.11809,125.05675,523897
213.89523,125.12306,523902
214.80164,125.17999,523908
215.45157,125.18,523914
216.10147,125.18,523919
217.01126,125.18,523924
217.79091,125.18,523929
218.56946,125.179985,523933
219.08931,125.18,523938
219.9986,125.18,523943
220.3871,125.1799,523949
220.81313,125.32923,523954
221.44067,125.79228,523959
222.07216,126.25006,523964
222.49306,126.555374,523969
222.49306,126.555374,523976
222.49306,126.555374,523982
221.8431,126.555374,523988
221.38374,126.153015,523992
220.81607,125.44783,523997
220.62505,125.191444,524002
219.85266,125.18,524007
219.07497,125.17999,524012
218.45212,124.994194,524017
217.82927,124.80839,524023
217.21838,124.586426,524028
216.60748,124.36446,524033
216.12029,124.1828,524038
215.26767,123.86489,524043
214.7478,123.85404,524048
213.83804,123.83505,524054
213.05826,123.82,524060
212.27858,123.82,524065
211.50009,123.82001,524069
210.98016,123.82001,524074
209.94093,123.82,524080
209.03166,123.82001,524085
208.64297,123.8201,524092
208.64297,123.8201,524098
209.16287,123.82,524103
209.9426,123.82,524108
210.85123,123.82001,524112
210.98038,123.82001,524118
210.46094,123.82,524123
209.55127,123.82,524128
208.64308,123.82001,524133
208.13669,123.6099,524139
207.56831,123.075775,524143
207.12643,122.59912,524148
206.59618,122.027145,524152
206.06592,121.45516,524157
205.62402,120.97851,524162
205.44148,120.815994,524166
205.07472,120.50769,524171
204.5609,119.920906,524175
204.37405,119.807846,524181
204.167,119.50507,524186
204.18,118.59921,524191
204.18,117.69309,524196
204.18,117.69309,524201
204.18,117.69309,524209
204.18,117.04313,524215
204.77861,117.03636,524220
205.01805,117.13765,524225
205.01805,117.13765,524232
205.01805,117.13765,524239
205.01805,116.617676,524245
205.15102,115.721466,524249
205.17998,115.46698,524254
205.18001,114.817184,524260
205.18001,114.03758,524264
205.18,113.128395,524269
205.18,112.22045,524274
205.17998,111.57814,524278
205.18001,110.92845,524283
205.18001,110.14912,524288
205.18,109.50019,524292
205.18,108.600204,524297
205.18,108.600204,524350
205.18,108.600204,524355
205.18,108.600204,524362
205.18,107.95023,524369
205.80841,107.85619,524374
206.81749,108.10756,524379
207.07007,108.16921,524384
207.07007,108.16921,524391
207.07007,108.16921,524397
207.07007,107.51925,524403
207.4171,106.7097,524407
207.95917,105.82228,524412
208.18314,105.3939,524417
208.56575,105.17999,524421
208.95287,105.17999,524426
208.95287,105.17999,524431
208.95287,105.17999,524443
208.17291,105.17999,524449
208.01265,105.26337,524454
207.79596,106.01262,524460
207.54315,106.88675,524465
207.4348,107.261375,524470
206.85126,107.547646,524477
206.03432,107.948425,524482
205.6842,108.12019,524488
205.38033,108.18885,524493
205.18,108.5565,524498
205.18001,109.465126,524503
205.18,110.37351,524507
205.18,110.89325,524512
205.07779,111.789764,524516
204.94194,112.68951,524521
204.82788,113.46108,524525
204.6977,114.36168,524530
204.58702,115.13374,524535
204.5132,115.64845,524541
204.4752,116.29731,524546
204.4372,116.94617,524551
204.3373,117.18619,524558
204.0979,117.733955,524564
204.02,118.55584,524569
204.02,118.86918,524574
204.02,119.50883,524579
203.90273,120.25122,524584
203.79211,120.65865,524589
203.29062,121.05433,524595
202.44597,121.66098,524599
201.7087,122.194305,524604
200.9712,122.72734,524608
200.84889,123.23273,524613
200.7837,123.676094,524618
200.40213,123.82372,524623
199.8841,123.820015,524628
199.23416,123.82,524632
198.32433,123.82,524637
197.54456,123.8201,524641
196.76497,123.82001,524646
196.11652,123.820015,524651
195.46658,123.82,524656
194.29684,123.82001,524661
193.77728,123.8201,524713
193.48518,124.07848,524718
192.84796,123.95042,524723
192.21074,123.82235,524728
191.69704,123.90291,524733
190.8292,123.9629,524738
189.9585,123.97997,524744
189.55786,123.97997,524750
189.3384,123.97997,524756
189.06929,124.135124,524762
189.05367,124.177216,524768
188.61081,123.899925,524774
188.40456,123.82006,524780
188.16766,123.40648,524786
188.16388,123.14652,524793
188.16388,123.14652,524800
188.16388,123.14652,524805
187.6439,123.14652,524810
187.23386,123.91191,524815
187.06311,124.672806,524820
186.9424,125.17857,524825
186.66055,125.76425,524831
186.32234,126.46707,524836
186.0405,127.05275,524842
185.72781,127.62257,524847
185.5402,127.96446,524853
185.5402,127.96446,524918
185.5402,127.96446,524923
185.5402,127.96446,524931
185.02023,127.96446,524936
184.89221,128.60089,524941
185.00302,129.24126,524946
185.12964,130.01086,524951
185.17184,130.26741,524958
185.1779,130.78734,524963
185.18001,131.6972,524969
185.18,132.607,524974
185.18,133.5165,524979
185.18,134.16467,524985
185.18,134.16467,524991
185.18,134.16467,524998
185.18,134.68465,525004
184.9721,135.56046,525009
184.7315,136.30235,525014
184.53471,136.92181,525020
184.41595,137.15309,525025
184.16725,137.4787,525031
184.18,137.99222,525037
184.18,138.50961,525042
184.18,139.27678,525048
184.20967,140.04851,525053
184.25249,140.8273,525059
184.29445,141.60612,525063
184.30844,141.86574,525069
184.30844,141.86574,525074
184.3112,141.34576,525077
184.316,140.43582,525082
184.31876,139.91586,525088
184.16826,139.53206,525093
184.18,138.75616,525098
184.17998,138.50041,525104
184.18,137.98616,525109
184.18,137.61113,525114
184.20422,136.96185,525119
184.2337,136.31255,525124
184.26884,135.53339,525130
184.30986,134.62434,525135
184.38182,133.97838,525141
184.46815,133.20322,525146
184.55449,132.42804,525151
184.59767,132.04047,525157
184.67302,131.52597,525163
184.8049,130.62563,525168
184.88026,130.11115,525173
185.00684,129.47362,525179
185.15872,128.70859,525185
185.18732,128.37593,525191
185.57411,128.08928,525196
186.26501,127.72747,525200
186.9536,127.36112,525205
187.64233,126.9951,525211
187.98671,126.81208,525218
188.09265,126.17081,525224
188.1774,125.65778,525231
188.17996,125.43459,525237
188.59949,124.98662,525243
189.02754,124.56857,525249
189.02994,124.33652,525255
189.04732,124.18686,525261
189.70207,123.95679,525267
190.47989,123.90073,525273
191.2574,123.838936,525278
191.7753,123.82001,525286
192.27437,123.96595,525292
193.02298,124.18485,525296
193.6343,124.40565,525301
194.36787,124.6706,525306
194.85503,124.8524,525312
195.58577,125.125114,525317
196.23557,125.140175,525323
196.10794,125.179985,525328
196.59206,124.99025,525333
197.43927,124.6582,525339
198.16545,124.37359,525344
199.01266,124.04154,525351
199.49678,123.85181,525357
200.14528,123.82001,525363
200.60431,123.81856,525369
200.98059,123.71608,525375
201.60909,123.550446,525381
201.98619,123.451065,525387
202.59532,123.22428,525392
203.32626,122.952126,525397
203.32626,122.952126,525459
203.32626,122.952126,525465
203.84624,122.952126,525470
204.62619,122.952126,525534
205.12564,123.0968,525539
205.37535,123.169136,525544
205.8899,123.09417,525550
206.66171,122.98173,525555
207.17625,122.90677,525560
207.69604,122.89317,525565
207.95595,122.886375,525617
207.95595,122.886375,525623
207.95595,122.886375,525685
207.95595,122.886375,525691
207.95595,123.40635,525697
207.95595,124.18631,525762
207.95595,124.18631,525767
207.86716,124.28126,525773
207.41422,124.536644,525778
207.02843,124.47965,525783
206.84357,125.23739,525788
206.82002,125.57432,525794
206.6327,125.80492,525799
205.99925,125.82001,525803
205.99925,125.82001,525809
205.99925,125.82001,525815
205.99925,126.46998,525820
205.86932,126.72591,525826
205.86932,126.72591,525833
205.42082,126.824524,525837
204.64287,126.8201,525842
204.64287,126.8201,525846
204.64287,126.8201,525852
204.1229,126.8201,525856
203.97517,126.75457,525862
204.10896,126.252106,525866
204.17586,126.00087,525872
204.17586,126.00087,525877
204.17586,126.00087,525883
203.65588,126.00087,525888
203.01773,125.90558,525892
202.63957,125.82002,525898
202.4326,125.82002,525903
202.21956,125.67548,525909
202.18,124.79786,525915
202.18,124.671,525920
202.18,124.671,525927
202.1933,124.37182,525933
202.47847,124.167244,525938
202.99142,124.17999,525944
202.99142,124.17999,525949
202.99142,124.17999,525956
202.99142,123.53002,525961
203.36208,123.035355,525966
203.39839,122.51665,525971
203.45287,121.738594,525976
203.49826,121.09021,525981
203.62071,120.86086,525986
203.82295,120.583916,525992
203.99136,120.00301,525998
204.02003,119.322464,526003
204.02,118.70829,526008
203.98427,117.931625,526013
203.91866,117.15444,526018
203.85559,116.37704,526023
203.82002,115.60014,526028
203.82,115.47159,526033
203.82,115.47159,526039
203.82,114.95168,526044
203.81999,114.17191,526049
203.82,113.39224,526054
203.81999,112.61285,526059
203.82,111.70588,526064
203.81999,111.05795,526069
203.82,110.27833,526073
203.82,109.370285,526126
203.82,109.370285,526132
203.82,108.852135,526137
203.78746,108.33555,526142
203.12445,108.085236,526148
202.11226,107.84694,526153
201.22781,107.63297,526158
200.9751,107.571945,526163
200.9751,107.571945,526169
200.91046,106.9252,526174
200.83287,106.1491,526178
200.82,105.63412,526183
200.82,105.423935,526188
200.51884,105.167366,526193
199.87389,105.17999,526198
199.87389,105.17999,526203
199.87389,105.17999,526212
200.39386,105.17999,526217
200.65384,105.17999,526222
201.0818,105.822014,526227
201.54962,106.6025,526232
201.9864,107.08383,526236
202.42319,107.56516,526241
202.86604,107.83765,526246
203.30891,108.11013,526251
203.62029,108.18795,526256
203.82,108.56137,526261
203.82,109.34046,526266
203.81999,110.37944,526271
203.82,111.15457,526276
203.82,111.67448,526281
203.82,112.45425,526286
203.81999,113.36375,526290
203.82,114.27275,526295
203.82002,114.91938,526300
203.82,115.439285,526305
203.81999,116.349014,526312
203.88298,116.99372,526317
203.84741,116.47497,526321
203.82,115.56817,526327
203.99919,114.951744,526332
204.25865,114.216225,526337
204.47365,113.60284,526341
204.77472,112.74413,526346
205.03276,112.008095,526351
205.16179,111.64008,526356
205.18,110.99042,526361
205.18001,110.21104,526366
205.18,109.302826,526370
205.18,108.65981,526376
205.2002,108.354324,526381
205.2002,108.354324,526389
205.18,108.86101,526394
205.18,109.899796,526400
205.18,110.80646,526404
205.18,111.06286,526411
205.08546,111.70592,526418
204.97203,112.477585,526422
204.83968,113.37786,526427
204.80188,113.635086,526434
204.70963,114.27847,526439
204.59892,115.05054,526444
204.50667,115.693924,526449
204.47757,116.21309,526455
204.44118,116.86203,526460
204.32664,117.22865,526465
204.17442,117.59184,526471
204.18001,118.6292,526478
204.18,119.27502,526483
204.18013,119.59602,526488
204.6255,120.04333,526493
205.11409,120.47198,526499
205.20724,120.664055,526504
205.66016,121.13026,526510
206.3848,121.87617,526515
206.92828,122.4356,526520
207.20001,122.71532,526525
207.68259,123.150734,526530
208.16516,123.58614,526535
208.64261,123.91906,526541
209.11923,124.07688,526545
209.60747,123.97998,526550
211.01498,124.01158,526609
211.01498,124.01158,526615
211.01498,124.01158,526621
211.66495,124.01158,526627
211.8581,124.658104,526632
211.83136,124.91671,526638
211.83136,124.91671,526644
211.83136,124.91671,526652
212.35133,124.91671,526657
213.25589,125.00037,526662
214.02986,125.09678,526668
214.80408,125.179985,526675
215.45401,125.18,526680
216.49382,125.18,526686
217.2736,125.18,526690
218.18297,125.18,526696
218.57187,125.1799,526701
219.09172,125.18,526706
220.001,125.17999,526712
220.3895,125.17999,526718
220.91754,125.41084,526723
221.65138,125.94876,526728
222.38928,126.48123,526732
222.49467,126.55733,526738
222.49467,126.55733,526747
222.07137,126.255356,526752
221.22476,125.65141,526757
220.80145,125.34944,526762
220.46927,125.17354,526768
219.43015,125.18,526774
219.17108,125.1799,526779
218.54518,125.00465,526785
217.79411,124.79435,526791
217.30527,124.61715,526797
216.57199,124.35135,526802
215.963,124.12423,526808
215.23221,123.851685,526814
214.71231,123.84244,526820
213.8025,123.82626,526826
212.89272,123.82,526830
211.98328,123.82001,526836
211.46477,123.82001,526841
210.81487,123.82001,526847
209.90584,123.82001,526853
208.99658,123.82,526858
208.60812,123.82001,526864
208.20079,123.67206,526869
207.53845,123.0481,526874
207.01892,123.02637,526879
206.10977,122.988335,526884
205.2006,122.9503,526890
204.29144,122.91227,526895
203.77193,122.89053,526900
203.1529,123.088646,526905
202.41003,123.32638,526910
202.41003,123.32638,526966
202.41003,123.32638,526972
201.76007,123.32638,526978
201.95009,123.892105,526983
202.14209,124.23155,526989
202.18,124.74955,526994
202.18,125.39076,526999
202.18,125.589485,527005
202.53056,125.93615,527010
203.24382,126.501205,527015
203.34572,126.58193,527021
203.34572,126.58193,527027
203.98491,126.699776,527032
204.5604,126.82275,527037
205.33876,126.82001,527043
205.46352,126.82001,527048
205.68019,126.78269,527054
205.93779,126.4899,527059
206.453,125.90432,527064
206.453,125.90432,527070
206.453,125.90432,527076
207.10297,125.90432,527081
207.16498,125.423515,527086
206.868,124.7023,527147
206.868,124.7023,527205
206.868,124.7023,527209
206.868,124.7023,527215
206.868,124.18233,527221
206.24828,124.11827,527226
206.00038,124.17997,527232
206.00038,124.17997,527238
206.38332,124.179985,527243
206.58388,124.179985,527248
206.97453,124.50003,527254
207.49373,124.47138,527258
207.9037,124.15156,527263
208.2112,123.91169,527269
208.86053,123.88307,527274
209.50961,123.85446,527279
210.54848,123.82001,527337
210.54848,123.82001,527342
210.93715,123.820015,527348
211.465,124.17995,527354
211.82567,124.59388,527359
211.82,124.983444,527365
211.82,124.983444,527372
211.82,124.983444,527379
212.33998,124.983444,527384
213.11711,125.0441,527390
214.02324,125.12734,527395
214.79977,125.17999,527400
215.4497,125.17999,527405
216.35954,125.18,527411
217.26927,125.18,527417
218.04877,125.17999,527422
218.69649,125.1799,527427
219.21631,125.17999,527431
219.99565,125.17999,527436
220.38417,125.17999,527442
220.81154,125.326065,527447
221.44014,125.78775,527451
222.17567,126.323456,527457
222.49089,126.55309,527462
222.49089,126.55309,527469
222.49089,126.55309,527476
221.97092,126.55309,527481
221.38162,126.15069,527485
220.81575,125.44521,527490
220.61604,125.187706,527496
219.8414,125.18,527501
219.06381,125.17999,527506
218.69034,125.06773,527511
217.94339,124.84321,527516
217.3303,124.627884,527521
216.59741,124.36102,527526
216.11024,124.179276,527532
215.37947,123.90665,527536
214.60774,123.85597,527541
213.82796,123.83979,527547
212.91824,123.82,527552
212.13863,123.82001,527557
211.43549,123.82001,527562
210.7856,123.82001,527568
210.00656,123.82001,527573
209.22704,123.82001,527578
208.57916,123.82001,527583
208.17491,123.64229,527588
207.60532,123.10947,527593
207.15822,122.6381,527598
206.54086,121.969604,527602
206.0111,121.39717,527608
205.56964,120.92011,527613
205.38197,120.81082,527618
204.93723,120.355835,527624
204.59636,119.96317,527629
204.41449,119.811966,527634
204.17133,119.46159,527640
204.18,118.68377,527645
204.18001,118.03509,527649
204.18,117.6485,527656
204.18,117.6485,527661
204.02974,118.14629,527666
204.02003,118.81992,527670
204.02,119.54303,527675
203.88104,120.282555,527679
203.7754,120.684425,527685
203.21367,120.94396,527690
202.47728,121.20097,527695
201.86378,121.415665,527701
201.4331,121.707016,527707
201.21776,121.85269,527711
201.21776,121.85269,527762
201.21776,121.85269,527767
201.21776,121.85269,527831
201.52135,121.60791,527836
202.12184,121.35916,527841
202.84242,121.06067,527846
203.3228,120.86167,527851
203.54205,120.82005,527857
203.54205,120.82005,527920
203.54205,120.82005,527925
203.54205,120.82005,527932
204.32202,120.82005,527937
204.07971,120.685585,527942
203.89197,120.13573,527947
204.02003,119.3481,527952
204.02003,119.16738,527958
204.02003,119.16738,527965
204.10121,118.5225,527971
204.18,117.74873,527976
204.18,117.413574,527981
204.38982,117.18566,527987
205.02979,117.17999,527993
205.02979,117.17999,528000
205.02979,117.17999,528006
205.02979,117.17999,528013
204.64328,117.17999,528019
204.43121,117.17999,528025
204.22215,117.32055,528030
204.18,118.201935,528035
204.18,118.84627,528040
204.18,119.362236,528045
204.18,119.57318,528050
204.50903,119.93654,528055
205.09357,120.45295,528061
205.19624,120.64203,528067
205.64279,121.112755,528073
206.09587,121.578766,528079
206.72993,122.231445,528084
207.18285,122.69764,528089
207.20572,123.21711,528094
207.2572,124.38592,528153
207.2572,124.38592,528158
207.51363,124.42882,528165
207.40764,124.50409,528171
207.01956,124.46568,528176
206.8721,125.09871,528182
206.82002,125.56493,528187
206.54074,125.831055,528193
206.02481,125.82001,528197
206.02481,125.82001,528202
206.02481,125.82001,528208
206.02481,126.33998,528214
205.90205,126.6427,528219
205.90205,126.6427,528225
205.43301,126.822365,528230
204.65495,126.8201,528234
204.65495,126.8201,528241
204.65495,126.8201,528247
204.13498,126.8201,528252
203.98631,126.752975,528257
204.14719,126.12323,528261
204.17937,125.997284,528266
204.17937,125.997284,528271
204.18,126.38365,528275
204.18,126.49826,528280
204.18,126.59722,528285
204.40738,126.82045,528289
205.31488,126.82001,528294
205.83412,126.80541,528299
206.61285,126.76178,528304
207.13202,126.73275,528310
207.45717,126.32698,528315
208.0262,125.61688,528320
208.18944,125.42087,528325
208.60559,124.96799,528330
209.02994,124.3966,528335
209.02994,124.30869,528339
209.03008,124.28863,528344
209.04422,124.2016,528349
209.65475,123.97998,528354
210.91962,123.97998,528401
210.91962,123.97998,528406
211.02545,123.904495,528411
211.55717,124.17994,528416
211.82373,124.57305,528420
211.8201,124.96268,528425
211.8201,124.96268,528432
211.8201,124.96268,528438
212.34007,124.96268,528442
213.11668,125.02861,528447
214.02213,125.119095,528452
214.79817,125.179985,528458
215.44809,125.18,528462
216.61784,125.18,528466
217.65733,125.17999,528471
218.56577,125.17999,528476
219.3445,125.18,528480
220.12363,125.17999,528484
220.80295,125.321945,528489
221.5308,125.86703,528493
222.27042,126.39713,528499
222.48158,126.54879,528505
222.48158,126.54879,528511
221.95256,126.17117,528517
221.21193,125.64252,528522
220.78871,125.34042,528527
219.79314,125.18,528532
219.14474,125.17999,528537
218.51964,125.001945,528542
217.89455,124.82389,528547
217.28262,124.60475,528552
216.54834,124.34178,528557
216.54834,124.34178,528563
215.93924,124.11492,528568
215.33015,123.88807,528574
214.6804,123.87106,528580
213.77077,123.84727,528585
212.86111,123.82346,528589
211.82187,123.82001,528594
211.43338,123.82001,528598
210.9228,123.918465,528603
210.79517,123.94308,528609
210.91574,123.89451,528612
210.91574,123.89451,528616
210.91574,123.89451,528661
210.91574,123.89451,528666
211.43571,123.89451,528669
211.81346,124.154205,528674
211.832,124.666046,528680
211.82,124.9256,528686
211.82,124.9256,528690
211.82,124.9256,528696
211.82,124.9256,528703
211.82,124.45349,528708
211.65907,124.20928,528712
211.10284,124.09648,528717
210.48685,123.97998,528722
209.76245,123.97997,528726
209.12642,124.05283,528731
208.7062,124.709915,528736
208.4961,125.03846,528797
208.4961,125.03846,528802
208.4961,125.03846,528808
208.10612,125.03846,528813
207.70172,125.53798,528818
207.449,126.41213,528823
206.76881,126.6243,528828
205.86711,126.746506,528832
205.26874,126.821686,528837
204.62086,126.82001,528842
204.62086,126.82001,528848
204.62086,126.82001,528855
204.10089,126.82001,528861
204.06859,126.694496,528866
204.16238,126.18305,528870
204.18,126.05519,528877
204.18,126.05519,528884
203.70532,125.84289,528889
203.1865,125.82001,528894
202.6703,125.82001,528897
202.45685,125.82001,528902
202.20322,125.648506,528908
202.17998,124.889244,528913
202.17998,124.635124,528918
202.17998,124.635124,528965
202.17998,124.635124,528971
202.17998,124.11515,528977
202.90681,124.13809,528982
203.02795,124.17996,528987
203.02795,124.17996,528992
203.15533,123.675835,528997
203.28685,123.2155,529001
203.40111,122.46002,529007
203.46408,121.55226,529012
203.50163,121.033646,529017
203.63469,120.810295,529023
203.8262,120.38476,529027
204.03339,119.8558,529032
204.02002,119.189255,529036
204.02,118.54117,529040
203.9737,117.76461,529045
203.89716,116.85789,529050
203.82217,115.95103,529054
203.82,115.43479,529059
203.82,115.43479,529065
203.82,115.43479,529070
203.82,114.65483,529075
203.81999,113.87502,529079
203.82,112.835724,529084
203.82,111.92758,529089
203.82002,111.5419,529095
203.82,110.892105,529100
203.82,110.112526,529105
203.82,109.076294,529160
203.82,109.076294,529164
203.82,108.68914,529170
203.77058,108.309364,529175
203.2073,108.097176,529180
202.32097,107.89143,529185
201.3093,107.6506,529189
201.05635,107.59046,529194
201.05635,107.59046,529199
201.05635,107.59046,529205
201.05635,107.07049,529210
200.9076,106.04779,529215
200.82002,105.66816,529220
200.79996,105.35261,529225
200.34041,105.17999,529229
199.9532,105.17999,529234
199.9532,105.17999,529240
199.9532,105.17999,529247
200.60316,105.17999,529252
200.86316,105.17999,529256
201.15294,105.76179,529261
201.55862,106.57631,529265
201.90207,106.966705,529270
202.41727,107.5523,529276
202.96877,107.89624,529281
203.29968,108.1026,529287
203.6106,108.184494,529292
203.81927,108.4043,529297
203.82,109.440186,529302
203.81999,110.21942,529306
203.82,111.12496,529312
203.82,111.12496,529318
204.15054,110.565315,529322
204.45177,109.989365,529327
204.63249,109.64379,529331
204.92906,109.06542,529336
205.1663,108.60272,529339
205.1663,108.60272,529346
205.18,109.252304,529351
205.18,110.16113,529354
205.18,111.064575,529358
205.0854,111.70763,529361
204.91516,112.86511,529366
204.80165,113.63677,529370
204.72784,114.15148,529375
204.58023,115.1809,529379
204.50644,115.69561,529384
204.47737,116.21477,529389
204.43378,116.993515,529394
204.32623,117.23021,529399
204.18,117.72366,529404
204.18001,118.631035,529409
204.17998,119.27682,529413
204.18059,119.59775,529418
204.52916,119.95918,529423
205.11562,120.47339,529427
205.20816,120.66565,529433
205.66113,121.131775,529437
206.29529,121.784355,529442
206.92944,122.436935,529446
207.20123,122.71661,529452
207.68384,123.15198,529459
208.16644,123.58735,529463
208.34131,123.79084,529468
209.35939,123.82001,529474
210.39838,123.82001,529479
210.917,123.82001,529483
211.56694,123.82,529490
212.34682,123.82,529494
213.12662,123.82,529499
214.03621,123.82001,529504
214.81421,123.82001,529508
215.46413,123.82,529512
216.37396,123.82,529516
217.15375,123.82,529521
218.06322,123.82,529525
218.58191,123.820015,529531
219.10176,123.82,529537
220.01105,123.82001,529542
220.39944,123.82001,529547
220.6197,123.81519,529553
221.21347,123.550804,529558
222.401,123.022026,529564
222.51976,122.969154,529569
222.51976,122.969154,529579
221.90955,123.19299,529584
221.1773,123.46159,529588
220.83516,123.64474,529593
220.5094,123.83236,529597
219.60005,123.82,529601
219.082,123.8201,529606
218.43208,123.82,529612
217.39229,123.82,529617
216.61255,123.82,529621
215.57347,123.82,529627
215.31448,123.82001,529631
214.66455,123.82,529636
213.7547,123.82,529640
212.71506,123.82,529644
211.80585,123.82001,529649
211.41747,123.82001,529654
210.76758,123.82,529659
209.98793,123.82,529663
209.2084,123.82001,529667
208.68965,123.82001,529671
208.17845,123.64719,529676
207.51456,123.02488,529680
206.86502,123.00132,529685
205.95566,122.96834,529690
205.04631,122.935356,529694
204.13695,122.902374,529699
203.74722,122.88824,529704
203.25294,123.049644,529709
202.38792,123.33209,529713
201.76091,123.50326,529718
201.5101,123.57172,529723
200.9905,123.59131,529728
200.75426,123.69989,529733
200.34166,123.820496,529739
199.95293,123.82001,529743
199.43298,123.82001,529748
198.39316,123.82,529753
197.48343,123.82,529756
196.57405,123.82,529761
196.05588,123.8201,529765
195.40594,123.82,529769
194.62608,123.82001,529774
193.97623,123.82,529780
193.19652,123.82,529786
192.28818,123.82001,529791
191.77422,123.89885,529797
190.54166,123.979965,529851
190.78969,123.97997,529857
189.92139,123.97998,529862
189.53712,123.97998,529867
189.29758,123.98253,529872
189.03522,124.21334,529876
189.07422,124.135826,529881
188.6288,123.88209,529886
188.41676,123.82006,529890
188.16776,123.30193,529895
188.16536,123.17196,529901
188.16536,123.17196,529905
187.90898,123.62434,529910
187.39622,124.52908,529914
187.01167,125.20765,529919
186.77083,125.66849,529922
186.34937,126.47495,529926
186.04832,127.051,529930
185.7331,127.61941,529934
185.54395,127.96045,529939
185.54395,127.96045,529980
185.54395,127.96045,529984
185.54395,127.96045,529989
185.02397,127.96045,529994
184.86879,128.46976,529998
185.04942,129.49364,530003
185.17252,130.26382,530008
185.17998,130.91374,530011
185.18,132.08351,530015
185.18,133.12286,530019
185.17998,134.03152,530023
185.18,134.16075,530028
185.18,134.16075,530033
185.05774,134.66615,530038
184.84381,135.5506,530042
184.53818,136.8141,530046
184.45235,137.05812,530050
184.20769,137.34354,530055
184.18,137.96667,530060
184.17998,138.7421,530064
184.17995,139.49377,530068
184.21004,140.14267,530072
184.26912,141.18094,530076
184.30585,141.82988,530081
184.30585,141.82988,530086
184.30585,141.82988,530090
184.82582,141.82988,530095
184.95622,141.234,530099
184.55826,140.27332,530103
184.41293,139.91142,530107
184.17691,139.58301,530112
184.18,138.80696,530115
184.18,138.42448,530121
184.18,137.78505,530125
184.1998,137.02257,530130
184.24857,135.98378,530134
184.29536,134.94489,530139
184.3071,134.68515,530145
184.36395,134.1683,530149
184.47763,133.13458,530154
184.56288,132.3593,530158
184.59131,132.10086,530164
184.68481,131.45766,530170
184.79703,130.6858,530174
184.89053,130.0426,530179
185.04391,129.27788,530183
185.17172,128.6406,530188
185.17996,128.42076,530193
185.63371,128.07028,530199
186.43826,127.64537,530203
187.23964,127.21432,530209
187.92676,126.84526,530214
188.056,126.208275,530218
188.15938,125.69868,530223
188.1912,125.366516,530229
188.56328,125.01464,530234
189.02917,124.59558,530239
189.02992,124.34601,530244
189.05722,124.161095,530249
189.76477,123.960365,530253
190.54256,123.90429,530258
191.31969,123.83788,530263
191.70815,123.82001,530268
192.20888,123.960175,530273
193.08514,124.20546,530278
193.574,124.38264,530283
194.30728,124.6484,530287
194.91629,124.87551,530291
195.64708,125.14805,530296
196.16698,125.157326,530300
197.07678,125.17355,530305
197.98656,125.18,530311
198.76616,125.18,530316
199.41455,125.17999,530320
200.0638,125.18,530325
200.32271,125.1799,530330
200.54607,125.179955,530336
200.80287,125.36294,530342
200.82,126.12949,530347
200.82,126.51565,530353
200.82,126.51565,530359
200.82,125.996864,530364
200.82,125.61059,530369
200.81999,125.40109,530374
200.57559,125.17501,530379
199.92735,125.1799,530383
199.14743,125.18,530389
198.36757,125.18,530393
197.32788,125.18,530398
196.41872,125.18,530403
196.03056,125.17999,530409
195.53241,125.030945,530413
194.78519,124.807365,530418
194.29651,124.62966,530424
193.56352,124.36311,530428
192.95453,124.13599,530433
193.07576,124.18289,530437
192.58882,124.00052,530442
192.22362,123.86375,530446
191.71307,123.96232,530451
191.20253,124.0609,530456
190.72752,123.97893,530460
190.72752,123.97893,530466
190.72752,123.97893,530471
190.72752,123.97893,530475
190.72752,123.97893,530530
190.72752,123.97893,530534
191.3775,123.97893,530539
191.70425,124.2302,530544
191.9382,124.940994,530549
191.9382,124.940994,530555
191.9382,124.940994,530562
191.9382,124.940994,530567
191.85107,124.69604,530572
191.81377,124.38748,530578
191.58531,124.177536,530583
191.06575,124.05465,530587
190.45891,123.97998,530592
189.64394,123.97998,530596
189.30879,123.981,530602
189.0423,124.19154,530608
189.05615,124.17131,530613
188.61569,123.89146,530618
188.40733,123.82006,530623
188.16805,123.41221,530628
188.16411,123.15225,530633
188.16411,123.15225,530639
188.16411,123.15225,530645
187.77412,123.15225,530650
187.35574,123.78262,530654
187.10936,124.65844,530659
186.96294,125.15737,530664
186.67871,125.741905,530669
186.2808,126.56024,530675
186.05344,127.02787,530681
185.74101,127.59783,530686
185.49109,128.0538,530691
185.49109,128.0538,530743
185.49109,128.0538,530749
185.49109,128.0538,530755
184.71114,128.0538,530759
185.0438,128.32066,530764
184.99101,128.96848,530769
184.9382,129.6163,530774
184.86455,130.13103,530779
184.73564,131.03181,530784
184.66199,131.54654,530789
184.60011,132.06282,530793
184.49182,132.96631,530797
184.38354,133.8698,530801
184.3526,134.12793,530806
184.34732,134.64789,530810
184.33676,135.68777,530815
184.32884,136.4677,530818
184.32225,137.11763,530822
184.18,137.62595,530827
184.18,138.00996,530830
184.18,138.39832,530833
184.17998,139.29369,530839
184.17998,139.4159,530845
184.17998,139.4159,530851
183.98969,140.0343,530856
183.84981,140.39833,530860
183.81834,140.60506,530866
183.6104,140.81413,530871
182.70714,140.82,530877
181.92781,140.81999,530883
181.02214,140.82,530886
181.02214,140.82,530891
181.02214,140.82,530896
181.6721,140.82,530901
182.97069,140.82,530906
183.35748,140.82,530910
183.67491,140.78455,530915
183.81999,140.15735,530919
184.02002,139.71068,530924
184.02,138.70596,530929
184.02,138.39064,530933
184.06873,137.7425,530938
184.1272,136.96472,530944
184.18567,136.18697,530949
184.25388,135.27957,530954
184.3026,134.63142,530960
184.37602,133.98563,530965
184.49352,132.95233,530969
184.59633,132.0482,530974
184.67172,131.53372,530979
184.78484,130.76201,530983
184.8791,130.11891,530989
185.00554,129.48137,530993
185.18,128.58879,530997
185.18858,128.37268,531003
185.69461,128.02841,531008
186.61449,127.54343,531012
187.64691,126.9931,531017
187.99117,126.80986,531021
188.09529,126.16829,531027
188.17859,125.65503,531032
188.17995,125.43215,531037
188.60246,124.98492,531043
189.02737,124.56672,531047
189.02992,124.311066,531053
189.08691,124.10658,531058
189.75706,123.95606,531062
190.79413,123.88014,531067
191.18274,123.847404,531073
190.54987,123.97997,531078
189.82036,123.97997,531082
189.33308,123.97997,531087
188.87708,124.44027,531091
188.53784,124.99469,531096
188.37741,125.199265,531102
188.16826,125.62652,531107
188.16237,126.40646,531112
187.61902,126.76317,531117
186.96703,127.19122,531122
186.20634,127.69062,531126
185.66301,128.04733,531130
185.35371,128.19704,531136
185.15138,128.58537,531142
185.17023,128.58958,531148
185.04268,129.22691,531153
184.96616,129.60931,531158
184.86649,130.25159,531163
184.72694,131.15079,531168
184.66714,131.53615,531174
184.58893,132.1814,531179
184.46378,133.21379,531184
184.36992,133.98808,531188
184.26419,134.76082,531193
184.13864,135.66208,531198
184.03117,136.4346,531203
183.92369,137.2071,531208
183.82002,137.97963,531212
184.02238,138.2642,531217
184.02,139.17007,531221
184.17993,139.50157,531226
184.17993,139.50157,531230
184.17993,139.50157,531284
184.17993,139.50157,531290
184.17993,140.15154,531296
184.06013,140.46199,531302
183.84192,140.60332,531307
183.51079,140.83298,531313
182.60184,140.81999,531317
181.8226,140.82,531322
181.04639,140.82,531328
181.04639,140.82,531334
181.04639,140.82,531338
181.56636,140.82,531343
182.47577,140.82,531349
183.381,140.82002,531353
183.59218,140.82002,531358
183.83272,140.51443,531362
184.02293,139.93074,531367
184.02,139.16914,531372
184.02,138.45856,531377
184.16527,137.87175,531382
184.17998,137.50742,531387
184.22456,137.31404,531393
184.75087,137.18,531398
185.00949,137.18,531404
185.00949,137.18,531409
185.05856,136.53188,531413
185.12727,135.62453,531419
185.18,134.71732,531423
185.18,133.93843,531428
185.18001,133.15857,531433
185.18001,132.24881,531437
185.18001,131.46925,531442
185.18,130.82089,531447
185.18001,130.30101,531452
185.18,129.52133,531456
185.18,128.61353,531461
185.17995,128.39784,531466
185.54492,128.10658,531470
186.35164,127.6858,531475
187.15408,127.25674,531479
187.9569,126.82836,531484
187.9569,126.82836,531489
187.9569,126.82836,531493
187.9569,126.1784,531499
188.13338,125.57065,531503
188.19322,125.362015,531508
188.64789,125.17872,531513
189.03615,125.17999,531517
189.03615,125.17999,531524
189.03615,125.17999,531531
189.03615,125.17999,531537
189.04588,124.71891,531542
189.02994,124.336784,531546
189.2816,123.985634,531593
189.2816,123.985634,531598
189.2816,123.985634,531603
189.79684,123.96965,531608
190.8145,123.97998,531613
191.29416,124.135605,531618
191.60085,124.18241,531624
191.84402,124.52252,531629
191.9575,125.02996,531634
191.9575,125.02996,531640
191.9575,125.02996,531646
192.60747,125.02996,531651
193.51604,125.06785,531656
194.42397,125.12852,531660
195.33203,125.17999,531666
195.5909,125.17999,531670
196.24081,125.18,531676
197.02068,125.18,531680
197.93044,125.17999,531684
198.8399,125.17999,531689
199.48772,125.17999,531694
200.00713,125.18,531699
200.39522,125.1799,531703
200.60641,125.18208,531709
200.8209,125.5487,531714
200.82002,126.45472,531719
200.82002,126.45472,531725
200.82002,126.45472,531730
201.46999,126.45472,531735
202.24428,126.53131,531740
203.27301,126.68358,531745
203.9207,126.73802,531750
204.17976,126.759796,531756
204.65846,126.82001,531761
205.43605,126.82001,531767
205.43605,126.82001,531773
205.65593,126.7986,531779
206.00618,126.41707,531783
206.4337,125.9275,531788
206.4337,125.9275,531794
206.4337,125.9275,531799
207.08368,125.9275,531804
207.10625,125.32244,531809
206.86884,124.717384,531858
206.86884,124.717384,531910
206.86884,124.717384,531914
206.86884,124.717384,531921
206.86884,123.93742,531927
206.86884,123.67744,531932
207.2097,123.12402,531937
207.77667,123.441826,531942
208.11687,123.6325,531947
208.53702,123.82656,531952
209.44633,123.82,531957
210.22487,123.82001,532002
209.84341,123.90104,532007
209.84341,123.90104,532012
209.84341,123.90104,532062
209.84341,123.90104,532068
209.19344,123.90104,532073
208.68196,124.50038,532078
208.48077,124.97985,532129
208.48077,124.97985,532134
208.48077,124.97985,532139
207.7008,124.97985,532144
208.00952,125.29458,532149
207.74,125.88603,532154
207.4705,126.47749,532159
206.95734,126.56138,532163
205.93102,126.72915,532168
205.33206,126.82,532172
204.68367,126.82001,532177
204.68367,126.82001,532183
204.68367,126.82001,532189
204.1637,126.82001,532194
204.0125,126.74884,532198
204.12907,126.2421,532203
204.17998,125.98873,532208
204.17998,125.98873,532214
203.8115,125.86103,532218
203.16328,125.82001,532223
202.64752,125.82001,532227
202.43875,125.82001,532233
202.17964,125.592255,532239
202.18,124.8192,532243
202.18,124.69201,532298
202.18,124.69201,532303
202.18,124.69201,532309
202.18,124.04204,532316
202.77058,124.05347,532321
203.00682,124.162025,532327
203.00682,124.162025,532332
203.15039,123.66227,532337
203.37073,123.09667,532342
203.40416,122.577774,532347
203.45432,121.79943,532352
203.50446,121.02108,532356
203.63934,120.79882,532362
203.83176,120.495255,532366
204.03323,119.8336,532371
204.02002,119.175995,532376
204.02002,118.52792,532380
203.96188,117.62192,532385
203.87459,116.58564,532389
203.82,115.67896,532393
203.82002,115.42185,532398
203.82002,115.42185,532404
203.82,114.77199,532409
203.82,113.99224,532414
203.82,113.21263,532419
203.82,112.30357,532423
203.82002,111.656746,532428
203.82,111.006935,532433
203.82,110.227325,532438
203.82002,109.31936,532486
203.82002,109.31936,532490
203.82,108.67311,532494
203.76115,108.29636,532499
203.31143,108.120255,532504
202.29832,107.88572,532508
201.28662,107.645035,532513
201.03366,107.58497,532518
201.03366,107.58497,532523
201.03366,107.58497,532528
201.03366,107.064995,532534
200.85727,105.912315,532538
200.82,105.65726,532543
200.82,105.442474,532547
200.67635,105.219795,532551
199.97668,105.17999,532556
199.97668,105.17999,532560
199.97668,105.17999,532568
200.62665,105.17999,532572
200.92168,105.26878,532577
201.20714,105.85271,532582
201.54968,106.55343,532586
202.06178,107.141716,532591
202.40318,107.53391,532596
202.95256,107.88125,532601
203.28218,108.08965,532606
203.59221,108.17994,532611
203.82188,108.59706,532616
203.81999,109.37596,532620
203.82,110.4149,532625
203.82,111.06175,532629
203.82,111.58166,532634
203.82,112.36144,532638
203.82,113.271,532643
203.81999,114.180115,532648
203.8201,114.95599,532652
203.82,115.735825,532656
203.82,116.64549,532661
203.82,117.42501,532665
203.91261,118.104774,532669
204.0201,118.3636,532673
204.02003,118.90128,532678
204.02,119.79193,532684
204.10464,119.81251,532689
204.17998,119.301,532694
204.18,118.6515,532699
204.18,117.6169,532704
204.18,117.41052,532709
204.28001,116.90026,532714
204.43004,116.134865,532718
204.50665,115.62057,532722
204.62158,114.84912,532727
204.71735,114.206245,532731
204.83908,113.56778,532736
205.00949,112.67393,532740
205.1799,111.78007,532745
205.18001,110.8728,532750
205.18,110.0936,532754
205.18,108.92756,532759
205.18,108.67196,532764
205.19534,108.364395,532768
205.19534,108.364395,532774
205.18,109.00406,532779
205.18,109.91303,532784
205.17998,110.8197,532788
205.18,111.0759,532793
205.06604,111.847496,532799
204.93312,112.74769,532804
204.81917,113.51928,532808
204.70792,114.29126,532813
204.5787,115.19199,532817
204.52332,115.578026,532823
204.48299,116.22674,532828
204.43459,117.005196,532833
204.32053,117.234795,532839
204.1735,117.6077,532845
204.18,118.51549,532849
204.18,118.77316,532853
204.18,119.29018,532858
204.18443,119.61042,532863
204.63751,120.05615,532869
205.02908,120.398254,532874
205.21642,120.6795,532879
205.66995,121.14507,532883
206.39561,121.89,532889
206.93985,122.44869,532894
207.21198,122.728035,532899
207.59834,123.07602,532904
208.1779,123.597984,532908
208.65976,123.92984,532913
209.139,124.05802,532917
209.77739,123.97998,532922
210.6502,123.97998,532927
211.07854,124.060524,532932
211.44447,124.17996,532938
211.65195,124.20124,532944
211.81999,124.68739,532949
211.82,124.94713,532955
211.82,124.94713,532962
211.82,124.94713,532968
212.34007,124.94713,532973
213.24568,125.02219,532979
214.15005,125.12279,532983
214.79617,125.17999,532988
215.31613,125.17999,532994
216.22597,125.18,532999
217.13571,125.18,533004
217.9153,125.17999,533008
218.69292,125.17999,533013
219.21275,125.18,533019
220.12184,125.18,533024
220.38066,125.1799,533029
220.80928,125.322495,533035
221.64511,125.94108,533040
222.38211,126.474785,533045
222.48732,126.55114,533052
222.48732,126.55114,533061
222.06392,126.24931,533067
221.32295,125.72111,533073
220.7937,125.34382,533078
220.45247,125.179985,533084
219.54314,125.18,533089
219.15439,125.1799,533094
218.65407,125.03831,533100
217.7785,124.79051,533105
217.16768,124.56834,533110
216.55687,124.34616,533117
215.94794,124.11888,533124
215.21721,123.846146,533128
214.56734,123.83544,533135
213.6575,123.820465,533141
212.61781,123.82,533146
211.83847,123.82001,533151
211.44986,123.82001,533158
210.79999,123.82,533165
210.0202,123.82001,533170
208.98103,123.82,533176
208.5927,123.8201,533181
208.09196,123.56803,533188
207.52367,123.03384,533192
206.87418,123.00888,533198
205.83499,122.96895,533205
205.0556,122.939,533210
204.14633,122.90407,533269
203.75664,122.88909,533274
203.37917,123.19262,533279
203.17633,123.611755,533284
203.18,124.000374,533340
203.18,124.000374,533345
203.18,124.000374,533352
202.53003,124.000374,533359
202.26707,124.13033,533365
202.18,124.70585,533370
202.18,125.348595,533375
202.18,125.348595,533380
202.18,125.348595,533386
202.18,125.86857,533392
202.68135,125.99066,533397
203.30804,125.82002,533402
203.30804,125.82002,533407
203.30804,125.82002,533412
203.30804,126.34,533418
203.82802,126.59999,533422
204.08257,126.63718,533428
204.20229,126.68785,533433
204.73091,126.82001,533438
205.37914,126.82001,533443
205.37914,126.82001,533449
205.37914,126.82001,533455
206.0291,126.82001,533462
206.05199,126.71335,533468
206.39635,126.1621,533474
206.60297,125.83136,533478
206.82677,125.464096,533484
206.82,124.6882,533489
206.81,124.37733,533494
206.53476,124.16822,533498
206.02199,124.17999,533503
206.02199,124.17999,533509
206.02199,124.17999,533515
206.54196,124.17999,533519
206.80196,124.17999,533525
207.02899,124.49706,533530
207.41838,124.475555,533534
207.94502,124.09463,533538
208.15569,123.94225,533543
208.78545,124.103065,533548
209.1323,124.06407,533553
209.76402,123.97998,533557
211.03833,124.02705,533603
211.03833,124.02705,533608
211.03833,124.02705,533614
211.68831,124.02705,533619
211.93298,124.242645,533624
211.86288,124.75787,533628
211.82784,125.01549,533634
211.82784,125.01549,533639
212.47649,125.056786,533645
213.3846,125.1146,533651
214.29272,125.17242,533655
214.81091,125.1799,533659
215.46083,125.18,533665
216.2407,125.18,533670
217.15047,125.18,533675
217.93007,125.18,533680
218.57866,125.1799,533685
219.09851,125.17999,533690
220.1375,125.18,533695
220.91318,125.41866,533699
221.64424,125.959435,533704
222.49352,126.55962,533709
222.49352,126.55962,533715
222.49352,126.55962,533721
221.84355,126.55962,533726
221.27994,126.137505,533730
220.81943,125.39835,533735
220.46638,125.17462,533740
219.42728,125.18,533745
219.16823,125.179985,533751
218.54242,125.00441,533756
217.79146,124.79371,533760
217.18044,124.57209,533764
216.56941,124.35047,533769
216.08223,124.168755,533773
215.22966,123.850746,533778
214.57979,123.83933,533783
213.66997,123.823364,533788
212.63028,123.82001,533793
211.7212,123.82,533798
211.46227,123.820015,533802
210.81236,123.82001,533807
210.03328,123.82,533812
209.25372,123.82,533817
208.60562,123.82001,533822
208.1043,123.58079,533827
207.53642,123.04611,533832
207.09505,122.569,533837
206.56537,121.99647,533842
205.94743,121.328514,533847
205.59433,120.94682,533852
205.409,120.81306,533858
205.04614,120.47821,533862
204.61902,119.98829,533868
204.61902,119.98829,533874
205.08923,120.43703,533879
205.1898,120.626114,533885
205.62772,121.100395,533891
206.17235,121.658714,533896
206.80672,122.31109,533901
207.16924,122.683846,533905
207.5547,123.03283,533910
208.21515,123.649254,533915
208.5299,123.82804,533920
209.56865,123.82,533925
210.34816,123.82,533930
210.99608,123.8201,533934
210.34622,123.82,533939
209.4366,123.82001,533943
208.65823,123.82001,533948
208.24661,123.70862,533953
207.5818,123.08729,533957
207.1396,122.61093,533962
206.52054,121.94402,533966
205.9899,121.37239,533971
205.63614,120.9913,533976
205.45471,120.81723,533982
205.08493,120.52382,533986
204.57281,119.93554,533991
204.38768,119.80905,533996
204.16809,119.531975,534002
204.18,118.62644,534007
204.18,117.719986,534012
204.18144,117.399185,534017
204.55112,117.17695,534023
205.06653,117.17999,534028
205.06653,117.17999,534034
205.06653,117.17999,534041
205.06653,116.53002,534047
205.15904,115.75836,534051
205.18,115.50263,534057
205.18,114.85283,534063
205.18001,114.07322,534067
205.18,113.03428,534072
205.18,112.25605,534076
205.18,111.612686,534080
205.18,110.96299,534086
205.18,110.05385,534090
205.18,109.146194,534095
205.18,108.63347,534099
205.18,108.63347,534148
205.18,108.63347,534153
205.18,108.63347,534158
205.18,107.85351,534163
205.78851,107.691925,534168
206.8919,108.08051,534172
207.138,108.16436,534177
207.138,108.16436,534184
207.26503,107.79565,534189
207.50307,107.190834,534195
207.8363,106.34409,534200
208.12193,105.61832,534204
208.17995,105.40636,534209
208.66426,105.17999,534214
208.92223,105.17999,534219
208.92223,105.17999,534225
208.92223,105.17999,534233
208.40225,105.17999,534238
208.14227,105.17999,534243
207.9362,105.796425,534249
207.56526,106.906006,534253
207.44162,107.27586,534257
206.73892,107.614334,534262
205.91911,108.00922,534266
205.68488,108.12203,534271
205.3807,108.188705,534276
205.17952,108.55536,534281
205.18,109.593796,534286
205.18,110.37222,534290
205.18,111.144104,534295
205.08276,111.78676,534299
204.92719,112.815,534304
204.79106,113.714714,534308
204.71712,114.22941,534314
204.6062,115.00144,534318
204.51378,115.644806,534323
204.48326,116.16388,534329
204.43747,116.9425,534333
204.33812,117.18275,534339
204.09904,117.73091,534343
204.02005,118.552895,534348
204.02005,118.86707,534352
204.02,119.50675,534358
203.85463,120.36933,534362
203.79315,120.656876,534368
203.18626,121.127785,534375
202.44762,121.6592,534381
201.71042,122.19263,534386
200.97308,122.72588,534392
200.84993,123.231064,534397
200.78462,123.67481,534403
200.40486,123.82357,534408
199.8868,123.82001,534412
199.1069,123.82,534417
198.19731,123.8201,534466
197.71593,124.01666,534471
197.35489,124.16409,534476
197.99615,124.05816,534481
199.0222,123.88866,534486
199.40697,123.8251,534492
199.92645,123.82,534497
200.31516,123.8201,534501
200.53966,123.820045,534505
200.76514,123.69708,534510
200.82002,123.09187,534515
200.82002,123.09187,534520
200.82002,123.09187,534526
201.34,123.09187,534531
201.39442,123.42327,534536
201.59663,124.040985,534541
201.67752,124.28807,534546
201.89124,124.76209,534551
202.15839,125.35462,534555
202.20511,125.654816,534560
202.54512,125.82393,534564
203.32011,125.82001,534570
203.32011,125.82001,534575
203.32011,125.82001,534581
203.32011,126.33998,534587
203.84009,126.59998,534591
204.09433,126.63823,534596
204.21352,126.69011,534600
204.744,126.820015,534605
205.39212,126.8201,534609
205.39212,126.8201,534615
205.39212,126.8201,534620
206.04208,126.8201,534626
206.06396,126.71572,534630
206.33566,126.27238,534635
206.60736,125.82903,534639
206.82361,125.58119,534644
206.82002,124.6759,534648
206.82002,124.6759,534704
206.82002,124.6759,534709
206.82002,124.6759,534715
206.82002,124.02593,534721
206.35205,123.99261,534725
206.00107,124.162605,534730
206.00107,124.162605,534736
206.00107,124.162605,534742
206.65103,124.162605,534748
206.84886,124.27677,534752
207.00769,124.482605,534758
207.39746,124.46988,534762
207.82301,124.17108,534767
208.14217,123.94699,534771
208.66138,123.91863,534776
209.5693,123.86902,534781
210.34811,123.826515,534833
210.34811,123.826515,534838
210.86691,123.82,534843
211.61026,124.18354,534847
211.82,124.80205,534852
211.82,124.93189,534858
211.82,124.93189,534864
212.3379,124.97823,534868
213.37372,125.07091,534873
214.15057,125.14042,534877
214.79773,125.17999,534881
215.44766,125.17999,534886
216.48744,125.18,534891
217.2672,125.18,534895
218.17656,125.18,534899
218.69444,125.17999,534903
219.21428,125.17999,534908
220.12337,125.17999,534912
220.90208,125.405556,534917
221.6317,125.948166,534921
222.37405,126.474396,534925
222.48004,126.54965,534930
222.48004,126.54965,534936
222.05704,126.24726,534940
221.21103,125.64249,534946
220.78801,125.3401,534951
220.18181,125.17999,534956
219.40262,125.18,534961
219.14369,125.1799,534966
218.64363,125.0374,534971
217.89352,124.82364,534975
217.28163,124.60446,534981
216.54735,124.341446,534986
215.93826,124.11458,534991
215.32918,123.88771,534996
214.67943,123.87076,535001
213.89973,123.850426,535006
212.86014,123.8233,535011
212.08057,123.82001,535017
211.4324,123.8201,535022
210.91249,123.82,535026
210.00276,123.82,535031
209.09343,123.82001,535035
208.57544,123.8201,535040
208.1721,123.63793,535044
207.50687,123.01707,535049
207.50687,123.01707,535055
207.89842,123.3592,535059
208.1921,123.6158,535064
208.5584,123.82001,535069
209.46774,123.82001,535074
210.37634,123.82,535079
210.89507,123.82001,535083
210.24536,123.82,535088
209.33578,123.82,535093
208.68718,123.82001,535099
208.27135,123.73333,535103
207.51222,123.02253,535108
207.0711,122.545166,535113
206.54178,121.97233,535118
205.92422,121.30402,535123
205.57133,120.92213,535127
205.38385,120.81093,535133
204.93872,120.35761,535138
204.59787,119.964935,535143
204.41621,119.812164,535150
204.17937,119.590866,535156
204.18,119.3374,535161
204.18,118.687874,535167
204.18,117.78076,535172
204.18,117.652534,535177
204.18,117.652534,535184
204.18,117.43864,535190
204.57309,117.17999,535195
204.96057,117.17999,535200
204.96057,117.17999,535205
204.96057,117.17999,535213
204.96057,116.53002,535219
205.13573,115.64411,535224
205.18001,114.87379,535229
205.18,114.09407,535233
205.18,112.925476,535238
205.18,112.1477,535242
205.18,111.633316,535246
205.18,111.11355,535251
205.18001,110.2043,535256
205.18,109.16686,535262
205.18,108.6535,535267
205.18,108.6535,535318
205.18,108.6535,535323
205.18,108.6535,535329
205.18,108.00353,535335
205.81212,107.894775,535340
206.69978,108.09484,535345
207.08066,108.17858,535349
207.08066,108.17858,535355
207.08066,108.17858,535361
207.08066,107.52861,535366
207.51979,106.49403,535372
208.07895,105.61754,535377
208.18236,105.41255,535384
208.5203,105.169235,535388
209.03537,105.17999,535393
209.03537,105.17999,535398
209.03537,105.17999,535408
208.3854,105.17999,535413
208.07976,105.27892,535417
207.881,105.89776,535421
207.60277,106.76413,535426
207.44376,107.25919,535431
206.97673,107.48779,535435
205.92592,108.002144,535440
205.69241,108.11645,535444
205.38782,108.18612,535450
205.1713,108.53236,535456
205.18,109.44097,535461
205.18,110.34944,535465
205.17998,111.12198,535470
205.0835,111.76475,535474
204.92914,112.793175,535480
204.81335,113.56449,535484
204.7017,114.33642,535489
204.57234,115.23713,535494
204.51689,115.623146,535499
204.48578,116.14219,535505
204.43912,116.92075,535509
204.37157,117.16595,535514
204.11461,117.68031,535520
204.02003,118.73078,535525
204.02,119.423965,535529
203.8329,120.410934,535533
203.77084,120.69119,535538
203.14886,121.156525,535543
202.5158,121.61211,535548
201.7781,122.14487,535553
201.04037,122.67755,535557
200.82,123.39016,535562
200.81975,123.59965,535568
200.57384,123.825386,535573
199.92561,123.8201,535577
199.27568,123.82,535582
198.36584,123.82001,535587
197.716,123.82,535591
196.80643,123.82,535595
196.02878,123.82001,535599
195.37886,123.82,535604
194.33928,123.8201,535655
193.73901,124.069374,535660
192.9828,123.98593,535664
192.21942,123.82597,535668
191.7056,123.90564,535673
190.95174,123.99235,535677
189.96837,123.97997,535682
189.56372,123.97997,535686
189.30922,123.98096,535691
189.07193,124.13086,535695
189.05667,124.17012,535700
188.61601,123.891106,535705
188.40755,123.82006,535710
188.17004,123.542625,535715
188.16412,123.15269,535720
188.16412,123.15269,535726
188.16412,123.15269,535732
187.51416,123.15269,535737
187.16257,123.79617,535741
187.0124,124.69354,535745
186.92159,125.20552,535750
186.6416,125.79209,535754
186.3056,126.49597,535759
186.08162,126.96523,535764
185.77136,127.53637,535769
185.52315,127.99328,535773
185.52315,127.99328,535825
185.52315,127.99328,535830
185.52315,127.99328,535835
184.7432,127.99328,535840
185.05223,128.30739,535845
185.1005,128.95557,535850
185.15843,129.73337,535855
185.18,130.25172,535860
185.18,130.90166,535865
185.18,131.94147,535870
185.18001,132.72122,535875
185.18001,133.50078,535879
185.18,134.1491,535884
185.18001,134.669,535889
185.18001,135.57877,535894
185.18,136.6179,535899
185.18,137.00626,535905
185.18,137.00626,535912
185.18,137.00626,535917
185.18,137.00626,535924
184.68036,137.15056,535928
184.56529,137.17996,535934
184.38367,137.19804,535938
184.18,137.84206,535943
184.18,138.48712,535947
184.18,139.37839,535952
184.23058,139.69449,535957
184.7149,140.12794,535962
185.0055,140.38803,535968
185.0055,140.38803,535974
185.0055,140.38803,535979
185.0055,140.908,535985
185.64551,141.05466,535991
186.67694,140.92534,535996
187.45215,140.83939,536001
187.96713,140.82,536006
187.96713,140.82,536012
187.96713,140.82,536018
187.31717,140.82,536023
186.40785,140.82,536028
185.63217,140.82002,536032
185.41837,140.82002,536037
185.05273,140.48584,536041
184.6197,140.00114,536047
184.531,139.9061,536051
184.39848,139.80609,536056
184.18,139.33797,536061
184.18,138.43721,536066
184.18,137.79744,536071
184.19974,137.03397,536075
184.24257,136.12502,536079
184.28326,135.21597,536083
184.30664,134.69652,536089
184.37752,134.05043,536095
184.47675,133.1459,536101
184.59013,132.11215,536106
184.68352,131.46893,536112
184.81424,130.56842,536117
184.88895,130.05383,536122
185.01651,129.41652,536128
185.1696,128.65172,536132
185.17995,128.43025,536138
185.50624,128.13849,536143
186.31076,127.713524,536148
187.1122,127.28257,536153
187.79938,126.91362,536157
188.04796,126.21613,536162
188.15521,125.70734,536166
188.18765,125.37507,536172
188.55545,125.02179,536177
189.02953,124.60206,536182
189.02992,124.34863,536186
189.07397,124.12761,536191
189.96925,123.94008,536196
190.22897,123.92855,536201
189.76129,123.97996,536206
189.31485,123.98038,536210
188.93002,124.35943,536215
188.521,125.02354,536219
188.35352,125.21441,536224
188.17203,125.68371,536228
188.16296,126.463615,536233
187.61446,126.8123,536238
186.84653,127.30046,536243
186.0786,127.78863,536248
185.63977,128.06758,536253
185.43562,128.18037,536258
185.17696,128.4222,536263
185.01466,129.31757,536267
184.9683,129.5734,536272
184.86958,130.21582,536276
184.73137,131.11522,536281
184.65239,131.62915,536285
184.5595,132.40356,536290
184.43562,133.43611,536294
184.34273,134.21051,536299
184.25282,134.85423,536303
184.12697,135.75545,536308
184.00111,136.65665,536312
183.87526,137.55786,536317
183.82132,137.94409,536322
184.02455,138.27452,536326
184.02,139.17276,536330
183.9749,140.05307,536335
183.8847,140.29692,536341
183.81372,140.6188,536345
183.4348,140.8865,536350
182.60336,141.25612,536354
181.77425,141.63104,536359
181.0634,141.95203,536364
181.0634,141.95203,536411
181.0634,141.95203,536417
181.0634,142.472,536422
180.85611,142.25513,536427
181.3127,142.00633,536431
182.11174,141.57094,536436
183.02492,141.07335,536441
183.36736,140.88675,536447
183.67584,140.78389,536451
183.67584,140.78389,536505
183.67584,140.78389,536510
183.67584,140.78389,536516
184.3258,140.78389,536522
184.46716,140.18335,536526
184.15106,139.50558,536530
184.02002,138.53084,536535
183.98593,137.78197,536539
183.92986,136.87375,536544
183.88277,136.09521,536548
183.82,135.05717,536554
183.82,134.66846,536558
183.82,134.66846,536564
183.82,134.66846,536569
183.82,133.88849,536575
183.82,133.1086,536580
183.82,132.3288,536584
183.82,131.28944,536589
183.82,130.77132,536595
183.81999,130.25143,536600
183.82,129.34187,536605
183.82,128.69333,536610
183.8057,128.35963,536615
183.40305,128.08162,536620
182.70941,127.72504,536625
182.01776,127.364525,536630
181.21068,126.94426,536635
180.98009,126.82418,536640
180.98009,126.82418,536645
181.41788,126.543625,536650
182.4029,125.91237,536655
182.95013,125.56167,536659
183.52467,125.25776,536663
184.32903,124.83228,536668
185.01848,124.4676,536720
185.01848,124.4676,536725
185.3632,124.28525,536730
185.82782,124.051796,536735
186.75706,123.58489,536740
187.68631,123.118,536745
187.91862,123.00127,536750
188.09396,123.34962,536754
188.17995,123.56149,536760
188.48723,123.855,536765
189.12094,124.074745,536769
189.62808,123.97998,536774
190.52174,123.97998,536778
191.37451,124.16677,536783
191.37451,124.16677,536789
191.37451,124.16677,536794
192.02448,124.16677,536799
191.99474,124.74859,536805
191.87885,124.98132,536810
191.87885,124.98132,536815
191.87885,124.98132,536821
192.39882,124.98132,536825
193.30672,125.03299,536830
194.34378,125.11039,536835
195.2513,125.17683,536840
195.6395,125.17999,536845
196.28941,125.17999,536850
197.06929,125.18,536855
197.97905,125.17999,536859
198.88847,125.18,536865
199.40704,125.17999,536870
199.92654,125.18,536875
200.31525,125.1799,536880
200.53973,125.179955,536885
200.83052,125.45433,536890
200.82,126.36135,536895
200.82,126.48956,536900
200.82,126.48956,536905
201.3381,126.533775,536910
202.24475,126.61115,536915
203.15141,126.68854,536920
203.92929,126.74535,536926
204.66904,126.82001,536931
205.31764,126.82001,536935
205.44295,126.82001,536941
205.6623,126.79486,536946
206.01073,126.410355,536951
206.43881,125.92128,536956
206.43881,125.92128,536961
206.43881,125.92128,536967
207.08878,125.92128,536972
207.06068,125.19647,536977
206.86862,124.71327,537031
206.86862,124.71327,537084
206.86862,124.71327,537088
206.86862,124.71327,537094
206.86862,124.0633,537099
206.27094,124.05873,537103
206.03186,124.160904,537110
206.03186,124.160904,537116
205.87656,123.664665,537121
206.4511,123.360756,537126
207.14055,122.99607,537131
207.65744,122.93944,537135
207.91588,122.911125,537185
207.91588,122.911125,537190
207.91588,122.911125,537242
207.91588,122.911125,537248
207.91588,123.5611,537253
207.91588,124.21106,537308
207.91588,124.21106,537312
207.8307,124.30927,537317
207.37563,124.56081,537323
206.99294,124.48571,537328
206.88467,124.994286,537333
206.82002,125.37572,537338
206.82002,125.583755,537343
206.48921,125.83186,537348
206.10191,125.82001,537354
206.10191,125.82001,537360
206.10191,125.82001,537365
206.10191,126.46998,537371
205.97197,126.72689,537377
205.84343,126.746284,537383
205.37607,126.825745,537387
204.72748,126.8201,537392
204.72748,126.8201,537397
204.72748,126.8201,537403
204.2075,126.8201,537408
204.05139,126.741936,537413
204.174,126.10364,537418
204.18,125.975975,537423
204.18,125.975975,537429
203.80934,125.85468,537433
203.2906,125.82001,537438
202.64522,125.82001,537443
202.43697,125.82001,537449
202.178,125.58664,537454
202.18,124.6857,537459
202.18,124.6857,537464
202.18,124.6857,537470
202.18,124.03573,537476
202.65138,123.99523,537481
203.00491,124.15985,537486
203.00491,124.15985,537492
203.00491,124.15985,537498
203.00491,123.50988,537503
203.32167,123.022415,537508
203.37894,122.37498,537512
203.45909,121.46856,537517
203.49345,121.08009,537523
203.61964,120.85279,537528
203.82,120.450226,537533
203.99283,120.00042,537537
204.02003,119.223915,537542
204.02,118.5009,537547
203.97313,117.72454,537551
203.8956,116.8179,537556
203.82,115.91112,537561
203.82,115.3956,537566
203.82,115.3956,537572
203.82,115.3956,537577
203.82,114.875626,537582
203.81999,113.8359,537587
203.81999,112.9265,537592
203.82,112.0181,537597
203.82,111.63093,537602
203.81999,110.98111,537608
203.82,110.0716,537612
203.82,109.29358,537663
203.82,109.29358,537668
203.82002,108.64775,537673
203.80145,108.3614,537678
203.16934,108.09643,537683
202.28333,107.88958,537687
201.27275,107.64415,537692
201.02007,107.58297,537696
201.02007,107.58297,537702
201.02007,107.58297,537708
201.02007,107.062996,537713
200.86156,105.909325,537718
200.82002,105.65477,537723
200.82002,105.44046,537728
200.67206,105.216965,537732
199.92102,105.17999,537736
199.92102,105.17999,537741
199.92102,105.17999,537747
200.57098,105.17999,537751
200.96097,105.17999,537756
201.22195,105.77526,537761
201.58733,106.608635,537765
201.93074,106.99908,537769
202.44585,107.58474,537773
203.00072,107.92323,537779
203.33365,108.12632,537784
203.64333,108.19799,537789
203.82388,108.62682,537793
203.82,109.535866,537798
203.82,110.44486,537802
203.82,111.09134,537808
203.81999,111.611244,537812
203.82,112.65089,537817
203.82,113.56031,537821
203.82,114.46898,537825
203.82,114.98489,537829
203.81999,115.764725,537835
203.82,115.507416,537840
204.03319,114.8934,537845
204.37428,113.91099,537850
204.63011,113.17417,537854
204.9712,112.19176,537859
205.17996,111.57774,537863
205.18001,110.92806,537868
205.18,110.01895,537872
205.18,109.11144,537877
205.18,108.60002,537881
205.18156,108.40213,537886
205.18156,108.40213,537893
205.18,109.050064,537898
205.18,109.95904,537902
205.18,110.99355,537907
205.06169,111.89151,537912
204.92711,112.79146,537917
204.79381,113.6916,537921
204.70155,114.334984,537927
204.57239,115.23572,537932
204.51703,115.62175,537938
204.4859,116.14079,537943
204.43144,117.04912,537948
204.37181,117.16463,537954
204.17567,117.58019,537960
204.18,118.48829,537965
204.18,118.74613,537971
204.18,119.39116,537975
204.18,119.59567,537980
204.52751,119.95727,537985
205.11377,120.47169,537989
205.20706,120.66373,537995
205.65994,121.12994,538002
206.20341,121.689384,538006
206.83745,122.34208,538010
207.19977,122.71505,538015
207.68233,123.150475,538020
208.16489,123.58589,538024
208.64227,123.91882,538030
209.13702,124.05978,538035
209.67972,123.97998,538041
210.98296,123.993805,538092
210.98296,123.993805,538098
210.98296,123.993805,538104
211.63293,123.993805,538109
211.85362,124.51229,538114
211.82,125.03078,538118
211.82,125.03078,538126
211.82,125.03078,538131
212.46997,125.03078,538137
213.24808,125.074646,538142
214.15498,125.14908,538146
214.80252,125.17999,538151
215.45245,125.18,538157
216.49223,125.17999,538163
217.40193,125.18,538168
218.18134,125.18,538173
218.57024,125.17999,538178
219.09009,125.18,538184
220.1291,125.18,538189
221.70279,126.07962,538192
222.25282,126.425896,538198
222.47284,126.56441,538204
222.47284,126.56441,538210
222.47284,126.56441,538218
221.82288,126.56441,538223
221.26433,126.138695,538228
220.82005,125.50013,538233
220.45607,125.18,538239
219.67656,125.18,538243
219.15796,125.17999,538248
218.65756,125.038666,538254
217.78186,124.79135,538259
217.17099,124.56932,538265
216.56012,124.34728,538270
216.07297,124.16548,538276
215.22044,123.847336,538281
214.70053,123.83863,538287
213.79071,123.82339,538292
213.01088,123.82,538296
212.10135,123.82,538301
211.45303,123.82001,538306
210.93312,123.82001,538312
210.02414,123.82001,538317
209.2446,123.82001,538321
208.59656,123.82001,538326
208.19041,123.661064,538332
207.52759,123.03762,538337
206.87811,123.01208,538343
205.96887,122.97632,538349
205.18951,122.94566,538353
204.15036,122.90479,538359
203.76068,122.889465,538363
203.01848,123.12918,538369
202.39996,123.32895,538376
201.89833,123.46582,538380
201.52211,123.568474,538386
201.00258,123.589966,538392
200.76546,123.696594,538398
200.22601,123.82001,538402
199.96698,123.82001,538456
199.96698,123.82001,538462
200.35541,123.82001,538467
200.57323,123.82001,538473
200.83286,123.510475,538478
200.82002,123.12394,538484
200.82002,123.12394,538490
200.82002,123.12394,538497
201.46999,123.12394,538503
201.46739,123.41226,538508
201.59798,123.91557,538513
201.69592,124.29305,538519
201.95685,124.88835,538525
202.16557,125.364586,538532
202.20993,125.66304,538537
202.56308,125.82001,538543
203.33768,125.82001,538549
203.33768,125.82001,538556
203.33768,125.82001,538563
203.33768,126.33998,538568
203.981,126.63731,538574
204.10802,126.665016,538579
204.23,126.70997,538586
204.65758,126.82113,538591
205.43518,126.82001,538597
205.43518,126.82001,538604
205.43518,126.82001,538610
205.95515,126.82001,538615
205.98222,126.7406,538620
206.19933,126.41664,538626
206.64111,125.78883,538632
206.82124,125.34902,538638
206.82002,124.702644,538643
206.82002,124.702644,538718
206.82002,124.702644,538722
206.82002,124.702644,538728
206.82002,124.05268,538735
206.0795,124.167564,538740
206.0795,124.167564,538746
206.0795,124.167564,538752
206.72946,124.167564,538758
206.9057,124.26699,538763
207.042,124.48838,538768
207.43163,124.47157,538774
207.9568,124.088615,538780
208.16685,123.935425,538786
208.81598,123.90217,538791
209.7239,123.8556,538797
210.50285,123.8201,538867
210.50285,123.8201,538873
210.89417,123.82001,538879
211.32326,124.11369,538884
211.6388,124.194695,538890
211.8265,124.53076,538897
211.82,124.92041,538903
211.82,124.92041,538910
211.82,124.92041,538916
212.33998,124.92041,538921
213.37366,125.01917,538927
214.14795,125.11302,538933
214.79329,125.179985,538939
215.31323,125.18,538945
216.09311,125.18,538951
216.74297,125.17999,538956
217.65263,125.18,538961
218.43164,125.18,538966
219.20993,125.18,538971
220.119,125.18,538976
220.37784,125.1799,538981
220.9102,125.39917,538987
221.53882,125.86081,538993
222.1696,126.31958,538999
222.48495,126.549,539004
222.48495,126.549,539010
222.48495,126.549,539016
221.96498,126.549,539021
221.37616,126.14622,539027
220.8829,125.54203,539032
220.59773,125.18112,539038
219.81956,125.18,539043
219.17102,125.17999,539048
218.54514,125.0047,539054
217.79407,124.79435,539059
217.30522,124.61714,539065
216.57196,124.35134,539070
215.96297,124.124214,539075
215.23218,123.85167,539081
214.5823,123.84012,539086
213.80247,123.826256,539091
213.02264,123.82,539097
212.24298,123.82001,539102
211.4647,123.82001,539108
210.9448,123.82001,539113
210.03503,123.82,539119
209.12564,123.82001,539124
208.60738,123.8201,539129
208.10562,123.582275,539135
207.53786,123.04751,539141
207.18474,122.66583,539146
206.47849,121.90247,539152
206.52934,121.585625,539157
206.73997,121.91383,539162
207.16122,122.57025,539167
207.86792,122.81131,539172
207.99522,122.83764,539230
207.99522,122.83764,539236
207.99522,122.83764,539296
207.99522,122.83764,539302
207.99522,123.48761,539309
207.99522,124.13757,539373
207.99522,124.13757,539379
207.90744,124.23345,539384
207.34946,124.566795,539391
206.9682,124.48478,539397
206.8711,124.995605,539402
206.82002,125.37872,539409
206.82002,125.58608,539416
206.48311,125.831245,539422
206.09587,125.82001,539428
206.09587,125.82001,539434
206.09587,125.82001,539442
206.09587,126.46998,539447
205.96591,126.72685,539453
205.83742,126.74659,539460
205.37024,126.82462,539465
204.72166,126.82001,539471
204.72166,126.82001,539477
204.72166,126.82001,539484
204.3317,126.82001,539489
204.0717,126.82001,539495
204.15323,126.306465,539501
204.17998,126.04969,539508
204.17998,126.04969,539514
204.17998,126.04969,539521
203.53001,126.04969,539526
202.65636,125.83551,539532
202.44737,125.82006,539538
202.2439,125.707054,539544
202.18,124.98022,539548
202.18,124.72402,539553
202.18,124.72402,539558
202.18,124.72402,539565
202.18,124.20405,539571
202.8019,124.13299,539577
202.92627,124.17077,539583
202.92627,124.17077,539589
203.1157,123.68653,539595
203.27766,123.22829,539600
203.38571,122.60271,539606
203.44156,121.82475,539611
203.49022,121.17661,539616
203.63069,120.82226,539622
203.83188,120.53285,539628
204.03201,119.87701,539633
204.02002,119.474754,539639
204.02002,119.17752,539645
204.02,118.658936,539650
203.97166,117.75282,539655
203.89479,116.84613,539661
203.8206,115.93921,539667
203.82,115.42316,539673
203.82,115.42316,539679
203.82,115.42316,539686
203.82,114.90318,539694
203.81999,114.25332,539700
203.82,113.34372,539706
203.82,112.564384,539711
203.82,111.786644,539717
203.82,111.138054,539722
203.82,110.22851,539727
203.82,109.45027,539791
203.82,109.45027,539798
204.04243,109.920265,539803
204.15364,110.155266,539808
203.9811,109.39463,539814
203.82002,108.634,539818
203.79614,108.350746,539824
203.27596,108.12384,539830
202.39026,107.915474,539834
201.506,107.700775,539839
201.00064,107.578316,539844
201.00064,107.578316,539850
201.00064,107.578316,539854
201.00064,106.928345,539860
200.90222,106.15778,539865
200.82002,105.64721,539870
200.82002,105.434364,539876
200.54904,105.16998,539882
199.90341,105.17999,539887
199.90341,105.17999,539894
199.90341,105.17999,539902
200.55338,105.17999,539907
200.81335,105.17999,539913
201.11703,105.75466,539918
201.54218,106.55919,539923
201.97182,107.046906,539928
202.40146,107.53462,539933
202.95123,107.881325,539938
203.2811,108.08935,539943
203.59138,108.17995,539948
203.83182,108.4646,539953
203.82,109.373535,539958
203.82,110.1529,539963
203.82,111.0594,539968
203.81999,111.709274,539973
203.82,112.618996,539979
204.0485,112.7548,539984
204.10616,112.10739,539990
204.19841,111.07155,539995
204.233,110.683105,540000
204.47993,110.08187,540006
204.67749,109.60088,540010
204.96503,109.01798,540016
205.13754,108.668236,540022
205.13754,108.668236,540031
205.16708,109.31753,540037
205.18,110.22627,540041
205.18,111.00138,540046
205.10097,111.64219,540051
204.9656,112.54202,540056
204.83133,113.44202,540062
204.70073,114.342545,540067
204.57144,115.24327,540073
204.516,115.62929,540078
204.48506,116.14834,540082
204.43864,116.92692,540087
204.34149,117.16807,540092
204.16942,117.51558,540098
204.18,118.55281,540105
204.18,119.326584,540110
204.1978,119.643,540116
204.56918,119.99844,540121
205.05936,120.42528,540128
205.19125,120.609886,540135
205.5199,120.99577,540142
206.06592,121.55271,540148
206.61035,122.11122,540154
207.15488,122.66964,540160
207.44383,122.93153,540166
208.11807,123.54261,540173
208.59375,123.90177,540177
209.11145,124.08526,540182
209.62796,123.97998,540188
211.02342,124.017555,540245
211.02342,124.017555,540251
211.02342,124.017555,540257
211.67339,124.017555,540263
211.87605,124.53436,540267
211.83305,124.92196,540272
211.83305,124.92196,540279
211.83305,124.92196,540286
212.35303,124.92196,540292
213.12881,124.987785,540297
213.90294,125.082924,540302
214.67729,125.17627,540308
215.58626,125.17999,540313
216.36613,125.18,540318
217.14594,125.17999,540324
218.05542,125.17999,540329
218.57416,125.17999,540336
219.094,125.17999,540343
220.00328,125.18,540349
220.39174,125.1799,540354
220.91843,125.413506,540360
221.54723,125.874855,540365
222.28552,126.40677,540371
222.49641,126.558815,540379
222.49641,126.558815,540388
222.49641,126.558815,540399
221.97644,126.558815,540405
221.28212,126.137215,540412
220.81912,125.398766,540418
220.59624,125.180626,540424
219.6878,125.17999,540431
219.16916,125.17999,540436
218.66849,125.039604,540443
217.79233,124.79392,540450
217.3035,124.61666,540457
216.57027,124.35076,540464
216.08308,124.16905,540470
215.2305,123.85105,540475
214.58063,123.8396,540482
213.67082,123.823555,540486
212.891,123.82001,540490
212.11143,123.82001,540495
211.46306,123.82001,540502
210.94316,123.82001,540508
210.16406,123.82,540514
209.38443,123.82001,540520
208.60643,123.8201,540525
208.10492,123.58148,540531
207.5371,123.04676,540537
206.8877,123.019806,540544
206.1084,122.98745,540549
205.32912,122.9551,540554
204.54982,122.92275,540560
203.77052,122.890396,540566
203.27534,123.04905,540572
202.40878,123.32669,540577
201.78172,123.4977,540584
201.5309,123.56612,540589
201.01143,123.58894,540594
200.7737,123.694214,540601
200.36612,123.82319,540608
199.97731,123.82001,540614
199.32738,123.82,540621
198.2878,123.82001,540686
197.67957,124.04917,540691
197.31464,124.18667,540697
197.82709,124.098564,540702
198.72388,123.944374,540707
199.36446,123.83425,540712
200.14165,123.82001,540717
200.60078,123.819565,540722
200.82158,123.44186,540728
200.82,123.183876,540733
200.82,123.183876,540741
200.82,123.183876,540747
201.33998,123.183876,540753
201.90694,122.764175,540758
202.39148,122.15337,540764
202.97087,121.451706,540833
202.97087,121.451706,540839
202.7349,121.91506,540845
203.10463,121.3805,540851
203.40042,120.95285,540857
203.59087,120.811455,540864
203.59087,120.811455,540934
203.59087,120.811455,540939
203.59087,120.811455,540945
204.24083,120.811455,540951
204.0023,120.683876,540957
203.92648,120.169464,540963
204.02003,119.4432,540969
204.02003,119.158195,540975
204.02003,119.158195,540981
204.08531,118.642334,540987
204.18,117.868546,540992
204.18,117.40673,540998
204.40477,117.18053,541004
205.04736,117.17999,541010
205.04736,117.17999,541017
205.04736,117.17999,541023
205.04736,117.17999,541029
204.66058,117.17999,541035
204.3464,117.203354,541041
204.18,117.665634,541047
204.18,118.31458,541052
204.18,118.82972,541058
204.18,119.34598,541064
204.17993,119.56016,541069
204.59142,120.01373,541074
205.08011,120.44225,541079
205.19316,120.62936,541086
205.53888,121.01142,541092
206.08385,121.56939,541098
206.62794,122.128235,541104
207.08139,122.593895,541109
207.18713,123.336815,541114
207.22185,124.11591,541119
207.27065,125.02456,541124
207.31166,125.803444,541129
207.34589,126.45251,541135
207.34589,126.45251,541142
207.34589,126.45251,541148
206.69592,126.45251,541154
205.95174,126.665146,541160
205.40111,126.824745,541165
204.62334,126.82001,541170
204.62334,126.82001,541176
204.40973,126.82001,541182
204.18231,126.60068,541188
204.18,125.95944,541194
204.18,125.95944,541201
204.18,125.95944,541208
204.18,126.479416,541214
204.18,126.7394,541220
204.18,126.7394,541227
204.64116,126.82237,541232
205.41891,126.82,541237
205.93813,126.7985,541242
206.7169,126.7555,541247
207.1063,126.734,541254
207.43596,126.331894,541259
207.93047,125.72874,541264
208.1866,125.43505,541270
208.49864,125.069244,541276
209.02992,124.54818,541281
209.02992,124.37018,541286
209.02992,124.338005,541291
209.02992,124.30846,541296
209.03,124.29123,541301
209.03691,124.23119,541305
209.35425,123.96644,541310
210.24532,123.97998,541315
211.04906,124.03354,541381
211.04906,124.03354,541388
211.04906,124.03354,541394
211.56903,124.03354,541400
211.81976,124.1632,541406
211.82797,124.67879,541412
211.82,124.93842,541417
211.82,124.93842,541424
211.82,124.93842,541431
212.47006,124.93842,541437
213.37471,125.029236,541443
213.11745,124.99137,541449
212.63779,124.79063,541454
212.03821,124.53969,541459
211.8221,124.395164,541464
211.432,124.17509,541470
211.05338,124.0433,541476
210.35687,123.97998,541480
209.56863,123.97998,541485
209.11765,123.91152,541490
208.60574,123.820244,541497
208.10442,123.5809,541502
208.02199,123.4767,541508
207.63576,123.128555,541513
207.09813,122.56412,541518
206.56734,121.99263,541523
206.03627,121.4214,541527
205.59372,120.945366,541533
205.40814,120.813095,541539
205.04535,120.47745,541545
204.61827,119.98749,541551
204.43916,119.814964,541557
204.22661,119.70415,541563
204.22661,119.70415,541569
204.22661,119.70415,541577
204.22661,119.70415,541583
204.22661,119.70415,541648
204.22661,119.70415,541656
204.22661,120.35411,541663
203.96675,120.60624,541670
203.74133,120.712616,541677
203.74133,120.712616,541745
203.74133,120.712616,541751
203.74133,120.712616,541757
204.2613,120.712616,541763
204.40677,120.25373,541769
204.03996,119.5654,541774
204.02005,119.16295,541779
204.06888,118.77604,541784
204.16652,118.00221,541790
204.17998,117.61655,541796
204.17998,117.410255,541802
204.39706,117.183075,541807
205.03839,117.17999,541813
205.03839,117.17999,541820
205.03839,117.17999,541827
205.03839,117.17999,541833
204.65175,117.17999,541839
204.438,117.17999,541845
204.1819,117.4001,541850
204.18,118.3066,541856
204.17998,118.82194,541861
204.18,119.33831,541867
204.20287,119.65271,541872
204.48085,119.92079,541877
205.06879,120.43331,541882
205.19226,120.61903,541888
205.71136,121.188484,541894
206.25621,121.74658,541899
206.80037,122.30537,541903
207.16315,122.67787,541910
207.19476,123.327065,541915
207.23271,124.10611,541921
207.27065,124.88515,541926
207.30858,125.664185,541931
207.34653,126.44322,541935
207.34653,126.44322,541941
207.34653,126.44322,541947
206.82655,126.44322,541952
206.07623,126.63727,541957
205.26218,126.82,541962
204.61435,126.820015,541967
204.61435,126.820015,541974
204.40268,126.820015,541980
204.17397,126.457146,541985
204.18,125.94205,541990
204.18,125.94205,541997
204.18,125.94205,542003
204.18,126.46202,542010
204.18,126.72201,542017
204.18,126.72201,542025
204.62389,126.82459,542032
205.27264,126.82001,542039
205.921,126.79857,542044
206.6998,126.75598,542050
207.0892,126.73476,542057
207.42181,126.335075,542062
207.83759,125.83548,542066
208.00389,125.63564,542072
208.17833,125.44286,542078
208.58598,124.98554,542084
209.02994,124.47237,542090
209.02994,124.33602,542096
209.02994,124.3166,542102
209.02994,124.30187,542107
209.03029,124.28305,542113
209.05482,124.17139,542118
209.6422,123.97998,542124
210.91864,123.97998,542188
210.91864,123.97998,542195
211.0246,123.90467,542202
211.55658,124.17994,542208
211.81999,124.83169,542214
211.8201,124.96151,542220
211.8201,124.96151,542227
212.33841,125.00312,542233
213.11586,125.06553,542239
213.89333,125.127945,542244
214.67079,125.17999,542249
215.31998,125.17999,542255
216.09984,125.18,542260
217.00961,125.17999,542265
217.78929,125.17999,542270
218.56784,125.17999,542276
219.21765,125.17999,542282
220.12672,125.18,542288
220.80528,125.324814,542294
221.53346,125.86951,542300
222.16762,126.32358,542305
222.48445,126.55096,542312
222.48445,126.55096,542320
222.48445,126.55096,542327
221.96448,126.55096,542332
221.29391,126.04708,542338
220.8153,125.44078,542344
220.60071,125.18209,542350
220.34259,125.17654,542355
220.34259,125.17654,542363
219.69302,125.18,542370
219.17433,125.17999,542375
218.54836,125.00504,542381
217.79718,124.7951,542386
217.18607,124.57373,542391
216.57497,124.35236,542396
215.96596,124.125275,542402
215.23515,123.85277,542408
214.71526,123.84339,542415
213.93542,123.82933,542419
213.1556,123.82001,542424
212.24599,123.82,542430
211.46768,123.82001,542435
210.8178,123.82,542440
209.90808,123.82,542446
208.99883,123.82001,542451
208.61035,123.82001,542457
208.20248,123.67394,542462
207.54027,123.049866,542467
207.54027,123.049866,542536
207.54027,123.049866,542544
207.54027,123.049866,542551
206.89029,123.049866,542557
206.40352,122.581955,542563
205.98026,121.77666,542568
205.60854,121.09097,542573
205.38136,120.799866,542578
205.01897,120.456696,542585
204.59523,119.96384,542589
204.41374,119.81169,542594
204.17172,119.45973,542600
204.18001,118.81178,542605
204.18,118.03323,542610
204.18,117.646675,542615
204.17995,117.43393,542621
204.27852,116.923386,542628
204.4264,116.15757,542633
204.52225,115.51471,542639
204.61809,114.87185,542644
204.71393,114.22898,542651
204.81114,113.71818,542657
204.9813,112.82427,542662
205.12712,112.05807,542667
205.17998,111.54897,542672
205.18,111.02921,542678
205.18,110.24985,542684
205.18,109.341644,542690
205.18,108.697655,542696
205.18,108.697655,542761
205.18,108.697655,542768
205.18,108.697655,542775
205.18,108.17768,542781
205.82193,108.01953,542786
206.8511,108.16862,542792
207.10825,108.179985,542797
207.10825,108.179985,542804
207.10825,108.179985,542811
207.10825,107.66001,542816
207.43001,106.8353,542821
207.86719,106.03729,542826
208.05226,105.69402,542831
208.18608,105.37866,542837
208.47026,105.16789,542843
208.98633,105.17999,542848
208.98633,105.17999,542855
208.98633,105.17999,542866
208.33636,105.17999,542871
208.07637,105.17999,542877
207.92416,105.677185,542883
207.58168,106.795876,542889
207.42947,107.293076,542894
206.84259,107.57241,542900
205.90358,108.01935,542906
205.66882,108.13108,542912
205.46082,108.17995,542919
205.25792,108.27902,542926
205.18,109.11659,542932
205.18,110.1544,542938
205.18,110.93027,542943
205.08347,111.70083,542949
204.95152,112.60116,542955
204.83945,113.373024,542961
204.80208,113.63031,542969
204.70996,114.27372,542976
204.59943,115.04581,542981
204.50731,115.68922,542987
204.47807,116.20837,542994
204.44153,116.85731,542998
204.32779,117.2243,543004
204.08878,117.76833,543011
204.02003,118.46814,543017
204.02003,118.88972,543025
204.02,119.52906,543031
203.9351,120.14971,543036
203.78207,120.67462,543043
203.37978,120.99296,543049
202.64075,121.523834,543054
202.11357,121.90403,543058
201.27002,122.51224,543125
200.9537,122.740326,543131
200.8394,123.24758,543137
200.82002,123.58693,543144
200.82002,123.58693,543224
200.82002,123.58693,543230
200.82002,123.58693,543237
201.34,123.58693,543243
201.70616,124.19247,543250
201.94652,124.79636,543256
202.17996,125.39983,543263
202.18152,125.59772,543270
202.53189,125.82792,543276
203.30713,125.82,543281
203.30713,125.8201,543287
203.30713,125.8201,543293
203.30713,126.34007,543301
203.8271,126.60002,543307
204.08168,126.637115,543313
204.20143,126.68769,543319
204.60008,126.82554,543325
205.24893,126.82001,543330
205.37817,126.82001,543336
205.37817,126.82001,543343
205.50157,126.82001,543350
205.60658,126.81948,543357
205.96942,126.46518,543363
206.48897,125.88345,543368
206.80305,125.63669,543373
206.82,124.87098,543378
206.82,124.742226,543444
206.82,124.742226,543448
206.82,124.742226,543454
206.82,124.22225,543461
206.19608,124.14439,543466
206.07129,124.17997,543472
206.07129,124.17997,543478
205.89647,123.69026,543483
205.82005,123.46871,543488
205.6365,123.158165,543493
205.50848,122.520935,543499
205.4656,121.743744,543505
205.44833,121.09401,543510
205.35573,120.851074,543517
204.93259,120.357704,543523
204.59409,119.963005,543529
204.41257,119.81151,543536
204.1772,119.5832,543541
204.17998,119.32864,543548
204.18,118.809,543553
204.18001,118.03046,543558
204.18,117.64394,543564
204.18,117.64394,543570
204.18,117.64394,543576
204.18,116.86398,543583
204.76855,117.00975,543589
205.00398,117.12005,543595
205.00398,117.12005,543602
205.00398,117.12005,543609
205.00398,116.600075,543615
205.13242,115.83293,543620
205.17998,115.4509,543626
205.18,114.931046,543632
205.18,114.151405,543637
205.18,113.24216,543642
205.18,112.333786,543648
205.18,111.56248,543654
205.18,110.9128,543660
205.18,110.13348,543666
205.18,109.35495,543671
205.18,108.71068,543676
205.18,108.71068,543734
205.18,108.71068,543738
205.18,108.71068,543745
205.18,108.06071,543751
205.81573,107.935936,543757
206.70813,108.11368,543762
207.09099,108.179985,543768
207.09099,108.179985,543775
207.09099,108.179985,543782
207.09099,107.530014,543788
207.36372,106.827324,543793
207.8975,105.93488,543799
208.09505,105.59863,543804
208.18265,105.39312,543810
208.56712,105.17999,543816
208.95424,105.17999,543821
208.95424,105.17999,543827
208.95424,105.17999,543834
208.30428,105.17999,543840
208.04428,105.17999,543846
207.86185,105.80383,543851
207.60646,106.67721,543857
207.42403,107.30105,543863
206.83653,107.57909,543868
206.01404,107.96833,543873
205.66153,108.135155,543878
205.4546,108.17994,543883
205.29892,108.24393,543888
205.18,109.157486,543893
205.05011,109.41131,543899
205.1578,108.90261,543904
205.20074,108.35326,543909
205.60185,108.11739,543914
205.61789,108.15809,543921
205.4187,108.17994,543926
205.22101,108.32328,543932
205.18001,109.2016,543937
205.18,110.110176,543942
205.18,110.88663,543948
205.07799,111.783356,543953
204.96141,112.55454,543958
204.82864,113.45476,543965
204.717,114.226685,543972
204.60634,114.99876,543977
204.5141,115.64214,543985
204.48352,116.16122,543993
204.43765,116.939835,544000
204.3387,117.180244,544006
204.17279,117.531845,544013
204.18,118.31065,544018
204.18,118.82589,544025
204.18,119.3422,544032
204.18,119.55709,544038
204.48994,119.92575,544045
205.07675,120.43955,544051
205.19289,120.62625,544056
205.5357,121.00924,544063
206.172,121.65973,544069
206.89737,122.40493,544076
207.16945,122.68432,544083
207.65134,123.12048,544089
208.21533,123.649666,544095
208.73796,123.96244,544101
209.15244,124.04692,544106
209.80121,123.97998,544112
210.98341,123.99332,544177
210.98341,123.99332,544184
210.98341,123.99332,544191
211.63338,123.99332,544198
211.85391,124.511795,544203
211.82,125.030266,544209
211.82,125.030266,544218
211.82,125.030266,544226
212.47006,125.030266,544232
213.24817,125.07425,544238
214.15504,125.14889,544245
214.80258,125.17999,544251
215.32251,125.18,544258
216.23238,125.18,544264
216.88222,125.18,544269
217.79187,125.17999,544275
218.5704,125.1799,544283
219.09026,125.18,544290
219.99954,125.18,544296
220.38803,125.1799,544302
220.71036,125.25124,544308
221.54683,125.86899,544315
222.17833,126.32675,544322
222.49391,126.55586,544329
222.49391,126.55586,544337
222.49391,126.55586,544349
221.97394,126.55586,544354
221.3845,126.15357,544359
220.81616,125.44856,544365
220.7138,125.249725,544370
219.726,125.18,544377
219.07814,125.17999,544383
218.4552,124.99455,544390
217.83224,124.80912,544395
217.34349,124.63165,544401
216.61037,124.36544,544405
216.24495,124.22921,544411
215.27052,123.86594,544417
214.6207,123.85222,544424
213.71094,123.833015,544429
212.93115,123.82001,544434
212.15155,123.82,544441
211.50294,123.82001,544446
210.85306,123.82,544453
210.07368,123.82,544458
209.03442,123.82,544463
208.64572,123.8201,544469
208.13924,123.611694,544476
207.57065,123.0778,544482
207.0513,123.05244,544488
206.27226,123.0144,544494
205.36339,122.97002,544500
204.7142,122.93831,544504
203.80533,122.89393,544510
203.30887,123.04851,544516
202.56416,123.28038,544522
201.81287,123.48961,544527
201.562,123.55785,544533
201.04274,123.58514,544538
200.80313,123.686035,544545
200.40279,123.82329,544552
199.88475,123.82001,544559
199.3648,123.82,544565
198.58493,123.82,544569
197.67548,123.8201,544627
197.26785,124.142914,544632
197.78203,124.06555,544638
198.55331,123.94951,544643
199.3246,123.83347,544648
200.10231,123.82,544653
200.57776,123.82001,544659
200.8106,123.61965,544665
200.82,123.11219,544672
200.82,123.11219,544681
200.82,123.11219,544689
201.33998,123.11219,544695
201.3888,123.44004,544700
201.55505,123.93272,544706
201.67975,124.30222,544713
201.94849,124.894035,544718
202.16348,125.36748,544724
202.21109,125.66492,544730
202.56712,125.82001,544738
203.21407,125.82001,544744
203.21407,125.82001,544751
203.21407,125.82001,544758
203.21407,126.33998,544767
203.71767,126.59944,544773
204.22125,126.728905,544779
204.80194,126.82,544785
205.32065,126.8201,544791
205.32065,126.8201,544797
205.32065,126.8201,544804
205.84062,126.8201,544811
205.99573,126.74331,544818
205.89421,126.23334,544825
205.84346,125.978355,544830
205.84346,125.978355,544838
206.34198,125.83056,544845
206.65457,125.796074,544851
206.82446,125.45674,544856
206.82002,124.68095,544862
206.82002,124.68095,544928
206.82002,124.68095,544935
206.82002,124.68095,544942
206.82002,124.16097,544948
206.32954,124.073616,544954
206.0843,124.15993,544959
206.0843,124.15993,544966
206.0843,124.15993,544973
206.60428,124.15993,544978
206.73427,124.15993,544985
206.9813,124.46169,544991
207.50127,124.460464,544996
207.91238,124.14211,545002
208.22072,123.903336,545010
208.74025,123.88183,545017
209.51923,123.84957,545022
210.42838,123.8201,545095
210.42838,123.8201,545103
210.94682,123.82001,545109
211.47263,124.17994,545116
211.81387,124.38772,545122
211.81999,125.03318,545127
211.8201,125.03318,545132
211.8201,125.03318,545140
212.34007,125.03318,545148
213.1184,125.07442,545154
213.89607,125.13401,545160
214.54422,125.17999,545166
215.3237,125.18,545173
216.10358,125.18,545179
216.8834,125.18,545184
217.6631,125.18,545189
218.44211,125.18,545195
219.09142,125.17999,545201
220.0007,125.17999,545208
220.38918,125.17999,545214
220.71086,125.25259,545219
221.44353,125.79214,545224
222.07451,126.2506,545229
222.49504,126.55642,545234
222.49504,126.55642,545240
222.49504,126.55642,545248
221.84508,126.55642,545253
221.20457,126.02949,545258
220.82405,125.50255,545263
220.59064,125.17892,545269
219.68147,125.17999,545274
219.16286,125.1799,545281
218.5372,125.00379,545287
217.91154,124.82769,545292
217.29767,124.615,545296
216.56454,124.34879,545301
216.07736,124.16704,545307
215.3466,123.894394,545313
214.70485,123.84626,545319
213.925,123.83402,545325
213.27516,123.82103,545331
212.62537,123.82,545337
211.846,123.82001,545343
211.45734,123.82001,545349
210.93742,123.82,545355
210.02766,123.82,545362
209.76779,123.82001,545368
209.76779,123.82001,545375
209.24812,123.82,545382
208.60005,123.82001,545388
208.09918,123.57553,545394
207.53114,123.04104,545399
207.08983,122.563866,545404
206.47198,121.89583,545410
206.03065,121.418655,545415
205.58934,120.94148,545420
205.40353,120.81259,545428
205.04105,120.473564,545434
204.61433,119.98329,545441
204.43475,119.814415,545447
204.16705,119.51169,545453
204.18,118.735634,545458
204.18,117.95736,545462
204.18,117.699554,545468
204.18,117.699554,545475
204.18,117.699554,545482
204.18,117.04958,545490
204.75252,116.967285,545496
205.09604,117.15189,545503
205.09604,117.15189,545510
205.09604,117.15189,545518
205.09604,116.63192,545523
205.18,115.72823,545528
205.18,115.47224,545532
205.18,114.952385,545537
205.18,113.91298,545542
205.18,113.13367,545547
205.18,112.2255,545553
205.18,111.58302,545558
205.18001,110.933334,545563
205.18001,110.02421,545568
205.18,109.24606,545573
205.18,108.605034,545578
205.18,108.605034,545638
205.18,108.605034,545644
205.18,108.605034,545650
205.18,107.95507,545657
205.80876,107.8597,545661
206.69202,108.07839,545666
207.07106,108.1701,545673
207.07106,108.1701,545679
207.07106,108.1701,545686
207.07106,107.52013,545692
207.41777,106.710365,545697
207.89134,105.9334,545702
208.09227,105.599174,545708
208.18326,105.393906,545713
208.56581,105.17999,545719
208.95293,105.17999,545724
208.95293,105.17999,545731
208.95293,105.17999,545741
208.43295,105.17999,545746
208.17297,105.17999,545752
207.95967,105.79396,545758
207.66104,106.65352,545765
207.44772,107.26749,545771
206.97977,107.49416,545777
206.16083,107.89084,545783
205.69286,108.117516,545788
205.3881,108.18602,545794
205.18065,108.404724,545799
205.18,109.180626,545803
205.18001,110.219154,545808
205.18,110.99424,545813
205.08144,111.76369,545817
204.96568,112.535,545822
204.8511,113.3065,545827
204.79382,113.69225,545832
204.73845,114.078285,545838
204.6277,114.85034,545843
204.51695,115.6224,545849
204.48584,116.14144,545853
204.43138,117.04977,545859
204.37169,117.165245,545867
204.14746,117.55392,545873
203.98347,118.18285,545878
204.02003,118.82983,545882
204.02002,119.42362,545887
203.87975,120.28934,545893
203.77103,120.6909,545897
203.25502,121.0808,545902
202.62187,121.53627,545907
201.98946,121.99277,545912
201.25157,122.52525,545917
200.93533,122.75346,545923
200.82002,123.38992,545929
200.81981,123.59941,545935
200.44458,123.82001,545942
199.92618,123.8201,545947
199.40623,123.82,545952
198.36641,123.82,545957
197.58664,123.82,545961
196.67715,123.82,545966
196.02939,123.82001,545972
195.50945,123.82,545977
194.72957,123.82001,545981
193.8201,123.8201,546044
193.51772,124.066376,546050
192.87903,123.94586,546055
192.24033,123.82535,546061
191.85489,123.88474,546066
191.08403,124.00355,546073
190.35616,123.97998,546079
189.66072,123.97998,546083
189.32133,123.97998,546088
189.05223,124.16735,546094
189.07301,124.1379,546101
188.6195,123.88779,546106
188.40996,123.82005,546112
188.17055,123.54762,546119
188.16438,123.15769,546126
188.16438,123.15769,546133
188.16438,123.15769,546141
187.64441,123.15769,546146
187.25827,123.7953,546152
187.08574,124.55588,546157
186.93842,125.18893,546162
186.71275,125.65739,546168
186.37425,126.36006,546173
186.09218,126.94563,546178
185.844,127.40256,546184
185.53377,127.97371,546189
185.53377,127.97371,546268
185.53377,127.97371,546276
185.53377,127.97371,546281
185.0138,127.97371,546287
184.88747,128.60979,546292
185.02538,129.37729,546297
185.17311,130.27518,546301
185.18,130.9251,546306
185.18001,131.70499,546311
185.18,132.61476,546316
185.18,133.3944,546321
185.18,134.17241,546327
185.18,134.17241,546333
185.18,134.17241,546338
185.18,134.69238,546344
184.97151,135.568,546350
184.7302,136.30966,546355
184.53278,136.92892,546360
184.41327,137.1598,546366
184.19331,137.37173,546372
184.18,138.00279,546378
184.18,138.64912,546384
184.17998,139.40932,546390
184.20183,139.9285,546396
184.2448,140.70728,546401
184.28746,141.48607,546406
184.30878,141.87547,546411
184.30878,141.87547,546417
184.30878,141.87547,546424
184.95876,141.87547,546430
185.01482,141.39716,546435
184.76947,140.79529,546440
184.42934,139.9513,546446
184.20181,139.64592,546454
184.18,139.01418,546461
184.18,138.5001,546467
184.18,137.85883,546472
184.18,137.61086,546477
184.20422,136.96156,546483
184.23969,136.18242,546488
184.27478,135.40324,546493
184.30989,134.62407,546499
184.36746,134.1073,546505
184.4538,133.33212,546511
184.52574,132.68616,546518
184.58331,132.16937,546524
184.69212,131.39711,546530
184.78629,130.754,546535
184.88036,130.11087,546541
184.9816,129.60086,546547
185.13347,128.83582,546553
185.18741,128.37566,546559
185.69054,128.03052,546566
186.26553,127.72753,546572
186.95412,127.36121,546578
187.64278,126.99502,546585
187.98709,126.81193,546591
188.09288,126.17062,546598
188.1775,125.657585,546603
188.17995,125.43441,546611
188.50082,125.07087,546617
189.02753,124.568436,546622
189.02994,124.33647,546628
189.1023,124.08572,546634
189.79768,123.945694,546640
190.57567,123.89103,546646
191.48286,123.82026,546652
191.74178,123.82001,546658
192.36668,123.99876,546664
192.9916,124.177505,546669
193.48103,124.35304,546674
194.33757,124.660225,546679
194.82483,124.84177,546685
195.55571,125.114075,546692
195.55571,125.114075,546698
194.94727,124.88548,546704
194.21701,124.61149,546710
193.48674,124.337555,546716
192.99988,124.154976,546720
192.99988,124.15497,546726
192.51302,123.97238,546732
192.26958,123.881096,546738
191.75717,123.969444,546743
191.24475,124.05779,546749
190.76648,123.976074,546756
190.76648,123.976074,546764
190.76648,123.976074,546769
190.76648,123.976074,546775
190.76648,123.976074,546850
190.76648,123.976074,546856
191.28645,123.976074,546862
191.65515,124.21224,546868
191.8621,124.61704,546874
191.94905,124.99721,546881
191.94905,124.99721,546885
191.94905,124.99721,546893
191.94905,124.99721,546902
191.82375,124.62791,546908
191.82005,124.42411,546914
191.58005,124.17614,546920
191.10847,124.10407,546926
190.37776,123.97997,546932
189.7797,123.97997,546937
189.32472,123.97997,546942
189.08907,124.106125,546947
189.05656,124.17035,546952
188.61595,123.891174,546957
188.40752,123.82006,546963
188.17004,123.54254,546968
188.16412,123.15261,546974
188.16412,123.15261,546980
188.16412,123.15261,546986
187.64415,123.15261,546991
187.3807,123.65517,546997
187.1724,124.40677,547002
186.96,125.15726,547008
186.67647,125.74212,547014
186.39293,126.32698,547020
186.05269,127.02882,547026
185.80283,127.484825,547029
185.4905,128.05482,547035
185.4905,128.05482,547103
185.4905,128.05482,547109
185.4905,128.05482,547116
184.97052,128.05482,547121
184.80142,128.82948,547127
184.8923,129.60413,547132
184.81374,130.24933,547138
184.71944,131.02356,547144
184.65657,131.53972,547150
184.58061,132.18524,547156
184.50465,132.83075,547162
184.4135,133.60538,547168
184.35272,134.12178,547175
184.34612,134.77171,547181
184.33951,135.42165,547187
184.3329,136.07158,547192
184.32497,136.8515,547197
184.16685,137.49731,547203
184.18,138.0103,547209
184.18,138.52788,547215
184.18,139.29436,547221
184.18,139.41655,547226
184.18,139.41655,547232
184.01521,139.9088,547237
183.84949,140.39897,547243
183.81812,140.60574,547250
183.60849,140.81485,547256
182.70477,140.81999,547261
181.9255,140.82,547266
181.1482,140.82,547272
181.01988,140.82,547279
181.01988,140.82,547287
181.53969,140.82,547294
182.31912,140.81999,547299
183.22632,140.82,547305
183.67279,140.78603,547311
183.82422,140.42212,547317
184.01413,139.95789,547323
184.02,139.32753,547329
184.02,138.59053,547335
184.06905,137.83516,547341
184.12608,137.05728,547346
184.18283,136.27939,547352
184.23961,135.5015,547358
184.29637,134.7236,547364
184.38008,133.94824,547370
184.46848,133.17331,547375
184.55653,132.39833,547383
184.58589,132.14,547389
184.66064,131.62543,547395
184.77275,130.85358,547401
184.88487,130.08171,547406
184.9865,129.57176,547413
185.11351,128.93433,547419
185.16432,128.67935,547424
185.19992,128.34856,547430
185.72943,128.01553,547437
186.41824,127.64966,547443
187.1063,127.28233,547449
187.90907,126.853905,547455
188.0178,126.34543,547461
188.15373,125.70983,547467
188.1911,125.366684,547473
188.6622,124.93064,547479
189.02919,124.59571,547485
189.02992,124.386024,547491
189.09174,124.09999,547498
189.2707,123.988205,547504
189.06888,124.13584,547510
188.69568,124.74755,547515
188.55775,124.96793,547522
188.39763,125.17276,547528
188.17274,125.43495,547534
188.16501,126.214874,547541
188.16243,126.47485,547546
187.72282,126.75256,547553
186.95352,127.23857,547559
186.29413,127.655136,547565
185.74463,128.00227,547570
185.43053,128.18037,547576
185.1752,128.43428,547581
185.12875,128.6901,547587
185.03587,129.20169,547592
184.9662,129.5854,547598
184.88728,130.09935,547603
184.7689,130.87029,547608
184.65053,131.6412,547613
184.5732,132.28656,547619
184.48042,133.06097,547625
184.38763,133.8354,547630
184.3567,134.09354,547636
184.28508,134.60857,547642
184.17763,135.38109,547648
184.08809,136.02486,547654
183.99855,136.66862,547659
183.90901,137.3124,547664
183.82,137.95616,547670
184.01678,138.24634,547675
184.02,139.14966,547681
184.17545,139.48619,547686
184.17545,139.48619,547691
184.17545,139.48619,547762
184.17545,139.48619,547769
184.17545,140.13615,547776
184.04665,140.54367,547781
183.81265,140.657,547786
183.48035,140.8305,547791
182.70088,140.82,547798
181.92152,140.82,547803
181.14423,140.82002,547808
181.01596,140.82002,547815
181.01596,140.82002,547823
181.53577,140.82,547829
182.3152,140.81999,547835
183.09335,140.82,547841
183.35083,140.82002,547846
183.66982,140.78802,547852
183.82,140.29916,547858
184.03337,139.84364,547863
184.02,139.079,547868
184.02,138.39369,547874
184.17998,137.76857,547879
184.21379,137.32893,547885
184.46008,137.16913,547890
184.97832,137.18,547896
184.97832,137.18,547904
184.97832,137.18,547911
184.97832,136.53003,547918
185.04562,135.75444,547923
185.12874,135.1098,547928
185.17998,134.59407,547934
185.18001,134.07414,547940
185.18001,133.1643,547946
185.18001,132.38449,547953
185.18001,131.73474,547958
185.18,130.82652,547965
185.18001,130.30664,547972
185.18,129.65686,547977
185.18,128.74823,547983
185.17995,128.40231,547989
185.6558,128.05237,547995
186.34644,127.690094,548001
187.1487,127.260666,548008
187.83652,126.89293,548014
187.95116,126.83164,548019
187.95116,126.83164,548025
188.0711,126.19284,548032
188.16707,125.68179,548038
188.19893,125.35044,548045
188.54396,125.17599,548050
188.93282,125.17999,548057
188.93282,125.17999,548063
188.93282,125.17999,548069
188.93282,125.17999,548076
189.06339,124.75129,548082
189.02992,124.35512,548089
189.26338,123.990166,548161
189.26338,123.990166,548167
189.26338,123.990166,548172
189.77525,123.96873,548178
190.66943,123.97998,548183
191.39523,124.17996,548189
191.59312,124.18029,548194
191.84001,124.50909,548200
191.95418,125.01637,548206
191.95418,125.01637,548213
191.95418,125.01637,548221
192.47415,125.01637,548227
193.51227,125.0651,548233
194.29039,125.118454,548238
195.19841,125.17792,548244
195.587,125.17999,548251
195.97696,125.18,548256
196.75687,125.18,548262
197.5367,125.18,548269
198.31642,125.18,548274
198.96593,125.18,548280
199.48392,125.17999,548285
200.00334,125.18,548291
200.39148,125.1799,548297
200.60265,125.18094,548303
200.82568,125.53813,548308
200.82,126.3157,548313
200.82,126.44428,548319
200.82,126.44428,548327
201.3373,126.4971,548332
202.24254,126.58955,548337
203.01846,126.66878,548343
203.27711,126.69519,548350
203.79565,126.733665,548356
204.18457,126.76252,548363
204.66512,126.82,548369
205.31374,126.82001,548374
205.43913,126.82001,548381
205.6588,126.79696,548387
206.0938,126.3162,548392
206.436,125.924706,548397
206.436,125.924706,548402
206.436,125.924706,548409
206.95598,125.924706,548415
207.02515,125.30338,548422
206.83434,124.68205,548488
206.83434,124.68205,548559
206.83434,124.68205,548565
206.83434,124.16208,548571
206.36304,123.68243,548576
206.00957,123.517685,548582
205.79785,123.366776,548588
205.45015,123.159485,548593
204.67792,123.05013,548598
205.05925,123.13355,548603
205.31468,123.179985,548609
204.6736,123.07283,548615
203.90431,122.94424,548619
203.15337,123.108986,548624
202.53064,123.295166,548629
201.90388,123.46718,548635
201.52724,123.56827,548641
201.0077,123.58975,548647
200.77016,123.69541,548654
200.23167,123.82001,548661
199.97261,123.82001,548667
199.45267,123.82,548673
198.67278,123.82,548678
197.76299,123.82001,548683
197.11324,123.82,548688
196.3341,123.82001,548694
195.55537,123.82,548699
194.7755,123.82,548705
193.99567,123.82001,548710
193.21596,123.82001,548715
192.30751,123.82001,548721
191.79906,123.92889,548727
191.29062,124.037766,548733
190.79791,123.97999,548738
190.79791,123.97999,548744
190.79791,123.97999,548750
190.79791,123.97999,548755
190.79791,123.97999,548827
190.79791,123.97999,548835
191.44789,123.97999,548842
191.67358,124.22172,548848
191.87128,124.64543,548854
191.95654,125.02598,548861
191.95654,125.02598,548868
191.95654,125.02598,548874
191.95654,125.02598,548880
191.83252,124.65624,548886
191.82005,124.44696,548893
191.73138,124.26823,548899
191.1305,124.1398,548904
190.606,123.97998,548910
189.86986,123.97998,548915
189.51189,123.97998,548921
189.32103,123.97998,548926
189.08478,124.11187,548932
189.06166,124.15929,548938
188.61926,123.887985,548943
188.40977,123.82005,548949
188.17052,123.547264,548955
188.16437,123.15733,548960
188.16437,123.15733,548967
188.16437,123.15733,548976
187.6444,123.15733,548982
187.28352,123.66743,548987
187.05632,124.68214,548993
186.93849,125.18858,548998
186.71284,125.65704,549004
186.37437,126.35974,549010
186.09232,126.94532,549016
185.84413,127.402245,549022
185.53392,127.97341,549028
185.53392,127.97341,549099
185.53392,127.97341,549104
185.53392,127.97341,549112
185.01395,127.97341,549117
184.88759,128.6095,549122
185.02542,129.37701,549128
185.1309,130.01836,549133
185.1731,130.2749,549140
185.179,130.79485,549146
185.18,131.44475,549152
185.18,132.2246,549158
185.18001,133.00436,549164
185.18,133.9134,549170
185.18,134.17215,549177
185.18,134.17215,549184
185.02664,134.80376,549191
184.81195,135.68803,549197
184.62793,136.44597,549203
184.50523,136.95126,549209
184.44933,137.06862,549215
184.20164,137.35458,549221
184.18,137.98108,549227
184.18,138.49858,549232
184.17998,139.38927,549238
184.21346,140.1554,549242
184.2569,140.93414,549247
184.29977,141.71294,549254
184.30693,141.84273,549260
184.30693,141.84273,549268
184.31007,141.32277,549273
184.31635,140.28284,549278
184.31871,139.89285,549285
184.17656,139.38295,549292
184.18,138.48068,549297
184.18,137.96669,549302
184.18,137.59288,549307
184.20436,136.9436,549313
184.2399,136.16446,549319
184.27525,135.3853,549325
184.30473,134.736,549330
184.3838,133.9603,549335
184.45593,133.31435,549341
184.52782,132.66837,549346
184.58533,132.15158,549351
184.65982,131.63698,549357
184.77158,130.86507,549362
184.86472,130.2218,549367
184.98474,129.58316,549373
185.16219,128.69067,549378
185.19469,128.35887,549384
185.71408,128.01985,549390
186.40346,127.65507,549395
186.97717,127.3496,549399
187.78043,126.922035,549404
188.03624,126.22648,549410
188.1773,125.59201,549415
188.18718,125.37628,549420
188.55437,125.02281,549426
189.02959,124.60298,549432
189.02992,124.34912,549437
189.0554,124.16541,549442
189.63182,123.96717,549448
190.53923,123.90122,549454
191.31651,123.83663,549459
191.70503,123.82001,549465
192.33102,123.99489,549472
192.23122,123.89327,549477
192.23122,123.89327,549484
191.71843,123.97938,549489
191.20563,124.065475,549496
190.73395,123.9788,549503
190.73395,123.9788,549512
190.73395,123.9788,549519
190.73395,123.9788,549526
190.73395,123.9788,549592
190.73395,123.9788,549601
191.25392,123.9788,549607
191.63629,124.208176,549612
191.851,124.59099,549618
191.94089,124.97047,549624
191.94089,124.97047,549631
191.94089,124.97047,549638
191.94089,124.97047,549645
191.85698,124.724396,549651
191.82005,124.412384,549656
191.65152,124.20502,549662
191.09673,124.08863,549667
190.46599,123.97997,549672
189.74792,123.97997,549676
189.34192,123.97997,549681
189.07335,124.12861,549687
189.10944,124.08718,549693
188.66112,123.873085,549699
188.44238,123.82005,549705
188.2459,123.71218,549710
188.16447,123.098656,549715
188.16447,123.098656,549721
188.16447,123.098656,549727
187.6445,123.098656,549734
187.28757,123.60951,549740
187.0946,124.49864,549746
186.92123,125.259094,549752
186.69237,125.72599,549758
186.34906,126.42633,549764
186.06297,127.00995,549770
185.81313,127.465965,549776
185.50081,128.03598,549782
185.50081,128.03598,549849
185.50081,128.03598,549855
185.50081,128.03598,549862
184.98083,128.03598,549868
184.77791,128.55283,549873
184.87775,129.45728,549878
184.81242,130.23157,549886
184.7503,130.74782,549893
184.6579,131.52228,549898
184.58192,132.1678,549903
184.49103,132.94244,549909
184.40013,133.71709,549914
184.35468,134.10442,549921
184.3491,134.62436,549927
184.34074,135.40427,549932
184.33238,136.18419,549937
184.32402,136.96411,549942
184.16757,137.4753,549947
184.18,137.9889,549952
184.1799,138.50697,549958
184.18,139.27423,549962
184.18,139.51363,549968
184.18,139.51363,549975
183.99738,140.00047,549980
183.86041,140.3656,549986
183.82005,140.5771,549991
183.58324,140.82295,549997
182.80513,140.82,550001
181.8959,140.82,550007
180.99084,140.82,550014
180.99084,140.82,550021
180.99084,140.82,550028
181.51082,140.82,550033
182.2904,140.82,550039
183.06865,140.82,550045
183.3264,140.82,550050
183.64975,140.7999,550055
183.82936,140.4776,550059
184.03072,139.89397,550064
184.02002,139.00308,550069
184.02002,138.42818,550073
184.05862,137.90964,550078
184.1069,137.26146,550083
184.16483,136.48366,550089
184.2324,135.57622,550094
184.29033,134.7984,550099
184.3736,134.023,550104
184.46118,133.24796,550109
184.5486,132.47292,550114
184.59232,132.08539,550119
184.6674,131.57086,550124
184.78003,130.79907,550129
184.89265,130.0273,550133
185.02083,129.39009,550138
185.17464,128.62544,550143
185.17995,128.40804,550149
185.64896,128.05768,550155
186.33948,127.69518,550159
187.1414,127.265144,550165
187.82907,126.8971,550169
188.04195,126.32516,550174
188.16478,125.686905,550178
188.19647,125.35521,550184
188.67313,124.92132,550190
189.0287,124.58704,550195
189.02994,124.34293,550200
189.15631,124.03207,550207
189.29053,123.98412,550213
189.29053,123.98412,550219
189.29053,123.98412,550226
189.29053,123.98412,550232
189.29053,123.98412,550305
189.29053,123.98412,550312
188.64056,123.98412,550318
188.33043,123.86419,550324
188.17395,123.449135,550330
188.16757,123.189224,550337
188.16757,123.189224,550344
188.16757,123.189224,550350
188.16757,123.5792,550357
188.16757,123.83919,550363
188.81648,123.8761,550370
189.59436,123.92039,550375
190.36784,123.97999,550381
190.74591,123.97999,550387
191.22867,124.09767,550393
191.64798,124.201385,550399
191.82774,124.47614,550404
191.94505,124.98271,550410
191.94505,124.98271,550416
191.94505,124.98271,550423
191.94505,124.98271,550430
191.86115,124.73663,550436
191.82005,124.42125,550442
191.44044,124.17999,550447
190.8729,123.96705,550453
190.11853,123.97998,550459
189.51694,123.97998,550464
189.28918,123.98394,550470
188.90765,124.39308,550476
188.49959,125.05778,550482
188.41734,125.15844,550488
188.17117,125.510445,550494
188.16396,126.290375,550500
187.61018,126.76258,550506
186.95776,127.1899,550511
186.1988,127.6919,550517
185.65662,128.05035,550522
185.34737,128.20024,550529
185.34737,128.20024,550601
185.34737,128.20024,550608
185.34737,128.20024,550616
184.8274,128.20024,550622
184.67671,128.70859,550628
184.81334,129.34404,550633
184.868,129.59822,550639
184.79652,130.24425,550645
184.71077,131.01947,550650
184.6536,131.5363,550655
184.57838,132.1819,550660
184.50317,132.8275,550665
184.41293,133.60222,550671
184.35277,134.1187,550676
184.34747,134.63864,550681
184.33954,135.41856,550686
184.3316,136.19849,550690
184.325,136.84842,550695
184.16684,137.48732,550701
184.18,138.0006,550707
184.18,138.64696,550712
184.17998,139.40729,550717
184.17998,139.40729,550723
184.17998,139.40729,550730
184.17998,139.92726,550736
183.99448,140.3694,550742
183.8157,140.55318,550749
183.66595,140.78618,550755
182.91142,140.81999,550760
182.13199,140.81999,550766
181.48311,140.82,550772
180.96777,140.82,550779
180.96777,140.82,550787
180.96777,140.82,550794
181.61774,140.82,550800
182.3973,140.82,550806
183.17503,140.82002,550812
183.62944,140.80946,550817
183.82549,140.4029,550822
184.0179,139.94742,550828
184.02,139.31454,550833
184.02,138.38246,550838
184.05907,137.86395,550844
184.12741,136.95657,550850
184.19577,136.04918,550856
184.25435,135.27142,550862
184.30318,134.62329,550869
184.36198,134.10666,550875
184.46489,133.20255,550881
184.55312,132.42758,550886
184.59721,132.04012,550892
184.69156,131.39702,550898
184.80478,130.62532,550904
184.88025,130.11086,550909
184.98152,129.60085,550915
185.13344,128.83582,550920
185.18742,128.37566,550926
185.57448,128.0891,550932
186.14973,127.78656,550937
186.8387,127.42097,550943
187.41287,127.116356,550948
187.98705,126.811745,550954
187.98705,126.811745,550960
188.09285,126.17045,550964
188.1775,125.65742,550970
188.17995,125.434265,550976
188.501,125.07078,550981
189.02751,124.56832,550987
189.02992,124.33643,550991
189.24257,123.98415,550996
189.50185,123.96773,551002
189.50185,123.96773,551007
189.50185,123.96773,551013
189.50185,123.96773,551084
189.50185,123.96773,551093
188.98187,123.96773,551098
189.0309,124.24717,551104
189.02998,124.61936,551110
189.14018,124.98383,551115
189.14018,124.98383,551122
189.14018,124.98383,551129
188.62021,124.98383,551133
188.31871,125.10702,551139
188.16818,125.501625,551144
188.18,126.15088,551149
188.18,126.41001,551156
188.18,126.41001,551163
188.18,126.41001,551171
187.78992,126.41001,551176
187.14438,126.7589,551182
186.65121,127.182045,551188
186.05083,127.6799,551195
185.55066,128.09497,551201
185.55066,128.09497,551272
185.55066,128.09497,551278
185.55066,128.09497,551285
185.03067,128.09497,551291
184.90256,128.73143,551297
185.06308,129.62698,551303
185.17087,130.26794,551308
185.17705,130.78789,551313
185.18,131.69775,551318
185.18001,132.47757,551324
185.18,133.25725,551330
185.18,134.03601,551335
185.18,134.16522,551341
185.18,134.16522,551347
185.02696,134.79692,551353
184.84334,135.55496,551359
184.6597,136.313,551364
184.50668,136.9447,551369
184.45117,137.06224,551376
184.20532,137.34773,551382
184.18,137.9722,551388
184.18,138.48978,551394
184.18,139.25757,551400
184.21161,140.14749,551406
184.25613,140.92618,551411
184.29205,141.57515,551417
184.30643,141.83475,551423
184.30643,141.83475,551430
184.30643,141.83475,551437
184.95639,141.83475,551443
184.9089,141.346,551449
184.6476,140.61111,551454
184.38873,139.87537,551460
184.18828,139.61685,551466
184.18,138.84673,551472
184.18,138.46292,551477
184.17998,137.94917,551482
184.17998,137.57658,551487
184.20448,136.92732,551492
184.24034,136.1482,551497
184.26993,135.4989,551502
184.31134,134.58989,551508
184.36934,134.07315,551513
184.45634,133.29807,551518
184.54333,132.52296,551524
184.58684,132.13542,551531
184.66151,131.62083,551538
184.77354,130.84897,551546
184.84824,130.33438,551552
184.88557,130.07709,551559
184.98726,129.56715,551565
185.13977,128.80225,551571
185.20216,128.34448,551577
185.73643,128.01611,551584
186.42467,127.649124,551589
187.11224,127.280914,551595
187.68526,126.974144,551600
187.91446,126.85144,551606
188.02158,126.34261,551612
188.15546,125.70658,551618
188.18793,125.37433,551625
188.55612,125.021164,551631
189.02951,124.6015,551636
189.02992,124.319626,551641
189.03416,124.245735,551646
189.18735,124.01308,551652
189.79958,123.97998,551657
190.56386,123.97998,551662
191.293,124.135345,551667
191.59973,124.18208,551674
191.84349,124.52058,551680
191.95703,125.02801,551685
191.95703,125.02801,551692
191.95703,125.02801,551697
192.477,125.02801,551703
193.38557,125.07057,551708
194.16403,125.11883,551713
195.07234,125.17363,551719
195.5907,125.1799,551725
196.24063,125.18,551731
196.11198,125.18,551736
195.48665,125.002655,551742
194.86131,124.8254,551748
194.2493,124.606575,551754
193.51486,124.34399,551758
193.02757,124.16257,551763
193.02701,124.164055,551768
192.41821,123.93639,551773
191.66653,123.9555,551779
191.2854,124.038124,551785
190.7944,123.97999,551791
190.7944,123.97999,551797
190.7944,123.97999,551803
190.7944,123.97999,551808
190.7944,123.97999,551875
190.7944,123.97999,551882
191.31438,123.97999,551888
191.59177,124.193375,551894
191.86905,124.63677,551900
191.95448,125.01728,551907
191.95448,125.01728,551914
191.95448,125.01728,551922
191.95448,125.01728,551931
191.82997,124.64771,551937
191.82005,124.44,551943
191.76591,124.31272,551948
191.14412,124.17347,551953
190.71367,123.97997,551959
189.9684,123.97997,551965
189.56374,123.97997,551972
189.34071,123.97997,551979
189.19392,124.01704,551984
189.20671,124.012085,551989
188.76175,123.867226,551994
188.41731,123.820045,552000
188.1703,123.433105,552006
188.16545,123.173164,552012
188.16545,123.173164,552019
188.16545,123.173164,552025
187.64548,123.173164,552032
187.28328,123.68299,552037
187.11348,124.44415,552042
186.93544,125.20352,552048
186.709,125.67161,552054
186.31276,126.49075,552059
186.08633,126.95884,552065
185.83778,127.41556,552070
185.52708,127.98646,552075
185.52708,127.98646,552144
185.52708,127.98646,552149
185.52708,127.98646,552156
185.00711,127.98646,552162
184.85553,128.49501,552167
184.99403,129.2625,552173
185.12784,130.0309,552179
185.17244,130.28703,552186
185.17845,130.80696,552193
185.18001,131.58687,552199
185.18,132.3667,552205
185.18,133.14642,552211
185.18,133.92552,552217
185.18,134.18419,552223
185.18,134.18419,552230
185.08763,134.56306,552234
184.90292,135.32085,552241
184.68742,136.20491,552247
184.50272,136.96269,552253
184.44604,137.07968,552260
184.25194,137.28383,552266
184.17998,137.99677,552273
184.18,138.5141,552279
184.18,139.40376,552285
184.20178,139.92296,552291
184.25177,140.83153,552296
184.30142,141.74013,552302
184.3085,141.86993,552308
184.3085,141.86993,552315
184.31123,141.34996,552320
184.31532,140.57,552325
184.31873,139.92006,552330
184.16861,139.53568,552336
184.18,138.75974,552342
184.18,138.5039,552349
184.18,137.86253,552355
184.18,137.61438,552361
184.19814,137.09496,552366
184.23361,136.3158,552371
184.2746,135.40677,552376
184.30972,134.6276,552382
184.36725,134.11081,552388
184.43915,133.46483,552393
184.52542,132.68967,552399
184.59732,132.04369,552406
184.67265,131.52919,552411
184.76682,130.88608,552415
184.8798,130.11435,552420
184.98102,129.60432,552425
185.15813,128.71176,552431
185.19046,128.36821,552437
185.58487,128.08417,552442
186.27559,127.72196,552448
186.96416,127.355606,552453
187.53809,127.05055,552458
187.88245,126.867516,552463
188.02814,126.23409,552469
188.17383,125.60066,552475
188.18382,125.3855,552480
188.64525,124.94645,552486
189.02998,124.60997,552491
189.02992,124.35286,552496
189.05376,124.169495,552502
189.8769,123.95219,552507
190.6547,123.89684,552513
191.69069,123.82001,552519
191.69069,123.82001,552526
191.1802,123.91892,552531
190.29326,123.97997,552535
189.54121,123.97997,552540
189.33192,123.97997,552545
188.87595,124.44214,552551
188.53671,124.99655,552556
188.37617,125.20105,552562
188.19098,125.375114,552567
188.16243,126.41031,552573
187.72748,126.69525,552579
187.07506,127.12266,552584
186.31389,127.6213,552589
185.7702,127.97748,552594
185.35207,128.19788,552600
185.1516,128.58858,552606
185.16982,128.59264,552611
185.06769,129.10248,552617
184.96558,129.61234,552623
184.88588,130.12616,552629
184.7663,130.8969,552634
184.66666,131.53918,552640
184.58847,132.18443,552646
184.479,133.08778,552653
184.38518,133.86208,552658
184.3539,134.12018,552664
184.28215,134.63518,552670
184.15662,135.53642,552675
184.03107,136.43768,552681
183.92346,137.21019,552687
183.82002,137.98268,552694
184.023,138.2665,552700
184.02,138.91437,552706
184.17998,138.42088,552711
184.17998,138.42088,552716
184.17998,138.42088,552787
184.17998,138.42088,552794
184.17998,137.90091,552800
184.17998,137.52307,552805
184.21584,137.3259,552811
184.4664,137.16855,552816
184.98457,137.1799,552822
184.98457,137.1799,552828
184.98457,137.1799,552834
184.98457,137.1799,552843
184.72554,137.18,552851
184.4913,137.18,552858
184.25162,137.28416,552863
184.18,137.9974,552868
184.18,138.51474,552874
184.18,139.40436,552880
184.24306,139.71007,552886
184.6314,140.05586,552892
185.01971,140.40166,552899
185.01971,140.40166,552906
185.01971,140.40166,552914
185.01971,140.92163,552921
185.40341,141.11192,552926
186.30371,140.98297,552932
187.0782,140.89087,552937
187.85225,140.82,552943
187.85225,140.82,552949
187.85225,140.82,552955
187.20229,140.82,552961
186.29309,140.81999,552965
185.64694,140.82,552971
185.32845,140.78687,552977
184.89241,140.30508,552983
184.63222,140.0146,552988
184.45485,139.82451,552994
184.20663,139.6547,553001
184.18,138.8966,553007
184.18,138.51158,553012
184.18,137.99721,553018
184.18,137.62154,553025
184.1981,137.10211,553032
184.2335,136.32295,553040
184.2627,135.67365,553046
184.29774,134.89447,553052
184.37448,134.11852,553057
184.4582,133.34306,553062
184.54167,132.56758,553066
184.59732,132.0506,553073
184.67242,131.53607,553079
184.80385,130.63565,553085
184.87895,130.12114,553091
184.95474,129.73859,553097
185.1316,128.846,553102
185.18771,128.37486,553108
185.69162,128.02994,553115
186.38226,127.667595,553120
187.07043,127.30052,553125
187.75879,126.93376,553131
187.98824,126.8115,553137
187.98824,126.8115,553143
188.07248,126.2984,553149
188.1778,125.65702,553155
188.17995,125.43391,553162
188.35747,125.19959,553167
188.99268,125.1799,553172
188.99268,125.1799,553179
188.99268,125.1799,553186
188.99268,125.1799,553194
189.11197,124.81402,553200
189.02994,124.42805,553205
189.27869,123.98628,553259
189.27869,123.98628,553264
189.27869,123.98628,553270
189.92342,123.97162,553276
190.56184,123.97997,553281
191.29123,124.13495,553287
191.59807,124.18161,553292
191.87106,124.64453,553297
191.95633,125.02508,553303
191.95633,125.02508,553309
191.95633,125.02508,553315
192.6063,125.02508,553321
193.5147,125.070015,553326
194.42271,125.129364,553332
195.07135,125.17083,553337
195.58968,125.17999,553344
196.23961,125.18,553350
197.01949,125.18,553356
197.7993,125.17999,553362
198.579,125.18,553368
199.2281,125.17999,553372
200.13568,125.17999,553378
200.6053,125.18174,553384
200.8229,125.416115,553390
200.82,126.19403,553396
200.82002,126.45172,553400
200.82002,126.45172,553406
200.82002,126.45172,553412
201.34,126.45172,553418
202.24327,126.55355,553425
202.56131,126.972786,553430
202.37051,126.63267,553436
202.0421,126.42237,553441
201.49474,126.07188,553445
201.01508,125.633255,553450
200.79968,125.35383,553456
200.46353,125.17383,553462
199.94505,125.17999,553469
199.42511,125.18,553475
198.51526,125.18,553481
197.99536,125.18,553487
197.2156,125.17999,553493
196.43631,125.17999,553497
196.04799,125.17999,553504
195.54936,125.03255,553511
194.92607,124.848236,553517
194.31256,124.63422,553522
193.45705,124.32417,553527
192.84816,124.09676,553533
192.23927,123.86936,553538
191.72423,123.94073,553544
190.87915,123.965576,553549
190.12546,123.97997,553554
189.52002,123.97997,553559
189.324,123.97997,553565
188.86877,124.45502,553570
188.52917,125.0092,553575
188.36617,125.209175,553581
188.18245,125.39752,553587
188.1657,126.30706,553593
187.60983,126.776855,553598
186.95406,127.19894,553603
186.1937,127.69879,553609
185.65039,128.05557,553614
185.34096,128.20384,553620
185.15161,128.60832,553626
185.16685,128.61166,553632
185.03879,129.24889,553638
184.96194,129.63123,553643
184.8625,130.27354,553648
184.74318,131.04431,553654
184.66362,131.55817,553660
184.5856,132.20345,553666
184.50757,132.84871,553671
184.41394,133.62303,553677
184.35152,134.13924,553684
184.27975,134.65424,553690
184.19003,135.29799,553695
184.08237,136.07048,553702
183.99265,136.71422,553707
183.86705,137.61546,553712
183.82,138.00171,553719
184.02643,138.28052,553725
184.01999,139.05786,553730
184.18025,139.51549,553735
184.18025,139.51549,553741
184.18025,139.51549,553806
184.18025,139.51549,553813
184.18025,140.29544,553820
183.81245,140.68509,553826
183.29875,140.82,553831
182.51952,140.82,553836
181.61063,140.82,553841
180.96568,140.82002,553848
180.96568,140.82002,553856
180.96568,140.82002,553862
181.48566,140.82002,553868
182.13531,140.82,553874
182.91405,140.82,553878
183.30153,140.82,553885
183.62738,140.81032,553891
183.8314,140.5384,553897
183.96767,140.04048,553902
184.02,139.32167,553907
184.02,138.58536,553913
184.17998,137.8501,553919
184.17998,137.60258,553925
184.18147,137.39923,553931
184.43488,137.17278,553937
184.95334,137.18,553944
184.95334,137.18,553951
184.95334,137.18,553957
184.95334,136.65993,553963
185.02328,135.88469,553969
185.1262,135.11156,553975
185.17998,134.59604,553981
185.18,133.94612,553988
185.18,133.16624,553995
185.18001,132.38643,554000
185.18,131.60678,554006
185.18001,130.95781,554011
185.18001,130.43854,554017
185.18001,129.52888,554023
185.17998,128.75017,554029
185.18,128.40387,554034
185.5377,128.11195,554040
186.11282,127.80924,554045
186.80133,127.442764,554050
187.48991,127.076454,554055
187.94897,126.832245,554061
187.94897,126.832245,554067
187.94897,126.832245,554073
187.94897,126.18228,554079
188.14848,125.572105,554084
188.19362,125.36112,554090
188.77957,125.17999,554096
189.03813,125.17999,554101
189.03813,125.17999,554107
189.07837,124.78019,554113
189.02994,124.37346,554118
189.2812,123.98572,554181
189.2812,123.98572,554187
189.2812,123.98572,554195
189.79639,123.96962,554202
190.56294,123.97998,554209
191.17294,124.083435,554215
191.59898,124.18187,554221
191.84311,124.51926,554227
191.95673,125.02667,554233
191.95673,125.02667,554240
191.95673,125.02667,554248
192.3467,125.02667,554254
193.12561,125.05969,554259
194.03394,125.114075,554265
194.81256,125.15969,554270
195.59048,125.17999,554276
196.24042,125.18,554282
196.8903,125.18,554287
197.54018,125.18,554292
198.3199,125.18,554297
198.96939,125.17999,554303
199.48735,125.1799,554308
200.00676,125.18,554313
200.39487,125.1799,554319
200.60606,125.18197,554325
200.82343,125.41802,554331
200.82,126.196106,554335
200.82,126.45377,554342
200.82,126.45377,554349
200.82,126.45377,554356
201.33998,126.45377,554362
202.11488,126.52613,554367
202.88748,126.63309,554373
203.27382,126.68617,554378
203.92163,126.7392,554383
204.18074,126.76041,554389
204.6599,126.82,554395
205.30855,126.82001,554401
205.43407,126.82001,554408
205.65405,126.799644,554413
206.00479,126.418976,554419
206.4322,125.929306,554425
206.4322,125.929306,554432
206.4322,125.929306,554438
207.08217,125.929306,554444
207.02335,125.30737,554451
206.83452,124.68543,554520
206.83452,124.68543,554588
206.83452,124.68543,554594
206.83452,124.16546,554600
206.24611,123.62936,554605
205.80252,123.359955,554610
205.44022,123.1578,554616
204.53937,123.02959,554622
203.76767,122.91634,554628
203.27026,123.06787,554634
202.52415,123.29515,554640
201.8977,123.46825,554645
201.52115,123.569664,554651
201.00159,123.59037,554656
200.76448,123.69702,554663
200.22458,123.82,554669
199.96553,123.8201,554674
199.57556,123.8201,554680
198.92564,123.82001,554686
198.01584,123.82,554692
197.2361,123.82001,554698
196.58658,123.82,554704
196.06831,123.82001,554710
195.41838,123.82,554716
194.6385,123.82,554722
193.85869,123.82001,554728
193.07903,123.82,554734
192.30054,123.82,554740
191.78651,123.89859,554745
190.92032,123.97423,554751
190.16748,123.97997,554757
189.54019,123.97997,554762
189.29889,123.98233,554768
188.87556,124.442764,554774
188.53633,124.99718,554779
188.37575,125.201645,554785
188.1677,125.76168,554791
188.16248,126.41162,554796
187.61867,126.76762,554802
187.07484,127.123604,554807
186.42227,127.55079,554812
185.76971,127.97798,554818
185.35152,128.19815,554824
185.1517,128.58965,554829
185.16418,128.5926,554834
185.0393,129.23047,554840
184.96439,129.61317,554846
184.88492,130.12704,554852
184.7657,130.89784,554858
184.66637,131.54018,554863
184.61948,131.92732,554869
184.5257,132.70163,554875
184.43192,133.47592,554880
184.35376,134.12119,554886
184.28201,134.63618,554892
184.15646,135.53743,554898
184.03093,136.43869,554904
183.92331,137.21118,554909
183.82,137.98369,554915
184.0224,138.3968,554921
184.02,139.17337,554927
184.17998,139.50505,554933
184.17998,139.50505,554939
184.17998,139.50505,555008
184.17998,139.50505,555015
184.17998,140.15501,555023
183.97073,140.43932,555029
183.80083,140.61612,555034
183.56987,140.82632,555040
182.79066,140.82,555046
182.01126,140.82,555051
181.23337,140.82,555056
180.97667,140.82,555062
180.97667,140.82,555069
181.6264,140.81999,555075
182.27594,140.81999,555081
183.05424,140.82,555087
183.31213,140.82,555094
183.63712,140.80612,555101
183.83266,140.51163,555106
184.02374,139.92784,555112
184.02,139.29189,555118
184.02,138.55942,555124
184.17998,137.74466,555129
184.2216,137.3179,555135
184.61296,137.17696,555140
185.0013,137.18,555146
185.0013,137.18,555152
185.0013,137.18,555158
185.0013,136.78992,555164
185.05573,136.01282,555169
185.13528,135.23692,555174
185.18,134.5906,555180
185.18001,134.07066,555187
185.18001,133.42076,555193
185.18,132.64093,555198
185.18,131.99113,555204
185.18,131.21176,555210
185.18,130.82307,555217
185.18,130.30319,555223
185.18,129.52348,555229
185.18001,128.74478,555235
185.18,128.39954,555241
185.65913,128.0499,555247
186.34872,127.68555,555253
187.03694,127.31853,555258
187.72525,126.95169,555263
187.95468,126.829414,555268
187.95468,126.829414,555274
188.07329,126.19036,555279
188.16818,125.679115,555285
188.20023,125.34798,555291
188.54924,125.1784,555297
188.93811,125.17999,555302
188.93811,125.17999,555309
188.93811,125.17999,555316
188.93811,125.17999,555324
189.03476,124.68772,555330
189.02992,124.32322,555335
189.26456,123.989845,555401
189.26456,123.989845,555407
189.26456,123.989845,555416
189.77666,123.96873,555421
190.54533,123.97998,555425
191.27669,124.131805,555430
191.59433,124.180595,555436
191.84067,124.51115,555441
191.9547,125.01846,555447
191.9547,125.01846,555453
191.9547,125.01846,555459
192.47467,125.01846,555465
193.2534,125.05418,555470
194.03171,125.104935,555475
194.8101,125.15443,555480
195.5879,125.17999,555486
196.23784,125.18,555492
197.0177,125.17999,555498
197.79752,125.18,555503
198.5772,125.17999,555509
199.3558,125.17999,555515
200.00424,125.18,555520
200.39236,125.17999,555526
200.60355,125.18122,555532
200.82475,125.54072,555539
200.82,126.18909,555545
200.82,126.44683,555551
200.82,126.44683,555558
200.82,126.44683,555564
201.34007,126.44683,555569
202.24338,126.5396,555574
202.88692,126.63074,555579
203.27309,126.68518,555586
203.79129,126.72802,555592
204.17995,126.76015,555599
204.65895,126.82001,555606
205.43654,126.82001,555612
205.43654,126.82001,555618
205.65637,126.79835,555623
206.09203,126.31869,555631
206.43407,125.927055,555636
206.43407,125.927055,555643
206.43407,125.927055,555651
207.08405,125.927055,555658
207.00877,125.72783,555664
206.48169,126.10814,555670
205.95459,126.48845,555675
205.85521,126.57224,555681
205.85521,126.57224,555686
205.55115,126.8297,555691
204.77249,126.82001,555696
204.12624,126.79012,555701
203.73885,126.745316,555707
203.23215,126.62858,555711
202.47209,126.45347,555715
201.87462,126.197556,555720
201.51614,126.04401,555726
201.12029,125.706856,555733
200.79611,125.34846,555739
200.4511,125.17907,555745
199.93266,125.1799,555752
199.41272,125.18,555757
198.50285,125.18,555762
197.85298,125.17999,555767
197.07327,125.18,555772
196.16473,125.17999,555778
195.66199,125.068565,555782
194.91455,124.8457,555787
194.30125,124.63101,555793
193.69034,124.40908,555799
192.95915,124.13762,555804
192.22833,123.865135,555811
191.71342,123.93753,555816
191.0698,124.02803,555821
190.35944,123.97997,555826
189.764,123.97997,555831
189.3857,123.97997,555836
188.98975,124.265236,555841
188.57986,124.92881,555846
188.33923,125.220024,555851
188.16792,125.71304,555856
188.16177,126.49298,555862
187.7209,126.76867,555869
186.94939,127.25113,555875
186.28807,127.66466,555881
185.62677,128.0782,555887
185.42252,128.1804,555895
185.17407,128.45299,555901
185.16463,128.58423,555907
185.0652,129.0946,555913
184.96576,129.60498,555920
184.88628,130.11884,555925
184.76703,130.88963,555930
184.66765,131.53195,555936
184.62071,131.9191,555941
184.51122,132.82245,555946
184.41736,133.59674,555952
184.35478,134.11293,555959
184.28307,134.62793,555965
184.17548,135.40044,555970
184.08582,136.04419,555976
183.99615,136.68794,555984
183.9065,137.3317,555990
183.82002,137.97546,555996
183.97205,138.1625,556002
184.02,138.90836,556008
184.02002,139.29454,556014
184.17969,139.49971,556021
184.17969,139.49971,556028
184.17969,139.49971,556103
184.17969,139.49971,556110
184.17969,140.01968,556117
183.97183,140.43585,556122
183.80182,140.61305,556129
183.5787,140.8242,556134
182.92937,140.82,556141
182.14989,140.82,556147
181.2421,140.82,556153
180.98526,140.82,556159
180.98526,140.82,556167
181.50507,140.81999,556174
182.28452,140.81999,556181
183.06279,140.82002,556188
183.32059,140.82,556194
183.64468,140.8025,556200
183.81238,140.61534,556206
183.93379,140.07784,556211
184.02,139.52661,556217
184.02,138.77373,556222
184.02,138.44078,556228
184.15672,137.9391,556233
184.17996,137.56837,556241
184.19373,137.36554,556247
184.64203,137.17825,556254
185.03015,137.18,556258
185.03015,137.18,556267
185.03015,137.18,556277
185.03015,136.78992,556287
185.07745,136.01212,556293
185.15799,135.10573,556299
185.18,134.58829,556305
185.18,133.93837,556312
185.18001,133.28848,556317
185.18,132.50865,556323
185.18,131.72897,556329
185.18,130.95012,556335
185.18001,130.17096,556341
185.18,129.39134,556346
185.18,128.61345,556352
185.17996,128.39777,556359
185.42879,128.16473,556365
186.00427,127.86268,556371
186.80821,127.43641,556377
187.49738,127.071175,556383
187.9568,126.827675,556388
187.9568,126.827675,556396
187.9568,126.827675,556403
187.9568,126.3077,556412
188.12347,125.68517,556419
188.19525,125.357704,556426
188.52791,125.17142,556433
189.04579,125.17999,556439
189.04579,125.17999,556445
189.04579,125.17999,556454
189.04579,125.17999,556462
189.08012,124.7827,556468
189.02992,124.37554,556474
189.27954,123.98609,556532
189.27954,123.98609,556538
189.27954,123.98609,556548
189.79445,123.96946,556556
190.43477,123.97998,556562
191.17122,124.08319,556568
191.5974,124.18142,556574
191.84232,124.5165,556580
191.95604,125.02388,556586
191.95604,125.02388,556592
191.95604,125.02388,556599
192.47601,125.02388,556604
193.2548,125.058655,556610
194.0332,125.10807,556615
194.81168,125.15626,556621
195.46024,125.17999,556629
196.10947,125.18,556637
196.6294,125.18,556644
197.27928,125.18,556648
198.18903,125.18,556654
198.83861,125.17999,556662
199.48642,125.18,556670
200.00584,125.18,556678
200.39395,125.179985,556685
200.60515,125.18169,556692
200.8228,125.415726,556698
200.82,126.06415,556703
200.82,126.451294,556710
200.82,126.451294,556718
200.82,126.451294,556725
201.33998,126.451294,556731
202.11479,126.524315,556737
203.016,126.6501,556743
203.27353,126.685814,556751
203.79176,126.728386,556757
204.18044,126.760315,556763
204.65953,126.82001,556770
205.30818,126.82001,556777
205.43372,126.82001,556784
205.65372,126.79984,556788
206.09001,126.32137,556795
206.43193,125.92963,556803
206.43193,125.92963,556809
206.07526,126.30799,556815
205.89586,126.496155,556821
205.80719,126.58991,556827
205.60222,126.81737,556833
204.82585,126.82001,556839
204.1791,126.79183,556845
203.79141,126.74958,556851
203.15735,126.606705,556857
202.52327,126.46383,556863
202.04366,126.263,556869
201.56403,126.06217,556875
201.16264,125.731606,556880
200.96196,125.56633,556886
200.8022,125.384415,556892
200.52887,125.16804,556898
199.88112,125.17999,556904
199.36118,125.17999,556909
198.45132,125.18,556915
197.67152,125.18,556921
197.15172,125.18,556926
196.37251,125.17999,556931
196.11353,125.17999,556938
195.7383,125.07372,556945
195.11293,124.8966,556951
194.86278,124.82575,556958
194.37315,124.650734,556963
193.63869,124.38822,556968
192.90715,124.11771,556974
192.29803,123.890945,556979
191.66284,123.92824,556985
191.02005,124.02452,556991
190.42838,123.97997,556997
189.71703,123.97997,557003
189.33388,123.97997,557009
188.85254,124.489815,557015
188.51013,125.04228,557020
188.33685,125.22089,557026
188.1685,125.58786,557032
188.16362,126.23781,557038
187.72421,126.647354,557044
187.07553,127.080284,557049
186.5382,127.44597,557056
185.89323,127.88457,557061
185.57076,128.10387,557067
185.36609,128.19089,557073
185.36609,128.19089,557079
185.36609,128.19089,557086
184.84612,128.19089,557092
184.77992,128.70692,557097
184.87561,129.481,557102
184.81128,130.255,557108
184.71756,131.02931,557116
184.65543,131.54556,557122
184.59474,132.06198,557129
184.51889,132.7075,557136
184.44302,133.35303,557142
184.35199,134.12766,557147
184.28035,134.64267,557153
184.19081,135.28645,557159
184.08336,136.05898,557166
183.9759,136.8315,557172
183.88637,137.47527,557179
183.82,137.99028,557187
184.02448,138.27213,557193
184.02,138.92027,557199
184.14883,138.67468,557204
184.17998,138.4229,557209
184.17998,138.4229,557276
184.17998,138.4229,557283
184.17998,137.77293,557290
184.22144,137.3181,557296
184.74219,137.18,557302
185.00087,137.18,557309
185.00087,137.18,557316
184.74178,137.18,557322
184.50551,137.18,557329
184.34305,137.21544,557336
184.18,137.80997,557343
184.18,138.45557,557350
184.18,139.22371,557356
184.20967,139.66643,557362
184.68875,140.10464,557367
185.07625,140.45137,557373
185.07625,140.45137,557379
185.07625,140.45137,557386
185.07625,141.10135,557393
185.58835,141.14116,557399
186.2304,141.04047,557404
187.1309,140.90977,557409
187.7741,140.82,557414
187.90256,140.82,557421
187.90256,140.82,557429
187.38278,140.81999,557438
186.73323,140.82,557446
186.08437,140.82,557453
185.6969,140.82,557460
185.37115,140.80972,557466
184.9252,140.3481,557474
184.58054,139.95877,557479
184.49178,139.86378,557488
184.40277,139.80734,557496
184.16943,139.4809,557503
184.18,138.83342,557509
184.17998,138.45001,557516
184.18,137.93645,557522
184.18,137.56485,557529
184.19228,137.17528,557537
184.22227,136.526,557543
184.25212,135.87672,557550
184.28793,135.0976,557556
184.30583,134.70802,557563
184.36246,134.19113,557570
184.43323,133.54503,557576
184.51816,132.76971,557581
184.58893,132.12361,557587
184.68217,131.48036,557594
184.79408,130.70847,557600
184.88733,130.06523,557606
184.98918,129.55533,557613
185.14198,128.79048,557619
185.17996,128.43996,557625
185.37149,128.19765,557632
185.94856,127.89878,557639
186.63675,127.53174,557645
187.21036,127.22607,557652
187.89868,126.859245,557658
187.89868,126.859245,557665
187.89868,126.859245,557671
187.89868,126.33927,557678
188.06543,125.72675,557683
188.17995,125.40088,557690
188.55913,125.17999,557696
188.94797,125.17999,557704
188.94797,125.17999,557711
188.94797,125.17999,557718
188.94797,125.17999,557727
189.06453,124.754875,557734
189.02992,124.461914,557741
189.26155,123.99069,557811
189.26155,123.99069,557817
189.26155,123.99069,557824
189.90298,123.9716,557830
190.79355,123.97997,557835
191.39511,124.179955,557840
191.593,124.18025,557847
191.86848,124.6357,557854
191.95412,125.01616,557859
191.95412,125.01616,557865
191.95412,125.01616,557872
192.47409,125.01616,557878
193.2528,125.05227,557884
194.03107,125.1036,557889
194.80942,125.15364,557894
195.5872,125.17999,557900
196.10716,125.18,557905
196.88704,125.18,557910
197.66685,125.18,557916
198.57648,125.18,557922
199.3551,125.18,557928
200.00354,125.17999,557934
200.39166,125.17999,557943
200.60283,125.18102,557949
200.77145,125.31164,557955
200.82,126.05761,557960
200.82,126.44483,557966
200.82,126.44483,557972
200.82,126.44483,557980
201.33998,126.44483,557985
201.10583,126.606705,557990
200.86824,126.007286,557996
200.82002,125.62336,558002
200.82002,125.41128,558008
200.47044,125.17207,558013
199.95195,125.17999,558019
199.43199,125.18,558024
198.52214,125.18,558029
197.74231,125.17999,558034
197.09256,125.18,558039
196.18394,125.17999,558045
195.556,125.033165,558050
194.80779,124.81293,558055
194.31885,124.63598,558061
193.58543,124.37055,558067
192.8543,124.09896,558073
192.24538,123.87162,558078
191.60147,123.96013,558084
190.759,123.97997,558089
190.0107,123.97997,558095
189.52283,123.97997,558101
189.32504,123.97997,558107
188.96887,124.29579,558114
188.62817,124.849304,558121
188.40105,125.16572,558128
188.17517,125.423325,558133
188.16756,126.07325,558138
188.163,126.4632,558146
187.72421,126.742195,558153
187.17572,127.09094,558159
186.62724,127.43968,558167
186.07875,127.78843,558174
185.63997,128.06743,558180
185.4358,128.18037,558185
185.17703,128.42178,558191
185.13068,128.6776,558197
185.01476,129.31715,558203
184.96838,129.57297,558209
184.8894,130.08691,558215
184.77094,130.85782,558221
184.65245,131.62874,558227
184.57504,132.27408,558233
184.48213,133.04848,558238
184.37375,133.95195,558245
184.28629,134.596,558251
184.16093,135.49727,558257
184.05365,136.26982,558263
183.94635,137.04236,558270
183.85693,137.68616,558276
183.82115,137.94366,558282
184.03104,138.36336,558288
184.02,139.14038,558294
184.17319,139.47867,558300
184.17319,139.47867,558306
184.17319,139.47867,558385
184.17319,139.47867,558392
184.17319,139.86865,558398
183.91702,140.42268,558404
183.81116,140.61827,558412
183.57156,140.82594,558419
182.92203,140.82,558426
182.27242,140.82,558433
181.62328,140.82,558439
180.97804,140.82,558447
180.97804,140.82,558455
180.97804,140.82,558463
181.36803,140.82,558469
182.01772,140.81999,558475
182.79668,140.82,558481
183.31366,140.82,558488
183.6385,140.80548,558494
183.83257,140.50786,558501
183.92747,140.08376,558508
184.02,139.41382,558514
184.02,138.55473,558519
184.17998,137.82385,558526
184.17998,137.57788,558532
184.1899,137.37465,558540
184.49155,137.16756,558545
185.00949,137.18,558551
185.00949,137.18,558558
185.00949,137.18,558564
185.00949,136.65993,558572
185.06488,135.88292,558578
185.14618,135.10721,558584
185.17998,134.59036,558590
185.18001,133.94044,558597
185.18,133.16058,558603
185.18,132.51073,558608
185.18001,131.73103,558615
185.18,130.95218,558620
185.18001,130.30296,558626
185.18,129.6532,558633
185.18,129.00381,558640
185.18,128.61545,558646
185.18,128.39938,558652
185.54309,128.10793,558657
186.23409,127.7463,558663
186.80762,127.4405,558669
187.49599,127.07376,558675
187.9549,126.82927,558681
187.9549,126.82927,558688
187.9549,126.82927,558696
187.9549,126.309296,558703
188.12234,125.68703,558708
188.1944,125.35949,558715
188.5239,125.17062,558722
189.04181,125.17999,558728
189.04181,125.17999,558734
189.04181,125.17999,558740
189.04181,125.17999,558747
189.07921,124.78138,558752
189.02994,124.337845,558757
189.28041,123.98589,558813
189.28041,123.98589,558818
189.28041,123.98589,558824
189.92543,123.9717,558828
190.69124,123.97997,558833
191.29482,124.13574,558838
191.60146,124.182594,558843
191.87267,124.65045,558848
191.95775,125.031044,558853
191.95775,125.031044,558858
191.95775,125.031044,558864
192.47772,125.031044,558870
193.38632,125.072945,558875
194.16484,125.12045,558880
194.94344,125.16669,558884
195.59155,125.17999,558890
196.1115,125.18,558896
196.89139,125.18,558902
197.80116,125.18,558907
198.58081,125.18,558912
199.35942,125.17999,558916
200.1375,125.17999,558921
200.60712,125.18229,558927
200.8201,125.504486,558933
200.82,126.41107,558938
200.82,126.41107,558944
200.82,126.41107,558950
201.46997,126.41107,558955
202.24164,126.51457,558961
203.14006,126.659,558967
203.78642,126.72476,558972
204.17493,126.75863,558978
204.65306,126.821495,558984
205.4307,126.82001,558989
205.4307,126.82001,558995
205.65085,126.80139,559002
206.00238,126.42223,559008
206.42961,125.9324,559014
206.42961,125.9324,559021
206.42961,125.9324,559027
207.20958,125.9324,559034
207.39792,126.44742,559039
206.88681,126.54302,559044
206.12015,126.68643,559049
205.8646,126.73424,559055
205.27808,126.82003,559061
204.6301,126.82001,559067
203.984,126.774506,559073
203.22043,126.61816,559079
202.45909,126.448746,559084
201.98125,126.24372,559089
201.5034,126.03869,559095
201.0104,125.61513,559100
200.79474,125.33868,559105
200.434,125.179596,559110
199.91568,125.17999,559115
199.41632,125.035034,559121
198.66728,124.81759,559126
198.05582,124.59724,559132
197.44434,124.376884,559137
196.83485,124.15109,559142
196.22588,123.923935,559147
195.58414,123.87223,559152
194.8044,123.85466,559156
194.02472,123.833694,559162
193.11511,123.82001,559168
192.33646,123.82001,559173
191.55745,123.82001,559179
190.64764,123.82,559184
189.86823,123.82,559189
189.0888,123.82,559195
188.69995,123.82001,559201
188.36577,123.8085,559206
188.17503,123.458084,559211
188.16489,123.06824,559218
187.73717,122.77255,559224
187.09558,122.32903,559229
186.6434,122.07233,559235
185.85207,121.62309,559240
185.28262,121.30973,559245
184.48541,120.87102,559250
183.96559,120.858246,559255
183.18587,120.839096,559260
182.14624,120.82,559265
181.36697,120.82,559270
180.97874,120.8201,559275
180.97874,120.8201,559328
180.97874,120.8201,559333
180.97874,120.8201,559389
180.97874,120.8201,559396
181.62871,120.8201,559401
182.40857,120.82,559406
183.18826,120.82001,559411
183.967,120.82001,559416
184.09616,120.82001,559481
184.09616,120.82001,559486
184.09616,120.82001,559491
184.74612,120.82001,559496
185.44087,121.30316,559501
185.88492,121.57371,559506
186.662,122.04717,559511
187.23007,122.363,559517
187.91176,122.74199,559522
188.08755,123.231346,559527
188.17995,123.5704,559532
188.29803,123.75967,559537
189.15721,123.82,559543
189.93631,123.82,559547
190.84596,123.82001,559552
191.62476,123.82,559558
191.75403,123.8201,559564
191.75403,123.8201,559571
192.27397,123.82,559577
193.1838,123.82,559583
193.9636,123.82,559589
194.74326,123.82,559594
195.52184,123.82001,559599
196.17075,123.82,559604
197.21056,123.82,559610
197.99036,123.82001,559615
198.76994,123.82,559620
199.4183,123.820015,559625
199.9378,123.82001,559630
200.32643,123.8201,559636
200.54921,123.820045,559641
200.82469,123.57618,559646
200.82,123.06183,559652
200.82,123.06183,559659
200.82,123.06183,559664
201.33998,123.06183,559670
202.02402,122.63299,559675
202.61212,121.7753,559742
202.61212,121.7753,559747
202.60822,121.905235,559753
202.93558,121.501236,559759
203.34476,120.99624,559764
203.63495,120.80776,559770
203.63495,120.80776,559838
203.63495,120.80776,559843
203.63495,120.80776,559850
204.28491,120.80776,559856
204.04225,120.674706,559861
203.94997,120.05083,559867
204.02002,119.51703,559872
204.02002,119.205986,559878
204.02,118.55788,559884
203.96239,117.65181,559890
203.90833,117.0041,559895
203.83379,116.0972,559900
203.82,115.45117,559905
203.82,115.45117,559911
203.82,115.45117,559918
203.82,114.8012,559925
203.82,114.0214,559931
203.82,113.24178,559936
203.82,112.46246,559941
203.82,111.685524,559946
203.82,110.90789,559952
203.82,110.12832,559956
203.82,109.09205,560017
203.82,109.09205,560023
203.82,108.70472,560029
203.77933,108.322716,560034
203.2301,108.10404,560039
202.47021,107.92849,560044
201.58519,107.71694,560048
200.95299,107.566055,560053
200.95299,107.566055,560058
200.95299,107.566055,560063
200.95299,106.916084,560069
200.87277,106.14235,560073
200.82002,105.62906,560078
200.82002,105.41997,560083
200.37814,105.178665,560088
199.86293,105.17999,560093
199.86293,105.17999,560098
199.86293,105.17999,560106
200.51291,105.17999,560111
200.77289,105.17999,560117
201.02457,105.635,560122
201.46498,106.431274,560127
201.95795,107.03239,560132
202.474,107.61722,560138
203.03247,107.94973,560143
203.25586,108.08273,560149
203.57181,108.17995,560155
203.76477,108.30409,560160
203.82,109.42901,560166
203.82,109.03961,560172
203.82,108.65296,560178
203.81999,109.30271,560184
203.81999,110.34176,560190
203.82,111.11757,560195
203.82,111.76744,560200
203.82,112.547195,560205
203.81999,113.71639,560210
203.82,114.49496,560215
203.82002,115.01034,560220
203.9093,115.52259,560226
204.04321,116.29097,560231
204.19945,117.18741,560237
204.1786,117.695755,560243
204.18,118.60266,560248
204.18,119.37679,560254
204.17993,119.5846,560260
204.51819,119.94737,560266
205.10378,120.46256,560271
205.20152,120.65325,560277
205.56343,121.02661,560283
206.1063,121.58665,560288
206.73964,122.24002,560294
207.19203,122.70671,560300
207.21921,123.35611,560305
207.25183,124.13539,560310
207.28987,125.04455,560316
207.32793,125.953705,560322
207.34967,126.47322,560327
207.34967,126.47322,560334
207.34967,126.47322,560342
207.34967,125.82326,560349
207.86032,125.46522,560354
208.21452,125.313156,560358
208.70044,124.88148,560363
209.02992,124.39697,560367
209.02992,124.30637,560372
209.0303,124.28266,560378
209.05583,124.16894,560383
209.77748,123.97998,560390
210.92328,123.97998,560449
210.92328,123.97998,560455
211.02864,123.90384,560460
211.55934,124.17995,560467
211.82425,124.57738,560473
211.82,124.966995,560480
211.82,124.966995,560488
211.82,124.966995,560496
212.34007,124.966995,560501
213.11703,125.02271,560506
214.02216,125.116394,560511
214.79803,125.17999,560517
215.44795,125.18,560523
216.35779,125.18,560529
217.26752,125.18,560534
218.17686,125.18,560540
218.69475,125.17999,560546
219.34451,125.17999,560552
220.25323,125.18,560557
220.90881,125.4045,560564
221.64024,125.94535,560569
222.27408,126.39987,560574
222.48528,126.55149,560582
222.48528,126.55149,560589
222.48528,126.55149,560603
221.83531,126.55149,560608
221.19641,126.02339,560615
220.81842,125.38899,560619
220.44211,125.177605,560625
219.53278,125.17999,560629
219.14407,125.17999,560634
218.519,125.00187,560640
217.89392,124.823746,560645
217.28201,124.604576,560652
216.54773,124.341576,560657
215.93864,124.11471,560663
215.32954,123.88785,560668
214.67981,123.87088,560674
213.90012,123.85052,560680
212.86052,123.823364,560686
211.82129,123.82001,560692
211.43279,123.82001,560697
210.7829,123.82,560703
210.00314,123.82,560708
208.964,123.82001,560714
208.5758,123.82001,560720
208.07736,123.54966,560726
207.50722,123.017426,560731
206.85764,122.99503,560737
205.94823,122.96369,560743
205.0388,122.93235,560748
203.99948,122.89652,560754
203.12215,123.09045,560758
202.38115,123.3339,560763
201.87955,123.47085,560769
201.50333,123.57356,560774
200.98369,123.59204,560780
200.74869,123.701454,560786
200.33484,123.82001,560792
199.94614,123.82001,560797
199.94614,123.82001,560858
199.94614,123.82001,560864
200.5961,123.82001,560870
200.8561,123.82001,560876
200.82,123.30281,560881
200.82,123.17411,560887
200.82,123.17411,560892
201.08777,123.457634,560897
201.3621,123.89935,560902
201.63644,124.34107,560906
201.92865,124.921646,560911
202.16241,125.386116,560916
202.17995,125.58404,560921
202.37212,125.80714,560926
203.26836,125.82001,560931
203.26836,125.82001,560936
203.26836,125.82001,560942
203.26836,126.46997,560948
203.78374,126.661026,560952
204.16617,126.66315,560957
204.16617,126.66315,560962
204.66309,126.8211,560967
205.3117,126.82001,560972
205.3117,126.82001,560978
205.3117,126.82001,560984
205.83168,126.82001,560989
205.98788,126.74172,560995
205.8657,126.10334,561001
205.84126,125.97567,561007
205.84126,125.97567,561014
206.3404,125.82994,561019
206.65337,125.79675,561024
206.82155,125.58834,561029
206.82,124.68377,561034
206.82,124.68377,561094
206.82,124.68377,561098
206.82,124.68377,561104
206.82,124.293785,561110
206.31236,124.14637,561115
206.05855,124.17998,561120
206.05855,124.17998,561126
206.05855,124.17998,561132
206.57852,124.17998,561137
206.8385,124.17998,561142
207.04941,124.50801,561148
207.43834,124.47931,561152
207.85579,124.1693,561157
208.16887,123.93679,561161
208.68816,123.90993,561166
209.59604,123.86292,561172
210.37497,123.82266,561225
210.37497,123.82266,561230
210.89455,123.82001,561236
211.3236,124.11378,561240
211.6391,124.19483,561246
211.8263,124.53144,561250
211.82,124.92109,561256
211.82,124.92109,561261
211.82,124.92109,561268
212.34007,124.92109,561273
213.11586,124.986786,561277
214.14809,125.11327,561282
214.79346,125.179985,561287
215.31339,125.18,561292
216.22324,125.18,561298
217.00305,125.18,561303
217.91261,125.17999,561308
218.69028,125.17999,561313
219.2101,125.18,561319
219.98946,125.17999,561325
220.37802,125.17999,561331
220.91037,125.399315,561337
221.6427,125.93926,561341
222.2743,126.39687,561346
222.48479,126.549484,561352
222.48479,126.549484,561358
222.48479,126.549484,561366
221.96481,126.549484,561370
221.27151,126.127144,561375
220.81783,125.38717,561379
220.43732,125.17667,561385
219.528,125.18,561390
219.13933,125.1799,561396
218.76436,125.07275,561401
217.88943,124.82271,561406
217.39996,124.64722,561411
216.54341,124.3401,561417
215.93433,124.11319,561422
215.32526,123.88628,561427
214.80547,123.87289,561432
213.89581,123.84945,561437
212.98616,123.82601,561442
212.07663,123.82,561447
211.4285,123.8201,561452
210.77861,123.82001,561457
209.99925,123.82,561462
209.21971,123.82001,561467
208.57191,123.82001,561473
208.07469,123.545,561478
207.50368,123.01369,561483
207.50368,123.01369,561488
207.99297,123.44154,561493
208.18867,123.612686,561497
208.67744,123.82001,561502
209.45673,123.82001,561507
210.36543,123.82,561511
211.01317,123.8201,561517
210.36354,123.82,561523
209.58383,123.82001,561527
208.67545,123.820015,561533
208.26427,123.71872,561538
207.69241,123.18832,561544
207.06288,122.532135,561549
206.44522,121.863914,561555
205.91486,121.29204,561560
205.64967,121.006096,561565
205.46979,120.818634,561572
205.09877,120.54107,561578
204.58716,119.952354,561583
204.40399,119.81078,561590
204.17299,119.56545,561596
204.17998,119.30902,561602
204.18,118.65951,561606
204.17998,117.88157,561611
204.18,117.62473,561617
204.18,117.62473,561624
204.18,117.41658,561629
204.5057,117.1678,561635
205.02184,117.17999,561640
205.02184,117.17999,561646
205.02184,117.17999,561652
205.02184,116.53003,561658
205.1348,115.76248,561663
205.17998,115.38287,561668
205.18001,114.86303,561674
205.18,114.08339,561679
205.18,113.17417,561684
205.18,112.39557,561689
205.18,111.62234,561694
205.18,111.10257,561699
205.18,110.19336,561705
205.18,109.285255,561709
205.17998,108.642784,561714
205.17998,108.642784,561773
205.17998,108.642784,561779
205.17998,108.642784,561786
205.17998,108.12281,561792
205.81068,107.8899,561796
206.69756,108.09328,561801
207.07831,108.177605,561807
207.07831,108.177605,561812
207.07831,108.177605,561818
207.07831,107.52764,561825
207.44493,106.60096,561829
207.9379,105.83626,561834
208.18314,105.41171,561840
208.52287,105.16962,561845
209.03789,105.17999,561851
209.03789,105.17999,561858
209.03789,105.17999,561868
208.38792,105.17999,561873
207.99794,105.17999,561878
207.82698,105.807076,561884
207.58765,106.68499,561889
207.41669,107.312065,561894
206.946,107.53303,561900
206.12228,107.9197,561904
205.6516,108.14066,561910
205.44623,108.17994,561917
205.21925,108.326,561923
205.18,109.20517,561927
205.18001,110.113754,561931
205.17998,110.63641,561936
205.17998,111.14905,561941
205.08258,111.79168,561946
204.94621,112.69136,561951
204.80986,113.591034,561956
204.71648,114.23426,561961
204.58707,115.134964,561965
204.51309,115.64965,561971
204.48271,116.16873,561975
204.43712,116.947365,561980
204.33704,117.18732,561986
204.065,117.86081,561992
204.02005,118.67179,561996
204.02,119.509865,562001
203.85292,120.37262,562005
203.79163,120.65953,562011
203.39586,120.980034,562017
202.55103,121.58643,562023
201.81346,122.11938,562029
201.07571,122.65205,562033
200.84837,123.23361,562038
200.78323,123.67677,562043
200.27092,123.82001,562048
199.88266,123.82001,562053
199.23274,123.82,562058
198.45288,123.82,562063
197.54315,123.82,562069
196.50389,123.82001,562074
196.11513,123.82001,562132
196.11513,123.82001,562138
196.63506,123.82001,562143
197.41492,123.82,562148
198.45454,123.82001,562154
199.36299,123.82001,562159
200.14105,123.82001,562164
200.6002,123.81973,562169
200.82213,123.44324,562175
200.82,123.185265,562180
200.82,123.185265,562184
200.82,123.185265,562190
201.33998,123.185265,562195
201.74149,123.70511,562200
201.75589,124.35492,562205
201.95377,124.83577,562210
202.15163,125.31663,562216
202.18991,125.622765,562222
202.46652,125.83181,562227
203.24278,125.82001,562233
203.24278,125.82001,562239
203.24278,125.82001,562245
203.24278,126.33998,562251
203.88527,126.69822,562256
204.14227,126.73752,562262
204.73145,126.82062,562267
205.37965,126.82001,562273
205.37965,126.82001,562281
205.37965,126.82001,562288
206.02963,126.82001,562293
206.05211,126.689514,562298
206.33179,126.25116,562303
206.61145,125.81281,562309
206.82791,125.56202,562315
206.82,124.78495,562319
206.82,124.656876,562384
206.82,124.656876,562456
206.82,124.656876,562461
206.82,124.656876,562467
206.82,124.1369,562474
206.33324,124.05973,562478
206.08984,124.15114,562483
206.08984,124.15114,562488
206.08984,124.15114,562495
206.60982,124.15114,562500
206.86981,124.15114,562506
207.0574,124.493034,562512
207.44687,124.473015,562517
207.96867,124.08549,562523
208.1774,123.93047,562528
208.69672,123.90462,562533
209.73471,123.85291,562538
210.38387,123.82062,562603
210.38387,123.82062,562608
210.90256,123.82001,562613
211.43733,124.17995,562619
211.82,124.54451,562624
211.82,124.9342,562630
211.82,124.9342,562636
211.82,124.9342,562642
212.60007,124.9342,562648
213.24599,124.99886,562653
214.02005,125.09463,562658
214.79419,125.17999,562663
215.31413,125.18,562668
216.224,125.18,562673
217.13374,125.17999,562679
217.91335,125.18,562684
218.69101,125.17999,562689
219.34077,125.18,562694
220.11992,125.17999,562699
220.37874,125.17999,562706
220.91089,125.4,562712
221.6433,125.93985,562717
222.38019,126.4737,562723
222.48544,126.54999,562729
222.48544,126.54999,562736
222.06206,126.24813,562741
221.42699,125.79535,562746
220.7919,125.34256,562751
220.44893,125.179146,562757
219.66942,125.17999,562762
219.15086,125.1799,562768
218.65062,125.03801,562773
217.90027,124.825165,562778
217.41066,124.65006,562782
216.55385,124.34364,562787
215.94473,124.11685,562793
215.21379,123.8447,562798
214.6939,123.83633,562803
213.78406,123.821655,562809
213.00423,123.82001,562814
212.0947,123.82,562819
211.44643,123.82001,562825
210.92651,123.82,562830
210.14752,123.82001,562835
209.3679,123.82,562839
208.59004,123.82001,562845
208.18423,123.65428,562850
207.52101,123.03126,562857
207.52101,123.03126,562863
207.91298,123.37292,562868
208.20695,123.629166,562874
208.6039,123.82473,562880
209.51297,123.82,562884
210.29256,123.82001,562889
210.94092,123.8201,562896
210.2918,123.82001,562902
209.38219,123.82001,562908
208.6042,123.8201,562914
208.10327,123.57958,562919
207.53532,123.045006,562924
207.18222,122.663315,562929
206.56429,121.995346,562934
205.94637,121.32738,562939
205.59326,120.94568,562945
205.40782,120.812965,562952
204.95964,120.37922,562959
204.61801,119.98722,562963
204.43886,119.81492,562969
204.19737,119.63749,562973
204.18,119.26598,562979
204.18,118.74636,562985
204.18,117.96803,562989
204.18,117.71013,562995
204.18,117.71013,563001
204.18,117.71013,563008
204.18,117.06016,563015
204.78195,117.04532,563021
205.02275,117.14338,563026
205.02275,117.14338,563034
205.02275,117.14338,563041
205.02275,116.623405,563047
205.12665,115.85393,563052
205.17998,115.47182,563058
205.18,114.822014,563064
205.18,114.042404,563069
205.18,113.00349,563074
205.18,112.095894,563079
205.17998,111.582855,563084
205.18001,110.933174,563089
205.18,110.15386,563094
205.18,109.37536,563099
205.18,108.6048,563104
205.18,108.6048,563165
205.18,108.6048,563170
205.18,108.6048,563177
205.18,107.95483,563183
205.80875,107.85953,563188
206.81804,108.10998,563193
207.07085,108.17063,563198
207.07085,108.17063,563204
207.07085,108.17063,563210
207.07085,107.52066,563216
207.48688,106.60093,563221
208.02663,105.71212,563227
208.1828,105.39493,563232
208.43384,105.173,563237
208.95052,105.17999,563241
208.95052,105.17999,563246
208.95052,105.17999,563257
208.43054,105.17999,563261
208.17056,105.17999,563266
207.95781,105.79416,563271
207.65997,106.65399,563276
207.44724,107.26816,563281
206.86223,107.55139,563288
206.04323,107.94794,563292
205.69221,108.117874,563298
205.3875,108.186226,563305
205.17155,108.533455,563311
205.18,109.57143,563316
205.18,110.34994,563321
205.18,111.12246,563326
205.0835,111.76523,563331
204.9484,112.6651,563336
204.8326,113.43642,563341
204.72017,114.20823,563346
204.6093,114.98026,563350
204.51685,115.62363,563356
204.48573,116.14267,563363
204.43909,116.921234,563367
204.37148,117.1664,563373
204.14737,117.55492,563379
204.0319,118.38377,563384
204.02003,118.912094,563389
204.02,119.42417,563395
203.92644,120.16855,563400
203.7707,120.69137,563405
203.25447,121.08114,563411
202.62132,121.53663,563415
201.8835,122.06921,563420
201.25104,122.52563,563425
200.9348,122.753845,563430
200.82002,123.39037,563436
200.81969,123.59987,563442
200.31369,123.82001,563448
199.92511,123.82001,563454
199.40517,123.82,563460
198.62529,123.82,563465
197.7158,123.8201,563524
197.2975,124.12895,563530
197.81198,124.0536,563536
198.71233,123.92173,563541
199.48405,123.820015,563547
200.13316,123.82,563552
200.60277,123.81902,563557
200.8201,123.49582,563562
200.82,123.106,563567
200.82,123.106,563573
200.82,123.106,563579
201.33998,123.106,563584
201.39052,123.434975,563589
201.59663,124.0514,563594
201.67908,124.297966,563600
201.89368,124.77158,563606
202.16194,125.36361,563611
202.20926,125.66195,563616
202.6905,125.82001,563622
203.33542,125.82001,563626
203.33542,125.82001,563634
203.33542,125.82001,563641
203.33542,126.33998,563647
203.98538,126.59999,563653
204.10918,126.63965,563659
204.22766,126.693146,563665
204.63086,126.825554,563670
205.27959,126.82,563675
205.4087,126.8201,563681
205.4087,126.8201,563687
205.4087,126.8201,563693
205.79869,126.8201,563698
206.37863,126.25434,563703
206.6346,125.80173,563708
206.8089,125.62381,563713
206.82,124.725914,563718
206.82,124.725914,563786
206.82,124.725914,563792
206.82,124.725914,563798
206.82,124.20594,563805
206.82,123.42598,563870
206.82,123.42598,563876
206.82,123.42598,563883
206.82,122.77601,563889
206.43086,122.86089,563894
205.94443,123.291985,563899
205.81607,123.271416,563905
205.71745,123.18673,563911
205.54475,122.56013,563916
205.48817,121.9153,563921
205.4551,121.13604,563927
205.33688,120.77548,563932
204.97743,120.414955,563938
204.55615,119.91999,563943
204.36966,119.80645,563949
204.16725,119.49602,563953
204.18,118.72017,563958
204.18,117.81283,563962
204.18,117.684326,563968
204.18,117.684326,563974
204.19339,117.36641,563979
204.62851,117.17974,563985
205.01534,117.17999,563990
205.01534,117.17999,563997
205.01534,117.17999,564003
205.01534,116.66002,564009
205.13292,115.890785,564014
205.18,115.38144,564020
205.18,114.861595,564025
205.18,114.08196,564030
205.18,113.3026,564035
205.18,112.52374,564040
205.18,111.62087,564045
205.18,110.97118,564051
205.18,110.191826,564056
205.18,109.41318,564061
205.18,108.64118,564066
205.18,108.64118,564125
205.18,108.64118,564130
205.18,108.64118,564136
205.18,108.12121,564142
205.69133,107.95566,564147
206.71619,108.13196,564152
207.1008,108.179985,564158
207.1008,108.179985,564165
207.1008,108.179985,564170
207.1008,107.530014,564176
207.50717,106.604294,564181
207.96837,105.81993,564186
208.18254,105.38931,564192
208.44568,105.17081,564197
208.96216,105.17999,564202
208.96216,105.17999,564208
208.96216,105.17999,564215
208.3122,105.17999,564220
208.0522,105.17999,564226
207.86784,105.80326,564231
207.60971,106.675835,564237
207.42534,107.29911,564242
206.838,107.57746,564248
206.64877,107.810486,564253
207.13014,107.61388,564258
207.16806,106.96502,564263
207.21355,106.186386,564268
207.26663,105.27798,564272
207.32729,104.2398,564278
207.34245,103.980255,564339
207.34245,103.980255,564345
207.56523,103.51042,564350
207.84369,102.92313,564356
207.95221,102.28228,564361
207.95221,102.28228,564415
207.95221,102.28228,564419
207.95221,101.63231,564425
208.10715,101.01445,564430
208.14436,101.663345,564435
208.18,102.7014,564440
208.18,103.47287,564445
208.18,103.47287,564501
208.18,103.47287,564507
208.18,103.47287,564513
208.18,103.99284,564518
208.68332,104.252335,564523
209.26309,103.977715,564527
210.16948,103.903534,564532
210.94553,103.82556,564537
211.46548,103.82231,564543
212.37543,103.82001,564549
213.15535,103.82,564554
213.93523,103.82001,564560
214.8446,103.82001,564566
214.8446,103.82001,564573
214.8446,103.82001,564579
215.36458,103.82001,564584
216.14453,103.82,564589
216.79448,103.82,564594
217.70438,103.82,564599
218.61389,103.82,564605
219.13383,103.82,564610
219.91367,103.82,564614
220.43312,103.8201,564620
220.55138,103.820045,564627
220.73016,103.732956,564633
220.82,103.03333,564638
220.81999,102.253555,564643
220.82,101.343796,564649
220.8201,101.08405,564654
220.8201,101.08405,564660
220.8201,101.08405,564666
220.8201,101.734024,564672
220.82,102.6429,564677
220.82,103.28881,564682
220.80667,103.64255,564688
220.35498,103.827156,564693
219.57516,103.82001,564699
219.18547,103.82001,564705
218.66551,103.82,564710
218.14555,103.82,564715
217.36562,103.82,564720
216.45572,103.82,564726
215.67592,103.82,564731
215.28629,103.82001,564736
214.76938,103.8764,564741
213.99402,103.96099,564746
213.21866,104.045586,564751
212.31407,104.14427,564756
211.92639,104.18657,564762
211.41942,104.17661,564768
211.09763,104.08895,564773
210.32794,103.97998,564779
209.61763,103.97998,564784
209.30176,103.98111,564789
208.86719,104.44182,564794
208.52856,104.996605,564799
208.36916,105.201996,564805
208.116,105.58427,564810
207.78696,106.432625,564815
207.45436,107.279625,564820
206.985,107.503395,564825
206.16362,107.895,564830
205.69426,108.11877,564835
205.38919,108.185646,564841
205.38919,108.185646,564904
205.38919,108.185646,564908
205.38919,108.185646,564916
205.38919,108.185646,564923
204.73923,108.185646,564928
204.08926,108.185646,564935
204.08926,108.185646,564996
204.08926,108.185646,565002
203.56929,108.185646,565007
203.43213,107.79533,565011
202.94635,107.363495,565016
202.26625,106.75894,565020
201.6833,106.24075,565025
201.00322,105.6362,565030
200.80493,105.36088,565035
200.80493,105.36088,565095
200.80493,105.36088,565099
200.80493,105.36088,565105
201.4549,105.36088,565110
202.3508,105.480896,565114
202.98656,105.34568,565119
203.8766,105.15638,565124
204.51234,105.02117,565129
205.10036,104.74423,565134
206.04118,104.301125,565187
206.04118,104.301125,565191
205.46709,104.60587,565196
205.00781,104.84968,565201
205.5898,104.56027,565206
206.40457,104.155106,565211
207.10295,103.807816,565216
207.7529,103.80383,565221
208.14288,103.801445,565226
208.75957,104.00677,565232
209.14633,104.05023,565237
209.72212,103.97999,565243
210.60721,103.97999,565248
211.0575,104.04201,565253
211.4293,104.15966,565258
211.64668,104.196465,565263
211.64668,104.196465,565269
212.16315,104.13612,565274
212.93784,104.04561,565279
213.71254,103.95509,565285
214.74545,103.83441,565290
215.26541,103.83008,565295
216.17534,103.8225,565301
216.82527,103.82,565306
217.60516,103.82001,565311
218.38493,103.82,565315
219.29453,103.82,565321
220.07431,103.82,565327
220.33406,103.8201,565333
220.57346,103.82003,565338
220.77534,103.682465,565343
220.82,102.804,565349
220.82,101.89426,565354
220.81999,101.11465,565359
220.8201,100.98491,565365
220.8201,100.98491,565376
220.8201,100.98491,565382
220.8201,101.63488,565388
220.82,102.543884,565393
220.82,103.31902,565398
220.82,103.55911,565404
220.69186,103.7691,565410
219.94363,103.82001,565416
219.16406,103.82,565421
218.51411,103.82,565426
217.73418,103.82,565431
216.82425,103.82001,565436
215.91441,103.82,565440
215.2649,103.82001,565445
214.74803,103.87673,565450
213.71428,103.99017,565456
212.93898,104.07525,565461
212.16367,104.16033,565467
211.90523,104.18869,565473
211.4017,104.179985,565478
211.09392,104.08436,565483
210.44345,103.97998,565488
209.71216,103.97998,565493
209.25465,103.99135,565499
208.79623,104.55772,565504
208.52544,105.00161,565509
208.36581,105.206825,565515
208.0677,105.71217,565521
207.73802,106.56029,565527
207.45218,107.28598,565532
206.86488,107.56443,565537
206.04266,107.95426,565541
205.69028,108.12133,565546
205.38544,108.18695,565551
205.17831,108.41226,565556
205.18,109.316345,565562
205.18,109.94883,565621
204.943,109.63913,565626
205.10655,109.01008,565632
205.17998,108.63265,565638
205.21207,108.33349,565643
205.69455,108.17999,565647
206.60327,108.18,565652
207.11963,108.17999,565657
207.11963,108.17999,565663
207.11963,108.17999,565669
207.11963,107.53002,565675
207.45386,106.71259,565680
207.84593,106.038376,565684
208.1043,105.58713,565746
208.1043,105.58713,565751
208.1043,105.58713,565757
208.1043,105.067154,565763
208.27591,104.18027,565768
208.31023,104.054886,565826
208.31023,104.054886,565831
208.31023,104.054886,565837
208.9602,104.054886,565842
209.79965,103.97998,565847
210.55771,103.97998,565852
211.02098,104.009674,565857
211.38893,104.13886,565862
211.60365,104.17995,565867
211.60365,104.17995,565873
212.24968,104.10851,565878
213.28333,103.994225,565883
214.05856,103.90851,565888
214.8338,103.82279,565893
215.35376,103.82,565898
216.13371,103.82,565903
216.91365,103.82001,565907
217.56355,103.82,565912
218.34334,103.82,565917
218.60307,103.8201,565923
219.253,103.82,565928
220.03279,103.82001,565933
220.42233,103.8201,565939
220.54128,103.820045,565946
220.65002,103.786835,565951
220.82,103.213524,565956
220.81999,102.303955,565961
220.81999,101.524124,565967
220.82,101.00462,565973
220.82,101.00462,565979
220.82,101.00462,565987
220.82,101.00462,565993
220.82,101.00462,566000
220.82,101.52431,566005
220.82,102.433174,566010
220.82,103.209595,566016
220.82,103.576,566022
220.72992,103.73448,566027
219.88702,103.82,566032
219.23676,103.82001,566037
218.45702,103.82,566043
217.67708,103.82,566047
216.76717,103.82,566053
215.85735,103.82,566059
215.33769,103.82001,566064
214.81773,103.82,566069
214.0378,103.82,566075
213.12788,103.82,566081
212.218,103.82001,566086
211.4385,103.82001,566091
210.78856,103.82,566097
209.74956,103.82001,566102
208.96977,103.82,566107
208.58022,103.8201,566112
208.58022,103.8201,566118
208.06425,103.77037,566122
207.54852,103.704185,566128
206.89856,103.70028,566134
205.98862,103.69482,566139
205.20868,103.69013,566144
204.16875,103.68389,566149
203.77878,103.68155,566154
203.2588,103.68128,566159
202.21886,103.680756,566163
201.17891,103.68024,566167
200.79637,103.72345,566172
200.21484,103.82,566177
199.95511,103.8201,566182
199.30515,103.82,566187
198.39522,103.82,566192
197.4853,103.82001,566197
196.5755,103.82,566202
196.05598,103.8201,566207
195.53603,103.82,566212
194.6261,103.82,566217
193.84618,103.82,566222
192.93633,103.82,566227
192.28673,103.82001,566232
191.8342,104.07612,566236
191.18529,104.0391,566241
190.79593,104.016884,566246
190.79593,104.016884,566251
190.79593,104.016884,566257
190.2768,104.016884,566261
190.27992,104.007744,566265
190.9214,104.11247,566270
191.30627,104.17531,566273
191.30627,104.17531,566326
191.30627,104.17531,566332
191.95625,104.17531,566337
191.96022,104.772736,566342
191.85782,105.0117,566347
191.85782,105.0117,566353
191.85782,105.0117,566358
192.50778,105.0117,566364
193.41574,105.062744,566369
194.3232,105.13001,566374
195.23068,105.17999,566379
195.61717,105.17999,566384
196.26706,105.17999,566389
197.0468,105.18,566394
197.95631,105.17999,566399
198.99469,105.17999,566404
199.38216,105.17999,566408
200.03064,105.17999,566413
200.28854,105.17999,566419
200.60889,105.183914,566424
201.11995,105.581566,566430
201.82744,106.153824,566435
202.43439,106.64367,566440
203.14244,107.21523,566445
203.34474,107.37853,566450
203.34474,107.37853,566456
203.53732,107.86153,566461
203.68176,108.22378,566520
203.68176,108.22378,566525
203.68176,108.22378,566531
203.06018,108.18,566536
203.18408,107.781105,566541
203.86407,107.40281,566546
204.67027,106.980865,566551
205.47575,106.55751,566556
205.82097,106.37611,566562
206.41154,106.10465,566568
207.23834,105.724625,566572
207.85493,105.52239,566577
208.20123,105.349556,566581
208.66853,104.902054,566586
209.02992,104.552,566591
209.02994,104.29867,566596
209.2533,103.981735,566601
210.1447,103.97998,566607
210.98802,103.99135,566613
211.35474,104.12402,566618
211.6816,104.2184,566623
211.6816,104.2184,566629
211.6816,104.2184,566636
212.33156,104.2184,566642
213.23148,104.10457,566647
214.00047,103.97431,566652
214.7697,103.84532,566658
215.28964,103.839584,566664
216.19954,103.82955,566668
216.97945,103.82095,566673
217.88931,103.82,566679
218.66876,103.82001,566684
219.31866,103.82,566689
220.09845,103.82,566695
220.35817,103.8201,566701
220.48021,103.82003,566707
220.5214,103.81972,566712
220.7613,103.70031,566716
220.82,102.83701,566722
220.81999,102.05721,566728
220.81999,101.14759,566733
220.8201,101.017815,566740
220.8201,101.017815,566750
220.8201,101.017815,566755
220.8201,101.667786,566761
220.82,102.317154,566766
220.82,103.22324,566772
220.82002,103.58805,566777
220.62268,103.80968,566783
219.71878,103.82001,566789
219.06937,103.82001,566795
218.5494,103.82,566800
217.89944,103.82,566805
216.98953,103.82,566809
216.20964,103.82,566814
215.55984,103.82,566819
215.30013,103.8201,566825
214.78319,103.876274,566830
214.0078,103.960526,566835
213.2324,104.044785,566841
212.32777,104.14308,566847
211.81084,104.19926,566853
211.43681,104.17054,566859
211.10233,104.09497,566864
210.46933,103.97998,566869
209.62894,103.97998,566875
209.264,103.98874,566880
208.80397,104.54605,566885
208.53288,104.98976,566891
208.37378,105.19539,566897
208.07414,105.697525,566902
207.79198,106.42463,566907
207.45815,107.27113,566912
206.87221,107.55244,566918
206.05188,107.94624,566923
205.70032,108.11502,566929
205.39494,108.18375,566934
205.16768,108.507866,566939
205.17998,109.4125,566944
205.18,109.917336,567006
204.93419,109.61457,567011
205.07101,109.112915,567016
205.17996,108.61127,567021
205.17996,108.41204,567028
205.47556,108.16758,567033
206.3845,108.18,567038
207.15955,108.17999,567043
207.15955,108.17999,567049
207.15955,108.17999,567056
207.15955,107.53002,567062
207.50604,106.59013,567067
207.90701,105.92126,567071
208.1038,105.584564,567133
208.1038,105.584564,567138
208.1038,105.584564,567144
208.1038,104.9346,567150
208.29953,104.05482,567156
208.29953,104.05482,567175
208.29953,104.05482,567179
208.29953,104.05482,567185
208.94951,104.05482,567190
209.65997,103.97999,567195
210.54724,103.97999,567200
211.0118,104.003784,567205
211.37926,104.13441,567210
211.59528,104.17995,567215
211.59528,104.17995,567221
212.24132,104.10869,567226
213.01659,104.02318,567230
213.92105,103.923416,567235
214.82552,103.82365,567240
215.47548,103.82,567246
216.25542,103.82001,567251
217.03534,103.82,567256
217.81523,103.82,567261
218.5948,103.82001,567267
219.11475,103.82,567272
219.76462,103.82,567277
220.41408,103.82001,567282
220.53351,103.82001,567287
220.74425,103.719284,567291
220.82,103.00426,567295
220.82,101.964584,567300
220.82,101.0551,567305
220.82,101.0551,567310
220.82,101.0551,567317
220.82,101.0551,567324
220.82,101.0551,567330
220.81999,101.70465,567336
220.82,102.48358,567341
220.82002,103.25953,567346
220.81857,103.61284,567350
220.56151,103.82805,567356
219.65172,103.82,567361
219.13213,103.82001,567367
218.61215,103.82,567372
217.44225,103.82,567377
216.66234,103.82,567382
215.6226,103.82,567387
215.23308,103.82001,567393
214.58705,103.891525,567399
213.81183,103.97735,567403
212.90741,104.07748,567409
212.13217,104.16329,567413
211.87376,104.1919,567418
211.50336,104.15856,567423
211.06985,104.058014,567428
210.25659,103.97998,567434
209.56557,103.97998,567438
209.27673,103.98564,567443
208.81503,104.53058,567448
208.54321,104.97385,567453
208.38469,105.17992,567457
208.0844,105.67839,567462
207.75354,106.52604,567467
207.46642,107.25123,567472
206.88228,107.53625,567477
206.06448,107.93528,567481
205.714,108.10629,567486
205.40846,108.17994,567490
205.20512,108.34872,567495
205.18,109.10624,567501
205.18,109.98906,567552
204.87813,109.565674,567557
205.08365,108.94906,567562
205.16586,108.702415,567568
205.18436,108.39282,567574
205.40918,108.17905,567579
206.31732,108.17999,567584
207.09355,108.1799,567589
207.09355,108.1799,567594
207.09355,108.1799,567600
207.09355,107.65993,567606
207.4405,106.72033,567612
207.8383,106.04961,567617
208.0973,105.59874,567671
208.0973,105.59874,567676
208.0973,105.59874,567682
208.0973,104.94877,567688
208.29433,104.06939,567693
208.29433,104.06939,567749
208.29433,104.06939,567755
208.29433,104.06939,567760
208.8143,104.06939,567765
209.12881,104.06717,567770
209.68445,103.97998,567774
210.57126,103.97998,567779
211.0322,104.01787,567784
211.40099,104.144684,567790
211.6165,104.1837,567795
211.6165,104.1837,567800
212.26244,104.111305,567806
213.03754,104.02443,567811
213.81264,103.93755,567815
214.71693,103.836205,567820
215.4961,103.82071,567824
216.27603,103.82,567829
217.18594,103.82,567835
217.9658,103.82,567840
218.61539,103.8201,567845
219.13533,103.82,567849
219.91516,103.82,567854
220.43462,103.82001,567860
220.55278,103.82001,567865
220.79227,103.65629,567870
220.81999,102.89667,567874
220.82,102.1168,567879
220.82,101.20712,567884
220.82,101.077286,567889
220.82,101.077286,567898
220.82,101.077286,567905
220.82,101.59726,567911
220.82,102.376564,567916
220.82,103.28196,567921
220.80981,103.635765,567926
220.50214,103.83165,567931
219.72234,103.82,567936
219.0729,103.82001,567941
218.55295,103.82,567947
217.77301,103.82,567952
216.8631,103.82,567958
216.08322,103.82,567963
215.30368,103.82001,567968
214.6575,103.89017,567973
213.75287,103.988396,567978
212.84824,104.086624,567983
212.07283,104.17082,567988
211.44037,104.16893,567993
211.10214,104.09471,567998
210.34192,103.97998,568003
209.6285,103.97998,568007
209.30658,103.98052,568011
208.84343,104.49632,568016
208.49968,105.04795,568020
208.3262,105.22671,568026
208.05052,105.77448,568031
207.71692,106.62106,568036
207.4291,107.34598,568041
206.83626,107.612434,568046
206.00627,107.98547,568051
205.65057,108.14535,568056
205.44493,108.17995,568061
205.21631,108.33042,568066
205.18,109.208336,568071
205.17998,109.96046,568125
204.94612,109.64838,568129
205.07484,109.144585,568134
205.17998,108.6408,568138
205.20837,108.33948,568142
205.68095,108.18,568146
206.71922,108.17999,568151
207.10617,108.17999,568157
207.10617,108.17999,568163
207.10617,108.17999,568169
207.10617,107.66002,568175
207.42842,106.83558,568180
207.86623,106.03792,568185
208.05156,105.69479,568239
208.05156,105.69479,568244
208.05156,105.69479,568250
208.05156,105.04483,568256
208.6572,105.02076,568261
209.02058,105.16231,568266
209.02058,105.16231,568272
209.02058,105.16231,568278
209.02058,105.16231,568283
209.0276,104.66533,568287
209.03275,104.24865,568292
209.12738,104.067,568346
209.12738,104.067,568351
209.12738,104.067,568356
209.69897,103.97999,568361
210.58748,103.97999,568365
211.0445,104.02841,568370
211.41452,104.15159,568376
211.6311,104.18927,568382
211.82497,104.64146,568387
211.82,105.030975,568392
211.82,105.030975,568398
211.82,105.030975,568405
212.33998,105.030975,568410
213.37694,105.09324,568415
214.28326,105.17433,568421
214.79955,105.17999,568427
215.31944,105.18,568432
216.09921,105.17999,568437
217.00876,105.18,568442
217.9178,105.17999,568447
218.69254,105.17999,568452
219.34207,105.17999,568457
220.1202,105.17999,568461
220.3776,105.17999,568466
220.69562,105.23085,568470
220.82748,105.63566,568475
220.81999,106.545456,568480
220.82,107.32485,568486
220.82,107.32485,568492
220.82,107.32485,568501
220.82,107.32485,568507
220.82,107.32485,568513
220.81999,106.804924,568518
220.82,106.02512,568523
220.82,105.635544,568529
220.82,105.41382,568535
220.63985,105.198494,568540
219.87296,105.17999,568545
219.09756,105.17999,568550
218.57765,105.17999,568555
217.79788,105.18,568560
217.01825,105.18,568565
216.10902,105.17999,568570
215.33246,105.18,568574
214.8247,105.06781,568579
213.93616,104.871635,568584
213.17453,104.703476,568589
212.41292,104.53532,568593
212.0321,104.45124,568599
211.80537,104.32402,568604
211.40508,104.179985,568609
211.09366,104.084076,568613
210.44283,103.97998,568617
209.60863,103.97998,568622
209.25444,103.99141,568627
208.80176,104.56378,568632
208.52658,105.004974,568638
208.3658,105.20929,568644
208.11339,105.59139,568649
207.6901,106.68204,568654
207.45186,107.286766,568660
206.86449,107.56507,568666
206.04216,107.95469,568671
205.68973,108.121666,568676
205.38493,108.18714,568681
205.17386,108.54197,568686
205.18,109.31803,568691
205.18,109.95046,568739
204.94344,109.64042,568744
205.07399,109.1371,568749
205.17998,108.63378,568754
205.21156,108.33431,568759
205.5628,108.17847,568763
206.60141,108.18,568768
207.1178,108.179985,568773
207.1178,108.179985,568779
207.1178,108.179985,568784
207.1178,107.66001,568790
207.43736,106.834045,568796
207.93408,105.92048,568802
208.05606,105.69089,568850
208.05606,105.69089,568855
208.05606,105.69089,568861
208.05606,105.040924,568867
208.6607,105.0194,568872
209.02348,105.16248,568876
209.02348,105.16248,568882
209.02348,105.16248,568888
209.02348,105.16248,568895
209.02788,104.66661,568900
209.02992,104.27788,568906
209.12703,104.06735,568954
209.12703,104.06735,568959
209.12703,104.06735,568964
209.69818,103.97999,568969
210.5867,103.97999,568974
211.04395,104.0279,568979
211.4139,104.15127,568984
211.63043,104.18899,568989
211.83058,104.51009,568994
211.8201,105.0295,568998
211.8201,105.0295,569004
211.8201,105.0295,569009
212.60007,105.0295,569015
213.37749,105.08084,569020
214.15384,105.15572,569026
214.79942,105.17999,569031
215.18936,105.17999,569036
216.09909,105.17999,569041
217.00867,105.17999,569046
217.78792,105.18,569051
218.69246,105.17999,569056
219.21211,105.17999,569061
219.9907,105.179985,569066
220.3775,105.17999,569073
220.69556,105.2308,569078
220.8275,105.63552,569082
220.81999,106.54532,569088
220.82,107.324715,569093
220.82,107.324715,569099
220.82,107.324715,569105
220.82,107.324715,569109
220.82,107.324715,569115
220.82,106.674805,569120
220.82,105.895065,569125
220.82,105.413704,569131
220.63956,105.19836,569136
219.8726,105.17999,569141
219.09721,105.17999,569147
218.4714,105.00444,569153
217.84558,104.82888,569159
217.35632,104.65285,569163
216.50009,104.34479,569168
215.89114,104.11758,569173
215.28218,103.89036,569178
214.63237,103.87598,569183
213.8526,103.85872,569188
212.81291,103.8357,569193
211.90318,103.82,569198
211.51346,103.8201,569203
210.9935,103.82,569208
210.21356,103.82,569212
209.30371,103.82001,569217
208.65413,103.82001,569222
208.65413,103.82001,569227
208.00937,103.76777,569232
207.6229,103.71553,569237
207.10294,103.71103,569242
206.19302,103.70315,569247
205.2831,103.69526,569252
204.37318,103.68738,569257
203.72324,103.681755,569262
203.07327,103.68137,569267
202.16331,103.68085,569272
201.25336,103.68031,569277
200.99338,103.68016,569282
200.86852,103.716354,569288
200.29213,103.82065,569293
199.90254,103.8201,569298
199.2526,103.82,569303
198.47266,103.82,569307
197.69272,103.82,569311
196.65292,103.82001,569315
196.13327,103.8201,569320
195.61331,103.82,569325
194.83337,103.82,569329
193.92346,103.82,569333
193.0136,103.82001,569338
192.2341,103.82,569342
191.79047,104.09132,569346
191.27179,104.05461,569351
190.75311,104.017914,569356
190.75311,104.017914,569361
190.75311,104.017914,569366
190.23337,104.017914,569370
190.27989,104.00822,569374
190.7931,104.09181,569378
191.30632,104.175415,569381
191.30632,104.175415,569429
191.30632,104.175415,569434
191.95628,104.175415,569439
192.01143,104.65334,569443
191.8578,105.01179,569448
191.8578,105.01179,569453
191.8578,105.01179,569458
192.37778,105.01179,569462
193.286,105.054245,569467
194.19344,105.121735,569471
195.10106,105.17999,569476
195.61713,105.17999,569481
196.39696,105.17999,569486
197.17668,105.17999,569490
198.08615,105.18,569495
198.9947,105.17999,569500
199.38217,105.17999,569505
200.03065,105.18,569510
200.28856,105.1799,569515
200.60889,105.18393,569520
201.11995,105.58154,569525
201.72626,106.07219,569529
202.43436,106.64368,569534
203.04128,107.133575,569538
203.34473,107.378525,569543
203.34473,107.378525,569548
203.34473,107.378525,569553
203.8647,107.378525,569558
204.64467,107.378525,569605
204.64467,107.378525,569609
205.1135,107.6034,569614
205.56439,107.10185,569619
205.96481,106.43252,569624
206.53845,106.1269,569629
207.34152,105.69902,569634
207.95526,105.4917,569640
208.17892,105.35915,569645
208.65694,104.918755,569649
209.02994,104.56643,569654
209.02994,104.303825,569659
209.13463,104.05352,569663
210.08792,103.97998,569668
210.82747,103.97998,569673
211.41635,104.15256,569678
211.63306,104.1901,569684
211.63306,104.1901,569691
212.27881,104.11616,569696
213.18285,104.01264,569701
213.95775,103.92391,569705
214.73265,103.83519,569709
215.3826,103.82967,569714
216.16252,103.82306,569719
217.07243,103.82,569725
217.85231,103.82,569730
218.50221,103.8201,569735
219.15434,103.82001,569740
220.06412,103.82,569746
220.32388,103.8201,569751
220.56436,103.82003,569757
220.75829,103.70407,569762
220.81999,102.972664,569767
220.82,101.932945,569772
220.82,101.02352,569777
220.82,101.02352,569783
220.82,101.02352,569791
220.82,101.02352,569797
220.82,101.02352,569802
220.82,101.67309,569807
220.81999,102.452095,569812
220.82,103.22837,569817
220.82,103.592545,569823
220.61168,103.814095,569828
219.70517,103.82,569833
219.18552,103.8201,569837
218.53557,103.82,569842
217.75563,103.82,569847
216.9757,103.82,569852
216.1958,103.82,569856
215.28632,103.82,569861
214.63637,103.82,569866
213.85643,103.82,569871
213.07649,103.82,569875
212.16664,103.82,569880
211.38725,103.82001,569885
210.7373,103.82,569890
209.69745,103.82001,569895
208.78778,103.82001,569900
208.53532,103.82004,569904
208.15103,103.4818,569909
208.01222,102.98069,569915
208.00412,102.33077,569920
208.0025,102.20079,569965
208.0025,102.20079,569969
207.97144,102.458916,569973
208.12091,103.09146,569978
208.17998,103.470924,570032
208.17998,103.470924,570086
208.17998,103.470924,570091
208.17998,103.470924,570096
207.66,103.470924,570101
207.14786,104.069984,570106
206.7549,104.89024,570111
206.34767,105.70399,570116
206.17345,106.05288,570122
205.91687,106.65006,570126
205.55766,107.48612,570131
205.55766,107.48612,570175
205.55766,107.48612,570179
205.55766,107.48612,570184
204.90768,107.48612,570189
205.0244,107.84455,570194
205.21274,108.02377,570200
205.22813,108.15285,570206
205.17749,108.76855,570211
205.18,109.80719,570216
205.18,110.8434,570221
205.18,111.09918,570225
205.18,111.74898,570230
205.18001,112.5286,570236
205.18,113.307945,570241
205.18,114.08672,570246
205.18,114.86154,570251
205.18,114.98805,570256
205.18,114.98805,570262
205.01372,115.48072,570267
204.68118,116.46607,570273
204.51491,116.95874,570279
204.3818,117.18207,570284
204.17712,117.57033,570288
204.18,118.478546,570293
204.17998,118.736565,570297
204.18,119.25395,570302
204.18,119.58847,570307
204.18,119.58847,570312
204.18,119.58847,570318
204.18,120.23844,570324
204.05365,120.52898,570330
203.74333,120.719284,570335
203.74333,120.719284,570386
203.74333,120.719284,570391
203.74333,120.719284,570397
203.74333,121.369255,570403
203.57802,121.00065,570408
203.2461,121.400894,570413
202.7482,122.00126,570418
202.50357,122.60344,570423
202.25896,123.20562,570429
202.2595,123.85558,570434
202.25983,124.24557,570489
202.25983,124.24557,570494
202.25983,124.24557,570500
202.18,124.69984,570505
202.18,125.343544,570510
202.2016,125.648384,570515
202.68654,126.06704,570520
203.3005,126.54805,570525
203.3005,126.54805,570530
203.3005,126.54805,570535
203.3005,126.93803,570541
203.90941,126.97064,570547
204.15297,126.8797,570552
204.67175,126.84444,570557
205.31993,126.82001,570562
205.44518,126.82001,570567
205.66432,126.79361,570572
206.0121,126.40814,570577
206.44043,125.91927,570583
206.44043,125.91927,570588
206.44043,125.91927,570595
207.0904,125.91927,570599
207.10945,125.315605,570604
206.86853,124.711945,570608
206.86853,124.711945,570614
207.49057,124.52346,570619
207.88953,124.18998,570623
208.18874,123.93987,570629
208.8378,123.90541,570634
209.74623,123.85717,570640
210.5251,123.82001,570693
210.5251,123.82001,570698
210.9139,123.82001,570703
211.44646,124.17994,570708
211.82196,124.56103,570712
211.82,124.950676,570718
211.82,124.950676,570724
211.82,124.950676,570729
212.47006,124.950676,570734
213.24599,125.023094,570739
214.02124,125.10859,570744
214.79659,125.17999,570750
215.4465,125.18,570755
216.35634,125.17999,570760
217.39601,125.18,570766
217.56909,124.923615,570772
217.1099,124.67966,570778
216.5359,124.37471,570783
215.81113,124.08656,570787
215.32793,123.89447,570792
214.80815,123.88006,570797
214.02849,123.85844,570802
212.98895,123.829605,570807
212.20934,123.82,570812
211.43129,123.82001,570817
210.7814,123.82,570822
210.00163,123.82001,570827
209.2221,123.82,570832
208.57428,123.82001,570837
208.07625,123.54787,570842
207.50581,123.01595,570847
207.06473,122.53855,570852
206.35901,121.77471,570857
205.82973,121.20183,570862
205.65329,121.01087,570868
205.47353,120.82306,570874
205.10152,120.54504,570879
204.59021,119.95606,570884
204.4075,119.81116,570889
204.17459,119.57272,570893
204.18,119.31695,570898
204.18,118.667435,570903
204.18,117.88945,570907
204.18,117.43055,570912
204.30347,116.79241,570918
204.42693,116.15428,570923
204.52277,115.51141,570928
204.63776,114.73998,570932
204.71443,114.22569,570937
204.83598,113.58719,570942
205.00616,112.69329,570947
205.12772,112.054794,570951
205.17998,111.545784,570955
205.18,110.89611,570959
205.18001,110.11682,570963
205.18,109.07964,570967
205.17998,108.694565,570971
205.18729,108.38422,570977
205.33362,108.02273,570982
205.58464,107.42319,570987
205.98625,106.46391,570991
206.21634,105.99763,570995
206.67654,105.06504,571000
207.13673,104.132454,571004
207.25179,103.89931,571010
207.57938,103.337944,571015
207.84146,102.88885,571019
207.9556,102.24898,571024
207.9556,102.24898,571070
207.9556,102.24898,571074
207.9556,102.24898,571079
207.94699,102.50883,571084
208.08124,103.01117,571088
208.17996,103.387924,571092
208.17996,103.387924,571139
208.17996,103.387924,571143
208.17996,103.387924,571148
208.17996,104.037895,571154
208.81616,104.1648,571159
209.62117,103.95579,571164
210.52692,103.86891,571169
210.91487,103.829185,571174
210.91487,103.829185,571179
210.91487,103.829185,571183
211.56483,103.829185,571189
211.81354,104.08893,571194
211.82008,104.604836,571199
211.82,104.99447,571204
211.82,104.99447,571210
211.82,104.99447,571216
211.82,104.99447,571223
211.8201,104.60491,571227
211.81628,104.382706,571232
211.49841,104.1674,571237
211.07634,104.064575,571242
210.27124,103.97997,571246
209.57576,103.97997,571251
209.32257,103.97997,571255
208.9265,104.36722,571259
208.51257,105.02828,571264
208.34474,105.21886,571270
208.05518,105.745575,571275
207.72487,106.593445,571279
207.43909,107.31916,571283
206.73067,107.64548,571287
205.90417,108.02618,571292
205.66805,108.13496,571297
205.45978,108.17994,571303
205.45978,108.17994,571354
205.45978,108.17994,571358
205.45978,108.17994,571364
206.10974,108.17994,571369
206.9106,107.81949,571373
207.12694,107.675316,571378
207.35034,107.20577,571382
207.74129,106.38409,571387
208.0764,105.67978,571391
208.17995,105.46583,571397
208.46231,105.08879,571402
209.02994,104.56413,571407
209.02994,104.30299,571412
209.13644,104.05183,571416
210.21849,103.97998,571422
210.93901,103.97998,571427
211.41843,104.15367,571432
211.63527,104.19106,571437
212.25642,104.38243,571443
213.12605,104.650345,571448
213.99567,104.91825,571454
214.74106,105.147896,571460
215.26091,105.15946,571465
216.17064,105.1797,571471
216.9503,105.17999,571476
217.85944,105.18,571482
218.5075,105.1799,571487
219.15677,105.17999,571492
220.06499,105.18,571496
220.32295,105.179985,571502
220.65285,105.20074,571508
220.82086,105.666245,571513
220.82,106.57602,571518
220.8201,107.22563,571523
220.8201,107.22563,571528
220.8201,107.22563,571536
220.8201,107.22563,571542
220.8201,107.22563,571549
220.81999,106.705696,571554
220.82,105.79605,571559
220.82004,105.43948,571565
220.70023,105.23803,571570
219.83234,105.17999,571574
219.18541,105.17999,571580
218.53554,105.18,571585
217.75578,105.18,571589
216.84628,105.18,571594
215.93733,105.18,571599
215.2911,105.1799,571604
214.78365,105.066536,571608
213.89558,104.86814,571613
213.0075,104.669754,571618
212.11945,104.47136,571623
211.88104,104.37625,571629
211.5305,104.16796,571633
211.0942,104.08473,571637
210.44585,103.97998,571642
209.71422,103.97998,571646
209.25546,103.99111,571650
208.83383,104.50709,571654
208.49164,105.05969,571659
208.31491,105.23134,571663
208.08852,105.666115,571668
207.80437,106.39247,571672
207.47072,107.23905,571677
206.88773,107.526405,571681
206.07153,107.92871,571686
205.72174,108.10112,571692
205.41443,108.17995,571697
205.172,108.43834,571702
205.17998,109.21432,571707
205.18,109.96961,571754
204.87141,109.5511,571759
205.08258,108.93639,571764
205.16707,108.69051,571769
205.18813,108.38193,571774
205.4388,108.17186,571779
206.47763,108.17999,571784
207.12361,108.17999,571788
207.12361,108.17999,571794
207.12361,108.17999,571800
207.12361,107.53003,571805
207.45691,106.712036,571810
207.97763,105.81191,571815
208.10593,105.58579,571866
208.10593,105.58579,571871
208.10593,105.58579,571877
208.10593,104.93582,571882
208.30003,104.055534,571887
208.30003,104.055534,571941
208.30003,104.055534,571945
208.30003,104.055534,571951
208.82,104.055534,571955
209.13809,104.05884,571960
209.70364,103.97999,571965
210.46605,103.97999,571969
211.046,104.02984,571974
211.4162,104.15248,571980
211.63289,104.19003,571987
211.63289,104.19003,571993
212.27864,104.11611,571999
213.05354,104.0274,572003
213.82845,103.93869,572008
214.60335,103.84998,572013
215.38246,103.832214,572018
216.29237,103.824585,572023
217.20229,103.82,572028
217.98215,103.82,572033
218.63394,103.82001,572038
219.28386,103.82,572044
220.19356,103.82001,572049
220.56393,103.82003,572055
220.81155,103.617096,572061
220.82217,102.844475,572066
220.82,101.934616,572071
220.81999,101.15496,572076
220.8201,101.02518,572082
220.8201,101.02518,572089
220.8201,101.02518,572095
220.8201,101.67515,572101
220.82,102.4544,572105
220.82002,103.484764,572110
220.82002,103.59453,572116
220.60684,103.815865,572121
219.69936,103.82,572127
219.1797,103.82001,572132
218.65974,103.82,572137
217.8798,103.82001,572141
216.96991,103.82,572146
216.06006,103.82,572151
215.28056,103.82001,572157
214.63445,103.89061,572162
213.72987,103.98945,572167
212.8253,104.08829,572172
211.92073,104.18713,572176
211.49706,104.1799,572181
211.11974,104.12043,572186
210.40472,103.97998,572191
209.67935,103.97998,572195
209.28337,103.98422,572200
208.82108,104.52268,572205
208.48062,105.076355,572210
208.3984,105.17704,572215
208.09665,105.6611,572220
207.76378,106.50796,572224
207.47475,107.23238,572228
206.89229,107.52082,572232
206.19333,107.86694,572236
205.61087,108.15537,572241
205.41385,108.17994,572246
205.1716,108.440414,572251
205.18,109.21639,572256
205.17996,109.97154,572308
204.87207,109.55253,572314
205.08269,108.93764,572319
205.16693,108.69167,572324
205.18774,108.38297,572329
205.69565,108.17999,572335
206.60432,108.17999,572340
207.12065,108.17999,572344
207.12065,108.17999,572349
207.12065,108.17999,572355
207.12065,107.53003,572360
207.45465,106.71245,572365
207.97644,105.81295,572370
208.105,105.586975,572420
208.105,105.586975,572425
208.105,105.586975,572430
208.105,104.937004,572435
208.29947,104.05683,572440
208.29947,104.05683,572484
208.29947,104.05683,572489
208.29947,104.05683,572495
208.94945,104.05683,572499
209.78568,103.97998,572504
210.78394,103.97998,572508
211.37549,104.13274,572513
211.59201,104.17995,572518
211.59201,104.17995,572525
211.59201,104.17995,572532
212.24197,104.17995,572537
213.0157,104.09965,572542
213.78702,103.98398,572547
214.68733,103.85178,572551
215.4659,103.83088,572557
216.37582,103.823616,572563
217.15576,103.82,572568
218.06558,103.82,572573
218.58524,103.8201,572578
219.10518,103.82001,572584
219.88501,103.82,572589
220.40453,103.8201,572594
220.52448,103.82004,572599
220.65916,103.78223,572604
220.82,103.06166,572609
220.81999,101.76251,572613
220.8201,101.112915,572618
220.8201,101.112915,572621
220.8201,101.112915,572627
220.8201,101.112915,572634
220.8201,101.112915,572640
220.82,101.632576,572646
220.82,102.4116,572651
220.82,103.188225,572656
220.82,103.556854,572661
220.47226,103.8264,572666
219.56247,103.82,572672
219.17278,103.8201,572677
218.65282,103.82,572682
217.87288,103.82,572687
216.83298,103.82,572692
216.18307,103.82,572696
215.2736,103.82001,572701
214.6275,103.89074,572707
213.85217,103.97562,572712
212.94763,104.074646,572717
211.91385,104.18782,572723
211.40863,104.179985,572728
211.09427,104.084816,572732
210.19221,103.97998,572737
209.52441,103.97998,572742
209.2985,103.98158,572747
208.9039,104.394806,572751
208.49298,105.05774,572757
208.31679,105.23058,572763
207.99641,105.90654,572768
207.71144,106.63257,572773
207.47212,107.23688,572778
206.8893,107.524574,572783
206.07333,107.92735,572788
205.60707,108.15752,572793
205.41084,108.17995,572797
205.16983,108.45099,572802
205.17998,109.22696,572808
205.17998,109.981384,572857
204.8755,109.55989,572862
205.04169,109.06719,572866
205.16634,108.69766,572871
205.1858,108.38844,572876
205.42105,108.175766,572881
206.45984,108.18,572885
207.10611,108.17999,572891
207.10611,108.17999,572896
207.10611,108.17999,572901
207.10611,107.53003,572906
207.46577,106.59866,572910
208.0189,105.718254,572915
208.08636,105.60714,572962
208.08636,105.60714,572966
208.08636,105.60714,572971
208.08636,104.95717,572975
208.27223,104.08157,572980
208.27223,104.08157,573031
208.27223,104.08157,573035
208.27223,104.08157,573041
209.0522,104.08157,573046
209.85547,103.97998,573050
210.84744,103.97998,573055
211.43217,104.161285,573059
211.64966,104.198006,573064
211.64966,104.198006,573069
212.16608,104.137375,573073
213.32805,104.00097,573079
214.2318,103.894875,573084
214.74821,103.83424,573088
215.39816,103.82886,573094
216.30809,103.82131,573099
217.08803,103.82,573104
217.8679,103.82,573109
218.6474,103.82001,573115
219.2973,103.82001,573120
220.07709,103.82001,573126
220.33684,103.8201,573132
220.45963,103.82004,573137
220.51271,103.820015,573143
220.7846,103.66862,573149
220.82,102.914635,573154
220.81999,102.0048,573159
220.82,101.095245,573165
220.82,101.095245,573171
220.82,101.095245,573177
220.82,101.095245,573184
220.82,101.095245,573190
220.81999,101.61491,573195
220.82,102.52368,573200
220.82,103.42627,573204
220.8016,103.65245,573209
220.33081,103.82,573214
219.42107,103.82,573219
219.16132,103.8201,573224
218.64136,103.82,573228
217.73143,103.82,573233
216.82152,103.82,573239
216.04164,103.82001,573244
215.26218,103.82001,573248
214.74532,103.87677,573253
213.84079,103.9761,573258
212.93628,104.07544,573263
212.16098,104.16058,573268
211.90254,104.188965,573274
211.39954,104.179985,573280
211.03505,104.02814,573285
210.18842,103.97998,573290
209.5222,103.97998,573295
209.29727,103.981766,573299
208.86322,104.44789,573304
208.52473,105.00276,573309
208.36504,105.20793,573314
208.06714,105.713615,573319
207.73746,106.56172,573324
207.45161,107.287415,573328
206.86418,107.56559,573332
206.04178,107.95503,573336
205.68932,108.12193,573341
205.38454,108.18729,573346
205.17426,108.54326,573351
205.18,109.31933,573357
205.18,109.95171,573410
204.94377,109.64142,573415
205.10667,109.01219,573419
205.17998,108.63466,573424
205.21117,108.334946,573429
205.69124,108.17999,573434
206.59988,108.17999,573439
207.1163,108.17999,573444
207.1163,108.17999,573450
207.1163,108.17999,573455
207.1163,107.53003,573461
207.51833,106.60167,573466
207.97469,105.81448,573471
208.10362,105.58872,573525
208.10362,105.58872,573529
208.10362,105.58872,573536
208.10362,105.06875,573542
208.29863,104.05875,573547
208.29863,104.05875,573600
208.29863,104.05875,573604
208.29863,104.05875,573609
209.07858,104.05875,573614
209.78693,103.97998,573619
210.54613,103.97998,573624
211.01079,104.00318,573628
211.3782,104.133934,573633
211.59436,104.17995,573639
211.59436,104.17995,573645
212.24042,104.1087,573650
213.01567,104.02322,573656
213.92015,103.923485,573661
214.82462,103.823746,573666
215.34459,103.8207,573671
216.25452,103.82,573676
216.90446,103.82,573681
217.81435,103.82001,573685
218.59392,103.82001,573690
219.11386,103.82,573694
220.02364,103.82001,573699
220.41321,103.8201,573705
220.53268,103.82004,573711
220.74176,103.721794,573717
220.81999,103.0096,573722
220.81999,102.09982,573727
220.82,101.32007,573732
220.82,101.06035,573737
220.82,101.06035,573744
220.82,101.06035,573751
220.82,101.06035,573757
220.82,101.06035,573763
220.82,101.70991,573768
220.82,102.48883,573773
220.82,103.39236,573779
220.81676,103.618225,573785
220.41753,103.82785,573790
219.63771,103.82001,573795
219.11815,103.8201,573801
218.4682,103.82,573806
217.68826,103.82,573811
216.77834,103.82,573815
215.99846,103.82,573821
215.34883,103.82001,573826
214.57332,103.9032,573831
213.7978,103.98638,573836
212.89304,104.083435,573840
211.98828,104.18049,573846
211.48782,104.15872,573851
211.06216,104.05069,573857
210.36679,103.97997,573862
209.5548,103.97997,573868
209.27219,103.98669,573874
208.81102,104.53602,573879
208.5395,104.97948,573884
208.3808,105.1854,573889
208.08058,105.68508,573894
207.75017,106.5329,573899
207.46346,107.258255,573903
206.87868,107.54198,573908
206.06,107.93918,573913
205.70914,108.10941,573919
205.40347,108.18119,573925
205.16722,108.47739,573929
205.18,109.253334,573934
205.17998,110.005905,573983
204.88376,109.57855,573989
205.04436,109.084,573994
205.16481,108.71309,574000
205.18137,108.40283,574004
205.6358,108.1749,574009
206.54454,108.17999,574013
207.06165,108.17999,574019
207.06165,108.17999,574025
207.06165,108.17999,574032
207.06165,107.53003,574036
207.40929,106.72085,574041
207.88387,105.9445,574046
208.08517,105.6105,574102
208.08517,105.6105,574108
208.08517,105.6105,574114
208.08517,104.96053,574120
208.271,104.084915,574124
208.271,104.084915,574177
208.271,104.084915,574182
208.271,104.084915,574188
208.79097,104.084915,574193
209.13809,104.057144,574197
209.70575,103.97998,574202
210.46808,103.97998,574206
211.0474,104.0312,574211
211.41776,104.15331,574217
211.63455,104.19075,574223
211.63455,104.19075,574230
212.28029,104.11665,574235
213.18431,104.012924,574241
213.95918,103.92401,574245
214.73407,103.8351,574250
215.25401,103.830696,574255
216.16394,103.82299,574261
216.94388,103.82001,574266
217.9837,103.82,574272
218.5038,103.8201,574277
219.28352,103.82001,574282
220.32307,103.82,574288
220.56363,103.82003,574292
220.81113,103.61817,574297
220.82,102.846085,574301
220.82,101.93622,574306
220.82,101.15656,574311
220.8201,101.02677,574316
220.8201,101.02677,574324
220.8201,101.02677,574329
220.8201,101.67674,574335
220.82,102.455986,574340
220.82,103.23223,574346
220.82,103.59591,574351
220.3452,103.82503,574356
219.56538,103.82,574361
219.17569,103.8201,574366
218.52574,103.82,574372
217.61581,103.82,574377
216.70592,103.82,574382
215.92604,103.82,574387
215.27652,103.82001,574391
214.75963,103.87655,574396
213.9843,103.961365,574401
213.07974,104.06032,574407
212.3044,104.14513,574411
211.91673,104.18753,574417
211.41096,104.179985,574422
211.03831,104.030594,574427
210.32013,103.97998,574432
209.52568,103.97998,574436
209.25581,103.991005,574441
208.79718,104.55625,574446
208.52635,105.00013,574450
208.3668,105.2054,574456
208.06844,105.71033,574460
207.73878,106.55844,574465
207.45291,107.28413,574471
206.86578,107.562935,574476
206.0438,107.95327,574481
205.69151,108.12055,574487
205.3866,108.18654,574491
205.17227,108.536446,574496
205.18,109.312485,574497
205.18,109.9451,574542
204.94197,109.63618,574547
205.1064,109.007355,574553
205.17996,108.630066,574559
205.21326,108.33164,574565
205.69878,108.18,574570
206.60748,108.17999,574575
207.12378,108.17999,574580
207.12378,108.17999,574586
207.12378,108.17999,574592
207.12378,107.53003,574598
207.45703,106.712006,574603
207.91238,105.924225,574608
208.1056,105.58547,574663
208.1056,105.58547,574669
208.1056,105.58547,574675
208.1056,104.80551,574681
208.2852,104.057556,574686
208.2852,104.057556,574747
208.2852,104.057556,574752
208.2852,104.057556,574758
208.80518,104.057556,574763
209.13036,104.066154,574768
209.68716,103.97998,574773
210.45004,103.97998,574777
211.03426,104.01951,574782
211.40323,104.1458,574787
211.61894,104.18455,574792
211.61894,104.18455,574798
212.13565,104.126465,574802
212.91074,104.03934,574807
213.68582,103.95221,574812
214.59007,103.85057,574818
215.36841,103.82316,574823
216.27834,103.82,574829
216.92828,103.82001,574833
217.96812,103.82,574838
218.61768,103.82001,574843
219.26761,103.82,574848
220.0474,103.82,574854
220.30717,103.82001,574861
220.54927,103.82001,574867
220.7252,103.73735,574872
220.82,102.9113,574877
220.82,102.00162,574883
220.82,101.092064,574888
220.82,101.092064,574894
220.82,101.092064,574901
220.82,101.092064,574907
220.82,101.092064,574913
221.12773,101.51121,574918
221.58931,102.13992,574922
222.05089,102.76864,574927
222.51248,103.39735,574932
222.95123,103.87557,574937
223.49355,104.436134,574942
223.85497,104.809975,574948
224.31375,105.27038,574953
224.8643,105.82285,574958
225.13957,106.09909,574964
225.50719,106.466835,574969
226.15051,107.110374,574975
226.42622,107.38618,574981
226.9448,107.42444,574985
227.72264,107.48183,574990
227.98192,107.50095,574996
227.98192,107.50095,575031
227.98192,107.50095,575034
227.98192,106.98098,575038
228.14174,107.2158,575041
227.6632,107.39708,575044
226.75883,107.49784,575048
226.23888,107.500694,575051
225.32893,107.505684,575055
224.41899,107.51067,575059
223.63904,107.51495,575063
222.98907,107.51852,575067
222.61372,107.15869,575070
221.95685,106.528984,575074
221.29996,105.899284,575078
221.01845,105.62941,575082
220.8325,105.447685,575086
220.52202,105.16758,575090
219.61333,105.17999,575094
219.09737,105.17999,575098
219.09737,105.17999,575102
219.09737,105.17999,575107
218.3174,105.17999,575111
217.40765,105.18,575115
216.49828,105.18,575119
215.71657,105.18,575123
215.32918,105.179985,575127
214.82146,105.06777,575131
213.80602,104.843346,575134
212.9175,104.64698,575138
212.02899,104.45061,575142
212.02899,104.45061,575191
212.02899,104.45061,575197
212.02899,104.45061,575203
212.02899,104.45061,575210
211.69661,104.23358,575215
211.11453,104.11246,575219
210.8429,103.9799,575223
210.20468,103.97998,575228
209.53189,103.97998,575233
209.53189,103.97998,575290
209.53189,103.97998,575294
209.53189,103.97998,575300
209.01192,103.97998,575305
209.03574,104.239105,575310
209.07951,104.85823,575316
209.1244,104.980225,575322
209.1244,104.980225,575324
208.63347,105.15154,575328
208.3145,105.22232,575334
208.17145,105.61153,575339
208.18,106.391335,575344
208.18,107.300766,575349
208.18,107.300766,575354
208.18,107.300766,575361
207.52994,107.300766,575366
206.80939,107.542145,575371
205.88373,108.01604,575376
205.44707,108.17994,575381
205.44707,108.17994,575441
205.44707,108.17994,575448
205.44707,108.17994,575455
205.44707,108.17994,575461
204.7971,108.17994,575467
204.14714,108.17994,575472
204.14714,108.17994,575526
204.14714,108.17994,575532
203.62717,108.17994,575537
203.45515,107.80001,575542
202.96796,107.36978,575547
202.38332,106.85351,575552
201.70125,106.25118,575557
201.01917,105.648865,575562
200.80832,105.375946,575567
200.80832,105.375946,575624
200.80832,105.375946,575629
200.80832,105.375946,575634
201.4583,105.375946,575639
202.35728,105.49484,575644
202.86522,105.38363,575649
203.8811,105.161194,575653
204.51602,105.02217,575658
204.98627,104.80025,575663
206.0443,104.30093,575713
206.0443,104.30093,575718
205.46992,104.60515,575723
205.01044,104.84853,575728
205.59239,104.5591,575732
206.52354,104.096,575737
207.10551,103.806564,575741
207.75546,103.803215,575746
208.14545,103.8012,575751
208.63866,103.96585,575755
209.14706,104.04963,575760
209.72359,103.97998,575765
210.48537,103.97998,575769
211.05832,104.04297,575773
211.43027,104.160194,575779
211.64767,104.196976,575784
211.64767,104.196976,575789
212.16414,104.13654,575794
213.06792,104.03078,575799
213.84259,103.94012,575805
214.61726,103.849464,575809
215.39635,103.83154,575815
216.30626,103.82407,575820
217.0862,103.82,575824
217.99605,103.82,575829
218.64557,103.8201,575834
219.29549,103.82,575839
220.07529,103.82001,575844
220.33502,103.8201,575848
220.57431,103.82003,575852
220.77682,103.68039,575857
220.81999,102.80067,575863
220.82,102.02083,575867
220.82,101.11125,575872
220.82,101.11125,575878
220.82,101.11125,575885
220.82,101.11125,575892
220.82,101.11125,575898
220.81999,101.760796,575904
220.82,102.539696,575909
220.82,103.31493,575914
220.79283,103.66712,575919
220.42873,103.82617,575923
219.6489,103.82,575927
219.12932,103.8201,575933
218.47937,103.82,575939
217.69943,103.82,575944
216.91951,103.82,575949
216.00964,103.82,575953
215.23026,103.82001,575959
214.5803,103.82,575964
213.80037,103.82,575969
212.89046,103.82,575974
212.1106,103.82,575979
211.46103,103.8201,575984
211.07106,103.82,575988
210.16115,103.82,575993
209.12135,103.82,575998
208.60182,103.8201,576003
208.48154,103.82004,576009
208.19142,103.62492,576014
208.01743,102.99868,576019
208.00836,102.47878,576024
208.00381,102.218834,576029
208.00381,102.218834,576081
208.00381,102.218834,576086
207.35385,102.218834,576091
207.49197,101.88435,576095
207.73767,102.34262,576100
208.07419,103.18702,576105
208.16588,103.430305,576162
208.16588,103.430305,576226
208.16588,103.430305,576232
208.16588,103.430305,576238
207.51591,103.430305,576244
207.0776,103.91875,576249
206.72685,104.757965,576253
206.36252,105.5918,576258
206.15475,106.06847,576263
205.90176,106.667175,576268
205.54758,107.50536,576273
205.54758,107.50536,576331
205.54758,107.50536,576336
205.54758,107.50536,576341
204.89761,107.50536,576345
205.117,107.94428,576350
205.22856,108.16112,576356
205.17924,108.77685,576362
205.18,109.55603,576366
205.18,110.59375,576371
205.18,111.10763,576376
205.18001,111.75742,576381
205.18,112.53702,576385
205.18,113.446205,576390
205.18,114.22469,576395
205.18,114.99606,576400
205.18,114.99606,576406
205.18,114.99606,576411
205.18,115.51604,576417
204.88052,116.35289,576422
204.52115,117.04513,576427
204.35248,117.20963,576433
204.17216,117.52868,576439
204.18,118.307495,576444
204.18,118.82281,576449
204.18,119.33917,576454
204.20325,119.6534,576459
204.20325,119.6534,576465
203.98274,120.124306,576470
203.87248,120.35976,576476
203.79816,120.64761,576481
203.30153,121.04438,576485
202.34587,121.71928,576542
202.34587,121.71928,576547
202.47144,121.94694,576553
202.01491,122.19583,576558
201.44423,122.50696,576563
200.9877,122.75585,576568
200.85228,123.25788,576573
200.82002,123.594086,576580
200.82002,123.594086,576642
200.82002,123.594086,576647
200.82002,123.594086,576652
201.34,123.594086,576657
201.75845,124.089325,576663
202.00494,124.82928,576668
202.17221,125.32162,576673
202.19258,125.62928,576678
202.4828,125.83265,576684
203.25882,125.82001,576690
203.25882,125.82001,576696
203.25882,125.82001,576701
203.25882,126.33998,576707
203.90878,126.59999,576712
204.16055,126.645485,576718
204.16055,126.645485,576724
204.49672,126.83223,576729
205.27533,126.82001,576734
205.40445,126.82001,576740
205.40445,126.82001,576746
206.05347,126.791565,576751
206.96207,126.74179,576756
207.42401,126.334625,576762
208.00528,125.63452,576767
208.17963,125.44166,576773
208.49066,125.07157,576778
209.02994,124.55222,576783
209.02994,124.41822,576788
209.02994,124.37727,576793
209.02994,124.34177,576797
209.02994,124.31375,576802
209.02994,124.29973,576807
209.0307,124.276085,576811
209.10542,124.08552,576817
209.7533,123.97998,576822
211.01897,124.014984,576860
211.01897,124.014984,576865
211.01897,124.014984,576871
211.66893,124.014984,576877
211.87361,124.532005,576882
211.83212,124.91977,576885
211.83212,124.91977,576890
211.83212,124.91977,576895
212.48209,124.91977,576900
213.3862,125.00676,576905
214.28857,125.123955,576911
214.80435,125.17999,576916
214.04703,124.993454,576922
213.28969,124.806915,576927
212.27992,124.558205,576932
211.8025,124.36571,576937
211.49475,124.166725,576942
211.12036,124.12207,576947
210.54813,123.97997,576952
209.70857,123.97997,576957
209.02142,123.891174,576962
208.63718,123.82457,576967
208.22594,123.69493,576972
207.65794,123.16039,576976
207.21056,122.68926,576981
206.6805,122.117096,576986
206.15001,121.54533,576990
205.61954,120.97353,576996
205.43652,120.81555,577002
204.98596,120.40359,577008
204.55673,119.915504,577013
204.36928,119.807526,577018
204.18,119.36759,577023
204.18001,118.72011,577028
204.18,117.81274,577034
204.19342,117.36633,577038
204.29187,116.85577,577043
204.43953,116.089905,577048
204.51549,115.575516,577053
204.66743,114.54672,577059
204.72441,114.16093,577065
204.82207,113.65021,577070
204.96855,112.884125,577075
205.13947,111.990364,577080
205.18,111.60787,577085
205.18001,110.95819,577090
205.18,110.04905,577095
205.18,109.27084,577099
205.18,108.62885,577104
205.21382,108.33077,577110
205.35748,107.968216,577114
205.60818,107.368546,577119
205.95917,106.52901,577124
206.24597,105.94573,577128
206.64746,105.12915,577133
207.04898,104.31257,577138
207.27841,103.84595,577143
207.54182,103.39764,577148
207.80525,102.949326,577154
207.93587,102.31262,577159
207.96199,102.18528,577206
207.96199,102.18528,577210
207.95131,102.445045,577214
208.07741,102.9495,577218
208.17998,103.45395,577223
208.17998,103.45395,577278
208.17998,103.45395,577283
208.17998,103.45395,577289
208.17998,104.10392,577295
208.81323,104.21744,577300
209.66763,103.94791,577305
210.57362,103.8642,577310
210.96156,103.82443,577315
210.96156,103.82443,577321
210.96156,103.82443,577326
211.48154,103.82443,577331
211.78094,104.21242,577336
211.82262,104.70706,577341
211.82,104.966774,577347
211.82,104.966774,577352
211.82,104.966774,577358
211.82,104.966774,577364
211.82,104.707,577369
211.80902,104.36436,577373
211.46396,104.17088,577378
211.11063,104.10645,577383
210.36996,103.97998,577388
209.55688,103.97998,577393
209.27306,103.98648,577398
208.81178,104.53499,577403
208.5402,104.97841,577408
208.38153,105.18436,577414
208.12703,105.562126,577418
207.70285,106.65242,577424
207.46394,107.25688,577430
206.87929,107.54087,577435
206.06079,107.93845,577439
205.71,108.10884,577444
205.40431,108.18096,577449
205.40431,108.18096,577503
205.40431,108.18096,577508
205.40431,108.18096,577513
206.05392,108.17812,577518
206.86386,107.83255,577523
207.19382,107.62469,577528
207.46368,107.03339,577533
207.89545,106.0873,577539
208.11133,105.614265,577544
208.17995,105.4044,577549
208.52315,105.03611,577553
209.00319,104.59791,577558
209.02992,104.28423,577564
209.12964,104.05835,577568
210.07785,103.97998,577574
210.81808,103.97998,577578
211.40816,104.148285,577583
211.62427,104.18653,577588
212.12115,104.339775,577594
212.86647,104.56964,577598
213.61179,104.79951,577603
214.3571,105.02938,577608
214.85399,105.17997,577613
215.50385,105.18,577618
216.2836,105.17999,577623
217.0632,105.18,577628
218.4901,105.17999,577632
219.26813,105.17999,577637
220.04652,105.18,577642
220.43234,105.1799,577647
220.64648,105.19741,577653
220.82912,105.520164,577657
220.82,106.299965,577663
220.82,107.20953,577668
220.82,107.20953,577674
220.82,107.20953,577681
220.82,107.20953,577687
220.82,107.20953,577693
220.82,106.689606,577698
220.81999,105.779976,577704
220.81999,105.42593,577710
220.66891,105.21508,577715
219.91269,105.18,577719
219.1366,105.179985,577724
218.50963,105.00861,577729
217.88266,104.83725,577733
217.27046,104.618935,577738
216.53581,104.35695,577743
216.53581,104.35695,577748
215.80487,104.08479,577753
215.31758,103.90335,577758
214.66782,103.88704,577763
213.75815,103.864204,577767
212.84848,103.84137,577773
212.19872,103.825066,577778
211.41928,103.82001,577782
210.909,103.91992,577788
210.78142,103.9449,577794
210.90427,103.902374,577799
210.90427,103.902374,577804
210.90427,103.902374,577864
210.90427,103.902374,577870
211.42424,103.902374,577874
211.74315,104.155594,577880
211.8315,104.49735,577885
211.82,105.01677,577890
211.82,105.01677,577896
211.82,105.01677,577902
211.82,105.01677,577907
211.82,104.62717,577913
211.82,104.40342,577919
211.40782,104.179985,577925
211.09401,104.0845,577931
209.82574,103.97998,577934
209.25479,103.99131,577938
209.07721,104.12218,577994
209.07721,104.12218,577998
209.07721,104.12218,578005
208.55724,104.12218,578010
208.28633,103.992645,578015
208.17729,103.42974,578021
208.18001,102.52001,578027
208.18,101.74014,578031
208.18,101.09054,578036
208.18,101.09054,578042
208.18,101.09054,578049
207.66002,101.09054,578054
207.40979,101.74043,578059
207.39699,102.65001,578064
207.369,103.429474,578069
207.09804,104.02026,578074
206.6645,104.96554,578080
206.33936,105.67449,578085
206.17677,106.02897,578090
205.92223,106.62702,578096
205.51495,107.58389,578101
205.51495,107.58389,578158
205.51495,107.58389,578163
205.51495,107.58389,578170
206.16492,107.58389,578176
206.33833,106.97106,578181
206.1651,106.4808,578186
206.71307,106.13126,578191
207.48024,105.64191,578196
207.97713,105.4887,578201
208.19836,105.35213,578207
208.66618,104.904884,578212
209.02994,104.55457,578217
209.02997,104.27207,578222
209.16132,104.03074,578227
210.14134,103.97998,578232
210.76048,103.97998,578237
211.08333,104.0695,578242
211.33365,104.1397,578247
211.6661,104.20753,578253
212.16331,104.35968,578257
213.15775,104.663994,578262
214.02788,104.93027,578267
214.7737,105.15849,578272
215.42354,105.171394,578276
216.20332,105.18,578281
216.98297,105.17999,578286
217.7623,105.17999,578291
218.6674,105.17998,578297
219.31696,105.17999,578302
220.22435,105.18,578307
220.67778,105.21644,578313
220.8242,105.72329,578318
220.82,107.28195,578323
220.82,107.28195,578327
220.82,107.28195,578335
220.82,107.28195,578341
220.82,107.28195,578347
220.82,106.76202,578352
220.82,105.72246,578356
220.81604,105.38445,578360
220.43591,105.17793,578366
219.65697,105.17999,578371
219.14032,105.17999,578376
218.49045,105.18,578382
217.7107,105.17999,578386
216.80118,105.18,578391
216.02203,105.17999,578395
215.24686,105.17999,578400
214.7397,105.06523,578405
213.7254,104.8357,578409
212.83789,104.634865,578414
212.07716,104.462715,578418
211.84753,104.3408,578424
211.45805,104.17146,578429
211.10933,104.10461,578433
210.23941,103.97998,578438
209.55399,103.97998,578442
209.27185,103.98677,578447
208.84344,104.48324,578452
208.504,105.03752,578456
208.33437,105.223656,578462
208.05127,105.76185,578467
207.71968,106.60922,578471
207.4332,107.33466,578475
206.84142,107.60346,578480
205.89456,108.03353,578483
205.65784,108.141045,578487
205.45107,108.17995,578492
205.23094,108.309814,578497
205.18,109.045456,578501
205.17998,109.92908,578541
204.93752,109.623634,578547
205.10571,108.99581,578552
205.17996,108.61912,578557
205.21837,108.32408,578563
205.71632,108.17999,578568
206.75456,108.179985,578572
207.14099,108.17999,578578
207.14099,108.17999,578584
207.14099,108.17999,578590
207.14099,107.53002,578595
207.47015,106.70958,578600
207.92003,105.918655,578605
208.0473,105.691956,578667
208.0473,105.691956,578673
208.0473,105.691956,578678
208.0473,105.041985,578685
208.53165,104.97116,578690
209.01599,105.16032,578695
209.01599,105.16032,578701
209.01599,105.16032,578709
209.01599,105.16032,578715
209.02086,104.57099,578720
209.02992,104.306,578724
209.12833,104.06612,578787
209.12833,104.06612,578794
209.12833,104.06612,578801
209.70102,103.97999,578806
210.71165,103.97999,578812
211.04678,104.03059,578818
211.41707,104.15294,578823
211.63382,104.19043,578829
211.82945,104.51764,578835
211.82,105.03704,578841
211.82,105.03704,578846
211.82,105.03704,578853
212.47006,105.03704,578858
213.2479,105.08407,578863
214.02486,105.15232,578868
214.80016,105.17999,578875
215.45003,105.18,578881
216.22978,105.18,578885
217.39893,105.18,578889
218.17747,105.17999,578895
218.69281,105.17999,578901
219.34233,105.18,578906
220.24953,105.17999,578911
220.6958,105.23101,578916
220.82413,105.76604,578921
220.81999,106.67578,578926
220.82,107.32521,578931
220.82,107.32521,578937
220.82,107.32521,578944
220.82,107.32521,578949
220.82,107.32521,578955
220.81999,106.805275,578960
220.82,106.025475,578964
220.8201,105.635895,578969
220.82005,105.41412,578975
220.6406,105.198875,578981
219.74422,105.17999,578986
219.09856,105.17999,578991
218.57864,105.17999,578996
217.79887,105.18,579001
216.88933,105.17999,579007
215.9803,105.18,579012
215.33351,105.17999,579018
214.69882,105.039894,579022
213.81026,104.84375,579028
213.04863,104.67562,579032
212.03313,104.451454,579037
211.80632,104.32438,579042
211.4062,104.179985,579047
211.09366,104.084076,579053
210.31613,103.97998,579058
209.52333,103.97998,579064
209.25443,103.99142,579070
208.79607,104.558014,579074
208.52525,105.00191,579079
208.36562,105.20711,579084
208.02182,105.83423,579089
207.64467,106.80334,579094
207.45271,107.28658,579099
206.86533,107.56483,579103
206.04297,107.95438,579108
205.69052,108.12132,579113
205.38565,108.186874,579118
205.17313,108.53957,579122
205.18,109.18666,579126
205.17998,109.948135,579180
204.9428,109.63857,579186
205.07378,109.13537,579191
205.17998,108.632164,579196
205.2123,108.33314,579201
205.56548,108.17796,579206
206.47443,108.18,579210
207.12047,108.17999,579216
207.12047,108.17999,579222
207.12047,108.17999,579228
207.12047,107.53002,579233
207.4545,106.71247,579239
207.9109,105.92529,579244
208.10455,105.5868,579296
208.10455,105.5868,579301
208.10455,105.5868,579306
208.10455,104.93683,579311
208.29935,104.05675,579316
208.29935,104.05675,579366
208.29935,104.05675,579370
208.29935,104.05675,579375
208.94931,104.05675,579381
209.78563,103.97998,579387
210.66629,103.97998,579392
211.00908,104.00217,579397
211.3764,104.13314,579402
211.5928,104.17995,579408
211.5928,104.17995,579414
211.5928,104.17995,579420
212.11278,104.17995,579424
212.88702,104.10312,579428
213.91653,103.9562,579433
214.81783,103.83091,579439
215.46777,103.82596,579444
216.50769,103.82,579449
217.28761,103.82,579454
218.06746,103.82001,579459
218.58711,103.8201,579463
219.23705,103.82001,579468
220.01685,103.82,579474
220.40642,103.82001,579480
220.52628,103.82001,579485
220.72166,103.74031,579490
220.82,102.92141,579495
220.82,102.1417,579499
220.82,101.10216,579505
220.82,101.10216,579510
