posx,posz,time
202.0,102.0,254959
202.0,102.0,255017
202.36209,101.855156,255023
202.03436,102.25885,255028
201.78856,102.561615,255034
201.3352,103.02738,255040
200.88187,103.49314,255045
200.88187,103.49314,255092
200.88187,103.49314,255096
200.88187,103.49314,255101
201.53183,103.49314,255105
201.7538,103.98522,255109
202.06451,104.556114,255113
202.4995,105.35537,255117
202.77666,105.943275,255121
203.16469,106.76635,255125
203.38643,107.23668,255130
203.58209,107.85649,255135
203.69951,108.22838,255196
203.69951,108.22838,255201
203.69951,108.22838,255206
203.69951,108.22838,255211
203.08112,108.18,255216
203.19951,107.82285,255221
203.75372,107.27411,255226
204.39809,106.6316,255231
205.13475,105.89755,255236
205.77928,105.25523,255241
206.42383,104.61291,255246
206.9763,104.06235,255251
207.16046,103.87883,255257
207.59581,103.23167,255263
207.81348,102.90809,255268
207.94424,102.271416,255273
207.94424,102.271416,255329
207.94424,102.271416,255334
207.94424,101.751434,255339
207.94263,101.88143,255344
207.9406,102.531395,255350
208.11473,103.1576,255355
208.17996,103.40808,255419
208.17996,103.40808,255486
208.17996,103.40808,255492
208.17996,103.40808,255498
208.17996,103.928055,255503
208.82047,104.077545,255508
209.69984,103.930405,255513
210.477,103.86444,255518
210.99492,103.820015,255524
210.99492,103.820015,255531
210.99492,103.820015,255538
211.5149,103.820015,255544
211.79176,104.209625,255549
211.82,104.713844,255554
211.8201,104.97357,255559
211.8201,104.97357,255566
211.8201,104.97357,255572
211.8201,104.97357,255579
211.82,104.7138,255585
211.81181,104.3709,255591
211.47623,104.169075,255597
211.06776,104.05596,255603
210.37819,103.97998,255608
209.65749,103.97998,255614
209.27538,103.98594,255619
208.88176,104.42136,255624
208.5421,104.97552,255629
208.38353,105.18154,255635
208.12901,105.5587,255640
207.79895,106.406654,255645
207.51283,107.13225,255650
206.87892,107.53386,255655
206.06148,107.93357,255660
205.7117,108.106026,255665
205.40656,108.18036,255670
205.40656,108.18036,255744
205.40656,108.18036,255750
205.40656,108.18036,255757
204.88658,108.18036,255762
204.78325,108.811165,255767
204.95982,109.7034,255772
205.09866,110.4709,255777
205.17998,111.10969,255783
205.10312,111.623955,255788
204.98784,112.39535,255793
204.85335,113.2953,255799
204.79572,113.68101,255804
204.72182,114.1957,255810
204.5925,115.09642,255816
204.5186,115.611115,255822
204.47932,116.259895,255828
204.43219,117.03843,255833
204.3737,117.154526,255839
204.21497,117.33139,255844
204.18,118.2173,255849
204.17998,118.734474,255854
204.18,119.37976,255860
204.18,119.5869,255866
204.18,119.5869,255872
203.98087,120.06723,255877
203.83151,120.427475,255882
203.75967,120.706375,255888
203.75967,120.706375,255958
203.75967,120.706375,255964
203.75967,120.706375,255970
203.75967,121.22635,255976
203.60992,120.99626,255981
203.18806,121.490715,255987
202.76619,121.98517,255992
202.51741,122.58563,255997
202.2686,123.186104,256002
202.26414,123.83605,256008
202.26146,124.22603,256077
202.26146,124.22603,256084
202.26146,124.22603,256091
201.6115,124.22603,256097
201.98288,124.36383,256103
202.0984,124.87081,256109
202.17998,125.37736,256115
202.2167,125.67353,256120
202.71304,126.08726,256126
203.32681,126.56853,256131
203.32681,126.56853,256138
203.32681,126.56853,256145
203.32681,127.21849,256152
203.90347,127.0486,256157
204.24945,126.868675,256162
204.76834,126.8351,256167
205.41606,126.8201,256172
205.41606,126.8201,256178
205.63655,126.80837,256183
205.99121,126.436134,256188
206.41805,125.94596,256193
206.41805,125.94596,256200
206.41805,125.94596,256206
207.19801,125.94596,256213
207.00017,125.73474,256218
206.90533,125.22349,256223
206.82002,124.71224,256229
206.77487,124.31016,256234
206.1989,123.78424,256239
206.00691,123.60893,256246
205.81874,123.42952,256252
205.6945,123.21741,256259
205.53964,122.58617,256264
205.48743,121.94038,256269
205.45026,121.03118,256275
205.34529,120.79332,256281
204.99113,120.41936,256287
204.56557,119.92807,256293
204.37971,119.808075,256298
204.16713,119.515945,256303
204.18,118.610115,256309
204.18,117.96168,256314
204.18,117.703835,256319
204.07246,117.06282,256325
203.94344,116.29361,256330
203.82002,115.5244,256335
203.82,114.61675,256339
203.82,113.44735,256343
203.82,112.53822,256348
203.82002,111.632126,256352
203.81999,110.982315,256356
203.82,109.94297,256360
203.82,109.034805,256364
203.82002,108.648224,256369
203.80164,108.36178,256373
203.38435,108.17582,256378
202.47533,108.18,256382
201.30745,108.17999,256386
201.04956,108.17999,256390
201.04956,108.17999,256436
201.04956,108.17999,256440
201.04956,107.53002,256444
200.89197,107.346825,256449
200.84755,106.69838,256454
200.82,105.79155,256458
200.79782,105.34854,256463
200.79782,105.34854,256508
200.79782,105.34854,256513
200.79782,105.34854,256519
201.44778,105.34854,256524
201.69551,105.9984,256528
201.68568,106.51828,256532
202.07108,107.041664,256536
202.45647,107.565056,256542
203.00525,107.91333,256546
203.33452,108.12229,256551
203.64362,108.198135,256556
203.64362,108.198135,256605
203.64362,108.198135,256610
203.64362,108.198135,256616
203.00398,108.18,256622
203.23915,107.75887,256627
203.9158,107.37666,256633
204.60693,107.01518,256638
205.41217,106.591385,256643
205.87233,106.34926,256648
206.46332,106.0787,256653
207.17249,105.75402,256658
207.40887,105.6458,256664
207.90889,105.50308,256669
208.13588,105.37632,256674
208.61885,104.94136,256679
209.00523,104.5934,256684
209.02994,104.315384,256689
209.12212,104.07219,256753
209.12212,104.07219,256759
209.12212,104.07219,256765
209.55765,103.97999,256770
210.32584,103.97999,256775
211.03514,104.02022,256780
211.40419,104.14628,256785
211.61998,104.18492,256791
211.82657,104.61644,256797
211.82,105.00599,256802
211.82,105.00599,256808
211.82,105.00599,256814
212.33998,105.00599,256819
213.24673,105.07045,256825
214.0232,105.144264,256830
214.79823,105.17999,256836
215.31815,105.18,256841
216.09792,105.18,256846
216.87756,105.18,256851
217.65697,105.17999,256856
218.43481,105.179985,256862
219.211,105.18,256867
220.11897,105.17999,256873
220.37637,105.17999,256879
220.69481,105.23012,256885
220.82768,105.63372,256890
220.81999,106.54352,256896
220.82,107.32292,256901
220.82,107.32292,256908
220.82,107.32292,256915
220.82,107.32292,256922
220.82,107.32292,256928
220.82,106.673,256933
220.81999,106.02318,256938
220.82,105.633606,256943
220.82,105.41223,256949
220.71854,105.25445,256954
219.9977,105.18,256959
219.22061,105.17999,256964
218.59206,105.03915,256969
217.84125,104.82787,256974
217.35204,104.65169,256980
216.61823,104.3874,256985
216.00876,104.161545,256991
215.27803,103.88883,256997
214.62822,103.87467,257003
213.84843,103.85769,257008
212.9387,103.83787,257014
212.2889,103.823715,257019
211.5093,103.82,257024
210.98933,103.82,257029
210.2098,103.82,257034
209.29994,103.82,257040
208.65036,103.8201,257045
208.65036,103.8201,257051
208.13445,103.78506,257057
207.61919,103.71516,257063
206.83925,103.708466,257069
205.92934,103.70066,257074
205.1494,103.69397,257079
204.23949,103.686165,257084
203.71953,103.6817,257090
203.06956,103.681335,257095
202.2896,103.68089,257100
201.37964,103.680374,257105
200.98965,103.68016,257111
200.8649,103.71665,257117
200.41867,103.82511,257122
199.89917,103.8201,257128
199.24922,103.82,257134
198.3393,103.82,257139
197.55937,103.82001,257144
196.7795,103.82,257149
196.1299,103.8201,257155
195.47995,103.82,257161
194.70001,103.82001,257166
193.7901,103.82,257171
193.01021,103.82,257176
192.23073,103.82001,257181
191.78775,104.09229,257186
191.13943,104.04583,257191
190.75046,104.01795,257197
190.75046,104.01795,257202
190.75046,104.01795,257208
190.10074,104.01795,257213
190.2799,104.00823,257218
190.92142,104.112724,257223
191.30632,104.17542,257227
191.30632,104.17542,257288
191.30632,104.17542,257294
191.9563,104.17542,257299
191.89581,104.79685,257304
191.82002,105.045425,257310
191.82002,105.045425,257317
191.82002,105.045425,257323
192.47,105.045425,257328
193.24872,105.08549,257333
194.02728,105.13209,257338
194.93564,105.17999,257343
195.58195,105.17999,257348
196.10187,105.18,257353
196.88165,105.18,257357
197.53137,105.1799,257362
198.4407,105.17999,257367
199.21858,105.17999,257372
200.1235,105.17999,257377
200.58728,105.17999,257382
200.79808,105.35389,257386
200.82,106.24764,257391
200.82,107.15472,257396
200.82,107.28299,257401
200.82,107.28299,257405
201.43263,107.50014,257410
202.2903,107.80413,257415
203.02545,108.064705,257420
203.2705,108.151566,257424
203.59052,108.179955,257428
203.59052,108.179955,257470
203.59052,108.179955,257474
203.59052,108.179955,257479
203.07054,108.179955,257484
203.2937,107.69789,257488
203.98479,107.33629,257492
205.0214,106.79389,257497
205.82765,106.372025,257501
206.53648,106.04661,257505
207.36345,105.66695,257509
207.98682,105.482925,257513
208.208,105.34627,257517
208.57448,104.98399,257522
209.02994,104.54794,257527
209.03018,104.26959,257533
209.38469,103.96964,257537
210.40517,103.97998,257541
210.99548,103.99485,257546
211.36235,104.12711,257550
211.58054,104.17995,257554
211.58054,104.17995,257560
211.58054,104.17995,257567
212.10051,104.17995,257573
213.00339,104.08431,257577
214.03305,103.93846,257581
214.80574,103.83223,257586
215.45569,103.82709,257592
216.10564,103.821945,257597
217.14554,103.82,257601
218.18532,103.82001,257605
218.57503,103.8201,257609
219.09499,103.82,257614
219.87482,103.82,257620
220.39435,103.8201,257626
220.51482,103.82004,257631
220.6302,103.79552,257637
220.82,103.26944,257642
220.82,102.35991,257648
220.81999,101.71002,257653
220.82,101.060455,257658
220.82,101.060455,257662
220.82,101.060455,257667
220.82,101.060455,257671
220.82,101.060455,257676
220.81999,101.71001,257680
220.82,102.61863,257684
220.82002,103.39246,257688
220.81673,103.618324,257692
220.2873,103.82553,257696
219.11789,103.82001,257701
218.46794,103.82,257705
217.42802,103.82,257711
216.64812,103.82,257716
215.86826,103.82001,257721
215.34859,103.82001,257725
214.70232,103.889336,257729
213.6683,104.00026,257733
212.76355,104.09732,257738
211.85878,104.19438,257744
211.48756,104.15873,257747
210.98634,103.99836,257751
210.11557,103.97998,257756
209.55475,103.97998,257761
209.27217,103.98669,257766
208.87888,104.42519,257771
208.53949,104.979515,257776
208.38077,105.18544,257782
207.91176,105.40992,257787
207.20132,105.73185,257791
206.2541,106.161095,257795
205.67206,106.45038,257800
204.7408,106.91323,257806
203.92593,107.31823,257811
203.07027,107.61971,257816
202.19333,107.86236,257821
201.94221,107.92969,257825
201.1878,108.1277,257829
201.06207,108.160706,257878
201.06207,108.160706,257883
201.06207,108.160706,257888
201.71204,108.160706,257893
202.49132,108.18,257898
203.26733,108.17999,257903
203.59032,108.17999,257909
203.59032,108.17999,257975
203.59032,108.17999,257981
203.59032,108.17999,257986
202.94034,108.17999,257991
202.65593,108.052315,257996
202.3331,107.644684,258001
201.84888,107.03324,258006
201.55798,106.60226,258011
201.0489,105.84803,258016
200.90346,105.63253,258022
200.82007,105.43189,258027
200.6537,105.205826,258032
199.89635,105.17999,258093
199.89635,105.17999,258098
199.89635,105.17999,258104
200.54631,105.17999,258109
200.8063,105.17999,258115
201.44356,105.30789,258120
202.33572,105.486946,258125
202.84421,105.37821,258130
203.73404,105.187935,258135
204.49675,105.02483,258140
204.9674,104.80377,258145
206.02635,104.30639,258206
206.02635,104.30639,258211
205.56747,104.55095,258216
204.99388,104.85665,258221
205.57587,104.56723,258227
206.39062,104.16205,258232
207.089,103.81475,258237
207.60895,103.80881,258242
208.12888,103.802864,258248
208.74644,104.00552,258253
209.14229,104.0536,258259
209.71413,103.97998,258265
210.5996,103.97998,258271
211.05275,104.03669,258276
211.42383,104.1566,258281
211.64098,104.19367,258287
211.64098,104.19367,258293
212.1575,104.13384,258299
212.93228,104.04411,258305
213.70706,103.95438,258310
214.61098,103.849686,258316
215.26007,103.83241,258321
216.04001,103.826256,258327
216.94992,103.82,258333
217.72983,103.82,258339
218.50949,103.82,258345
219.15924,103.82,258350
219.93907,103.82,258357
220.32877,103.82001,258363
220.56874,103.82001,258369
220.76678,103.69378,258375
220.82,103.08156,258380
220.82,102.301704,258386
220.82,101.651825,258391
220.8201,101.00237,258396
220.8201,101.00237,258403
220.8201,101.00237,258411
220.8201,101.52235,258417
220.82,102.3016,258423
220.82002,103.07896,258429
220.82,103.46259,258435
220.82,103.57442,258442
220.54207,103.83082,258448
219.76224,103.82,258453
219.11272,103.8201,258459
218.46277,103.82,258465
217.68283,103.82,258471
216.77292,103.82,258477
215.99306,103.82,258482
215.34343,103.82001,258487
214.69717,103.88943,258493
213.92168,103.97274,258498
213.14618,104.056046,258503
212.24142,104.15324,258509
211.85368,104.19489,258515
211.48209,104.15911,258521
211.05962,104.048355,258527
210.36159,103.97998,258532
209.64407,103.97998,258538
209.27078,103.98702,258543
208.80978,104.53775,258549
208.53835,104.981255,258555
208.37958,105.18713,258561
208.0794,105.68721,258567
207.74911,106.53507,258573
207.46252,107.260475,258578
206.87755,107.54378,258584
206.05858,107.94041,258590
205.7076,108.11039,258595
205.40198,108.18162,258600
205.167,108.482796,258605
205.18,109.521225,258612
204.9873,109.60614,258618
204.6134,109.24479,258623
203.95909,108.61242,258628
203.7979,108.3537,258634
203.36183,108.1766,258640
202.58269,108.17999,258645
201.67366,108.17999,258650
201.0272,108.1799,258655
201.0272,108.1799,258706
201.0272,108.1799,258710
201.0272,107.52993,258715
200.93228,107.358765,258720
200.88626,106.840836,258725
200.82,105.9345,258730
200.82,105.67694,258736
200.80365,105.36002,258742
200.80365,105.36002,258802
200.80365,105.36002,258807
200.80365,105.36002,258813
201.45361,105.36002,258819
201.70163,105.87986,258824
201.68668,106.529655,258829
201.99661,106.94717,258834
202.4615,107.57343,258839
203.0115,107.919785,258844
203.3415,108.1276,258849
203.64987,108.20135,258854
203.64987,108.20135,258921
203.64987,108.20135,258928
203.64987,108.20135,258935
203.14227,108.17846,258941
203.24367,107.80596,258946
203.79422,107.470474,258951
204.59619,107.04055,258956
205.28258,106.67013,258961
205.85463,106.36156,258966
206.44508,106.08985,258972
207.15363,105.7638,258977
207.3898,105.65512,258983
208.014,105.47397,258989
208.12354,105.403946,258995
208.50703,105.0528,259000
209.02992,104.52609,259005
209.02992,104.52609,259081
209.02992,104.52609,259087
209.02992,104.52609,259093
209.02992,104.52609,259100
209.02992,104.460144,259106
209.02992,104.37798,259111
209.02992,104.330086,259116
209.02992,104.29682,259121
209.04013,104.21596,259126
209.35762,103.96675,259131
210.25345,103.97998,259137
211.07236,104.05754,259142
211.07236,104.05754,259148
211.07236,104.05754,259155
211.59233,104.05754,259161
211.83269,104.18605,259167
211.82,104.70577,259172
211.82,104.96551,259178
211.82,104.96551,259184
211.82,104.96551,259190
212.47006,104.96551,259196
213.24582,105.0393,259202
214.02094,105.12619,259208
214.50381,105.1799,259213
214.76567,105.17999,259218
215.28557,105.18,259224
215.9354,105.18,259229
216.71509,105.18,259235
217.49454,105.18,259241
218.4024,105.17999,259247
219.05109,105.18,259252
219.83002,105.18,259257
220.34683,105.1799,259263
220.67302,105.21308,259268
220.8266,105.582306,259273
220.82,106.36212,259279
220.82,107.14179,259284
220.82,107.27161,259290
220.82,107.27161,259298
220.82,107.27161,259305
220.82,106.75163,259310
220.81999,106.101776,259315
220.82,105.71208,259320
220.82004,105.47934,259326
220.77692,105.33015,259331
220.1594,105.17999,259336
219.38126,105.17999,259341
219.12386,105.17999,259347
218.60394,105.18,259352
217.82416,105.18,259358
217.04451,105.18,259363
216.1353,105.17999,259369
215.35844,105.17999,259374
214.72446,105.061264,259380
213.8372,104.85931,259386
213.07632,104.68787,259392
212.18866,104.487656,259398
211.83319,104.335335,259404
211.43959,104.17603,259410
211.10371,104.09685,259415
210.47362,103.97998,259421
209.7383,103.97997,259426
209.3083,103.98033,259431
208.91397,104.384155,259436
208.50111,105.04588,259441
208.32822,105.22587,259447
207.85518,105.44177,259452
207.38094,105.655014,259457
206.55103,106.02819,259462
206.3139,106.13481,259467
205.73158,106.423515,259472
204.91632,106.82771,259478
204.21753,107.17416,259483
203.75166,107.40513,259488
203.25475,107.55824,259493
202.88206,107.67307,259498
202.25487,107.84364,259503
201.87856,107.94599,259509
201.37567,108.07817,259514
200.9985,108.17731,259564
200.9985,108.17731,259569
200.9985,108.17731,259575
201.64847,108.17731,259581
202.42793,108.18,259586
203.33246,108.179985,259591
203.64792,108.200294,259597
203.64792,108.200294,259667
203.64792,108.200294,259673
203.64792,108.200294,259679
203.26958,108.175156,259684
202.73737,107.900826,259690
202.37375,107.52914,259696
201.82831,106.971596,259702
201.45972,106.43626,259708
200.94368,105.686775,259714
200.81345,105.38348,259719
200.41386,105.17985,259724
199.89789,105.17999,259784
199.89789,105.17999,259790
199.89789,105.17999,259796
200.54787,105.17999,259801
200.80785,105.17999,259808
201.31764,105.2824,259814
202.08232,105.436005,259819
202.33722,105.487206,259826
202.84567,105.37836,259831
203.73547,105.18788,259836
204.49815,105.024605,259841
204.96877,104.80349,259846
206.02765,104.30598,259910
206.02765,104.30598,259916
205.56874,104.55045,259922
204.99509,104.85606,259928
205.46068,104.62452,259933
206.27544,104.21934,259938
206.97382,103.87203,259943
207.61015,103.80844,259948
208.1301,103.802734,259954
208.62408,103.96505,259959
209.14264,104.0533,259964
209.58629,103.97998,259969
210.3519,103.97998,259974
211.05324,104.0372,259979
211.4244,104.156906,259986
211.64156,104.19394,259993
211.64156,104.19394,260000
212.15807,104.13407,260006
212.93285,104.04426,260012
213.57849,103.96941,260017
214.35326,103.8796,260022
214.74065,103.834694,260029
215.2606,103.83034,260035
215.91055,103.82489,260041
216.82047,103.82,260048
217.60037,103.82001,260054
218.2502,103.82001,260059
218.63983,103.82001,260065
219.15977,103.82001,260071
219.93959,103.82001,260076
220.32927,103.8201,260082
220.56918,103.82003,260088
220.76761,103.69275,260093
220.82,102.949776,260099
220.82,102.03996,260105
220.81999,101.26023,260111
220.82,101.0006,260117
220.82,101.0006,260125
220.82,101.65017,260130
220.82,102.55888,260136
220.82,103.33382,260141
220.82,103.57247,260146
220.73517,103.72876,260151
220.02858,103.8207,260156
219.24892,103.82,260162
218.46916,103.82,260168
217.68922,103.82001,260173
216.90929,103.82,260178
216.12941,103.82,260183
215.34981,103.82,260189
214.8328,103.87552,260195
213.92802,103.97253,260200
213.28177,104.04182,260205
212.377,104.138824,260210
211.85999,104.19426,260215
211.48886,104.15866,260221
211.10983,104.10523,260226
210.36732,103.97998,260232
209.64867,103.97998,260238
209.31445,103.97998,260243
208.85144,104.48785,260248
208.50624,105.038574,260253
208.33533,105.22285,260259
208.09784,105.63871,260264
207.76697,106.48637,260269
207.48122,107.2121,260274
206.84038,107.59869,260280
206.0126,107.97658,260285
205.65833,108.13956,260290
205.4516,108.17995,260296
205.29117,108.2497,260301
205.18,109.175705,260306
205.05045,109.42394,260311
204.53745,109.02484,260316
203.92184,108.54591,260321
203.75854,108.29312,260326
203.08449,108.18,260332
202.30531,108.18,260337
201.39687,108.17999,260342
201.00995,108.17999,260347
201.00995,108.17999,260400
201.00995,108.17999,260404
201.00995,107.53003,260409
200.86707,107.35725,260414
200.83119,106.70827,260420
200.82,105.80107,260425
200.80188,105.35638,260430
200.80188,105.35638,260491
200.80188,105.35638,260496
200.80188,105.35638,260502
201.45186,105.35638,260507
201.6977,106.00619,260512
201.68639,106.52604,260518
202.07315,107.04841,260523
202.45992,107.570786,260529
202.8996,107.84836,260534
203.3393,108.12592,260539
203.64792,108.20032,260544
203.64792,108.20032,260615
203.64792,108.20032,260620
203.64792,108.20032,260626
203.00969,108.17999,260631
203.14464,107.84158,260636
203.92198,107.378876,260641
204.728,106.956635,260646
205.53194,106.53039,260651
205.87654,106.3478,260656
206.46745,106.07711,260661
207.17656,105.75228,260666
207.41292,105.644005,260672
207.91304,105.50166,260678
208.13985,105.37457,260684
208.52591,105.026245,260690
209.00848,104.59084,260696
209.02994,104.31421,260701
209.12288,104.07141,260774
209.12288,104.07141,260780
209.12288,104.07141,260786
209.68892,103.97999,260791
210.45398,103.97999,260796
211.03726,104.02199,260801
211.40651,104.14745,260805
211.6225,104.185844,260810
211.83197,104.49224,260815
211.82,105.01166,260821
211.82,105.01166,260827
211.82,105.01166,260834
212.34007,105.01166,260840
213.11739,105.07022,260845
213.89429,105.13921,260850
214.79904,105.17999,260856
215.31895,105.18,260861
215.96878,105.17999,260865
216.87839,105.18,260870
217.65773,105.18,260875
218.30629,105.17999,260880
218.69211,105.17999,260886
219.21176,105.18,260891
219.99036,105.18,260897
220.37717,105.1799,260903
220.69531,105.2306,260909
220.82756,105.63494,260915
220.82,106.54473,260920
220.82,107.32413,260925
220.82,107.32413,260932
220.82,107.32413,260939
220.82,107.32413,260945
220.82,107.32413,260951
220.81999,106.8042,260957
220.81999,106.0244,260963
220.82,105.63483,260969
220.82004,105.41324,260976
220.63844,105.19779,260982
219.87111,105.18,260988
219.2238,105.18,260993
218.59512,105.03936,260998
217.8442,104.828545,261003
217.35495,104.652466,261009
216.62106,104.38834,261014
216.49875,104.34433,261021
215.8898,104.117096,261027
215.28084,103.88987,261032
214.63103,103.87556,261038
213.98123,103.861244,261043
213.20145,103.84407,261049
212.55164,103.829765,261054
211.7719,103.82001,261060
211.51212,103.82001,261066
210.8722,103.93381,261072
210.74422,103.95657,261078
210.9901,103.8721,261084
210.9901,103.8721,261090
210.9901,103.8721,261160
210.9901,103.8721,261166
211.51007,103.8721,261171
211.71545,104.12092,261176
211.8243,104.569405,261181
211.82,104.95906,261186
211.82,104.95906,261194
211.82,104.95906,261202
211.82,104.95906,261209
211.82,104.6993,261216
211.80559,104.35708,261222
211.45038,104.1737,261228
211.10689,104.101166,261233
210.48427,103.97997,261239
209.74765,103.97997,261245
209.31198,103.97997,261250
209.05562,104.16005,261310
209.05562,104.16005,261316
209.05562,104.16005,261323
208.40564,104.16005,261329
208.20589,103.90714,261335
208.17229,103.27356,261342
208.18,102.62365,261347
208.18001,101.84376,261352
208.1799,101.064224,261358
208.1799,101.064224,261365
208.1799,101.064224,261372
207.65993,101.064224,261378
207.40836,101.58413,261383
207.39752,102.36384,261389
207.37523,103.14348,261394
207.36784,103.403366,261400
207.1529,103.87683,261406
206.83046,104.58702,261411
206.45428,105.41558,261416
206.1856,106.00741,261422
205.98203,106.485886,261427
205.6767,107.2036,261432
205.52402,107.56245,261501
205.52402,107.56245,261506
205.72554,107.083115,261510
205.97745,106.48394,261515
206.54266,106.163025,261521
207.22092,105.77793,261526
207.94438,105.497925,261532
208.16809,105.36546,261538
208.55118,105.01386,261544
209.02994,104.57444,261550
209.02994,104.306786,261555
209.12833,104.05968,261561
209.81938,103.97998,261566
210.45367,103.97998,261571
211.03703,104.02178,261576
211.40625,104.14732,261582
211.62222,104.18575,261587
212.24332,104.37733,261592
212.98862,104.60722,261597
213.85815,104.87544,261603
214.60345,105.10534,261608
215.50185,105.17563,261612
216.41162,105.17999,261617
217.19118,105.18,261623
217.97026,105.18,261628
218.61667,105.1799,261633
219.26624,105.18,261637
220.17395,105.17999,261641
220.64474,105.19652,261646
220.82996,105.51565,261651
220.81999,106.425415,261657
220.82,107.205025,261662
220.82,107.334755,261669
220.82,107.334755,261676
220.82,107.334755,261683
220.82,106.94478,261688
220.81999,106.16492,261693
220.82,105.64538,261699
220.82,105.42193,261705
220.65941,105.20919,261710
219.89938,105.18,261716
219.12352,105.17999,261721
218.62224,105.0418,261726
217.99565,104.869064,261732
217.50313,104.70318,261738
216.89114,104.484276,261743
217.25372,104.62809,261748
216.88814,104.492325,261754
216.52284,104.355804,261760
216.15767,104.218925,261765
215.3056,103.89955,261770
214.65582,103.8838,261776
214.00604,103.868034,261781
213.22632,103.84913,261786
212.31664,103.82707,261792
211.53703,103.82001,261797
210.76971,103.94649,261802
210.76971,103.94649,261809
211.01584,103.86269,261815
211.01584,103.86269,261821
211.01584,103.86269,261899
211.01584,103.86269,261908
211.53581,103.86269,261914
211.79784,104.12267,261921
211.83443,104.625725,261927
211.82,105.01509,261933
211.82,105.01509,261941
211.82,105.01509,261949
211.82,105.01509,261956
211.82,104.62549,261962
211.82,104.40203,261968
211.40538,104.179985,261974
211.12848,104.13483,261979
210.44276,103.97997,261985
209.71156,103.97997,261990
209.2979,103.981674,261995
209.07692,104.12262,262058
209.07692,104.12262,262064
209.07692,104.12262,262071
208.55695,104.12262,262077
208.28613,103.99308,262083
208.17726,103.42986,262089
208.18001,102.650024,262094
208.18,101.87013,262100
208.18,101.090546,262105
208.18,101.090546,262113
208.18,101.090546,262121
207.65993,101.090546,262127
207.40776,101.61046,262132
207.3967,102.390175,262138
207.36708,103.4297,262144
207.15056,103.90246,262149
206.82579,104.61159,262154
206.39276,105.55709,262160
206.17625,106.02984,262165
205.92174,106.62791,262170
205.51453,107.584816,262176
205.51453,107.584816,262240
205.51453,107.584816,262245
205.71608,107.10549,262250
205.96802,106.50633,262255
206.4182,106.24614,262260
207.20604,105.7908,262265
207.43114,105.6607,262271
207.92735,105.50535,262277
208.15164,105.37386,262283
208.53592,105.023575,262288
209.01627,104.58571,262293
209.02992,104.3118,262298
209.11789,104.07062,262303
209.7955,103.97998,262308
210.67635,103.97998,262314
211.01822,104.00783,262319
211.386,104.1375,262324
211.60112,104.17995,262330
212.22224,104.371414,262336
213.09183,104.639465,262341
213.83717,104.86922,262346
214.58253,105.098976,262352
215.48094,105.17148,262358
216.13078,105.18,262362
217.04036,105.17999,262367
217.81963,105.18,262373
218.5961,105.17999,262379
219.11578,105.17999,262384
219.89462,105.18,262390
220.41043,105.1799,262396
220.62494,105.187805,262402
220.83144,105.46294,262407
220.82,106.242714,262413
220.82,107.15236,262419
220.82,107.28216,262424
220.82,107.28216,262432
220.82,107.28216,262438
220.82,106.762184,262443
220.82,106.11233,262448
220.82,105.722626,262455
220.8161,105.384605,262461
220.56622,105.172844,262467
219.78711,105.17999,262473
219.14075,105.17999,262478
218.63907,105.043236,262483
217.88657,104.83811,262488
217.39676,104.663605,262494
216.53958,104.35822,262500
215.93044,104.13147,262507
215.3213,103.90472,262513
214.8015,103.89151,262519
214.02179,103.8717,262525
213.24208,103.85188,262530
212.46237,103.83207,262535
211.55281,103.82001,262541
210.77309,103.82,262547
209.99327,103.82,262552
209.21342,103.82,262557
208.69376,103.8201,262562
208.69376,103.8201,262568
208.17754,103.78644,262573
207.66191,103.71931,262577
207.01198,103.713135,262583
206.10207,103.7045,262589
205.19215,103.69586,262594
204.28224,103.687225,262599
203.76228,103.68229,262605
203.11232,103.6818,262610
202.33237,103.68122,262615
201.42241,103.680534,262620
200.90244,103.680145,262625
200.78058,103.72543,262631
200.19814,103.82,262636
199.93842,103.8201,262641
199.28847,103.82,262647
198.50853,103.82,262651
197.7286,103.82,262656
196.94872,103.82,262661
196.16908,103.82,262666
195.38939,103.82,262671
194.60945,103.82,262676
193.9595,103.8201,262681
193.17961,103.82,262686
192.39992,103.82001,262691
191.82022,104.08076,262696
191.30121,104.04901,262701
190.78221,104.017265,262706
190.78221,104.017265,262711
190.78221,104.017265,262717
190.13281,104.017265,262723
190.2799,104.00792,262728
190.9214,104.11256,262733
191.30629,104.17535,262737
191.30629,104.17535,262797
191.30629,104.17535,262803
191.82626,104.17535,262808
191.89581,104.79679,262813
191.82002,105.045364,262819
191.82002,105.045364,262825
191.82002,105.045364,262831
192.46999,105.045364,262836
193.24881,105.07982,262841
194.02724,105.12877,262846
194.93549,105.17999,262850
195.58182,105.17998,262855
196.10172,105.17999,262860
197.01144,105.18,262865
197.79103,105.18,262870
198.57033,105.17999,262875
199.34734,105.18,262880
200.12334,105.17999,262886
200.58716,105.17999,262892
200.79793,105.35359,262897
200.82,106.1174,262901
200.82,107.154335,262906
200.82,107.28261,262912
200.82,107.28261,262919
201.4326,107.49983,262925
202.29024,107.80394,262930
203.02534,108.064606,262935
203.27039,108.15149,262940
203.59042,108.179955,262945
203.59042,108.179955,263013
203.59042,108.179955,263018
203.59042,108.179955,263023
203.07045,108.179955,263028
203.28638,107.73728,263033
203.84413,107.41123,263038
204.65079,106.99017,263043
205.34137,106.627625,263047
205.80179,106.385994,263052
206.39223,106.11426,263057
207.21884,105.73382,263062
207.95633,105.48708,263066
208.18091,105.3561,263071
208.56355,105.00402,263076
209.02994,104.56392,263081
209.02994,104.30292,263086
209.2127,103.99863,263091
210.09248,103.97999,263097
210.83176,103.97999,263102
211.41995,104.15448,263107
211.63687,104.19177,263114
211.63687,104.19177,263121
212.15343,104.1323,263127
213.05742,104.02824,263133
213.83226,103.93903,263138
214.6071,103.84983,263144
215.25621,103.83261,263150
216.16614,103.82516,263156
216.94606,103.82,263162
217.72595,103.82,263167
218.63544,103.82001,263173
219.28535,103.82,263179
220.06514,103.82,263184
220.3249,103.82001,263189
220.56528,103.82001,263195
220.81346,103.61228,263201
220.82,102.83869,263206
220.82,102.05879,263211
220.82,101.27905,263217
220.82,101.01939,263223
220.82,101.01939,263230
220.82,101.01939,263236
220.82,101.66936,263242
220.81999,102.4485,263247
220.82,103.22481,263252
220.82002,103.58253,263257
220.51584,103.83214,263262
220.38554,103.82001,263268
219.86563,103.82,263273
219.21597,103.82001,263278
218.56625,103.82,263283
217.78632,103.82,263288
217.0064,103.82,263293
216.2265,103.82,263299
215.5767,103.82,263304
215.31697,103.8201,263310
214.79701,103.82,263316
214.14706,103.82001,263321
213.36713,103.82001,263326
212.45726,103.82,263331
211.80743,103.82,263336
211.41786,103.8201,263342
210.78003,103.945114,263348
210.78003,103.945114,263354
210.9029,103.90266,263360
210.9029,103.90266,263365
210.9029,103.90266,263436
210.9029,103.90266,263442
211.55286,103.90266,263448
211.74246,104.15572,263454
211.82045,104.75658,263459
211.82,105.01624,263465
211.82,105.01624,263471
211.82,104.62665,263477
211.82,104.402985,263484
211.53554,104.1686,263490
211.0369,104.029625,263496
210.31915,103.97998,263501
209.6109,103.97998,263507
209.5251,103.97998,263569
209.5251,103.97998,263575
209.5251,103.97998,263583
209.00513,103.97998,263589
209.0361,104.23734,263594
209.07855,104.85592,263601
209.12349,104.977905,263608
209.12349,104.977905,263616
208.63309,105.15077,263621
208.31429,105.22248,263628
208.17142,105.612,263633
208.18001,106.52179,263638
208.18,107.30125,263644
208.18,107.30125,263652
208.18,107.30125,263659
207.66002,107.30125,263664
206.93353,107.53093,263668
206.11296,107.92412,263673
205.64226,108.14506,263679
205.43852,108.17995,263684
205.43852,108.17995,263745
205.43852,108.17995,263750
205.43852,108.17995,263757
205.8285,108.17995,263761
206.78119,107.85462,263766
207.1188,107.65943,263772
207.40138,107.07411,263778
207.79701,106.25466,263784
208.07962,105.66934,263788
208.17993,105.45632,263794
208.56935,104.992744,263800
209.02992,104.55502,263805
209.02997,104.27224,263811
209.24979,103.98292,263817
210.14055,103.97999,263822
210.87404,103.97999,263828
211.33316,104.13935,263834
211.66565,104.207245,263839
212.16286,104.35942,263844
212.90868,104.587685,263849
213.65448,104.81594,263855
214.4003,105.044205,263860
214.77321,105.15833,263866
215.29308,105.16867,263872
215.94292,105.18,263878
216.72263,105.17999,263885
217.37224,105.17999,263892
218.02155,105.18,263898
218.6671,105.17999,263904
219.31664,105.18,263910
220.09488,105.17999,263915
220.35257,105.17999,263922
220.67757,105.21627,263928
220.82768,105.59283,263934
220.82,106.50262,263940
220.82,107.15232,263945
220.82,107.28212,263951
220.82,107.28212,263960
220.82,107.28212,263967
220.82,106.63215,263973
220.82,105.72255,263978
220.81607,105.38454,263983
220.43614,105.17796,263989
219.78691,105.17999,263994
219.14055,105.17999,263999
218.63889,105.04322,264003
217.88638,104.838066,264009
217.27412,104.61993,264015
216.5394,104.35816,264020
216.5394,104.35816,264026
215.93027,104.13141,264031
215.32114,103.904655,264036
214.80133,103.89146,264041
214.02162,103.87165,264046
213.24191,103.85185,264050
212.33224,103.82875,264055
211.55264,103.82,264060
210.9125,103.91955,264065
210.78491,103.944435,264071
210.90768,103.90171,264077
210.90768,103.90171,264082
210.90768,103.90171,264149
210.90768,103.90171,264155
211.42766,103.90171,264160
211.74483,104.15533,264166
211.82619,104.62856,264171
211.82,105.01809,264177
211.82,105.01809,264184
211.82,105.01809,264190
211.82,105.01809,264197
211.82,104.628494,264202
211.82005,104.404526,264207
211.5383,104.16889,264212
211.03827,104.03067,264219
210.32092,103.97998,264225
209.71574,103.97998,264230
209.29944,103.98144,264235
209.07825,104.12062,264309
209.07825,104.12062,264314
209.07825,104.12062,264321
208.55827,104.12062,264326
208.28703,103.99112,264331
208.17746,103.4304,264336
208.18001,102.65066,264341
208.18,101.74081,264346
208.18,101.091194,264352
208.18,101.091194,264359
208.18,101.091194,264367
207.53003,101.091194,264373
207.39969,101.741165,264379
207.3873,102.52098,264384
207.37198,103.17077,264390
207.36586,103.43068,264395
207.09535,104.02168,264401
206.71664,104.84908,264406
206.33792,105.67649,264412
206.17561,106.03109,264418
205.92114,106.629166,264424
205.56487,107.46648,264429
205.51398,107.5861,264489
205.51398,107.5861,264494
205.71553,107.10677,264501
205.96747,106.507614,264508
206.53006,106.18213,264513
207.09267,105.85664,264518
207.43022,105.661354,264524
207.92638,105.50578,264530
208.1507,105.37435,264536
208.63112,104.93658,264542
209.01547,104.586365,264548
209.02994,104.31209,264554
209.0782,104.124,264559
209.7945,103.97998,264564
210.67513,103.97998,264570
211.01712,104.0071,264575
211.38486,104.136955,264581
211.60011,104.17995,264588
212.09703,104.33308,264594
212.71817,104.52449,264599
213.58777,104.79247,264604
214.33315,105.02216,264610
214.83006,105.17529,264616
215.34996,105.17999,264621
216.12975,105.18,264627
216.90936,105.18,264632
217.68872,105.18,264637
218.46637,105.17999,264641
219.24458,105.17999,264647
219.89415,105.17999,264652
220.40996,105.17999,264658
220.62448,105.187614,264664
220.83131,105.46169,264669
220.82,106.371445,264674
220.82,107.280914,264680
220.82,107.280914,264686
220.82,107.280914,264693
220.82,107.280914,264698
220.82,107.280914,264704
220.81999,106.76099,264710
220.81999,106.11114,264715
220.82,105.721436,264721
220.81569,105.38345,264726
220.43327,105.17746,264732
219.78406,105.17999,264737
219.13773,105.17999,264743
218.63612,105.04299,264749
217.88373,104.83749,264755
217.39395,104.66287,264760
216.53683,104.3573,264765
216.53683,104.3573,264771
216.04955,104.17587,264776
215.3186,103.90373,264780
214.66884,103.88737,264784
213.88913,103.86773,264788
212.8495,103.841545,264793
211.80989,103.82001,264797
211.4203,103.82001,264801
210.78242,103.94476,264806
210.78242,103.94476,264811
210.90524,103.90218,264815
210.90524,103.90218,264820
210.90524,103.90218,264889
210.90524,103.90218,264895
211.55522,103.90218,264901
211.74364,104.15552,264907
211.82607,104.62762,264913
211.82,105.01715,264918
211.82,105.01715,264924
211.82,105.01715,264931
211.82,105.01715,264937
211.82,104.62755,264943
211.82,104.40374,264949
211.40837,104.179985,264955
211.0942,104.08472,264960
210.4444,103.97997,264965
209.71297,103.97997,264970
209.25497,103.99126,264974
209.07736,104.12195,265037
209.07736,104.12195,265043
209.07736,104.12195,265050
208.4274,104.12195,265056
208.28644,103.99242,265062
208.17233,103.55957,265067
208.18,102.51994,265073
208.18,101.61011,265078
208.18,101.09046,265083
208.18,101.09046,265090
208.18,101.09046,265098
207.65993,101.09046,265103
207.40971,101.74036,265109
207.39703,102.52002,265115
207.36798,103.42951,265121
207.0972,104.020386,265127
206.7181,104.84761,265132
206.28484,105.793015,265137
205.97304,106.507866,265142
205.61664,107.34512,265147
205.51479,107.58433,265211
205.51479,107.58433,265219
205.71632,107.104996,265226
205.96823,106.50583,265232
206.41847,106.24571,265237
207.20638,105.790504,265243
207.4315,105.660446,265249
207.92775,105.50517,265255
208.15202,105.37367,265260
208.63234,104.93577,265266
209.01659,104.58545,265272
209.02994,104.311676,265278
209.11815,104.07034,265283
209.79614,103.97999,265288
210.67694,103.97999,265293
211.01875,104.00818,265299
211.38658,104.13776,265305
211.60161,104.17995,265310
212.22273,104.37144,265316
212.96806,104.60122,265321
213.71341,104.83101,265326
214.58298,105.0991,265332
215.22713,105.14495,265337
216.1368,105.16675,265342
216.78653,105.18,265346
217.69583,105.18,265351
218.60202,105.17999,265356
219.25159,105.18,265362
220.03006,105.17999,265368
220.41621,105.17999,265375
220.63074,105.19013,265381
220.83234,105.478546,265388
220.82,106.38829,265394
220.81999,107.03806,265400
220.82,107.29773,265407
220.82,107.29773,265415
220.82,107.29773,265422
220.82,106.647766,265428
220.82,105.73813,265433
220.79678,104.95905,265438
220.76793,104.30973,265443
220.75064,103.920135,265450
220.8251,103.4484,265456
220.81999,102.7985,265462
220.82,101.888626,265468
220.82,101.23888,265473
220.82,101.10902,265540
220.82,101.10902,265546
220.82,101.10902,265553
220.82,101.62899,265559
220.81999,102.40827,265564
220.82,103.31325,265569
220.79382,103.66561,265575
220.79382,103.66561,265643
220.79382,103.66561,265649
220.79382,103.66561,265656
220.79382,104.185585,265661
220.17795,104.23782,265667
219.4389,103.988525,265672
219.06937,103.863884,265678
218.54947,103.85564,265684
217.7696,103.84327,265689
216.98973,103.83091,265694
216.20987,103.82001,265699
215.43019,103.82001,265704
214.78365,103.878044,265709
214.00829,103.96261,265714
213.10356,104.06006,265718
212.19885,104.15759,265723
211.81111,104.199394,265728
211.43716,104.17045,265734
211.10236,104.09501,265739
210.46942,103.97998,265744
209.62901,103.97998,265749
209.53928,103.97998,265822
209.53928,103.97998,265829
209.53928,103.97998,265835
209.0193,103.97998,265840
209.05014,104.18425,265845
209.07106,104.79266,265850
209.15318,105.03934,265855
209.15318,105.03934,265860
208.64989,105.16995,265865
208.32526,105.21428,265870
208.17645,105.71623,265874
208.18,106.62601,265879
208.18,107.27554,265884
208.18,107.27554,265889
208.18,107.27554,265896
207.65993,107.27554,265901
206.82004,107.56909,265907
206.11969,107.912315,265912
205.6513,108.13812,265917
205.44629,108.17994,265922
205.44629,108.17994,265996
205.44629,108.17994,266003
205.44629,108.17994,266011
205.44629,108.17994,266017
205.96626,108.17994,266021
206.79071,107.89428,266026
207.11658,107.68003,266031
207.39754,107.09393,266036
207.7909,106.273384,266041
208.07187,105.68729,266046
208.17993,105.47318,266052
208.55031,105.00845,266057
209.02994,104.57138,266062
209.02994,104.27634,266067
209.14992,104.03986,266072
209.86433,103.97999,266077
210.62038,103.97999,266082
211.06679,104.05196,266087
211.43993,104.1653,266092
211.65749,104.20231,266097
212.15459,104.35481,266102
213.02454,104.62169,266107
213.89447,104.88857,266113
214.64014,105.117325,266118
215.41434,105.162285,266124
216.19412,105.17876,266129
216.97379,105.18,266135
217.8829,105.17999,266141
218.65839,105.17999,266146
219.30794,105.18,266152
220.08621,105.17999,266156
220.34398,105.17999,266162
220.67075,105.21152,266169
221.01787,105.59833,266175
221.44878,106.08493,266180
221.96596,106.66876,266185
222.48312,107.2526,266191
222.95924,107.356766,266196
223.73853,107.38704,266202
224.51761,107.42418,266208
225.2967,107.46072,266214
225.94597,107.49118,266219
226.33551,107.50946,266226
226.85548,107.51233,266233
227.50545,107.51593,266238
228.0254,107.5188,266243
228.0254,107.5188,266308
228.0254,107.5188,266314
227.50543,107.5188,266319
227.76543,107.519424,266324
227.50543,107.51982,266329
226.85547,107.519936,266334
226.46548,107.51994,266339
225.55553,107.51995,266345
224.90556,107.519966,266350
223.9956,107.51997,266355
223.08565,107.51998,266361
222.5894,107.1509,266366
222.03143,106.60598,266371
221.37593,105.974846,266376
221.00146,105.61409,266381
220.81584,105.43205,266386
220.58063,105.17618,266392
219.80148,105.17999,266397
219.15492,105.17999,266402
219.15492,105.17999,266408
219.15492,105.17999,266415
218.50496,105.17999,266421
217.72513,105.17999,266427
216.81558,105.17999,266432
216.03638,105.18,266437
215.26091,105.18,266442
214.75365,105.065605,266447
213.99277,104.89414,266452
213.23189,104.72268,266457
212.47101,104.55121,266462
212.09058,104.46548,266468
212.09058,104.46548,266544
212.09058,104.46548,266549
212.09058,104.46548,266555
212.09058,104.46548,266561
211.86006,104.34523,266566
211.47398,104.16893,266571
211.11214,104.10866,266576
210.50226,103.97998,266581
209.76357,103.97998,266586
209.56041,103.97998,266591
209.56041,103.97998,266660
209.56041,103.97998,266670
209.17043,103.97998,266676
209.02998,104.48494,266682
209.12459,104.980644,266689
209.12459,104.980644,266696
209.12459,104.980644,266702
208.60461,104.980644,266707
208.26334,105.2276,266712
208.1796,105.81526,266717
208.18,106.59509,266722
208.1799,107.24468,266727
208.1799,107.24468,266734
208.1799,107.24468,266741
207.65993,107.24468,266747
206.93915,107.4856,266752
206.2436,107.83847,266757
205.66217,108.12898,266762
205.45578,108.17995,266768
205.45578,108.17995,266837
205.45578,108.17995,266843
205.45578,108.17995,266850
205.45578,108.17995,266857
206.10574,108.17995,266862
207.01231,107.78548,266867
207.3348,107.235054,266872
207.6688,106.53024,266877
208.06152,105.709404,266882
208.18423,105.38372,266887
208.63696,104.930855,266892
209.02144,104.58078,266898
209.02992,104.30964,266903
209.28369,103.974655,266908
209.41315,103.96273,266913
209.41315,103.96273,266920
209.41315,103.96273,266925
209.41315,103.96273,267001
209.41315,103.96273,267008
208.89317,103.96273,267015
209.13002,104.06441,267020
209.05362,104.164314,267027
209.03,104.64809,267032
209.14641,105.01989,267038
209.14641,105.01989,267045
209.14641,105.01989,267052
208.62643,105.01989,267057
208.31651,105.139915,267062
208.17444,105.53466,267067
208.18001,106.44445,267073
208.18,107.09419,267079
208.18,107.22404,267088
208.18,107.22404,267095
207.56863,107.44469,267101
207.08154,107.62668,267106
206.10736,107.99065,267111
205.62029,108.17264,267116
205.4188,108.17994,267121
205.4188,108.17994,267191
205.4188,108.17994,267196
205.4188,108.17994,267202
205.93877,108.17994,267207
206.76384,107.858795,267212
207.10289,107.6661,267217
207.38815,107.08208,267222
207.73047,106.38125,267227
208.07278,105.68043,267232
208.17995,105.46719,267238
208.46077,105.090065,267243
209.02992,104.56547,267248
209.02994,104.30348,267253
209.13539,104.0528,267258
209.83443,103.97999,267262
210.82913,103.97999,267268
211.42874,104.15266,267274
211.64516,104.195694,267279
211.82,104.67212,267285
211.82,104.93189,267291
211.82,104.93189,267298
211.82,104.93189,267303
212.33998,104.93189,267308
213.11552,104.99958,267313
213.88933,105.097374,267318
214.53435,105.17732,267324
214.79173,105.179985,267331
215.31165,105.18,267338
216.09143,105.17999,267344
216.74117,105.17999,267350
217.52065,105.18,267356
218.16956,105.17999,267361
218.68506,105.17999,267366
219.20471,105.18,267370
219.98334,105.17999,267376
220.37024,105.17999,267382
220.69061,105.22648,267388
220.82835,105.623665,267394
220.82,106.40348,267399
220.82,107.31288,267405
220.82,107.31288,267411
220.82,107.31288,267418
220.82,107.31288,267424
220.82,107.31288,267430
220.82,106.792946,267435
220.82,105.883224,267440
220.82,105.404106,267446
220.49184,105.168655,267452
219.71286,105.17999,267458
219.06786,105.17999,267465
218.56795,105.03695,267472
217.81808,104.82239,267477
217.32916,104.64537,267482
216.5958,104.379845,267487
216.5958,104.379845,267494
215.98676,104.152855,267500
215.2559,103.88046,267506
214.73602,103.87015,267512
213.82625,103.8521,267517
212.91647,103.834045,267523
212.13667,103.82,267528
211.48706,103.8201,267534
210.84763,103.93664,267540
210.71974,103.95995,267546
210.9664,103.87779,267551
210.9664,103.87779,267556
210.9664,103.87779,267609
210.9664,103.87779,267617
211.35638,103.87779,267622
211.70262,104.12306,267628
211.82155,104.55797,267634
211.82,104.947655,267639
211.82,104.947655,267645
211.82,104.947655,267651
211.82,104.947655,267657
211.82,104.687904,267662
211.82,104.455635,267668
211.63202,104.194466,267674
211.08783,104.077286,267678
210.30333,103.97998,267683
209.59901,103.97998,267689
209.59901,103.97998,267752
209.59901,103.97998,267757
209.59901,103.97998,267763
209.07904,103.97998,267768
208.97672,104.47547,267773
209.13054,104.9713,267779
209.13054,104.9713,267786
209.13054,104.9713,267792
208.61057,104.9713,267797
208.26787,105.21778,267802
208.18001,105.67184,267806
208.18001,106.84155,267811
208.1799,107.23124,267815
208.1799,107.23124,267821
208.1799,107.23124,267827
207.65993,107.23124,267832
206.94052,107.47478,267837
206.24692,107.83143,267841
205.66704,108.12504,267847
205.46005,108.17994,267852
205.46005,108.17994,267913
205.46005,108.17994,267918
205.46005,108.17994,267924
206.11002,108.17994,267929
206.80266,107.891525,267933
207.12714,107.67521,267938
207.35051,107.20566,267944
207.74142,106.38395,267949
208.07648,105.67962,267955
208.17995,105.46567,267962
208.46248,105.08864,267968
209.02992,104.56398,267975
209.02994,104.274506,267982
209.24062,103.98629,267987
210.00204,103.97999,267993
210.86443,103.97999,267999
211.34003,104.118385,268004
211.66942,104.20969,268010
212.29099,104.39969,268016
212.91257,104.58969,268022
213.65846,104.81769,268028
214.40434,105.04569,268034
214.7773,105.15969,268040
215.29716,105.16987,268046
216.20692,105.18,268051
216.85664,105.18,268056
217.63608,105.17999,268061
218.41405,105.17999,268067
219.1906,105.18,268072
219.83963,105.18,268077
220.35632,105.1799,268082
220.68042,105.21839,268087
220.82814,105.59954,268092
220.82,106.50933,268098
220.82,107.28881,268103
220.82,107.28881,268108
220.82,107.28881,268115
220.82,107.28881,268120
220.82,107.28881,268127
220.82,106.63889,268132
220.81999,105.72932,268137
220.81827,105.39115,268142
220.58351,105.17693,268147
219.80437,105.17999,268152
219.15776,105.1799,268157
218.50789,105.18,268162
217.72812,105.18,268167
216.9485,105.18,268172
216.16919,105.17999,268177
215.521,105.18,268183
214.75839,105.058014,268189
213.99779,104.88549,268194
213.23615,104.71747,268199
212.34764,104.52105,268205
212.09378,104.464935,268211
211.86284,104.34554,268217
211.4767,104.16861,268222
211.06747,104.05568,268228
210.25136,103.97998,268234
209.657,103.97998,268239
209.2752,103.98598,268244
208.81369,104.53239,268249
208.54198,104.97572,268255
208.38339,105.18174,268260
208.0831,105.68061,268265
207.7524,106.52832,268270
207.46541,107.25356,268276
206.88106,107.538155,268282
206.17984,107.87967,268287
205.71237,108.107346,268293
205.40663,108.18034,268298
205.16803,108.465935,268304
205.18,109.24189,268310
205.18,109.99527,268368
204.88022,109.570404,268374
205.08397,108.9532,268381
205.16548,108.70632,268388
205.18323,108.39646,268394
205.5267,108.171455,268399
206.30583,108.17999,268403
207.08221,108.17999,268408
207.08221,108.17999,268414
207.08221,108.17999,268420
207.08221,107.66002,268426
207.40993,106.83873,268432
207.85503,106.04513,268437
208.10625,105.589874,268503
208.10625,105.589874,268511
208.10625,105.589874,268521
208.10625,105.06989,268527
208.2423,104.308044,268533
208.3103,104.05711,268609
208.3103,104.05711,268614
208.3103,104.05711,268620
208.83028,104.05711,268625
209.14227,104.05493,268630
209.58397,103.97998,268635
210.34962,103.97998,268640
211.0518,104.03568,268646
211.42276,104.15601,268651
211.63983,104.19314,268657
211.63983,104.19314,268662
212.15637,104.133415,268667
212.93117,104.04383,268672
213.8351,103.93931,268677
214.73903,103.83479,268683
215.38898,103.82933,268689
216.16891,103.82278,268694
217.07884,103.82001,268699
217.85872,103.82,268705
218.63821,103.82,268710
219.15816,103.82,268715
219.93799,103.82,268721
220.32768,103.8201,268726
220.56776,103.82003,268732
220.76494,103.696106,268738
220.82,102.95767,268744
220.82,102.17783,268749
220.82,101.39803,268755
220.82,101.00847,268762
220.82,101.00847,268769
220.82,101.00847,268777
220.82,101.00847,268785
220.82,101.00847,268793
220.82,101.52815,268799
220.82,102.17749,268804
220.82,102.95542,268809
220.82,103.46809,268815
220.82,103.57943,268823
220.64374,103.799805,268829
220.51501,103.82004,268834
220.51501,103.82004,268840
219.8652,103.82,268845
219.08578,103.82001,268851
218.56583,103.82,268856
217.78589,103.82,268862
217.00597,103.82,268867
216.35605,103.82,268872
215.44638,103.82001,268878
214.79659,103.82,268886
214.14664,103.82001,268893
213.49669,103.82,268900
212.71677,103.82,268907
211.93694,103.82001,268912
211.4174,103.8201,268918
210.77959,103.945175,268923
210.77959,103.945175,268929
210.90245,103.90274,268934
210.90245,103.90274,268939
210.90245,103.90274,269006
210.90245,103.90274,269012
211.42242,103.90274,269018
211.6683,104.135475,269023
211.82738,104.529564,269029
211.8201,105.048965,269034
211.8201,105.048965,269041
211.8201,105.048965,269048
211.8201,105.048965,269055
211.82,104.65932,269061
211.82,104.43068,269066
211.45944,104.17186,269072
211.11003,104.10558,269077
210.49487,103.97998,269083
209.64912,103.97998,269089
209.55551,103.97998,269168
209.55551,103.97998,269172
209.55551,103.97998,269179
209.03554,103.97998,269183
209.03484,104.24227,269189
209.03662,104.74054,269194
209.12624,104.98459,269200
209.12624,104.98459,269206
209.12624,104.98459,269213
208.60626,104.98459,269218
208.21141,105.114494,269224
208.1624,105.6123,269229
208.17831,106.39209,269234
208.18,107.30151,269239
208.18,107.30151,269245
208.18,107.30151,269252
207.65993,107.30151,269258
206.93343,107.53115,269264
206.11224,107.9231,269270
205.6419,108.14481,269276
205.43828,108.17994,269283
205.43828,108.17994,269345
205.43828,108.17994,269351
205.43828,108.17994,269358
205.95825,108.17994,269364
206.78098,107.854675,269370
207.1186,107.659515,269376
207.40123,107.07421,269382
207.74039,106.37184,269387
208.07953,105.66948,269392
208.17995,105.45645,269398
208.47311,105.08041,269404
209.02994,104.555145,269410
209.02995,104.272285,269416
209.2496,103.98299,269422
210.01291,103.97998,269427
210.87384,103.97998,269432
211.33298,104.13922,269438
211.66548,104.207146,269444
212.28699,104.39737,269449
213.1571,104.66369,269454
213.77861,104.85391,269459
214.64873,105.12023,269464
215.42296,105.1647,269470
216.20276,105.17952,269475
216.98242,105.17999,269480
217.7619,105.17999,269485
218.53899,105.17999,269491
219.18668,105.18,269496
219.96533,105.17999,269502
220.35246,105.17999,269507
220.67749,105.21622,269513
220.82767,105.592674,269519
220.81999,106.37248,269525
220.82,107.02226,269531
220.82,107.281944,269537
220.82,107.281944,269544
220.82,107.281944,269550
220.82,106.76197,269557
220.82,105.98218,269562
220.8201,105.72241,269567
220.81602,105.384415,269573
220.5657,105.17274,269578
219.65688,105.17999,269585
219.14023,105.17999,269592
218.62033,105.18,269598
217.9705,105.17999,269606
217.32074,105.18,269612
216.67111,105.17999,269617
215.7624,105.18,269623
215.24666,105.1799,269629
214.7395,105.06514,269636
213.97878,104.893005,269642
213.21805,104.72087,269647
212.45732,104.54873,269653
212.07695,104.46266,269659
211.84734,104.34072,269665
211.4578,104.17151,269670
211.1093,104.10455,269676
210.36542,103.97998,269682
209.64714,103.97998,269687
209.2718,103.98678,269693
208.87856,104.42564,269698
208.53918,104.97997,269703
208.38046,105.18588,269708
208.12599,105.563995,269713
207.79626,106.41208,269719
207.51047,107.137794,269724
206.87613,107.53843,269729
206.17465,107.87941,269735
205.70787,108.10851,269741
205.40244,108.18149,269747
205.16705,108.48115,269753
205.18,109.2571,269758
205.18,110.00939,269821
204.88492,109.58125,269826
205.08469,108.962746,269832
205.1646,108.71535,269838
205.18077,108.40497,269843
205.49886,108.16771,269849
206.40778,108.17999,269855
207.0547,108.17999,269860
207.0547,108.17999,269866
207.0547,108.17999,269873
207.0547,107.66002,269879
207.38858,106.84238,269884
207.77798,106.16664,269890
208.0978,105.6008,269951
208.0978,105.6008,269957
208.0978,105.6008,269963
208.0978,104.95083,269969
208.21558,104.31907,269974
208.29408,104.07122,270046
208.29408,104.07122,270052
208.29408,104.07122,270059
208.94405,104.07122,270065
209.76146,103.97998,270071
210.6435,103.97998,270077
210.98712,103.99094,270082
211.35384,104.12366,270087
211.68086,104.21785,270094
211.68086,104.21785,270102
211.68086,104.21785,270108
212.33084,104.21785,270114
213.23077,104.104195,270119
213.99966,103.9733,270124
214.76903,103.84513,270129
215.41895,103.838,270135
216.19887,103.82943,270140
217.10876,103.82001,270146
217.88866,103.82001,270152
218.53831,103.82,270157
219.18803,103.82,270164
219.70793,103.82,270169
220.3575,103.82001,270175
220.47957,103.82001,270181
220.53993,103.818184,270187
220.83217,103.49333,270193
220.81999,102.71373,270199
220.81999,101.93383,270205
220.82,101.284065,270210
220.82,101.0244,270216
220.82,101.0244,270224
220.82,101.0244,270230
220.82,101.54437,270236
220.82,102.32371,270240
220.82,103.229645,270245
220.82,103.59366,270251
220.60896,103.815094,270257
219.83186,103.82001,270263
219.18225,103.82001,270268
218.5323,103.82001,270274
217.75237,103.82,270279
216.97244,103.82001,270284
216.19257,103.82,270289
215.41289,103.82001,270295
214.76639,103.8783,270300
213.73259,103.99117,270305
212.95717,104.075134,270311
212.18173,104.15914,270316
211.92326,104.18714,270322
211.41653,104.17889,270328
211.09673,104.08784,270334
210.45198,103.97998,270339
209.7195,103.97998,270344
209.30087,103.98123,270349
208.90631,104.392204,270354
208.49493,105.054855,270360
208.31955,105.22946,270367
208.09206,105.660774,270373
207.75972,106.50786,270378
207.47322,107.23329,270383
207.00723,107.46401,270389
206.30826,107.8101,270394
205.60928,108.15617,270399
205.4126,108.17994,270405
205.1708,108.444824,270410
205.18,109.220795,270416
205.18,109.975655,270479
204.87352,109.555595,270485
205.1248,108.81722,270491
205.18694,108.38524,270496
205.55963,108.17948,270501
206.59825,108.17999,270507
207.11467,108.17999,270513
207.11467,108.17999,270520
207.11467,108.17999,270526
207.11467,107.66002,270531
207.43497,106.834465,270536
207.80873,106.14995,270540
208.05438,105.69166,270600
208.05438,105.69166,270605
208.05438,105.69166,270611
208.05438,105.171684,270617
208.55489,105.05266,270622
208.93027,105.15839,270628
208.93027,105.15839,270634
208.93027,105.15839,270641
208.93027,105.15839,270647
209.04544,104.7167,270652
209.02992,104.29644,270658
209.1361,104.05896,270719
209.1361,104.05896,270725
209.1361,104.05896,270732
209.7177,103.97999,270737
210.4823,103.97999,270742
211.05652,104.04088,270747
211.42818,104.15902,270753
211.64551,104.19587,270759
211.82,104.67287,270765
211.82,104.93264,270771
211.82,104.93264,270777
211.82,104.93264,270783
212.47006,104.93264,270788
213.37395,105.02125,270794
214.14714,105.123795,270799
214.79114,105.179985,270805
215.1984,105.1799,270811
215.84825,105.18,270816
216.88776,105.18,270821
217.66713,105.18,270827
218.31566,105.17999,270833
218.5737,105.17999,270839
219.09338,105.18,270846
219.87227,105.18,270851
220.38847,105.179985,270858
220.60237,105.18024,270864
220.82674,105.530655,270871
220.81999,106.180504,270876
220.81999,106.96029,270881
220.82,107.220055,270886
220.82,107.220055,270892
220.82,107.220055,270899
220.82,107.220055,270906
220.82,107.220055,270913
220.82,106.70012,270918
220.81999,105.92036,270924
220.8201,105.66067,270929
220.82005,105.43477,270934
220.59181,105.17932,270939
219.94331,105.17999,270944
219.16681,105.17999,270950
218.539,105.0117,270956
217.78564,104.80975,270961
217.29663,104.632996,270966
216.56311,104.36787,270972
216.56311,104.36787,270979
216.0759,104.18622,270984
215.22328,103.86833,270989
214.57341,103.85729,270995
213.79356,103.84405,271000
213.0137,103.8308,271005
212.23386,103.82,271010
211.45433,103.82001,271015
210.94337,103.91638,271020
210.68788,103.96456,271026
210.93541,103.885025,271032
210.93541,103.885025,271037
210.93541,103.885025,271100
210.93541,103.885025,271107
211.58537,103.885025,271113
211.75754,104.14156,271118
211.82985,104.62559,271123
211.82,105.01505,271129
211.82,105.01505,271136
211.82,105.01505,271142
211.82,105.01505,271149
211.82,104.62546,271155
211.82,104.402,271160
211.40532,104.17998,271166
211.09366,104.08407,271172
210.4428,103.97998,271178
209.7116,103.97998,271184
209.25443,103.99142,271190
209.07692,104.12262,271259
209.07692,104.12262,271265
209.07692,104.12262,271272
208.42696,104.12262,271278
208.22044,103.868195,271283
208.16739,103.243645,271289
208.18,102.46382,271294
208.18,101.68396,271299
208.1799,101.03444,271304
208.1799,101.03444,271310
208.1799,101.03444,271316
207.65993,101.03444,271321
207.32362,101.68218,271326
207.34955,102.46124,271331
207.35735,103.37116,271336
207.09297,103.96493,271342
206.77571,104.67745,271346
206.4056,105.508736,271351
206.19409,105.98375,271356
205.99089,106.46238,271360
205.58449,107.419624,271365
205.53369,107.53928,271432
205.53369,107.53928,271437
205.78561,106.940125,271442
205.98717,106.4608,271447
205.73488,107.05981,271453
205.53305,107.53902,271458
205.46461,108.05447,271464
205.40112,108.1679,271470
205.19894,108.360306,271475
205.18,109.124115,271480
205.18,109.90317,271485
205.17998,110.80991,271491
205.17998,111.06626,271498
205.18,111.58611,271504
205.18,112.49567,271510
205.18,113.27506,271516
205.18,113.92415,271520
205.17998,114.82921,271525
205.18,115.47583,271530
205.18,116.25444,271536
205.18,116.899635,271541
205.18,117.02618,271547
205.18,117.02618,271553
205.18,116.50684,271558
205.18,115.85895,271563
205.17998,115.473885,271568
205.18001,114.954025,271573
205.18,114.30428,271579
205.18,113.39495,271585
205.18,112.74573,271590
205.18,111.9683,271595
205.17998,111.58445,271601
205.18,111.06469,271606
205.18,110.155495,271611
205.18,109.50659,271616
205.17998,108.60632,271622
205.17998,108.40834,271627
205.51314,108.147385,271633
206.2524,107.89876,271638
207.11339,107.60432,271644
207.40288,107.02238,271650
207.75027,106.32405,271655
208.09766,105.62572,271660
208.17993,105.41593,271666
208.51337,105.04637,271670
208.99297,104.60767,271676
209.02994,104.32178,271682
209.03716,104.2289,271688
209.19164,104.01013,271693
209.87186,103.97998,271698
210.74756,103.97998,271704
211.07281,104.058014,271709
211.32211,104.13181,271715
211.65536,104.2011,271721
212.27672,104.39182,271727
212.89809,104.58254,271733
213.6437,104.81141,271739
214.38934,105.040276,271744
214.76215,105.15471,271750
215.41197,105.16817,271755
216.19177,105.18,271760
216.97142,105.17999,271765
217.88054,105.18,271771
217.73778,104.90104,271777
217.2615,104.692406,271782
216.54707,104.37946,271787
216.06174,104.19285,271792
215.33374,103.91294,271797
214.81395,103.898735,271802
213.90434,103.873886,271807
213.12466,103.852585,271812
212.21506,103.82773,271817
211.43561,103.8201,271823
210.78566,103.82,271828
209.87749,103.82,271833
208.96773,103.82,271839
208.57819,103.82001,271845
208.57819,103.82001,271851
208.06224,103.77028,271857
207.54652,103.70397,271862
206.89656,103.7001,271867
206.11661,103.69546,271872
205.07669,103.68926,271878
204.16675,103.683846,271882
203.77678,103.68152,271887
203.1268,103.6812,271894
202.47684,103.68088,271900
201.69688,103.68049,271907
200.91692,103.6801,271912
200.79445,103.72368,271918
200.21214,103.82,271924
199.95241,103.8201,271928
199.43243,103.82,271933
198.5225,103.82,271938
197.74257,103.82001,271943
196.83272,103.82,271949
196.05327,103.8201,271954
195.53331,103.8201,271960
194.75337,103.82,271965
193.97345,103.82001,271970
193.19356,103.82,271975
192.28401,103.82,271980
191.83188,104.07691,271985
191.31277,104.046936,271990
190.79367,104.01696,271995
190.79367,104.01696,272001
190.79367,104.01696,272007
190.27454,104.01696,272012
190.27992,104.007774,272017
190.9214,104.11249,272022
191.30629,104.175316,272025
191.30629,104.175316,272080
191.30629,104.175316,272086
191.82626,104.175316,272090
191.9339,104.67248,272094
191.82002,105.04534,272099
191.82002,105.04534,272104
191.82002,105.04534,272110
192.47,105.04534,272115
192.35283,105.160126,272119
192.87595,105.18,272124
193.65567,105.18,272129
194.43513,105.17999,272133
195.34308,105.17999,272138
195.60043,105.17999,272144
196.2503,105.18,272149
197.16,105.18,272153
198.06946,105.17999,272158
198.8484,105.18,272162
199.49338,105.1799,272167
200.27014,105.17999,272172
200.6023,105.18186,272177
200.83046,105.51796,272182
200.82,106.29711,272187
200.82,107.20379,272192
200.82,107.331505,272197
200.82,107.331505,272203
201.43604,107.53878,272208
202.29848,107.82898,272213
203.16092,108.11918,272219
203.60278,108.182014,272224
203.60278,108.182014,272286
203.60278,108.182014,272290
203.60278,108.182014,272296
202.95361,108.17765,272302
203.30344,107.69269,272307
203.87933,107.39137,272313
204.57043,107.0298,272318
205.3767,106.607956,272323
205.83742,106.366905,272329
206.42819,106.095894,272334
207.37343,105.66228,272339
207.99715,105.47945,272343
208.21758,105.34158,272349
208.57678,104.97635,272353
209.02992,104.5426,272359
209.03035,104.26763,272365
209.17358,104.02181,272370
210.03563,103.97999,272375
210.89313,103.97998,272380
211.3718,104.13112,272385
211.58879,104.17995,272391
211.58879,104.17995,272399
211.58879,104.17995,272405
212.10876,104.17995,272411
213.01161,104.084045,272417
213.78392,103.97513,272422
214.55641,103.867424,272426
215.33388,103.832924,272431
216.24379,103.82643,272436
217.02371,103.82,272441
217.93358,103.82,272447
218.58319,103.82001,272453
219.10313,103.82,272458
219.88297,103.82,272464
220.40251,103.8201,272470
220.52257,103.82004,272476
220.65358,103.78506,272481
220.82,103.07552,272487
220.82,102.29601,272492
220.82,101.38623,272498
220.82,100.9967,272504
220.82,100.9967,272510
220.82,100.9967,272518
220.82,100.9967,272525
220.82,100.9967,272531
220.82,101.51638,272536
220.82,102.2955,272541
220.82002,103.201744,272547
220.82,103.569,272553
220.66881,103.78535,272559
220.04012,103.8201,272565
219.13063,103.82001,272570
218.48068,103.82,272576
217.70074,103.82,272581
216.92082,103.82,272586
216.14095,103.82001,272591
215.23158,103.82001,272596
214.71162,103.82,272601
213.93169,103.82,272606
213.15175,103.82,272612
212.37186,103.82,272618
211.59218,103.82001,272624
210.81241,103.82,272630
210.16248,103.82,272634
209.12268,103.82,272640
208.60315,103.8201,272646
208.60315,103.8201,272652
208.08704,103.77138,272657
207.57112,103.70653,272662
206.92117,103.70227,272668
206.01123,103.69631,272673
205.2313,103.6912,272678
204.19136,103.68439,272683
203.80139,103.68184,272689
203.15143,103.68145,272694
202.24147,103.68091,272700
201.33151,103.68037,272705
200.94153,103.68014,272710
200.81815,103.72105,272714
200.23814,103.82001,272719
199.9784,103.8201,272724
199.45842,103.82,272729
198.67848,103.82001,272733
197.76857,103.82,272738
196.8587,103.82,272743
196.07921,103.82,272748
195.55925,103.82001,272753
194.77931,103.82,272757
193.8694,103.82,272762
193.08952,103.82,272767
192.30992,103.8201,272772
191.8539,104.06993,272777
191.33461,104.043106,272782
190.81534,104.01629,272787
190.81534,104.01629,272792
190.81534,104.01629,272798
190.29605,104.01629,272802
190.2959,104.007164,272807
190.93712,104.11344,272812
191.32185,104.17721,272816
191.32185,104.17721,272871
191.32185,104.17721,272877
191.84183,104.17721,272882
191.9426,104.67221,272887
191.8232,105.043465,272892
191.8232,105.043465,272898
191.8232,105.043465,272904
192.34317,105.043465,272909
193.25179,105.08537,272914
194.16006,105.14043,272919
195.06836,105.17999,272924
195.58495,105.17999,272929
196.10484,105.17999,272933
197.14447,105.18,272938
197.92401,105.17999,272943
198.83293,105.18,272948
199.47826,105.179985,272952
200.12631,105.17999,272957
200.5894,105.17999,272961
200.83247,105.475464,272966
200.82,106.254616,272971
200.82,107.1617,272976
200.82,107.28991,272982
200.82,107.28991,272988
201.43312,107.50565,272993
202.29149,107.8077,272998
203.14986,108.10975,273003
203.59204,108.179955,273008
203.59204,108.179955,273072
203.59204,108.179955,273076
203.59204,108.179955,273083
202.94208,108.179955,273088
203.19269,107.77778,273094
203.8722,107.39887,273098
204.79341,106.916336,273104
205.59883,106.49289,273109
205.82898,106.37193,273115
206.4196,106.10061,273121
207.24648,105.72076,273126
207.988,105.482544,273131
208.20909,105.34575,273136
208.67122,104.89596,273141
209.02994,104.54732,273147
209.02994,104.297035,273153
209.15353,104.03689,273158
209.99922,103.97998,273164
210.7468,103.97998,273170
211.07217,104.05736,273176
211.32141,104.13135,273182
211.65471,104.20073,273188
211.65471,104.20073,273195
211.65471,104.20073,273201
212.17468,104.20073,273207
212.81892,104.12376,273214
213.46205,104.02965,273219
214.36252,103.8986,273224
214.74843,103.84243,273230
215.26837,103.83709,273236
216.0483,103.82908,273241
216.9582,103.82,273247
217.60812,103.82,273252
218.51776,103.82,273256
219.16751,103.82001,273261
220.07726,103.82,273267
220.337,103.8201,273272
220.4598,103.82003,273278
220.52922,103.819176,273284
220.78465,103.66861,273289
220.82,102.91432,273295
220.82,102.004486,273300
220.82,101.22478,273305
220.82,101.09493,273311
220.82,101.09493,273318
220.82,101.09493,273324
220.82,101.61491,273330
220.81999,102.52393,273334
220.82,103.42656,273339
220.80144,103.65273,273344
220.2002,103.82,273350
219.42043,103.82,273356
219.16068,103.8201,273361
218.51073,103.82,273365
217.6008,103.82,273370
216.82088,103.82001,273375
216.041,103.82,273378
215.26154,103.82001,273382
214.48624,103.90517,273386
213.71094,103.990326,273389
212.41876,104.132256,273393
211.9019,104.189026,273398
211.39903,104.179985,273403
211.0347,104.027885,273409
210.18782,103.97998,273414
209.52185,103.97998,273417
209.25354,103.991684,273421
208.83302,104.51001,273425
208.4903,105.06227,273430
208.31271,105.23214,273435
208.08693,105.668686,273440
207.75533,106.51606,273445
207.46954,107.24178,273449
206.8863,107.52864,273454
205.95312,107.98762,273459
205.71982,108.10236,273465
205.41289,108.17995,273470
205.17099,108.44379,273475
205.17998,109.09079,273480
205.18,109.97469,273526
204.87318,109.55488,273532
205.04094,109.062706,273537
205.16675,108.69358,273541
205.18713,108.3847,273547
205.56111,108.179184,273552
206.47003,108.18,273557
207.11613,108.1799,273562
207.11613,108.1799,273567
207.11613,108.1799,273574
207.11613,107.65993,273579
207.4361,106.83418,273584
207.8095,106.14946,273589
208.0549,105.69104,273655
208.0549,105.69104,273661
208.0549,105.69104,273667
208.0549,105.04108,273672
208.65965,105.01928,273677
209.02249,105.1622,273683
209.02249,105.1622,273689
209.02249,105.1622,273694
209.02249,105.1622,273701
209.05511,104.74448,273706
209.02994,104.30768,273711
209.12721,104.067184,273772
209.12721,104.067184,273777
209.12721,104.067184,273784
209.56902,103.97999,273789
210.46234,103.97999,273793
211.0434,104.0274,273799
211.4133,104.15095,273805
211.62979,104.18872,273811
211.83076,104.50865,273817
211.82,105.02805,273823
211.82,105.02805,273829
211.82,105.02805,273834
212.46997,105.02805,273839
213.37703,105.08942,273845
214.0243,105.1484,273850
214.79948,105.17999,273855
215.44936,105.18,273861
216.22913,105.18,273867
217.00874,105.18,273872
217.78802,105.17999,273878
218.69255,105.17999,273883
219.34209,105.18,273889
220.12022,105.17999,273894
220.37761,105.17999,273900
220.69563,105.23086,273905
220.82747,105.6357,273910
220.81999,106.545494,273915
220.82,107.32489,273921
220.82,107.32489,273928
220.82,107.32489,273935
220.82,107.32489,273941
220.82,107.32489,273947
220.82,106.804955,273952
220.82,106.025154,273957
220.82,105.635574,273962
220.82,105.41384,273968
220.6399,105.198524,273973
219.74329,105.17999,273979
219.09764,105.17999,273984
218.44778,105.17999,273990
217.79796,105.18,273995
216.8884,105.18,273999
216.23572,105.18,274005
215.45804,105.17999,274010
214.82242,105.064285,274015
213.93398,104.867676,274020
213.04509,104.672966,274025
212.28323,104.505936,274030
211.80269,104.32278,274034
211.40158,104.179985,274038
211.03642,104.02917,274043
210.19089,103.97998,274048
209.52364,103.97998,274053
209.2546,103.99136,274058
208.8639,104.44682,274063
208.52539,105.001686,274068
208.36577,105.206894,274073
208.06766,105.71226,274078
207.73799,106.56036,274083
207.45213,107.28606,274088
206.86482,107.5645,274093
206.0426,107.95431,274098
205.69022,108.12137,274104
205.38538,108.18698,274109
205.17828,108.41245,274114
205.18,109.05841,274119
205.17998,109.949036,274178
204.94304,109.63928,274183
205.07385,109.13604,274189
205.17996,108.63279,274195
205.212,108.333595,274200
205.6943,108.18,274205
206.60303,108.18,274210
207.11938,108.17999,274216
207.11938,108.17999,274222
207.11938,108.17999,274229
207.11938,107.66002,274235
207.43858,106.83385,274240
207.8111,106.14865,274245
208.05594,105.68992,274313
208.05594,105.68992,274319
208.05594,105.68992,274325
208.05594,105.039955,274330
208.53952,104.97107,274335
209.0231,105.16218,274341
209.0231,105.16218,274347
209.0231,105.16218,274354
209.0231,105.16218,274363
209.05522,104.744644,274369
209.02994,104.30776,274374
209.12715,104.06723,274442
209.12715,104.06723,274448
209.12715,104.06723,274454
209.5689,103.97999,274459
210.2096,103.97999,274464
211.04257,104.02664,274470
211.41237,104.150475,274475
211.62881,104.188324,274480
211.831,104.50646,274486
211.82,105.02587,274492
211.82,105.02587,274499
211.82,105.02587,274506
212.20999,105.02587,274511
213.11751,105.08221,274517
213.89478,105.14687,274522
214.6715,105.17999,274528
215.44966,105.18,274533
216.2294,105.18,274538
217.00905,105.18,274543
217.78833,105.18,274548
218.43633,105.17999,274553
219.2125,105.18,274559
220.12042,105.17999,274565
220.3778,105.17999,274571
220.69577,105.23099,274577
220.82744,105.63602,274583
220.81999,106.41584,274588
220.82,107.195465,274592
220.82,107.32521,274599
220.82,107.32521,274606
220.82,107.32521,274612
220.82,106.80524,274617
220.82,105.895485,274622
220.82005,105.414055,274627
220.64044,105.19879,274633
219.87375,105.17999,274639
219.09833,105.18,274644
218.44846,105.18,274649
217.79865,105.18,274654
217.01898,105.17999,274659
216.2396,105.18,274664
215.4619,105.179985,274669
214.82623,105.0644,274674
214.06456,104.89648,274679
213.17572,104.701645,274684
212.28688,104.50675,274690
211.80826,104.31028,274695
211.39116,104.179985,274701
211.02939,104.02404,274707
210.17863,103.97998,274712
209.59972,103.97998,274717
209.33246,103.97998,274722
208.86354,104.4613,274728
208.52066,105.01347,274733
208.35764,105.21322,274739
208.10805,105.60402,274745
207.82642,106.33134,274750
207.49402,107.178406,274756
206.97433,107.51712,274761
206.15067,107.90388,274765
205.68062,108.12619,274770
205.37662,108.1903,274775
205.18,108.56709,274779
205.18,109.21428,274784
205.18,109.974915,274838
204.87326,109.555046,274843
205.08289,108.93981,274849
205.16673,108.69372,274854
205.18707,108.38483,274859
205.4309,108.173454,274864
206.46973,108.17999,274869
207.11584,108.1799,274874
207.11584,108.1799,274880
207.11584,108.1799,274887
207.11584,107.52993,274892
207.518,106.60166,274897
207.97453,105.81457,274903
208.10352,105.58884,274970
208.10352,105.58884,274976
208.10352,105.58884,274983
208.10352,105.06886,274988
208.24095,104.30739,274993
208.30966,104.05665,275053
208.30966,104.05665,275059
208.30966,104.05665,275066
208.82964,104.05665,275072
209.14218,104.05503,275079
209.71228,103.97998,275084
210.59784,103.97998,275089
211.0516,104.03548,275094
211.42253,104.15589,275099
211.6396,104.19303,275106
211.6396,104.19303,275113
212.15614,104.13332,275120
212.8018,104.05869,275125
213.57661,103.96914,275130
214.22227,103.89451,275135
214.73882,103.83481,275141
215.25877,103.83044,275147
216.0387,103.823875,275152
216.94862,103.82,275157
217.72852,103.82,275163
218.5082,103.82,275168
219.15794,103.82,275173
219.8078,103.82,275178
220.32744,103.8201,275184
220.56755,103.82003,275190
220.81647,103.60424,275196
220.82312,102.95853,275201
220.82,102.17863,275207
220.81999,101.39883,275212
220.8201,101.00926,275217
220.8201,101.00926,275224
220.8201,101.00926,275232
220.8201,101.00926,275238
220.8201,101.00926,275245
220.81999,101.528946,275251
220.82,102.30805,275256
220.82,103.21419,275262
220.82,103.58007,275267
220.52368,103.83205,275274
219.87384,103.82001,275279
219.09439,103.82001,275284
218.57443,103.82,275289
217.92448,103.82,275294
217.14455,103.82,275299
216.49461,103.82,275304
215.7148,103.82,275309
215.32512,103.82001,275315
214.80814,103.87582,275321
214.16193,103.94558,275326
213.38647,104.02929,275330
212.48178,104.12696,275335
211.83557,104.196724,275340
211.46259,104.16198,275346
211.10387,104.096954,275352
210.3475,103.97998,275357
209.73897,103.97998,275362
209.26596,103.98823,275367
208.87341,104.43274,275372
208.53444,104.98732,275377
208.37544,105.193016,275383
208.0756,105.694534,275388
207.69794,106.66346,275393
207.45938,107.26807,275399
206.87372,107.54994,275405
206.17093,107.8882,275410
205.7024,108.1137,275416
205.39694,108.18312,275421
205.16722,108.500824,275426
205.18,109.27679,275431
205.18,109.910484,275491
204.93216,109.609314,275497
205.07034,109.10803,275503
205.17996,108.60676,275508
205.17996,108.40867,275515
205.3672,108.19517,275521
206.2657,108.18,275526
207.17029,108.17999,275531
207.17029,108.17999,275538
207.17029,108.17999,275545
207.17029,107.66002,275551
207.41609,106.941826,275557
207.77571,106.249756,275562
208.07162,105.67106,275629
208.07162,105.67106,275635
208.07162,105.67106,275642
208.07162,105.02109,275648
208.67151,105.01127,275653
209.03145,105.16136,275659
209.03145,105.16136,275666
209.03145,105.16136,275673
209.03145,105.16136,275679
209.02841,104.668976,275685
209.02994,104.30892,275691
209.12637,104.06797,275755
209.12637,104.06797,275761
209.12637,104.06797,275768
209.5672,103.97999,275774
210.3353,103.97999,275779
211.04213,104.02623,275785
211.41187,104.15021,275791
211.62827,104.1881,275797
211.83113,104.50525,275801
211.82,105.02465,275807
211.82,105.02465,275813
211.82,105.02465,275819
212.47006,105.02465,275825
213.11795,105.071075,275831
213.8949,105.13966,275837
214.79965,105.17999,275843
215.31955,105.18,275847
216.3592,105.17999,275853
217.13873,105.18,275859
217.9179,105.18,275864
218.69261,105.179985,275869
219.34215,105.17999,275874
220.12029,105.17999,275880
220.37767,105.17999,275886
220.69568,105.2309,275892
220.82748,105.63579,275897
220.82,106.545586,275903
220.82,107.32499,275908
220.82,107.32499,275915
220.82,107.32499,275921
220.82,107.32499,275927
220.82,107.32499,275933
220.81999,106.80505,275938
220.82,106.02525,275943
220.82,105.63567,275949
220.82,105.413925,275956
220.52255,105.167595,275962
219.74355,105.18,275967
219.09789,105.179985,275972
218.57797,105.17999,275977
217.7982,105.18,275983
217.14845,105.17999,275988
216.36899,105.18,275993
215.59067,105.179985,275999
215.33273,105.17999,276004
214.825,105.06789,276009
214.1903,104.92776,276014
213.4287,104.7596,276020
212.794,104.61946,276025
212.0324,104.4513,276030
211.80563,104.32412,276036
211.4054,104.179985,276041
211.09366,104.084076,276046
210.31613,103.97998,276051
209.60861,103.97998,276056
209.25443,103.99142,276061
208.86377,104.447044,276066
208.52525,105.00191,276071
208.36562,105.20711,276076
208.11328,105.59086,276081
207.78424,106.43922,276086
207.45174,107.28625,276092
206.86443,107.56468,276098
206.04219,107.9545,276103
205.6898,108.12156,276109
205.38501,108.18711,276114
205.17796,108.4135,276118
205.18,109.1888,276123
205.18,109.9502,276177
204.94336,109.64021,276183
205.07396,109.13691,276188
205.17996,108.633606,276194
205.21164,108.33418,276199
205.69298,108.18,276204
206.73122,108.18,276209
207.11801,108.1799,276215
207.11801,108.1799,276221
207.11801,108.1799,276228
207.11801,107.52993,276234
207.45264,106.71274,276240
207.90982,105.92601,276244
208.10382,105.58771,276305
208.10382,105.58771,276311
208.10382,105.58771,276318
208.10382,104.937744,276323
208.29889,104.057755,276328
208.29889,104.057755,276392
208.29889,104.057755,276398
208.29889,104.057755,276405
208.81886,104.057755,276410
209.13649,104.06023,276416
209.70041,103.97998,276422
210.70757,103.97998,276427
211.0438,104.02776,276434
211.41373,104.15118,276441
211.63025,104.18892,276447
211.63025,104.18892,276455
212.14688,104.12999,276461
212.92181,104.041595,276467
213.82591,103.93848,276472
214.73,103.83536,276478
215.24995,103.830925,276483
216.02989,103.82428,276489
216.80981,103.82,276494
217.58972,103.82,276499
218.6292,103.82001,276504
219.27911,103.82,276510
219.92896,103.82,276515
220.31866,103.82001,276520
220.55968,103.82001,276525
220.74864,103.71479,276530
220.82,102.9918,276536
220.81999,102.08201,276542
220.82,101.30225,276546
220.82,101.04256,276553
220.82,101.04256,276560
220.82,101.04256,276567
220.82,101.04256,276574
220.82,101.04256,276580
220.82,101.56223,276585
220.82,102.47107,276590
220.82,103.247086,276596
220.8198,103.608894,276602
220.57176,103.826,276608
219.7919,103.82,276613
219.14233,103.82,276618
218.62238,103.82,276623
217.71245,103.82,276629
216.93251,103.82,276634
216.02266,103.82001,276639
215.24324,103.82001,276644
214.72641,103.87707,276649
213.82195,103.97691,276654
213.04669,104.06249,276659
212.27144,104.14808,276665
211.88382,104.19087,276670
211.38475,104.179985,276675
211.08682,104.07596,276681
210.54996,103.97998,276686
209.80704,103.97998,276692
209.33014,103.97998,276698
208.86188,104.46503,276704
208.51866,105.01699,276708
208.35452,105.21461,276714
208.06035,105.73046,276719
207.73055,106.57853,276724
207.44489,107.3043,276729
206.97371,107.5242,276735
206.14912,107.909035,276741
205.67795,108.12894,276747
205.37407,108.19134,276752
205.1708,108.444786,276757
205.17998,109.22162,276763
205.18,109.98203,276830
204.9518,109.665794,276835
205.08327,108.94444,276840
205.16629,108.69807,276845
205.1857,108.38881,276850
205.54993,108.17999,276856
206.45886,108.18,276861
207.10513,108.17999,276867
207.10513,108.17999,276872
207.10513,108.17999,276878
207.10513,107.40003,276882
207.66776,106.16488,276886
207.90887,105.858376,276931
207.90887,105.858376,276936
208.0527,105.64179,276942
208.18246,105.438614,276947
208.44812,105.170425,276952
208.96457,105.17999,276958
208.96457,105.17999,276965
208.96457,105.17999,276971
208.96457,105.17999,276978
209.05463,104.73869,276983
209.02994,104.27611,276988
209.12878,104.06568,277045
209.12878,104.06568,277050
209.12878,104.06568,277055
209.70203,103.97999,277061
210.46689,103.97999,277066
211.04659,104.0304,277071
211.41685,104.152824,277076
211.63359,104.19032,277082
211.82956,104.51712,277088
211.82,105.03652,277093
211.82,105.03652,277100
211.82,105.03652,277106
212.47006,105.03652,277112
213.24788,105.08367,277116
214.02484,105.15209,277121
214.80013,105.17999,277127
215.32002,105.18,277132
216.0998,105.18,277137
216.74953,105.17999,277142
217.52899,105.18,277147
218.43666,105.17999,277153
219.21506,105.17999,277158
219.99364,105.17999,277163
220.38039,105.17999,277169
220.69746,105.23253,277176
220.83025,105.51014,277181
220.82,106.41992,277187
220.82,107.19955,277193
220.82,107.329285,277199
220.82,107.329285,277205
220.82,107.329285,277211
220.82,106.80931,277218
220.82,105.89956,277222
220.81999,105.4174,277228
220.64848,105.203,277233
220.01431,105.18,277239
219.49353,105.1799,277244
219.10696,105.17999,277249
218.73131,105.075294,277254
217.85477,104.83099,277260
217.36537,104.6553,277265
216.50894,104.347824,277271
215.89995,104.120705,277277
215.29095,103.893585,277283
214.7711,103.88169,277289
213.99135,103.86385,277294
213.2116,103.846016,277299
212.43184,103.82818,277305
211.52228,103.82,277311
210.87257,103.82,277316
210.09294,103.82,277321
209.31308,103.82,277326
208.66348,103.82001,277330
208.66348,103.82001,277336
208.14746,103.785484,277341
207.6321,103.716446,277346
206.98215,103.710686,277352
206.07224,103.702614,277357
205.16231,103.69455,277362
204.2524,103.686485,277367
203.73244,103.68188,277373
203.08247,103.68147,277378
202.17252,103.68091,277383
201.39256,103.68042,277387
201.00258,103.68018,277393
200.87752,103.71564,277399
200.30054,103.82034,277405
199.91093,103.82001,277411
199.39098,103.82,277416
198.48105,103.82,277421
197.57114,103.82,277426
196.79128,103.82001,277431
196.14165,103.82001,277436
195.62169,103.82,277441
194.84174,103.82,277446
194.0618,103.82,277450
193.15192,103.82,277455
192.24245,103.82001,277460
191.79732,104.08877,277466
191.14886,104.0444,277472
190.7598,104.01778,277478
190.7598,104.01778,277483
190.7598,104.01778,277489
190.24,104.01778,277494
190.2799,104.008156,277498
190.79312,104.09178,277502
191.30632,104.1754,277505
191.30632,104.1754,277562
191.30632,104.1754,277567
191.8263,104.1754,277571
191.89581,104.79684,277576
191.82004,105.04541,277582
191.82004,105.04541,277588
191.82004,105.04541,277594
192.47,105.04541,277599
193.24883,105.07985,277604
194.157,105.13672,277609
195.0652,105.17999,277614
195.58182,105.17999,277619
196.10172,105.17999,277624
197.01144,105.17999,277629
197.79103,105.18,277634
198.70012,105.17999,277639
199.47525,105.18,277644
200.12332,105.17999,277649
200.58714,105.17999,277655
200.83202,105.46797,277661
200.82,106.37697,277666
200.82,107.15427,277671
200.82,107.28255,277677
200.82,107.28255,277684
201.31017,107.45634,277689
202.04527,107.717026,277694
202.9029,108.021164,277699
203.27045,108.151505,277706
203.59047,108.17995,277712
203.59047,108.17995,277784
203.59047,108.17995,277790
203.59047,108.17995,277798
202.9405,108.17995,277804
203.19148,107.778244,277809
203.75558,107.45912,277813
204.67719,106.97731,277818
205.48262,106.55389,277823
205.82785,106.37249,277829
206.30034,106.155426,277833
207.12721,105.77556,277838
207.36346,105.66702,277844
207.86215,105.51976,277850
208.208,105.34628,277855
208.57448,104.98401,277860
209.02992,104.54795,277866
209.03017,104.2696,277872
209.26054,103.9794,277878
210.15344,103.97998,277883
210.88518,103.97998,277887
211.36308,104.12741,277893
211.58118,104.17995,277899
211.58118,104.17995,277906
211.58118,104.17995,277913
212.10115,104.17995,277918
212.87546,104.103424,277923
213.64764,103.99362,277928
214.42017,103.886215,277933
214.80643,103.83248,277939
215.32639,103.82834,277944
216.23631,103.82108,277949
217.01625,103.82,277954
217.79613,103.82,277959
218.57573,103.82,277965
219.09567,103.82,277970
220.00546,103.82001,277976
220.39507,103.8201,277981
220.5155,103.82004,277989
220.6839,103.76802,277996
220.82191,103.261795,278001
220.82,102.482086,278006
220.81999,101.70222,278011
220.82,101.052666,278017
220.82,101.052666,278024
220.82,101.052666,278031
220.82,101.052666,278038
220.82,101.052666,278043
220.81999,101.70222,278049
220.82,102.481155,278054
220.82002,103.25713,278059
220.81934,103.61035,278066
220.67441,103.78164,278072
219.91809,103.82,278078
219.13855,103.8201,278084
218.61859,103.82,278090
217.96864,103.82,278095
217.05872,103.82001,278101
216.4088,103.82,278106
215.49908,103.82,278112
214.7231,103.88124,278117
213.94795,103.96757,278123
213.17252,104.05153,278127
212.26787,104.1497,278133
211.88017,104.191765,278138
211.3822,104.179985,278144
211.08572,104.074715,278150
210.54697,103.97998,278155
209.69257,103.97998,278160
209.28848,103.983246,278165
208.82584,104.516716,278170
208.48477,105.070015,278176
208.30511,105.23521,278182
207.83241,105.45181,278187
207.3582,105.6651,278192
206.52832,106.03835,278197
205.70963,106.43522,278202
204.89447,106.839584,278208
204.07895,107.24327,278213
203.72946,107.41629,278217
203.10764,107.60551,278223
202.85892,107.6812,278228
202.23148,107.85086,278234
201.98051,107.91873,278239
201.47766,108.05109,278244
200.97482,108.17998,278293
200.97482,108.17998,278297
200.97482,108.17998,278302
201.62479,108.17998,278307
202.40428,108.18,278312
203.30934,108.17999,278317
203.62798,108.19098,278322
203.62798,108.19098,278381
203.62798,108.19098,278388
203.62798,108.19098,278394
202.98381,108.17769,278400
202.68709,108.05531,278406
202.35854,107.6523,278411
201.86569,107.04777,278417
201.64656,106.725174,278422
201.13527,105.97245,278426
200.91614,105.64986,278432
200.79861,105.35004,278437
200.46394,105.17242,278442
199.9473,105.17999,278500
199.9473,105.17999,278505
199.9473,105.17999,278510
200.59726,105.17999,278516
200.85725,105.17999,278521
201.36647,105.28518,278526
202.25761,105.46926,278531
203.01854,105.35074,278536
203.78006,105.182144,278541
204.54214,105.01615,278546
205.12944,104.73767,278551
206.06909,104.29211,278612
206.06909,104.29211,278618
206.53893,104.06932,278623
207.12622,103.79084,278628
207.77617,103.795586,278633
208.16614,103.79843,278638
208.9042,104.050606,278643
209.12434,104.0699,278648
209.67693,103.979996,278654
210.44022,103.97998,278659
211.02643,104.0135,278664
211.39476,104.14164,278669
211.60973,104.18145,278674
211.60973,104.18145,278680
211.99731,104.13834,278685
212.77249,104.05215,278690
213.67688,103.95158,278695
214.45206,103.86537,278700
214.83965,103.82227,278706
215.35962,103.82,278711
216.13956,103.82,278716
217.04947,103.82,278721
217.82935,103.82,278726
218.6089,103.82,278731
219.25883,103.82,278736
219.90868,103.82,278741
220.42815,103.82001,278746
220.54674,103.82001,278752
220.71909,103.74256,278757
220.82,103.0558,278763
220.81999,102.14607,278768
220.82,101.366295,278773
220.82,101.10652,278779
220.82,101.10652,278785
220.82,101.10652,278791
220.82,101.75649,278798
220.82,102.40579,278802
220.82,103.31082,278808
220.7952,103.663414,278814
220.30698,103.82272,278820
219.52716,103.82,278825
219.13751,103.82001,278830
218.48756,103.82,278836
217.70763,103.82,278841
216.9277,103.82,278847
216.01784,103.82001,278852
215.36786,103.82001,278857
214.59233,103.89374,278863
213.81708,103.9792,278868
213.04175,104.06416,278873
212.1372,104.16331,278878
211.87877,104.19163,278884
211.5085,104.15908,278889
211.07289,104.06105,278895
210.38904,103.97998,278901
209.66635,103.97998,278906
209.32018,103.97998,278911
208.81667,104.528404,278916
208.47672,105.08238,278921
208.39432,105.18292,278928
208.09229,105.66769,278934
207.80817,106.39403,278939
207.47165,107.23947,278945
207.00517,107.46919,278951
206.18884,107.87121,278957
205.72237,108.10094,278963
205.4149,108.17994,278969
205.17235,108.43667,278976
205.18,109.2154,278982
205.18,110.124214,278987
205.18,110.90054,278992
205.06526,111.80009,278998
205.17996,111.563644,279003
204.96591,111.08977,279008
204.64485,110.37895,279013
204.32378,109.668144,279018
203.94919,108.83886,279023
203.78961,108.33908,279028
203.45201,108.17776,279033
202.5428,108.17999,279038
201.63388,108.17999,279043
200.98804,108.17999,279048
200.98804,108.17999,279091
200.98804,108.17999,279095
201.63802,108.17999,279100
201.898,108.17999,279104
202.54729,108.18,279109
203.32227,108.17999,279114
203.63931,108.196014,279119
203.63931,108.196014,279186
203.63931,108.196014,279191
203.63931,108.196014,279198
203.12827,108.1767,279203
202.72833,107.960815,279208
202.28854,107.48223,279213
201.84875,107.00364,279218
201.48053,106.46804,279223
201.03867,105.825325,279227
200.82005,105.414116,279233
200.82005,105.414116,279291
200.82005,105.414116,279296
200.82005,105.414116,279302
201.34003,105.414116,279308
202.2449,105.49529,279313
202.88026,105.393456,279318
203.76746,105.19125,279323
204.52856,105.02078,279328
204.9985,104.79825,279333
206.0559,104.29753,279394
206.0559,104.29753,279401
205.71095,104.47948,279407
205.02109,104.84337,279412
205.60304,104.5539,279417
206.53416,104.09076,279422
207.1161,103.8013,279428
207.76608,103.80063,279434
208.15605,103.800224,279440
208.77191,104.00804,279446
209.15016,104.04714,279452
209.60115,103.97998,279457
210.36642,103.97998,279462
211.06178,104.04714,279468
211.43431,104.1625,279474
211.65184,104.19917,279480
211.65184,104.19917,279487
212.29735,104.12312,279493
213.07195,104.03186,279498
213.97565,103.92539,279503
214.75026,103.83413,279508
215.4002,103.82876,279513
216.18013,103.82231,279519
216.96007,103.82,279524
217.86993,103.82,279529
218.64941,103.82001,279534
219.29933,103.82001,279539
220.20901,103.82001,279545
220.4616,103.82001,279551
220.53217,103.81894,279557
220.83075,103.54476,279562
220.82,102.765465,279566
220.81999,101.8556,279572
220.82,101.076035,279577
220.82,101.076035,279584
220.82,101.076035,279591
220.82,101.076035,279598
220.82,101.076035,279605
220.82,101.5957,279609
220.81999,102.5045,279615
220.82,103.28015,279620
220.81061,103.63395,279626
220.50679,103.83194,279631
219.59702,103.82,279637
219.07753,103.82001,279643
218.42758,103.82,279648
217.64764,103.82001,279653
216.73772,103.82001,279658
215.95786,103.82,279663
215.30827,103.82001,279668
214.6621,103.89008,279673
213.75745,103.98819,279679
212.98204,104.07228,279684
212.20662,104.15637,279689
211.81891,104.198425,279695
211.44502,104.167076,279701
211.10214,104.09469,279707
210.46877,103.97998,279712
209.53886,103.97998,279718
209.26381,103.988785,279724
208.87157,104.43539,279728
208.53271,104.990036,279734
208.3736,105.19565,279739
208.07397,105.69786,279744
207.74413,106.5459,279750
207.458,107.27148,279755
206.87201,107.55271,279760
206.16885,107.89019,279765
205.70007,108.11517,279769
205.39471,108.18382,279775
205.1873,108.38616,279780
205.18,109.15569,279785
205.17998,109.91812,279842
204.9344,109.615166,279848
205.07108,109.11347,279854
205.17998,108.611786,279859
205.17998,108.41242,279865
205.4743,108.16764,279869
206.38326,108.17999,279874
207.15831,108.17999,279879
207.15831,108.17999,279885
207.15831,108.17999,279891
207.15831,107.66002,279896
207.46841,106.828804,279902
207.89133,106.023186,279907
208.06898,105.67602,279966
208.06898,105.67602,279972
208.06898,105.67602,279978
208.06898,105.02605,279983
208.5498,104.964035,279988
209.03061,105.16201,279993
209.03061,105.16201,279998
209.03061,105.16201,280004
209.03061,105.16201,280009
209.02034,104.57894,280015
209.02994,104.30899,280021
209.12633,104.06802,280081
209.12633,104.06802,280086
209.12633,104.06802,280093
209.69662,103.97999,280098
210.5852,103.97999,280103
211.04286,104.0269,280109
211.41269,104.150635,280115
211.62914,104.18846,280120
211.81169,104.38228,280125
211.8201,105.02661,280131
211.8201,105.02661,280137
211.8201,105.02661,280143
212.47006,105.02661,280149
213.24767,105.076035,280154
214.1538,105.15952,280160
214.79948,105.179985,280165
215.44934,105.18,280171
216.22911,105.18,280176
217.00876,105.18,280181
217.91782,105.17999,280187
218.69255,105.17999,280192
219.21222,105.17999,280197
219.99081,105.17999,280203
220.37761,105.17999,280209
220.69563,105.23086,280215
220.82747,105.6357,280221
220.82,106.28557,280226
220.81999,107.0653,280232
220.82,107.32491,280239
220.82,107.32491,280247
220.82,107.32491,280254
220.82,106.80494,280258
220.82,105.76529,280263
220.82005,105.4138,280268
220.52219,105.16758,280274
219.74316,105.18,280279
219.09752,105.17999,280284
218.44765,105.17999,280289
217.53795,105.18,280294
216.7584,105.18,280299
216.23546,105.18,280302
215.32912,105.17999,280306
214.69446,105.03973,280312
213.93288,104.8714,280316
212.91743,104.64697,280321
212.02893,104.45059,280327
211.80246,104.32289,280332
211.40155,104.179985,280336
210.94722,103.98204,280340
210.06647,103.97998,280345
209.52362,103.97998,280349
209.25458,103.99137,280354
208.79619,104.55779,280359
208.52539,105.001686,280364
208.36575,105.206894,280369
208.11339,105.59059,280374
207.83186,106.317955,280379
207.45184,107.28598,280384
206.86456,107.56447,280389
206.15982,107.89866,280393
205.68999,108.121445,280398
205.38518,108.18705,280403
205.17361,108.54117,280409
205.18,109.31723,280414
205.18,109.949684,280469
204.94322,109.6398,280474
205.1066,109.010704,280478
205.17998,108.63325,280484
205.21179,108.333916,280489
205.56369,108.1783,280494
206.47264,108.18,280498
207.11871,108.17999,280504
207.11871,108.17999,280510
207.11871,108.17999,280518
207.11871,107.53002,280525
207.45316,106.71272,280531
207.91011,105.925865,280536
208.104,105.5875,280600
208.104,105.5875,280606
208.104,105.5875,280613
208.104,105.06753,280618
208.24138,104.306046,280623
208.31007,104.05529,280681
208.31007,104.05529,280686
208.31007,104.05529,280692
208.96004,104.05529,280698
209.79854,103.97998,280704
210.67844,103.97998,280709
211.02007,104.009056,280714
211.38797,104.13841,280719
211.60281,104.17994,280724
211.60281,104.17994,280730
212.11963,104.12281,280735
213.02408,104.022835,280740
213.92853,103.92286,280746
214.70377,103.83716,280751
215.48294,103.821655,280757
216.39287,103.82,280763
217.30276,103.82,280768
218.0826,103.82,280773
218.60222,103.82001,280779
219.12216,103.82,280784
219.90198,103.82,280789
220.42145,103.82001,280794
220.54047,103.82001,280799
220.70328,103.75489,280804
220.82,102.95975,280810
220.81999,102.17995,280815
220.81999,101.270226,280820
220.82,101.01058,280826
220.82,101.01058,280832
220.82,101.01058,280839
220.82,101.660545,280845
220.81999,102.43969,280849
220.82,103.34418,280854
220.82,103.58174,280860
220.51836,103.832146,280865
219.60858,103.82001,280870
219.08908,103.8201,280876
218.43913,103.82,280882
217.6592,103.82,280887
216.87927,103.82,280893
216.0994,103.82,280898
215.31982,103.8201,280903
214.80286,103.87598,280908
213.76894,103.987724,280913
212.86424,104.08551,280919
211.95956,104.18329,280924
211.457,104.163315,280929
211.10307,104.095894,280934
210.34492,103.97998,280939
209.54074,103.97998,280944
209.30765,103.98041,280949
208.84451,104.495155,280954
208.50056,105.04667,280959
208.32745,105.2262,280964
208.09717,105.65128,280969
207.76439,106.4982,280974
207.42952,107.3443,280979
206.83685,107.61112,280984
206.12564,107.93131,280989
205.6515,108.144775,280995
205.44571,108.17994,281001
205.21806,108.32776,281005
205.18,108.94661,281010
205.18,109.95692,281070
204.94518,109.64555,281075
205.07454,109.14193,281080
205.17998,108.638306,281085
205.2095,108.33762,281090
205.55453,108.17999,281095
206.59322,108.17999,281101
207.10973,108.17999,281106
207.10973,108.17999,281112
207.10973,108.17999,281119
207.10973,107.66002,281124
207.43115,106.83511,281128
207.80624,106.15131,281133
208.05275,105.69348,281195
208.05275,105.69348,281200
208.05275,105.69348,281206
208.05275,105.04352,281212
208.63353,104.945335,281217
208.982,105.120415,281223
208.982,105.120415,281229
208.982,105.120415,281235
208.982,105.120415,281242
209.03696,104.70249,281248
209.02994,104.289314,281253
209.14377,104.052345,281314
209.14377,104.052345,281319
209.14377,104.052345,281328
209.60391,103.97999,281333
210.37161,103.97999,281338
211.06606,104.05122,281344
211.4391,104.16488,281350
211.65666,104.201836,281356
211.82266,104.56478,281362
211.82,104.95445,281368
211.82,104.95445,281374
211.82,104.95445,281381
212.47006,104.95445,281387
213.24548,105.03118,281392
214.14929,105.13673,281398
214.79411,105.17999,281403
215.18404,105.18,281408
215.96384,105.18,281413
216.87343,105.18,281418
217.65277,105.17999,281423
218.5595,105.18,281429
219.20692,105.18,281433
220.11494,105.17999,281439
220.3724,105.17999,281445
220.69211,105.22775,281451
220.82817,105.62724,281457
220.82,106.40706,281462
220.82,107.31645,281468
220.82,107.31645,281474
220.82,107.31645,281480
220.82,107.31645,281487
220.82,107.31645,281494
220.82,106.79652,281499
220.81999,105.886795,281504
220.82,105.40698,281510
220.62318,105.19075,281516
219.85141,105.17999,281521
219.07646,105.17999,281527
218.29662,105.18,281533
217.64682,105.18,281538
216.60745,105.18,281543
215.95825,105.17999,281549
215.31174,105.17999,281555
214.80414,105.06725,281561
214.04272,104.89813,281567
213.40822,104.7572,281573
212.64682,104.58808,281578
212.01231,104.44715,281582
211.78732,104.31688,281588
211.38297,104.179985,281593
211.08606,104.07509,281598
210.2948,103.97998,281604
209.59271,103.97998,281610
209.28877,103.98319,281615
208.82611,104.51638,281621
208.48502,105.06965,281626
208.30547,105.23507,281632
208.03513,105.79858,281637
207.75139,106.52509,281642
207.46585,107.2509,281648
206.88177,107.53607,281654
206.1809,107.878265,281659
205.71362,108.10639,281664
205.40834,108.17995,281670
205.20494,108.34903,281675
205.18,109.36432,281680
205.18,109.989456,281738
204.87827,109.56599,281743
205.04259,109.072655,281748
205.16583,108.70267,281754
205.18428,108.39306,281759
205.53738,108.17445,281764
206.31654,108.18,281769
207.09277,108.179985,281774
207.09277,108.179985,281780
207.09277,108.179985,281786
207.09277,107.66001,281791
207.35303,106.94986,281796
207.85999,106.04193,281801
208.1094,105.585686,281875
208.1094,105.585686,281881
208.1094,105.585686,281889
208.1094,104.93572,281895
208.30128,104.05473,281900
208.30128,104.05473,281964
208.30128,104.05473,281970
208.30128,104.05473,281977
208.82126,104.05473,281982
209.13905,104.057976,281988
209.83391,103.97999,281993
210.59135,103.97999,281998
211.04723,104.03103,282004
211.41757,104.15321,282010
211.63435,104.19066,282017
211.63435,104.19066,282023
212.15094,104.1314,282029
212.92583,104.04251,282034
213.57156,103.96844,282040
214.34644,103.879555,282045
214.73387,103.83511,282051
215.38382,103.829605,282057
216.16376,103.823,282062
216.8137,103.82001,282067
217.72359,103.82,282073
218.37337,103.82001,282079
218.63356,103.82001,282085
219.1535,103.82001,282090
220.06325,103.82,282095
220.32301,103.8201,282100
220.56358,103.82004,282106
220.75673,103.70589,282111
220.82,102.97617,282116
220.82,102.32628,282121
220.81999,101.54644,282125
220.82,101.02689,282131
220.82,101.02689,282139
220.82,101.02689,282147
220.82,101.02689,282154
220.82,101.02689,282161
220.8201,101.54657,282167
220.82,102.45544,282171
220.82,103.231606,282176
220.82,103.59537,282182
220.60475,103.816605,282188
219.82686,103.82,282193
219.17723,103.82001,282199
218.52728,103.82,282204
217.74734,103.82001,282209
216.9674,103.82,282214
216.05754,103.82,282220
215.27805,103.82001,282224
214.63193,103.890656,282230
213.72737,103.98956,282236
213.08125,104.06021,282241
212.17668,104.15913,282246
211.91824,104.18738,282251
211.54095,104.172966,282256
211.03952,104.031624,282261
210.32399,103.97998,282266
209.61461,103.97998,282271
209.25717,103.990616,282276
208.7983,104.554535,282281
208.52744,104.99839,282286
208.36797,105.20373,282292
208.06934,105.708176,282297
207.69202,106.67723,282302
207.45377,107.28196,282308
206.98422,107.50534,282313
206.1625,107.89626,282318
205.69296,108.119644,282323
205.38797,108.186066,282329
205.1712,108.531906,282335
205.18,109.17898,282339
205.17998,109.94069,282398
204.94075,109.632706,282404
205.07312,109.12986,282409
205.17998,108.627014,282414
205.21468,108.32949,282420
205.57387,108.176544,282425
206.4828,108.18,282431
207.1287,108.17999,282436
207.1287,108.17999,282443
207.1287,108.17999,282449
207.1287,107.53002,282454
207.46078,106.71131,282459
207.91457,105.92262,282464
208.10715,105.58351,282526
208.10715,105.58351,282531
208.10715,105.58351,282538
208.10715,104.93354,282543
208.30093,104.05315,282549
208.30093,104.05315,282614
208.30093,104.05315,282621
208.30093,104.05315,282629
208.9509,104.05315,282633
209.79144,103.97998,282638
210.67177,103.97999,282643
211.0141,104.00519,282648
211.38165,104.1355,282654
211.59737,104.17995,282660
211.59737,104.17995,282667
212.24341,104.10864,282673
213.01866,104.02308,282679
213.79391,103.93752,282684
214.56917,103.85196,282689
215.47755,103.82509,282695
216.25749,103.82114,282700
217.03651,103.82,282705
217.81639,103.82,282710
218.46613,103.82001,282715
219.2459,103.82,282720
220.02568,103.82001,282725
220.41522,103.82001,282730
220.5346,103.82001,282736
220.68773,103.76561,282741
220.81999,102.9957,282747
220.82,102.345894,282752
220.81999,101.56605,282757
220.82,101.04646,282762
220.82,101.04646,282769
220.82,101.04646,282776
220.82,101.04646,282784
220.82,101.04646,282792
220.82,101.56615,282798
220.81999,102.345245,282804
220.82,103.12233,282810
220.82,103.37879,282816
220.82,103.6048,282822
220.58179,103.823586,282827
219.80191,103.82,282832
219.15233,103.8201,282837
218.63235,103.82,282842
217.72243,103.82,282847
216.94249,103.82001,282852
216.03264,103.82,282857
215.25319,103.82,282863
214.73633,103.876976,282869
213.96106,103.9623,282875
213.18578,104.047646,282880
212.41049,104.13298,282886
211.89365,104.18987,282891
211.39247,104.179985,282896
211.03026,104.024666,282902
210.30579,103.97998,282908
209.60085,103.97998,282913
209.33293,103.97998,282918
208.93245,104.35009,282923
208.52109,105.01274,282928
208.35828,105.21291,282933
208.06264,105.724686,282938
207.7329,106.57277,282942
207.44717,107.298515,282947
206.85872,107.57453,282951
206.0349,107.96095,282957
205.68182,108.126564,282962
205.37761,108.1899,282968
205.18,108.56427,282974
205.18,109.21145,282979
205.18,109.97216,283043
204.87225,109.55296,283049
205.04062,109.061005,283054
205.1669,108.69203,283059
205.18764,108.3833,283064
205.56491,108.17845,283070
206.47382,108.17999,283076
207.11987,108.17999,283081
207.11987,108.17999,283087
207.11987,108.17999,283094
207.11987,107.53003,283099
207.3872,106.82406,283104
207.91063,105.92549,283109
208.10437,105.587036,283167
208.10437,105.587036,283173
208.10437,105.587036,283179
208.10437,104.93707,283184
208.29924,104.057014,283189
208.29924,104.057014,283252
208.29924,104.057014,283258
208.29924,104.057014,283264
208.81921,104.057014,283269
209.137,104.05978,283276
209.57289,103.97998,283282
210.33879,103.97998,283287
211.04459,104.028496,283292
211.41461,104.15164,283299
211.6312,104.189316,283306
211.6312,104.189316,283315
212.14781,104.13031,283321
212.92274,104.04181,283327
213.69766,103.95331,283333
214.47258,103.8648,283338
214.7309,103.8353,283344
215.38083,103.829765,283350
216.29076,103.82203,283356
217.33064,103.82,283361
218.24045,103.82,283366
218.6301,103.8201,283371
219.15004,103.82,283376
220.05981,103.82,283381
220.31958,103.82001,283387
220.5605,103.82001,283393
220.7504,103.71292,283398
220.82,102.86025,283403
220.82,102.080475,283408
220.82,101.30072,283414
220.82,101.04103,283421
220.82,101.04103,283428
220.82,101.04103,283436
220.82,101.04103,283442
220.82,101.04103,283449
220.82,101.56071,283455
220.82,102.33981,283461
220.82002,103.24563,283466
220.82002,103.60749,283472
220.5753,103.825195,283477
220.55656,103.82003,283482
220.55656,103.82003,283489
220.16658,103.82003,283494
219.3868,103.82,283500
219.12709,103.82001,283507
218.60713,103.82,283513
217.8272,103.82001,283519
217.17725,103.82001,283524
216.39734,103.82,283530
215.7475,103.82001,283535
215.22804,103.8201,283540
214.5781,103.82,283545
213.66817,103.82,283551
213.01823,103.82001,283556
212.36737,103.82,283561
211.45787,103.82001,283566
210.81909,103.94004,283572
210.69133,103.96404,283578
210.93877,103.88425,283584
210.93877,103.88425,283589
210.93877,103.88425,283651
210.93877,103.88425,283658
211.45874,103.88425,283662
211.7592,104.14106,283668
211.83012,104.62627,283674
211.82,105.015724,283680
211.82,105.015724,283688
211.82,105.015724,283696
211.82,105.015724,283703
211.82,104.62613,283708
211.82,104.40256,283713
211.53479,104.16854,283718
211.09596,104.086914,283723
210.32439,103.97998,283729
209.52818,103.97998,283734
209.52818,103.97998,283794
209.52818,103.97998,283799
209.52818,103.97998,283804
208.87822,103.97998,283809
209.08868,104.11489,283815
209.05852,104.15424,283821
209.04987,104.76172,283828
209.137,105.00667,283835
209.137,105.00667,283843
209.137,105.00667,283852
208.61702,105.00667,283859
208.31087,105.12819,283865
208.17308,105.530495,283871
208.18001,106.440285,283876
208.18,107.21987,283881
208.18,107.21987,283887
208.18,107.21987,283893
207.53003,107.21987,283898
206.81842,107.477585,283903
206.02303,107.919525,283907
205.68126,108.107376,283913
205.37924,108.18927,283919
205.37924,108.18927,283983
205.37924,108.18927,283990
205.37924,108.18927,283998
205.89427,108.17501,284001
207.05382,107.73365,284005
207.53712,106.83095,284010
207.92259,106.00669,284015
208.0893,105.65413,284020
208.17995,105.44134,284024
208.49161,105.06927,284027
209.02994,104.54155,284033
209.02994,104.29506,284037
209.269,103.97694,284042
210.28947,103.97998,284046
211.00473,103.9997,284051
211.37189,104.131165,284056
211.58888,104.17995,284061
212.2102,104.37079,284067
212.95578,104.59981,284071
213.70135,104.82882,284076
214.57121,105.096,284080
215.3397,105.1695,284085
216.37941,105.18,284088
217.41867,105.18,284093
218.32661,105.17999,284098
218.58456,105.17999,284104
219.23415,105.18,284110
220.01268,105.17999,284115
220.39914,105.17999,284121
220.61343,105.183624,284126
220.82677,105.43187,284131
220.81999,106.08173,284136
220.82,106.991486,284141
220.82,107.25121,284146
220.82,107.25121,284151
220.82,107.25121,284159
220.82,107.25121,284166
220.82,107.25121,284172
220.82,106.73128,284177
220.81999,105.9515,284182
220.82,105.69177,284187
220.82,105.46147,284193
220.74611,105.28463,284198
220.059,105.17999,284204
219.15286,105.17999,284210
218.63295,105.18,284216
217.85316,105.18,284222
217.07349,105.18,284228
216.42393,105.17999,284233
215.51605,105.17999,284238
214.75356,105.05787,284244
213.993,104.88511,284250
213.23143,104.71675,284256
212.59682,104.57632,284262
212.08913,104.463974,284268
211.85846,104.34402,284274
211.47113,104.1693,284280
211.11157,104.10783,284286
210.50027,103.97997,284291
209.87798,103.97997,284296
209.55908,103.97997,284302
209.31598,103.97997,284308
208.85301,104.48623,284314
208.50752,105.03678,284320
208.3371,105.222084,284325
208.09834,105.63594,284330
207.81534,106.36273,284335
207.48215,107.209496,284340
206.84158,107.5966,284346
206.01414,107.975235,284351
205.66,108.13854,284357
205.45305,108.17994,284362
205.29486,108.24691,284367
205.18,108.90457,284372
205.18,109.918106,284430
204.93442,109.615166,284436
205.10526,108.98805,284442
205.17998,108.61178,284448
205.17998,108.41242,284454
205.47432,108.16763,284459
206.38327,108.18,284464
207.15834,108.18,284469
207.15834,108.1799,284475
207.15834,108.1799,284481
207.15834,107.52993,284486
207.41835,106.81965,284491
207.80061,106.13982,284497
208.05289,105.685135,284563
208.05289,105.685135,284569
208.05289,105.685135,284576
208.05289,105.16516,284581
208.67766,105.084404,284587
208.92757,105.1561,284593
208.92757,105.1561,284599
208.92757,105.1561,284605
208.92757,105.1561,284611
209.02156,104.63188,284616
209.02994,104.33358,284621
209.13718,104.05799,284683
209.13718,104.05799,284689
209.13718,104.05799,284696
209.59035,103.97999,284703
210.3582,103.97999,284708
211.05707,104.0415,284713
211.4288,104.15937,284719
211.64616,104.196205,284726
211.82005,104.54426,284732
211.8201,104.93397,284737
211.8201,104.93397,284744
211.8201,104.93397,284751
212.34007,104.93397,284757
213.11531,105.01222,284762
213.76074,105.088875,284767
214.6644,105.17999,284773
215.31267,105.18,284779
216.09244,105.18,284785
216.74219,105.17999,284791
217.65147,105.18,284795
218.68591,105.17999,284799
219.33545,105.18,284805
220.1136,105.17999,284811
220.37108,105.17999,284818
220.6912,105.22697,284824
220.82486,105.75499,284830
220.81999,106.5348,284835
220.82,107.314224,284841
220.82,107.314224,284849
220.82,107.314224,284855
220.82,107.314224,284861
220.82,107.314224,284868
220.82,106.79429,284873
220.82,106.01449,284878
220.82,105.62493,284883
220.82,105.40518,284889
220.61879,105.18891,284894
219.58647,105.17999,284898
219.07106,105.17999,284902
218.44606,105.00155,284908
217.82108,104.82311,284913
217.33212,104.646194,284918
216.72093,104.42506,284923
217.08498,104.564964,284928
217.32811,104.657036,284934
216.71933,104.429344,284940
216.11067,104.20131,284945
215.38033,103.92756,284950
214.60866,103.87662,284956
213.82889,103.8603,284962
213.04913,103.842316,284967
212.26938,103.82448,284974
211.48982,103.82001,284978
210.85034,103.936295,284984
210.72244,103.95955,284989
210.96902,103.87716,284995
210.96902,103.87716,285000
210.96902,103.87716,285060
210.96902,103.87716,285066
211.489,103.87716,285072
211.77423,104.13592,285078
211.83258,104.63018,285083
211.82,105.01958,285088
211.82,105.01958,285094
211.82,105.01958,285100
211.82,105.01958,285106
211.8201,104.629974,285111
211.82004,104.40578,285116
211.41197,104.179985,285122
211.09532,104.08609,285127
210.32101,103.97998,285133
209.61232,103.97998,285138
209.5262,103.97998,285202
209.5262,103.97998,285209
209.5262,103.97998,285217
208.87622,103.97998,285223
209.14911,104.04799,285228
209.06674,104.13909,285234
209.02998,104.61325,285239
209.1256,104.983116,285245
209.1256,104.983116,285251
209.1256,104.983116,285256
208.60562,104.983116,285261
208.26341,105.22976,285266
208.17665,105.68724,285271
208.18,106.597046,285276
208.18,107.24664,285282
208.18,107.24664,285287
208.18,107.24664,285293
207.66002,107.24664,285299
206.82378,107.5473,285305
206.12688,107.897484,285311
205.66154,108.12952,285317
205.45523,108.17994,285322
205.45523,108.17994,285391
205.45523,108.17994,285396
205.45523,108.17994,285401
206.1052,108.17994,285407
206.79848,107.89249,285412
207.12344,107.67691,285418
207.40327,107.09026,285424
207.73907,106.386284,285429
208.07487,105.68231,285434
208.17995,105.46831,285440
208.45952,105.09113,285445
209.02994,104.56656,285450
209.02994,104.30388,285456
209.13454,104.05362,285461
209.83261,103.97998,285466
210.5901,103.97998,285472
211.04634,104.03018,285477
211.41658,104.15269,285482
211.63332,104.19021,285487
212.25446,104.381615,285493
213.12405,104.64959,285499
213.86943,104.87928,285505
214.6148,105.10896,285511
215.38322,105.17712,285516
216.293,105.18,285521
217.07262,105.18,285526
217.72205,105.18,285531
218.62788,105.1799,285537
219.14757,105.18,285543
220.05585,105.18,285548
220.31389,105.1799,285554
220.64467,105.1965,285560
220.82597,105.64539,285566
220.81999,106.42518,285572
220.82,107.20479,285578
220.82,107.33452,285585
220.82,107.33452,285593
220.82,107.33452,285600
220.82,106.814545,285605
220.81999,106.03474,285610
220.8201,105.64514,285616
220.82005,105.42175,285622
220.659,105.208954,285627
220.02866,105.18,285632
219.2513,105.18,285637
218.60307,105.18,285643
217.8233,105.18,285649
217.04366,105.18,285654
216.13445,105.17999,285660
215.3576,105.17999,285666
214.59708,105.03155,285671
213.83643,104.85908,285676
212.94875,104.659004,285681
212.18788,104.48745,285686
211.83246,104.33505,285691
211.43864,104.17633,285696
211.10344,104.09648,285702
210.47296,103.97998,285708
209.73773,103.97997,285714
209.30807,103.980354,285720
208.91374,104.38439,285725
208.50093,105.04614,285730
208.32794,105.225975,285736
208.05026,105.771736,285742
207.81226,106.37656,285748
207.5732,106.98096,285753
207.42975,107.343605,285758
206.71863,107.66397,285764
206.00749,107.98434,285770
205.65193,108.144516,285776
205.44608,108.17994,285781
205.17441,108.42737,285787
205.18,109.07371,285792
205.17998,109.955124,285859
204.94469,109.64413,285865
205.10681,109.0147,285870
205.17998,108.63705,285876
205.21007,108.33669,285881
205.55737,108.17957,285887
206.33658,108.18,285892
207.11252,108.17999,285897
207.11252,108.17999,285904
207.11252,108.17999,285910
207.11252,107.66002,285916
207.36914,106.9478,285921
207.74443,106.26411,285926
208.05313,105.69212,285992
208.05313,105.69212,285998
208.05313,105.69212,286003
208.05313,105.17215,286009
208.55373,105.0528,286015
208.92917,105.15828,286021
208.92917,105.15828,286027
208.92917,105.15828,286035
208.92917,105.15828,286041
209.0454,104.716385,286047
209.02992,104.33482,286053
209.13625,104.05882,286122
209.13625,104.05882,286129
209.13625,104.05882,286137
209.71802,103.97999,286143
210.48131,103.97999,286149
211.05592,104.040184,286155
211.42747,104.15862,286161
211.64479,104.19552,286167
211.82,104.67135,286172
211.82,104.93112,286177
211.82,104.93112,286183
211.82,104.93112,286189
212.47006,104.93112,286194
213.11578,104.997444,286199
214.01854,105.11164,286205
214.66344,105.17999,286210
215.3117,105.18,286215
216.22142,105.17999,286220
217.1309,105.17999,286226
217.91005,105.17999,286231
218.68497,105.17999,286237
219.20462,105.17999,286242
219.72394,105.17999,286247
220.37015,105.17999,286253
220.69055,105.226425,286259
220.82492,105.75345,286264
220.82,106.40331,286269
220.82,107.31272,286274
220.82,107.31272,286280
220.82,107.31272,286287
220.82,107.31272,286295
220.82,107.31272,286303
220.81999,106.6628,286308
220.82,105.7532,286313
220.82004,105.40399,286319
220.49152,105.16869,286323
219.71254,105.18,286328
219.06755,105.1799,286333
218.56764,105.03686,286339
217.81776,104.822296,286345
217.45108,104.68953,286351
216.71771,104.423996,286357
217.08179,104.56383,286363
217.32494,104.65586,286371
216.83792,104.47371,286376
216.5944,104.38262,286383
216.10751,104.20013,286389
215.37717,103.92638,286394
214.6055,103.87561,286400
213.8257,103.8609,286406
213.04594,103.842606,286412
212.26619,103.824615,286418
211.48665,103.82001,286422
210.84723,103.93665,286427
210.71935,103.959984,286433
210.96602,103.87788,286438
210.96602,103.87788,286442
210.96602,103.87788,286509
210.96602,103.87788,286514
211.486,103.87788,286519
211.77274,104.13648,286525
211.83235,104.629974,286530
211.82,105.01938,286536
211.82,105.01938,286543
211.82,105.01938,286550
211.82,105.01938,286556
211.82,104.629776,286561
211.82,104.405594,286568
211.5402,104.169106,286573
211.09534,104.08616,286579
210.44937,103.97998,286584
209.61357,103.97998,286590
209.52716,103.97998,286651
209.52716,103.97998,286656
209.52716,103.97998,286662
208.8772,103.97998,286667
209.11008,104.084854,286672
209.0583,104.15466,286678
209.03,104.63551,286683
209.13731,105.00724,286689
209.13731,105.00724,286695
209.13731,105.00724,286702
208.48735,105.00724,286707
208.21877,105.13695,286713
208.16675,105.76348,286719
208.18,106.543274,286724
208.18,107.32268,286729
208.18,107.32268,286734
208.18,107.32268,286742
207.66002,107.32268,286748
206.81425,107.60434,286753
206.10735,107.93383,286758
205.63474,108.15065,286763
205.43216,108.17995,286769
205.43216,108.17995,286828
205.43216,108.17995,286832
205.43216,108.17995,286839
205.95213,108.17995,286844
206.6629,107.92077,286849
207.11368,107.6616,286854
207.34044,107.19368,286859
207.73727,106.37481,286864
208.07742,105.67293,286869
208.17995,105.45982,286875
208.46918,105.083336,286881
209.02994,104.55835,286886
209.02994,104.30091,286892
209.09216,104.10259,286898
209.97339,103.97998,286904
210.7224,103.97998,286909
211.05412,104.038185,286915
211.42542,104.15748,286921
211.64264,104.194466,286927
212.1396,104.347404,286933
212.76082,104.53858,286938
213.50629,104.768,286943
214.25174,104.997406,286948
214.74872,105.15035,286954
215.39853,105.16445,286959
216.04834,105.17855,286964
216.82803,105.17999,286969
217.60744,105.18,286974
218.51457,105.18,286979
219.16252,105.17999,286983
220.07072,105.17999,286989
220.32864,105.17999,286994
220.65784,105.20352,287000
220.82,105.67787,287006
220.82,106.45768,287012
220.82,107.23724,287018
220.82,107.23724,287025
220.82,107.23724,287032
220.82,107.23724,287038
220.82,107.23724,287044
220.81999,106.58734,287050
220.82,105.807655,287055
220.82,105.4494,287060
220.72182,105.257645,287066
220.00447,105.18,287071
219.22734,105.179985,287077
218.59854,105.03973,287083
217.8475,104.82932,287089
217.23587,104.60937,287095
216.50194,104.34542,287100
216.01476,104.163666,287105
215.284,103.89103,287110
214.76416,103.87944,287116
213.98439,103.86206,287121
213.20462,103.84467,287126
212.42485,103.82729,287131
211.77507,103.82,287136
211.38557,103.82001,287141
210.73563,103.82,287146
209.82607,103.82,287152
208.91632,103.82,287158
208.65659,103.82001,287164
208.65659,103.82001,287171
208.14061,103.78526,287177
207.6253,103.715775,287182
207.10535,103.71124,287187
206.19543,103.70331,287192
205.4155,103.69651,287197
204.3756,103.68745,287202
203.72565,103.681786,287207
203.07568,103.681404,287212
202.03574,103.680786,287218
201.12578,103.680244,287223
200.87088,103.71616,287231
200.42424,103.82495,287237
199.90472,103.8201,287242
199.38477,103.82,287247
198.60483,103.82,287252
197.69492,103.82,287256
196.91504,103.82,287261
196.13545,103.8201,287266
195.4855,103.82,287271
194.57558,103.82,287276
193.66568,103.82,287281
192.75586,103.82,287286
192.2363,103.8201,287291
191.79225,104.09065,287296
191.27356,104.05427,287301
190.75485,104.017876,287307
190.75485,104.017876,287313
190.75485,104.017876,287319
190.2351,104.017876,287323
190.2799,104.0082,287328
190.92142,104.11271,287333
191.30632,104.17541,287337
191.30632,104.17541,287390
191.30632,104.17541,287395
191.95628,104.17541,287399
192.01143,104.653336,287404
191.8578,105.01179,287409
191.8578,105.01179,287415
191.8578,105.01179,287420
192.37778,105.01179,287425
193.28587,105.060905,287430
194.06386,105.116486,287434
194.97162,105.179565,287439
195.61736,105.17999,287444
196.13725,105.18,287449
197.1769,105.17999,287454
198.0863,105.17999,287459
198.99486,105.18,287464
199.38232,105.1799,287470
199.9013,105.18,287475
200.28871,105.17999,287481
200.60904,105.18397,287487
200.82521,105.53951,287492
200.82,106.31869,287497
200.82,107.22512,287501
200.82,107.22512,287507
200.82,107.22512,287514
201.34007,107.22512,287519
202.05692,107.47342,287524
202.74661,107.837585,287529
203.3232,108.1376,287533
203.63573,108.19437,287539
203.63573,108.19437,287602
203.63573,108.19437,287608
203.63573,108.19437,287614
202.99367,108.17865,287620
203.23155,107.76211,287625
203.90869,107.38043,287631
204.59981,107.01891,287636
205.29001,106.655655,287640
205.8652,106.353004,287646
206.33794,106.13645,287651
207.04704,105.811615,287655
207.4016,105.6492,287661
207.90138,105.50572,287666
208.12868,105.379524,287672
208.61238,104.945366,287678
208.99934,104.598045,287684
209.02994,104.28441,287689
209.2065,104.0018,287694
210.08429,103.97998,287698
210.82442,103.97998,287703
211.41373,104.15118,287708
211.63026,104.18892,287714
211.63026,104.18892,287721
212.27605,104.11526,287727
213.05098,104.02687,287732
213.82591,103.93848,287738
214.60085,103.85008,287743
215.37996,103.83234,287748
216.28989,103.82468,287754
217.19978,103.82,287760
217.97964,103.82,287765
218.6292,103.82001,287770
219.14914,103.82,287775
219.92897,103.82,287781
220.31868,103.82001,287787
220.5597,103.82001,287793
220.74869,103.71475,287799
220.82,102.99394,287805
220.81999,102.21408,287812
220.82,101.564224,287817
220.82,101.04465,287823
220.82,101.04465,287831
220.82,101.04465,287837
220.82,101.04465,287844
220.82,101.04465,287850
220.81999,101.564316,287856
220.82,102.3434,287862
220.82,103.249176,287868
220.82,103.603264,287874
220.58551,103.82259,287879
220.57202,103.82004,287886
220.57202,103.82004,287892
220.05205,103.82004,287897
219.40224,103.82,287902
219.14252,103.8201,287907
218.49257,103.82,287912
217.71263,103.82001,287917
216.9327,103.82,287923
216.1528,103.82,287929
215.37317,103.82,287935
214.72345,103.82,287940
213.94351,103.82,287945
213.16357,103.82,287951
212.25371,103.82,287957
211.47415,103.82,287962
210.96283,103.91453,287967
210.70715,103.96175,287974
210.70715,103.96175,287980
210.95418,103.88067,287984
210.95418,103.88067,287989
210.95418,103.88067,288053
210.95418,103.88067,288060
211.60416,103.88067,288065
211.76685,104.138596,288071
211.83139,104.628784,288076
211.82,105.01821,288081
211.82,105.01821,288088
211.82,105.01821,288095
211.82,105.01821,288102
211.82,104.62861,288108
211.82,104.404625,288114
211.40993,104.179985,288120
211.03778,104.030205,288125
210.31918,103.97998,288130
209.61093,103.97998,288135
209.52512,103.97998,288208
209.52512,103.97998,288213
209.52512,103.97998,288219
208.87515,103.97998,288225
209.10954,104.085464,288230
209.05789,104.155495,288236
209.02998,104.6366,288241
209.13799,105.008385,288247
209.13799,105.008385,288254
209.13799,105.008385,288260
208.48802,105.008385,288265
208.21921,105.13808,288271
208.1635,105.63454,288276
208.18,106.54429,288281
208.18,107.32369,288285
208.18,107.32369,288292
208.18,107.32369,288299
207.53001,107.32369,288305
206.69124,107.61942,288310
205.87665,108.02492,288316
205.4452,108.17995,288322
205.4452,108.17995,288392
205.4452,108.17995,288400
205.4452,108.17995,288406
206.09517,108.17995,288412
206.89844,107.82313,288417
207.11574,107.680405,288423
207.34062,107.21158,288428
207.73418,106.39113,288434
208.0715,105.68788,288439
208.17995,105.47378,288444
208.45345,105.09645,288449
209.02994,104.572685,288455
209.02994,104.27666,288461
209.14905,104.040596,288466
209.99011,103.97998,288472
210.8537,103.97998,288478
211.43788,104.16427,288482
211.65543,104.20114,288488
212.02824,104.315575,288494
212.77388,104.54443,288500
213.5195,104.77329,288506
214.26514,105.00216,288512
214.76222,105.15473,288517
215.28207,105.16549,288523
215.9319,105.17895,288528
216.71162,105.17999,288534
217.49112,105.17999,288540
218.399,105.17999,288546
219.17758,105.18,288552
219.95624,105.17999,288557
220.34348,105.17999,288563
220.67033,105.21125,288570
220.82578,105.5761,288577
220.82,106.35592,288582
220.82,107.135605,288587
220.82,107.26542,288593
220.82,107.26542,288601
220.82,107.26542,288608
220.82,106.745445,288615
220.82,105.96564,288620
220.8201,105.70589,288626
220.82004,105.47387,288632
220.7682,105.31556,288637
219.99673,105.18,288642
219.21965,105.18,288646
218.46599,105.00378,288652
217.84035,104.827644,288658
217.35114,104.65143,288664
216.73964,104.43115,288669
216.98152,104.52662,288673
217.34639,104.6643,288678
216.85944,104.48197,288682
216.49422,104.34522,288690
216.12906,104.20831,288695
215.39874,103.9345,288702
214.62709,103.88249,288708
213.84734,103.86494,288714
213.06761,103.84571,288719
212.28789,103.82663,288724
211.5083,103.82001,288729
210.99643,103.911385,288735
210.74048,103.95707,288742
210.74048,103.95707,288748
210.9865,103.87298,288754
210.9865,103.87298,288759
210.9865,103.87298,288830
210.9865,103.87298,288835
211.50647,103.87298,288841
211.78297,104.13244,288847
211.84102,104.5008,288852
211.82,105.019966,288858
211.82,105.019966,288865
211.82,105.019966,288871
211.82,105.019966,288877
211.82,104.63036,288882
211.82,104.40608,288888
211.54109,104.169205,288894
211.03966,104.03173,288900
210.32346,103.97998,288905
209.6142,103.97998,288910
209.52763,103.97998,288981
209.52763,103.97998,288987
209.52763,103.97998,288994
209.00766,103.97998,288999
209.03589,104.23848,289004
209.02998,104.609856,289009
209.12407,104.979385,289014
209.12407,104.979385,289021
209.12407,104.979385,289028
208.6041,104.979385,289034
208.26328,105.22649,289040
208.17975,105.81429,289046
208.18,106.7241,289052
208.18,107.24373,289058
208.18,107.24373,289065
208.18,107.24373,289071
207.53003,107.24373,289076
206.70218,107.55995,289081
206.01653,107.93166,289086
205.67262,108.11558,289091
205.37112,108.19257,289097
205.37112,108.19257,289163
205.37112,108.19257,289171
205.37112,108.19257,289180
206.01407,108.17763,289186
206.94054,107.77491,289191
207.42584,107.04556,289197
207.75685,106.339424,289202
208.09549,105.63682,289208
208.17995,105.42552,289213
208.60141,104.96755,289218
209.02992,104.52814,289223
209.02994,104.29057,289229
209.17744,104.01919,289235
210.04193,103.97999,289241
210.89851,103.97999,289247
211.37761,104.133675,289253
211.59384,104.17995,289259
212.09084,104.332825,289265
212.96057,104.60036,289271
213.83032,104.86789,289276
214.45155,105.05898,289281
214.8243,105.173645,289287
215.34421,105.18,289294
216.25395,105.18,289301
217.03357,105.18,289306
217.81282,105.17999,289312
218.4607,105.17999,289317
219.3688,105.18,289323
220.01744,105.17999,289328
220.40382,105.17999,289334
220.61823,105.18529,289340
220.82918,105.44483,289347
220.81999,106.22462,289353
220.82,107.00438,289360
220.82,107.26409,289365
220.82,107.26409,289371
220.82,107.26409,289378
220.82,107.26409,289386
220.82,107.26409,289392
220.81999,106.744156,289398
220.81999,105.96438,289404
220.82,105.70463,289410
220.82,105.47275,289416
220.76634,105.31264,289421
220.12,105.18,289426
219.21315,105.17999,289431
218.45978,105.00313,289437
217.83434,104.826256,289442
217.34521,104.64982,289447
216.61153,104.385155,289453
216.12424,104.20371,289459
215.27148,103.886185,289465
214.62166,103.87243,289471
213.84187,103.85592,289476
212.93211,103.83666,289482
212.15233,103.82015,289488
211.5027,103.82001,289493
210.85275,103.82,289499
210.07326,103.82001,289504
209.03348,103.82,289509
208.64383,103.8201,289514
208.64383,103.8201,289520
207.99916,103.76726,289526
207.61276,103.7145,289531
206.96281,103.70902,289536
206.18289,103.702446,289541
205.27296,103.69478,289544
203.97307,103.683815,289549
203.19312,103.68158,289553
202.28317,103.68109,289558
201.5032,103.68054,289563
200.98323,103.68019,289569
200.85863,103.71721,289575
200.4128,103.82509,289580
199.89331,103.82001,289585
199.37334,103.82,289591
198.5934,103.82,289596
197.81348,103.82,289601
197.03358,103.82,289606
196.12404,103.82,289611
195.3441,103.82001,289616
194.56416,103.82,289621
193.78424,103.82,289626
192.87439,103.82,289630
192.22488,103.82001,289635
191.783,104.09408,289639
191.26442,104.05605,289644
190.74583,104.01803,289649
190.74583,104.01803,289655
190.74583,104.01803,289660
190.09615,104.01803,289665
190.27989,104.00826,289670
190.7931,104.09184,289675
191.30632,104.17542,289679
191.30632,104.17542,289728
191.30632,104.17542,289734
191.8263,104.17542,289739
191.89581,104.79686,289745
191.82002,105.04543,289750
191.82002,105.04543,289756
191.82002,105.04543,289762
192.34,105.04543,289767
193.24863,105.08688,289772
194.02718,105.13376,289776
194.93558,105.17999,289781
195.58191,105.17999,289786
196.1018,105.17999,289791
196.88158,105.17999,289795
197.66122,105.18,289800
198.57045,105.18,289804
199.34746,105.17999,289810
199.99414,105.17999,289815
200.38022,105.17999,289821
200.58725,105.17999,289826
200.83203,105.468315,289832
200.81999,106.37732,289838
200.82,107.1546,289843
200.82002,107.282875,289849
200.82002,107.282875,289855
201.43263,107.500046,289860
202.2903,107.80408,289864
203.02544,108.06468,289869
203.27048,108.15154,289874
203.59048,108.17995,289879
203.59048,108.17995,289946
203.59048,108.17995,289952
203.59048,108.17995,289961
203.07051,108.17995,289967
203.19125,107.82579,289972
203.84622,107.415245,289977
204.53802,107.055115,289983
205.2275,106.69048,289988
205.80217,106.38681,289993
206.27441,106.169205,289998
207.10086,105.78841,290003
207.45505,105.625206,290010
207.95634,105.48711,290015
208.18092,105.35612,290022
208.56355,105.00403,290028
209.02994,104.56392,290033
209.02994,104.27449,290039
209.13757,104.050735,290044
209.96712,103.97998,290050
210.71696,103.97998,290056
211.0505,104.034325,290062
211.42128,104.155205,290069
211.63828,104.192406,290075
211.63828,104.192406,290082
212.15483,104.13282,290088
212.8005,104.058334,290094
213.57533,103.968956,290099
214.35016,103.87957,290104
214.73756,103.834885,290111
215.12753,103.8316,290116
215.90747,103.82503,290122
216.5574,103.82,290127
217.4673,103.82,290131
218.37703,103.82,290134
218.63673,103.8201,290140
219.28667,103.82,290146
220.19635,103.82001,290149
220.56644,103.82001,290153
220.83092,103.48322,290157
220.81999,102.57387,290163
220.81999,101.79398,290167
220.8201,101.014534,290171
220.8201,101.014534,290176
220.8201,101.014534,290183
220.8201,101.014534,290188
220.8201,101.014534,290239
220.8201,101.014534,290245
220.8201,101.014534,290252
220.8201,101.014534,290258
220.82,101.53422,290263
220.82,102.313324,290269
220.82,103.09059,290274
220.82002,103.47386,290280
220.82002,103.47386,290345
220.82002,103.47386,290351
220.82002,103.47386,290359
220.82002,104.12383,290365
220.31372,104.13538,290370
219.42769,103.928116,290376
219.17453,103.8689,290382
218.65463,103.86024,290387
217.87477,103.84724,290393
216.96495,103.83208,290399
216.18509,103.82001,290404
215.53532,103.82001,290408
215.27563,103.82001,290413
215.27563,103.82001,290420
214.62953,103.8907,290427
213.98341,103.961395,290433
213.33731,104.03209,290438
212.6912,104.10279,290443
211.91586,104.18762,290448
211.41025,104.179985,290454
211.09477,104.085434,290460
210.44612,103.97998,290465
209.71445,103.97998,290470
209.29897,103.98151,290475
209.07784,104.121254,290537
209.07784,104.121254,290543
209.07784,104.121254,290549
208.42786,104.121254,290554
208.15477,103.88902,290559
208.16238,103.3691,290564
208.17761,102.32927,290569
208.18,101.41949,290574
208.18,101.02988,290580
208.18,101.02988,290586
208.18,101.02988,290592
207.66002,101.02988,290596
207.41148,101.67975,290601
207.39513,102.589325,290606
207.37001,103.36888,290611
207.10362,103.961754,290617
206.7307,104.79178,290622
206.41104,105.50323,290629
206.19794,105.97752,290633
205.94359,106.57566,290639
205.58751,107.413055,290644
205.53664,107.53268,290708
205.53664,107.53268,290714
205.73813,107.05333,290720
205.98999,106.45414,290725
205.68724,107.17295,290731
205.53586,107.53235,290737
205.46605,108.047615,290742
205.4031,108.16136,290749
205.16829,108.46334,290754
205.18,109.37144,290759
205.18,110.150375,290764
205.18,111.054306,290769
205.18,111.6999,290774
205.18,112.47954,290779
205.18,113.25895,290784
205.18,113.90812,290789
205.17998,114.8134,290793
205.18,114.94069,290798
205.18,114.94069,290805
205.18,114.94069,290810
205.18,114.290726,290817
204.95442,114.03144,290821
204.66418,113.449875,290826
204.37395,112.86831,290831
204.34421,112.219025,290837
204.30853,111.43988,290842
204.27286,110.660736,290847
204.12784,110.02715,290852
203.95383,109.266846,290857
203.82002,108.63327,290862
203.79584,108.35019,290868
203.26636,108.042015,290873
202.7875,107.83935,290879
202.30928,107.39918,290885
201.83104,106.95901,290890
201.53403,106.53221,290894
200.93999,105.67863,290899
200.81041,105.375496,290905
200.52428,105.167564,290909
200.39246,105.17999,290915
199.8769,105.17999,290920
199.22704,105.18,290925
198.31734,105.18,290930
197.5378,105.17999,290935
196.62898,105.17999,290940
196.11215,105.1799,290945
195.61021,105.04411,290950
194.85733,104.84043,290955
194.36736,104.66634,290960
193.63242,104.40521,290965
193.02257,104.1804,290970
192.29155,103.90846,290975
191.81523,104.117004,290980
191.16782,104.05941,290985
190.77937,104.02486,290990
190.77937,104.02486,290996
190.77937,104.02486,291002
190.25984,104.02486,291007
190.27974,104.011406,291012
190.92151,104.11436,291017
191.30656,104.17613,291021
191.30656,104.17613,291077
191.30656,104.17613,291083
191.95653,104.17613,291087
191.9602,104.77343,291092
191.85768,105.012344,291097
191.85768,105.012344,291102
191.85768,105.012344,291107
192.24767,105.012344,291111
193.80322,105.08753,291116
194.58063,105.14923,291120
195.61536,105.17999,291125
196.26523,105.18,291130
197.30484,105.18,291134
198.08432,105.17999,291138
199.12236,105.18,291142
199.38036,105.1799,291147
200.02884,105.18,291152
200.28676,105.1799,291157
200.6072,105.18338,291161
200.82,106.31202,291164
200.82,107.21217,291166
200.82,107.21217,291168
200.82,107.21217,291170
201.46997,107.21217,291174
202.29057,107.541084,291179
203.08084,107.99213,291184
203.30725,108.11992,291189
203.61984,108.18779,291194
203.61984,108.18779,291251
203.61984,108.18779,291256
203.61984,108.18779,291262
202.97379,108.17709,291267
203.21674,107.76826,291272
203.8948,107.38763,291277
204.70093,106.965515,291282
205.50621,106.54181,291287
205.85136,106.36026,291292
206.44217,106.08932,291296
207.26929,105.71,291300
208.01166,105.474655,291305
208.12129,105.40481,291310
208.505,105.053894,291315
209.02992,104.52752,291320
209.02992,104.290375,291325
209.2893,103.97208,291330
210.18582,103.97998,291335
210.91272,103.97998,291340
211.39264,104.14062,291344
211.60739,104.18073,291349
211.60739,104.18073,291355
212.1242,104.12341,291360
212.89941,104.03743,291365
213.80382,103.93711,291371
214.57903,103.85113,291376
215.4874,103.82429,291381
216.39732,103.82,291386
217.17725,103.82,291391
218.08708,103.82,291395
218.6067,103.8201,291401
219.25662,103.82,291406
220.0364,103.82001,291412
220.42593,103.82001,291418
220.54466,103.82001,291424
220.71397,103.746704,291430
220.82,102.80609,291436
220.82,102.15629,291441
220.82,101.376495,291446
220.82,100.986984,291452
220.82,100.986984,291459
220.82,100.986984,291468
220.82,100.986984,291475
220.82,100.986984,291483
220.81999,101.37676,291488
220.82,102.15599,291493
220.82,103.0632,291499
220.82002,103.44728,291504
220.82002,103.560356,291510
220.58913,103.82159,291515
219.80925,103.82,291520
219.15965,103.82001,291525
218.5097,103.82,291530
217.72977,103.82,291535
216.94983,103.82001,291540
216.03996,103.82,291545
215.39029,103.82,291550
214.74055,103.82,291556
214.0906,103.82,291561
213.31067,103.82,291566
212.66075,103.82001,291572
211.88092,103.82,291578
211.49123,103.82001,291583
210.97127,103.82,291588
210.19133,103.82,291593
209.41145,103.82,291598
208.63194,103.8201,291603
208.63194,103.8201,291609
208.11617,103.78444,291614
207.60107,103.713295,291619
206.95113,103.70799,291624
206.17119,103.70162,291629
205.26128,103.6942,291635
204.35135,103.686775,291640
203.83139,103.68253,291645
203.18143,103.68201,291650
202.40146,103.68137,291655
201.49152,103.68063,291660
200.97153,103.680214,291666
200.84723,103.71824,291671
200.40059,103.82543,291676
199.88113,103.8201,291682
199.36118,103.82,291687
198.32126,103.82,291692
197.54137,103.82,291697
196.76149,103.82,291702
196.1119,103.82001,291707
195.33195,103.82001,291711
194.42203,103.82001,291715
193.51215,103.82,291719
192.60237,103.82001,291723
192.2128,103.8201,291728
191.77324,104.09787,291732
191.12518,104.04806,291737
190.73634,104.018166,291742
190.73634,104.018166,291747
190.73634,104.018166,291753
190.21672,104.018166,291757
190.27989,104.00833,291762
190.79312,104.09189,291767
191.30634,104.175446,291771
191.30634,104.175446,291825
191.30634,104.175446,291831
191.9563,104.175446,291835
192.01144,104.653366,291840
191.8578,105.0118,291845
191.8578,105.0118,291851
191.8578,105.0118,291856
192.50777,105.0118,291862
192.26933,105.15994,291867
192.91913,105.17451,291872
193.69885,105.18,291877
194.60817,105.17999,291881
195.38603,105.17999,291886
196.29257,105.18,291891
197.20224,105.17999,291896
198.11168,105.18,291901
198.89058,105.17999,291906
199.4074,105.17999,291911
199.92632,105.17999,291915
200.31345,105.17999,291920
200.63162,105.19253,291924
200.8323,105.47259,291929
200.81999,106.38165,291934
200.82,107.158905,291939
200.82,107.28713,291945
200.82,107.28713,291950
201.31033,107.46018,291955
202.16843,107.763016,291960
203.0265,108.06584,291965
203.27168,108.15237,291971
203.59142,108.17995,291976
203.59142,108.17995,292039
203.59142,108.17995,292045
203.59142,108.17995,292052
203.07144,108.17995,292056
203.28706,107.736946,292061
203.9604,107.35148,292066
204.65149,106.98991,292071
205.45717,106.56693,292076
205.80246,106.38568,292081
206.3929,106.11394,292086
207.21951,105.733505,292091
207.95703,105.486855,292097
208.18156,105.355804,292103
208.65979,104.91563,292108
209.02994,104.563484,292114
209.02994,104.30276,292119
209.13696,104.05134,292124
209.96559,103.97998,292129
210.59494,103.97998,292133
211.04968,104.03348,292139
211.42033,104.1547,292144
211.6373,104.19196,292149
211.6373,104.19196,292156
212.15385,104.132454,292161
213.05783,104.02833,292167
213.83266,103.93907,292172
214.6075,103.849815,292178
215.2566,103.832596,292183
216.16653,103.82514,292189
216.94646,103.82,292194
217.85632,103.82,292199
218.63583,103.82,292204
219.15578,103.82,292209
220.19545,103.82,292215
220.56564,103.82004,292221
220.76082,103.70109,292226
220.82,102.96493,292232
220.82,102.1851,292238
220.81999,101.405304,292243
220.82,101.015724,292249
220.82,101.015724,292256
220.82,101.015724,292263
220.82,101.015724,292271
220.82,101.015724,292277
220.81999,101.53541,292282
220.82,102.31451,292286
220.82,103.091774,292291
220.82002,103.475006,292298
220.82002,103.58571,292304
220.71498,103.7494,292310
219.98596,103.821655,292316
219.33621,103.82001,292321
218.42664,103.82,292326
217.77669,103.82,292331
216.99677,103.82001,292336
216.0869,103.82,292341
215.30736,103.82,292347
214.7874,103.82,292351
213.87747,103.82,292357
212.96758,103.82,292363
212.1877,103.82,292368
211.40826,103.82001,292373
210.75832,103.82,292379
209.84862,103.82,292384
208.93886,103.82,292390
208.6791,103.82001,292396
208.6791,103.82001,292403
208.0341,103.768974,292408
207.64748,103.71794,292413
207.12752,103.71316,292418
206.08762,103.7036,292423
205.1777,103.69523,292428
204.26778,103.68687,292433
203.74783,103.68209,292439
203.22786,103.68173,292444
202.44789,103.6812,292449
201.66794,103.68066,292454
200.88797,103.68012,292460
200.76683,103.72727,292465
200.05444,103.82001,292471
199.27469,103.82,292476
198.62474,103.82001,292481
197.8448,103.82,292486
197.06493,103.82,292491
196.2852,103.82,292495
195.50566,103.82,292500
194.72572,103.82,292505
193.81581,103.82,292510
193.03593,103.82,292515
192.25641,103.82001,292520
191.80884,104.08467,292525
191.28995,104.0511,292529
190.77106,104.01754,292535
190.77106,104.01754,292540
190.77106,104.01754,292545
190.25127,104.01754,292549
190.2799,104.00804,292554
190.9214,104.112625,292559
191.3063,104.17538,292564
191.3063,104.17538,292619
191.3063,104.17538,292625
191.82628,104.17538,292630
191.9339,104.67252,292635
191.82004,105.04539,292640
191.82004,105.04539,292646
191.82004,105.04539,292651
192.34001,105.04539,292656
193.11891,105.07856,292660
194.02722,105.133194,292665
194.9356,105.17999,292670
195.58192,105.17999,292674
196.2318,105.17999,292679
197.01157,105.17999,292684
197.9211,105.18,292689
198.70023,105.17999,292694
199.47536,105.17999,292699
200.12343,105.17999,292704
200.58722,105.17999,292709
200.79802,105.35376,292714
200.82,106.24748,292719
200.82,107.154564,292724
200.82,107.28284,292729
200.82,107.28284,292734
201.31009,107.45657,292739
202.16776,107.76062,292743
203.0254,108.06467,292749
203.27045,108.151535,292755
203.59047,108.17995,292760
203.59047,108.17995,292820
203.59047,108.17995,292825
203.59047,108.17995,292830
202.9405,108.17995,292835
203.1915,107.778244,292840
203.98654,107.33973,292845
204.7926,106.917496,292850
205.59784,106.49371,292856
205.82793,106.37264,292861
206.41852,106.10126,292867
207.12724,105.7756,292872
207.36348,105.667046,292878
207.98683,105.48295,292884
208.20801,105.346275,292890
208.67087,104.89679,292896
209.02994,104.54795,292902
209.02994,104.29726,292907
209.07442,104.13046,292913
209.77737,103.97998,292918
210.65852,103.97998,292924
211.00177,103.99809,292930
211.36882,104.129845,292935
211.5862,104.17995,292941
211.5862,104.17995,292948
211.5862,104.17995,292954
212.23618,104.17995,292959
213.13837,104.07978,292965
213.90977,103.96472,292970
214.68158,103.852234,292975
215.46019,103.83135,292981
216.3701,103.823975,292987
217.15004,103.82,292992
217.9299,103.82,292997
218.57953,103.82001,293003
219.09947,103.82,293009
220.00925,103.82001,293015
220.39883,103.8201,293020
220.51909,103.82004,293025
220.69696,103.759346,293030
220.82,103.105,293036
220.82,102.3253,293041
220.82,101.54547,293045
220.8201,101.02593,293049
220.8201,101.02593,293056
220.8201,101.02593,293066
220.8201,101.02593,293072
220.8201,101.02593,293079
220.82,101.4157,293084
220.82,102.19491,293089
220.82,102.84337,293093
220.82,103.484825,293099
220.82,103.59458,293105
220.82,103.59458,293112
220.82,103.59458,293118
220.82,104.24455,293124
220.1968,104.18998,293130
219.07501,103.85775,293136
218.42511,103.84845,293143
217.7752,103.83915,293148
217.1253,103.82984,293153
216.34543,103.82,293159
215.56566,103.82,293164
215.30594,103.82001,293171
214.65598,103.82,293177
213.87604,103.82,293182
212.96613,103.82,293188
212.18626,103.82,293193
211.40683,103.82001,293198
210.8968,103.92124,293203
210.7693,103.94655,293208
211.01543,103.86279,293213
211.01543,103.86279,293218
211.01543,103.86279,293286
211.01543,103.86279,293292
211.5354,103.86279,293298
211.79762,104.12277,293303
211.82726,104.75542,293309
211.82,105.01401,293314
211.82,105.01401,293320
211.82,104.62442,293326
211.82,104.40114,293332
211.4038,104.179985,293338
211.09479,104.08541,293343
210.44601,103.97997,293348
209.61104,103.97997,293353
209.5252,103.97997,293415
209.5252,103.97997,293420
209.5252,103.97997,293427
209.00523,103.97997,293432
209.03612,104.23731,293438
209.07854,104.85588,293444
209.12346,104.97787,293451
209.12346,104.97787,293456
208.63307,105.150764,293461
208.31429,105.222496,293466
208.17145,105.612045,293471
208.18001,106.52183,293475
208.18,107.301285,293480
208.18,107.301285,293486
208.18,107.301285,293493
207.65993,107.301285,293498
206.81682,107.58839,293503
205.9952,107.97939,293508
205.64217,108.145096,293513
205.43846,108.17994,293519
205.43846,108.17994,293587
205.43846,108.17994,293593
205.43846,108.17994,293600
205.95844,108.17994,293605
206.78111,107.85464,293610
207.11874,107.659454,293616
207.34482,107.1912,293621
207.74046,106.37176,293625
208.07959,105.66938,293630
208.17993,105.45636,293636
208.47322,105.08034,293641
209.02992,104.55506,293647
209.02992,104.29975,293653
209.09387,104.10018,293658
209.97989,103.97999,293663
210.72844,103.97999,293668
211.05795,104.04253,293674
211.42984,104.15995,293678
211.64723,104.19675,293683
212.14424,104.34957,293688
212.88976,104.57881,293693
213.63527,104.808044,293699
214.50504,105.07549,293705
214.75354,105.15191,293711
215.40335,105.16578,293716
216.18314,105.18,293721
217.09271,105.17999,293726
218.00163,105.17999,293732
218.64755,105.17999,293737
219.03732,105.17999,293742
219.8163,105.17999,293747
220.33328,105.17999,293753
220.66183,105.20588,293759
220.82,105.686806,293765
220.82,106.46666,293770
220.82,107.246216,293775
220.82,107.246216,293780
220.82,107.246216,293788
220.82,107.246216,293794
220.82,107.246216,293800
220.81999,106.596306,293806
220.82,105.94651,293811
220.82,105.68678,293817
220.82,105.45714,293822
220.73766,105.27456,293828
220.03918,105.17999,293833
219.13333,105.18,293838
218.61343,105.18,293843
217.96361,105.18,293848
217.054,105.18,293854
216.40445,105.17999,293860
215.75552,105.17999,293867
215.36577,105.179985,293874
214.73164,105.061485,293879
213.8443,104.859924,293884
213.08333,104.68883,293889
212.3224,104.51757,293894
212.06876,104.46048,293900
211.8396,104.33768,293904
211.44768,104.17379,293910
211.05649,104.04554,293916
210.35474,103.97998,293921
209.6386,103.97998,293926
209.26883,103.9875,293931
208.80809,104.54012,293937
208.53677,104.983696,293943
208.37791,105.18951,293948
208.07784,105.690155,293953
207.79544,106.417175,293958
207.46124,107.263535,293963
206.87599,107.546265,293968
206.05664,107.94209,293973
205.70549,108.11173,293979
205.39993,108.18221,293985
205.17805,108.61968,293990
205.18,109.39478,293996
205.18,109.90012,294056
204.9292,109.60148,294062
205.06938,109.10076,294068
205.17998,108.600044,294074
205.18153,108.40216,294079
205.3842,108.18777,294084
206.02777,108.18,294088
207.06409,108.17999,294093
207.06409,108.17999,294099
207.06409,108.17999,294104
207.06409,107.53003,294111
207.3907,106.8381,294116
207.7784,106.16132,294121
208.09972,105.59633,294180
208.09972,105.59633,294186
208.09972,105.59633,294191
208.09972,104.946365,294196
208.25648,104.1906,294200
208.29568,104.06666,294263
208.29568,104.06666,294268
208.29568,104.06666,294274
208.94565,104.06666,294279
209.63,103.97998,294284
210.39388,103.97998,294289
211.08334,104.069534,294294
211.33368,104.13972,294300
211.66612,104.20754,294306
211.66612,104.20754,294313
211.66612,104.20754,294320
212.31609,104.20754,294325
213.0885,104.11927,294330
213.85797,103.99184,294336
214.75618,103.846054,294342
215.14613,103.8417,294347
215.92604,103.832985,294352
216.70596,103.82428,294358
217.48587,103.82,294362
218.3956,103.82001,294367
219.17519,103.82001,294372
220.08495,103.82001,294378
220.3447,103.8201,294383
220.46722,103.82004,294389
220.52184,103.81969,294395
220.76157,103.700005,294400
220.82,102.576866,294406
220.81999,101.79717,294411
220.82,101.01772,294416
220.82,101.01772,294423
220.82,101.01772,294431
220.82,101.01772,294437
220.82,101.01772,294443
220.81999,101.5374,294449
220.82,102.44625,294455
220.82,103.09376,294460
220.82,103.47692,294465
220.82,103.58745,294472
220.62416,103.80905,294478
219.85059,103.82,294482
219.0712,103.82001,294488
218.55124,103.82,294494
217.90129,103.82,294500
217.12135,103.82,294506
216.34146,103.82,294511
215.5617,103.82001,294517
215.30199,103.8201,294523
214.65582,103.89028,294528
213.88042,103.974495,294534
213.10501,104.05871,294540
212.32962,104.14292,294546
211.81268,104.199066,294552
211.43866,104.16968,294558
211.10222,104.0948,294564
210.46896,103.97998,294570
209.84888,103.97998,294575
209.53899,103.97998,294580
209.26389,103.98877,294586
208.91226,104.38592,294591
208.49974,105.04787,294596
208.3263,105.226685,294602
208.05058,105.77439,294607
207.66898,106.74178,294613
207.42912,107.34587,294619
206.83629,107.61235,294625
206.1249,107.93213,294629
205.65063,108.14531,294635
205.44498,108.17994,294640
205.2164,108.33027,294645
205.18,109.07931,294651
205.17998,109.96026,294711
204.94606,109.64822,294717
205.07483,109.14444,294722
205.17998,108.64066,294727
205.20844,108.33938,294731
205.6812,108.18,294737
206.58994,108.17999,294742
207.10649,108.17999,294747
207.10649,108.17999,294753
207.10649,108.17999,294760
207.10649,107.66002,294766
207.42867,106.83553,294771
207.8679,106.03869,294776
208.05234,105.695076,294834
208.05234,105.695076,294840
208.05234,105.695076,294846
208.05234,105.1751,294851
208.65797,105.02105,294857
209.02136,105.162605,294863
209.02136,105.162605,294870
209.02136,105.162605,294875
209.02136,105.162605,294882
209.02773,104.66587,294887
209.02994,104.277664,294892
209.12724,104.06714,294951
209.12724,104.06714,294956
209.12724,104.06714,294963
209.44012,103.97899,294968
210.20981,103.97999,294973
210.82304,103.97999,294979
211.41254,104.15055,294984
211.62898,104.188385,294990
211.83095,104.50684,294996
211.82,105.02593,295002
211.82,105.02593,295008
211.82,105.02593,295015
212.46999,105.02593,295021
213.24757,105.07551,295025
214.0242,105.14747,295030
214.79935,105.17999,295035
215.31924,105.18,295040
216.09903,105.17999,295045
217.00858,105.18,295051
217.65804,105.17999,295057
218.43588,105.17999,295063
219.21428,105.18,295069
219.99286,105.18,295075
220.37962,105.1799,295080
220.69693,105.232056,295086
220.82712,105.63885,295092
220.82,106.41867,295097
220.82,107.198296,295102
220.82,107.32804,295109
220.82,107.32804,295118
220.82,107.32804,295125
220.82,106.80807,295131
220.82,105.89831,295136
220.82,105.41637,295142
220.7249,105.26076,295147
219.8812,105.17999,295152
219.10564,105.17999,295157
218.58574,105.18,295162
217.80595,105.18,295166
217.02632,105.18,295171
216.11711,105.18,295177
215.4692,105.17999,295181
214.7067,105.035774,295186
213.94508,104.867615,295191
213.183,104.70159,295196
212.29393,104.507706,295201
212.03992,104.45232,295206
211.81242,104.326454,295212
211.4132,104.179985,295217
211.03943,104.03146,295223
210.32213,103.97998,295228
209.52686,103.97998,295233
209.29984,103.981384,295239
208.90527,104.39331,295245
208.4941,105.05608,295251
208.31837,105.22994,295256
208.09114,105.662125,295262
207.80667,106.38836,295267
207.47258,107.23476,295272
206.88997,107.522896,295278
206.19083,107.86866,295283
205.60823,108.15679,295289
205.41176,108.17994,295294
205.17032,108.44778,295300
205.18,109.35243,295307
205.18,109.97841,295368
204.95085,109.66284,295373
205.08308,108.94208,295379
205.16652,108.69584,295385
205.18639,108.386765,295390
205.55548,108.17999,295395
206.33463,108.18,295400
207.1106,108.17999,295406
207.1106,108.17999,295413
207.1106,108.17999,295419
207.1106,107.66002,295425
207.43182,106.835,295430
207.80667,106.15108,295435
208.05302,105.69316,295501
208.05302,105.69316,295506
208.05302,105.69316,295511
208.05302,105.0432,295516
208.53723,104.97274,295521
209.02144,105.16226,295526
209.02144,105.16226,295533
209.02144,105.16226,295539
209.02144,105.16226,295546
209.05498,104.74416,295550
209.02992,104.2776,295555
209.1273,104.067085,295624
209.1273,104.067085,295632
209.1273,104.067085,295638
209.56924,103.97999,295643
210.33733,103.97999,295649
211.04356,104.027534,295655
211.41347,104.15104,295661
211.62997,104.1888,295667
211.83069,104.50908,295672
211.82,105.02848,295677
211.82,105.02848,295685
211.82,105.02848,295691
212.21008,105.02848,295696
213.11765,105.08414,295701
213.89499,105.148026,295706
214.67175,105.17999,295711
215.31995,105.17999,295716
216.22966,105.18,295720
217.13914,105.18,295725
217.91832,105.18,295730
218.56534,105.1799,295735
219.21268,105.17999,295740
219.99127,105.17999,295745
220.37805,105.17999,295751
220.69594,105.23114,295756
220.8241,105.76636,295762
220.81999,106.54617,295767
220.82,107.32557,295771
220.82,107.32557,295777
220.82,107.32557,295784
220.82,107.32557,295790
220.82,107.32557,295797
220.82,106.80563,295803
220.81999,105.895905,295808
220.80733,105.11682,295814
220.77657,104.46758,295819
220.75244,103.94817,295824
220.82332,103.47456,295830
220.81999,102.69471,295836
220.82,101.78484,295842
220.82,101.00542,295847
220.82,101.00542,295908
220.82,101.00542,295914
221.34007,101.00542,295919
221.22234,100.90843,295924
221.0404,101.39306,295929
220.92557,102.29567,295935
220.82184,103.0687,295940
220.82002,103.45258,295946
220.82002,103.56524,295953
220.82002,103.56524,296023
220.82002,103.56524,296028
220.82002,103.56524,296037
220.82002,104.08521,296045
220.18445,104.07918,296050
219.42175,103.91595,296056
219.16753,103.861534,296062
218.64761,103.85378,296068
217.86774,103.842155,296074
216.95789,103.82859,296079
216.17801,103.82,296084
215.39835,103.82,296089
214.62271,103.89315,296094
213.84743,103.97834,296099
213.072,104.06244,296104
212.2966,104.146576,296109
211.90889,104.188644,296114
211.40479,104.179985,296119
211.09366,104.08407,296124
210.31612,103.97998,296130
209.6086,103.97998,296135
209.52333,103.97998,296196
209.52333,103.97998,296201
209.52333,103.97998,296207
208.87337,103.97998,296212
209.10907,104.086,296217
209.05753,104.15622,296222
209.02998,104.63756,296227
209.13858,105.00939,296233
209.13858,105.00939,296239
209.13858,105.00939,296245
208.6186,105.00939,296250
208.31178,105.130646,296255
208.18,105.79173,296261
208.18001,106.83142,296266
208.18,107.22112,296271
208.18,107.22112,296276
208.18,107.22112,296282
207.66002,107.22112,296287
206.82706,107.52798,296292
206.0186,107.945526,296297
205.67105,108.122406,296302
205.4635,108.17995,296308
205.4635,108.17995,296368
205.4635,108.17995,296373
205.4635,108.17995,296381
205.4635,108.17995,296388
206.11346,108.17995,296394
206.80565,107.89082,296399
207.12978,107.67399,296405
207.3528,107.20427,296410
207.7431,106.38227,296415
208.07764,105.6777,296420
208.17995,105.46378,296426
208.46463,105.0869,296431
209.02992,104.56216,296436
209.02994,104.27406,296441
209.15596,104.03493,296446
209.87708,103.97998,296451
210.75223,103.97998,296456
211.07669,104.0621,296461
211.32635,104.13465,296466
211.84422,104.08798,296471
212.75052,104.00632,296476
213.6568,103.924644,296482
214.43361,103.85464,296486
214.822,103.82001,296492
215.47197,103.82,296498
216.3819,103.82001,296504
217.1618,103.82,296509
218.07162,103.82001,296513
218.59126,103.8201,296519
219.1112,103.82,296525
219.76123,103.82001,296530
220.41069,103.8201,296536
220.5303,103.82004,296542
220.73453,103.72883,296548
220.82,103.024925,296553
220.81999,102.115166,296558
220.81999,101.46533,296563
220.82,101.07566,296569
220.82,101.07566,296626
220.82,101.07566,296632
221.34007,101.07566,296637
220.98555,100.86393,296643
220.92908,101.51144,296649
220.85004,102.41795,296654
220.82002,103.19407,296659
220.82,103.56212,296666
220.82,103.56212,296743
220.82,103.56212,296752
220.82,103.56212,296761
220.82,104.21209,296768
220.20586,104.25931,296774
219.59169,104.04655,296779
219.10037,103.87634,296784
218.58049,103.86657,296789
217.80066,103.851906,296794
216.89087,103.8348,296798
216.11105,103.82014,296804
215.33147,103.82001,296810
214.81448,103.875725,296816
214.03902,103.9593,296821
213.26355,104.04286,296824
212.35883,104.140366,296829
211.84186,104.19608,296834
211.46933,104.160706,296839
211.1051,104.09861,296844
210.478,103.97998,296850
209.85724,103.97998,296855
209.54463,103.97998,296861
209.54463,103.97998,296922
209.54463,103.97998,296925
209.54463,103.97998,296931
209.02466,103.97998,296937
209.05145,104.18457,296942
209.02998,104.66846,296947
209.15302,105.03852,296953
209.15302,105.03852,296959
209.15302,105.03852,296966
208.50305,105.03852,296971
208.22849,105.167694,296976
208.17233,105.65991,296981
208.18,106.569725,296987
208.18,107.219345,296992
208.18,107.219345,296999
208.18,107.219345,297006
207.52994,107.219345,297012
206.93983,107.46157,297017
206.248,107.82172,297022
205.67079,108.12052,297027
205.4635,108.17994,297034
205.4635,108.17994,297099
205.4635,108.17994,297105
205.4635,108.17994,297114
205.4635,108.17994,297120
204.94353,108.17994,297125
204.16356,108.17994,297131
204.16356,108.17994,297192
204.16356,108.17994,297198
203.5136,108.17994,297203
203.44823,107.69776,297208
202.95235,107.27759,297213
202.35727,106.77338,297218
201.66301,106.185135,297222
200.96877,105.596886,297227
200.81175,105.41647,297233
200.81175,105.41647,297299
200.81175,105.41647,297304
200.81175,105.41647,297310
201.46173,105.41647,297315
202.36534,105.50699,297320
202.9995,105.36451,297326
203.88733,105.16504,297331
204.52148,105.02256,297336
204.99153,104.80024,297340
206.04913,104.3,297397
206.04913,104.3,297402
205.58939,104.542915,297407
205.01471,104.84655,297412
205.59665,104.55708,297417
206.41139,104.15183,297422
207.10973,103.804474,297426
207.6297,103.80264,297430
208.14967,103.800804,297435
208.76593,104.007416,297441
209.1483,104.04863,297447
209.59746,103.97998,297452
210.48778,103.97998,297457
211.05971,104.04465,297462
211.43188,104.161125,297467
211.64935,104.197845,297473
211.64935,104.197845,297479
212.16579,104.137245,297484
212.94043,104.04635,297489
213.71507,103.95546,297494
214.48973,103.86456,297499
214.74794,103.83427,297505
215.39789,103.82887,297510
216.17783,103.8224,297515
216.82777,103.8201,297521
217.4777,103.82,297526
218.25752,103.82,297532
218.64714,103.8201,297537
219.16708,103.82,297542
219.81694,103.82,297547
220.33658,103.8201,297552
220.45938,103.82003,297558
220.50034,103.82003,297563
220.66757,103.77766,297569
220.82,103.17006,297575
220.81999,102.26046,297581
220.82,101.610596,297586
220.82,101.09095,297592
220.82,101.09095,297599
220.82,101.09095,297608
220.82,101.09095,297615
220.82,101.09095,297621
220.82,101.74049,297627
220.82,102.64906,297632
220.82002,103.29488,297637
220.80374,103.64846,297643
220.47032,103.82587,297649
219.56053,103.82001,297654
219.17084,103.82001,297659
218.65088,103.82,297665
217.87094,103.82,297670
216.83104,103.82001,297676
216.05116,103.82001,297681
215.40149,103.82,297686
214.62173,103.82,297691
213.7118,103.82,297697
212.93188,103.82,297702
212.152,103.82,297707
211.50237,103.8201,297712
210.85242,103.82,297718
210.07292,103.82,297723
209.29306,103.82001,297727
208.6435,103.82001,297733
208.5214,103.82001,297739
208.23053,103.69641,297744
208.00513,102.95273,297749
208.00163,102.30277,297755
208.00163,102.30277,297805
208.00163,102.30277,297810
207.35165,102.30277,297816
206.4908,102.550575,297822
206.37062,102.60014,297895
206.37062,102.60014,297900
206.37062,102.60014,297906
205.85065,102.60014,297911
205.40224,103.22219,297916
205.10074,104.217476,297985
205.10074,104.217476,297990
204.95433,104.57893,297995
204.61783,105.28225,298001
204.2739,105.982285,298005
203.87334,106.799324,298010
203.64442,107.266205,298015
203.7092,107.91293,298020
203.73512,108.17162,298026
203.8246,108.62237,298031
203.82,109.40195,298036
203.82,110.311134,298041
203.82002,111.08744,298047
203.81999,111.607346,298052
203.82,112.38713,298057
203.81999,113.55641,298062
203.82,114.33541,298067
203.82,114.98108,298072
203.93037,115.62162,298078
204.06271,116.390274,298083
204.19504,117.15893,298088
204.17383,117.79534,298094
204.18,118.572586,298099
204.18,119.34577,298104
204.18,119.55999,298111
204.18,119.55999,298119
203.98528,120.04214,298124
203.83925,120.40374,298130
203.77597,120.68354,298135
203.36964,121.00007,298140
202.41626,121.67816,298201
202.41626,121.67816,298207
202.50563,121.9223,298213
202.04976,122.1724,298219
201.25198,122.61008,298225
201.02405,122.73513,298230
200.87221,123.232445,298235
200.78584,123.673035,298241
200.78584,123.673035,298304
200.78584,123.673035,298310
200.78584,123.673035,298316
201.30582,123.673035,298322
201.78325,124.28555,298328
202.05211,125.01769,298333
202.17998,125.38348,298339
202.17998,125.58401,298344
202.28627,125.75046,298349
203.01077,125.82001,298354
203.26828,125.82001,298360
203.26828,125.82001,298366
203.26828,125.82001,298373
203.26828,126.46997,298380
203.78825,126.59998,298384
204.16956,126.64669,298390
204.16956,126.64669,298396
204.50656,126.8315,298402
205.4142,126.820015,298408
205.4142,126.820015,298415
205.4142,126.820015,298422
205.93417,126.820015,298427
206.71223,126.775566,298433
207.10078,126.74223,298439
207.43024,126.33994,298444
207.92441,125.73651,298449
208.1804,125.44244,298454
208.4898,125.07238,298459
208.97472,124.63958,298463
209.02994,124.28798,298468
209.05765,124.16463,298473
209.53722,123.97997,298478
210.9339,123.981316,298537
210.9339,123.981316,298543
211.03757,123.902885,298550
211.46266,124.17995,298556
211.80595,124.36857,298561
211.82,125.00959,298566
211.82,125.00959,298574
211.82,125.00959,298580
212.34007,125.00959,298586
213.11797,125.056,298591
213.7655,125.11211,298595
214.67221,125.17999,298601
215.45135,125.18,298607
216.36119,125.17999,298612
217.14096,125.18,298617
217.92056,125.18,298622
218.5692,125.17999,298627
219.08905,125.18,298632
219.86853,125.17999,298637
220.38684,125.1799,298641
220.75714,124.81487,298647
221.40518,124.17607,298653
222.0532,123.53726,298659
222.5161,123.08098,298664
221.89395,123.269135,298670
221.02296,123.53256,298675
220.8014,123.6686,298681
220.4367,123.823235,298687
219.65721,123.82001,298692
219.13873,123.820015,298698
218.74876,123.82,298703
217.83891,123.82001,298709
217.0591,123.82,298714
216.2794,123.82001,298718
215.37083,123.82001,298724
214.59186,123.82001,298729
213.81198,123.82,298735
212.90222,123.82,298740
212.12265,123.82001,298745
211.4742,123.8201,298751
210.95427,123.82,298757
210.17445,123.82,298762
209.39482,123.82,298768
208.74596,123.82,298772
208.2076,123.67922,298777
207.64012,123.14414,298782
207.19304,122.672714,298787
206.57497,122.004875,298793
206.04485,121.43277,298798
205.60307,120.95601,298803
205.41853,120.81393,298809
205.05533,120.48597,298814
204.62729,119.996864,298820
204.34981,119.799904,298825
204.17236,119.456276,298830
204.18001,118.678444,298836
204.18001,117.900406,298841
204.08847,117.13142,298846
203.97871,116.49078,298852
203.84842,115.72179,298857
203.82002,115.465454,298862
203.82,114.94555,298868
203.81999,114.16577,298872
203.82,113.25621,298876
203.82,111.82903,298880
203.82,110.79237,298884
203.82,109.62346,298888
203.82,108.71746,298892
203.7851,108.33178,298895
203.30489,108.17999,298899
202.2662,108.18,298902
200.97205,108.18,298906
200.97205,108.1799,298911
200.97205,108.1799,298951
200.97205,108.1799,298953
200.97205,108.1799,299006
200.97205,108.1799,299012
201.49202,108.1799,299017
202.27159,108.17999,299022
203.17851,108.18,299027
203.62546,108.18996,299033
203.62546,108.18996,299092
203.62546,108.18996,299098
203.62546,108.18996,299105
203.11066,108.17555,299111
202.7173,107.95621,299117
202.36671,107.5722,299122
201.84085,106.99618,299127
201.54678,106.567345,299132
201.03217,105.81689,299137
200.82007,105.407005,299141
200.82007,105.407005,299206
200.82007,105.407005,299211
200.82007,105.407005,299218
200.82007,105.407005,299223
201.47003,105.407005,299228
202.37178,105.49898,299233
203.00632,105.35813,299238
203.89464,105.16095,299243
204.52916,105.0201,299249
204.99915,104.79762,299254
205.8216,104.40827,299259
206.76154,103.9633,299264
207.11401,103.79643,299269
207.43056,103.38391,299274
207.82623,102.86826,299279
207.92827,102.3584,299285
207.95378,102.230934,299340
207.95378,102.230934,299346
207.94646,102.490814,299352
208.11217,103.11931,299358
208.17998,103.4964,299417
208.17998,103.4964,299481
208.17998,103.4964,299486
208.17998,103.4964,299494
208.17998,104.01637,299501
208.82877,104.185524,299506
209.12689,104.067474,299511
209.55371,103.97998,299516
210.44542,103.97998,299522
211.03062,104.01663,299527
211.39928,104.14384,299533
211.61464,104.18306,299539
211.82648,104.60435,299545
211.82,104.99392,299551
211.82,104.99392,299557
211.82,104.99392,299563
211.82,104.99392,299570
211.82,104.60436,299575
211.8161,104.38213,299581
211.49734,104.167435,299586
211.07588,104.0641,299591
210.39647,103.97998,299596
209.6725,103.97998,299601
209.32224,103.97998,299607
208.92639,104.3678,299612
208.51233,105.02877,299617
208.34433,105.219025,299623
208.055,105.74621,299628
207.72466,106.59407,299633
207.43884,107.31977,299639
206.9665,107.537224,299644
206.13995,107.917755,299649
205.66762,108.1352,299655
205.45943,108.17995,299660
205.45943,108.17995,299727
205.45943,108.17995,299734
205.45943,108.17995,299740
204.93945,108.17995,299746
204.91597,108.82112,299751
205.0261,109.59317,299756
205.14531,110.49528,299761
205.17998,111.13681,299767
205.08301,111.7795,299773
204.94722,112.67927,299778
204.83084,113.45049,299783
204.71822,114.222275,299788
204.58882,115.122986,299794
204.51483,115.637665,299799
204.4841,116.15673,299804
204.43802,116.93533,299809
204.33968,117.176,299815
204.17139,117.52619,299821
204.18,118.30501,299826
204.18,118.82039,299831
204.18,119.336784,299836
204.20221,119.65145,299841
204.20221,119.65145,299847
203.9825,120.12273,299852
203.87263,120.35837,299858
203.79872,120.64649,299863
203.4088,120.968376,299869
202.34691,121.7182,299948
202.34691,121.7182,299956
202.47186,121.9462,299963
202.01538,122.1952,299969
201.44478,122.50645,299975
200.98831,122.75545,299980
200.85262,123.25741,299985
200.82004,123.59369,299990
200.82004,123.59369,300056
200.82004,123.59369,300062
200.82004,123.59369,300068
201.47,123.59369,300074
201.89226,124.223076,300080
202.09457,124.97632,300085
202.17996,125.35243,300091
202.20538,125.655365,300096
202.54637,125.8234,300102
203.19348,125.82001,300107
203.32133,125.82001,300114
203.32133,125.82001,300121
203.71771,126.15655,300128
204.01498,126.40896,300134
204.19096,126.58651,300139
204.19096,126.58651,300145
204.51256,126.83064,300151
205.2911,126.820015,300156
205.42015,126.820015,300162
205.42015,126.820015,300168
205.93936,126.798485,300174
206.71812,126.75546,300179
207.10751,126.73394,300184
207.43698,126.331665,300189
207.93117,125.72824,300194
208.18658,125.43516,300200
208.49857,125.06935,300206
209.02992,124.54827,300212
209.02994,124.40721,300220
209.02994,124.39173,300226
209.03108,124.268906,300232
208.60912,123.93962,300237
208.10635,123.58895,300242
207.54085,123.05179,300247
207.09955,122.57459,300253
206.57,122.00195,300258
206.04045,121.42931,300264
205.59915,120.95212,300270
205.4143,120.81352,300277
204.9657,120.3847,300282
204.62361,119.9931,300287
204.44507,119.815704,300294
204.20372,119.64993,300299
204.18,119.28202,300305
204.18,118.7624,300310
204.18,117.854744,300315
204.18,117.404816,300321
204.30547,116.767075,300327
204.43094,116.12933,300332
204.50754,115.61503,300337
204.62244,114.84358,300342
204.71819,114.20071,300347
204.8156,113.68993,300352
204.98608,112.7961,300357
205.15657,111.90225,300363
205.17998,111.64693,300368
205.18,111.12715,300373
205.18,110.34774,300378
205.18,109.439224,300383
205.17998,108.666435,300388
205.19751,108.35977,300394
205.71552,108.08116,300399
206.45418,107.830765,300404
207.06897,107.619835,300409
207.36617,107.041794,300414
207.78224,106.23254,300420
208.07944,105.65449,300425
208.17995,105.444016,300430
208.48816,105.07089,300435
209.02994,104.54384,300440
209.0303,104.26808,300446
209.36208,103.97328,300451
209.36208,103.97328,300457
209.36208,103.97328,300464
209.36208,103.97328,300469
209.36208,103.97328,300532
209.36208,103.97328,300539
208.71211,103.97328,300544
208.38089,103.86454,300551
208.1821,103.60028,300557
208.17937,102.82335,300563
208.18001,102.17343,300568
208.18001,101.26372,300573
208.18,101.00408,300580
208.18,101.00408,300588
208.18,101.653656,300593
208.18001,102.43268,300599
208.18,103.08028,300604
208.17998,103.463875,300609
208.17998,103.575584,300614
208.62737,103.9067,300620
209.12668,104.0676,300626
209.55336,103.97998,300631
210.44507,103.97998,300636
211.03035,104.01642,300641
211.39897,104.14369,300646
211.61432,104.18294,300652
211.82646,104.60361,300658
211.82,104.99319,300665
211.82,104.99319,300672
211.82,104.99319,300679
211.82,104.99319,300686
211.82,104.60363,300692
211.81584,104.381386,300699
211.49594,104.167496,300704
211.11734,104.116585,300710
210.52104,103.97998,300715
209.78075,103.97998,300721
209.32254,103.97998,300727
208.88907,104.418655,300732
208.47818,105.081604,300738
208.39563,105.18202,300744
208.13948,105.544235,300749
207.85573,106.27072,300754
207.52007,107.11651,300760
207.00421,107.46411,300765
206.18845,107.867256,300770
205.60664,108.157005,300776
205.41058,108.17994,300782
205.41058,108.17994,300843
205.41058,108.17994,300849
205.41058,108.17994,300855
204.89061,108.17994,300860
204.7865,108.810936,300865
204.96196,109.703384,300871
205.09984,110.47107,300877
205.17998,111.10996,300883
205.10312,111.62423,300888
204.98782,112.39562,300893
204.85332,113.29558,300899
204.79567,113.681274,300904
204.72177,114.19597,300910
204.62941,114.83934,300915
204.51855,115.61138,300921
204.48715,116.13041,300926
204.44002,116.90894,300931
204.37366,117.154785,300936
204.17189,117.438614,300941
204.18,118.347244,300947
204.18,118.734764,300952
204.18,119.25217,300957
204.18,119.58711,300962
204.18,119.58711,300970
204.18,119.58711,300977
204.18,120.107086,300984
203.95262,120.493164,300990
203.78899,120.65229,300995
203.40405,120.97623,301001
202.34018,121.723236,301061
202.34018,121.723236,301067
202.46872,121.94922,301072
202.0121,122.19795,301077
201.32716,122.571045,301082
200.9847,122.7576,301088
200.85068,123.26,301094
200.82002,123.59584,301100
200.82002,123.59584,301161
200.82002,123.59584,301167
200.82002,123.59584,301174
201.21,123.59584,301179
201.65558,124.08156,301183
201.9446,124.805954,301188
202.17996,125.40787,301194
202.18388,125.60567,301200
202.55367,125.82,301205
203.32849,125.82,301211
203.32849,125.8201,301217
203.32849,125.8201,301223
203.32849,126.47007,301229
203.84325,126.65661,301234
204.09914,126.66504,301240
204.22153,126.708885,301245
204.64844,126.822784,301251
205.42612,126.82001,301257
205.42612,126.82001,301264
205.42612,126.82001,301271
205.94609,126.82001,301277
205.97748,126.69616,301283
206.27597,126.27039,301288
206.66414,125.78204,301293
206.82,125.29983,301298
206.82,124.65424,301303
206.62404,124.16886,301309
206.04681,123.64431,301314
205.79706,123.36847,301319
205.6468,123.161285,301324
205.51277,122.52529,301330
205.47119,121.87833,301335
205.44536,120.96874,301341
205.38696,120.8526,301346
205.0369,120.4695,301351
204.61043,119.97902,301356
204.43039,119.81387,301362
204.16711,119.50058,301367
204.18,118.72465,301373
204.18,117.81726,301379
204.07004,117.04813,301385
203.94034,116.27902,301390
203.82,115.509735,301395
203.82,114.732254,301400
203.81999,113.95252,301405
203.82,113.17293,301409
203.82,112.26393,301413
203.82,111.617615,301419
203.82,111.097755,301424
203.82,110.31811,301429
203.82,109.27925,301434
203.82,108.63368,301439
203.79602,108.3505,301444
203.4825,108.169205,301449
202.70326,108.18,301454
201.79408,108.18,301459
201.01797,108.17999,301464
201.01797,108.17999,301514
201.01797,108.17999,301518
201.01797,107.66002,301524
201.01797,107.40003,301529
200.9508,106.88442,301534
200.83324,105.98209,301539
200.82,105.72443,301544
200.81972,105.40345,301549
200.81972,105.40345,301611
200.81972,105.40345,301615
200.81972,105.40345,301622
201.33969,105.40345,301627
201.63647,106.052376,301632
201.66591,106.57151,301637
201.98721,106.98033,301642
202.4692,107.59356,301647
203.02278,107.93413,301653
203.35495,108.138466,301658
203.56296,108.17995,301664
203.56296,108.17995,301734
203.56296,108.17995,301743
203.56296,108.17995,301750
203.04298,108.17995,301756
203.17036,107.83307,301761
203.94438,107.36694,301767
204.6349,107.00433,301773
205.32434,106.63962,301778
205.89891,106.33576,301784
206.49005,106.065575,301790
207.19943,105.74135,301794
207.93672,105.49348,301800
208.16241,105.36442,301805
208.64267,104.92646,301811
209.02689,104.576096,301815
209.02994,104.30757,301820
209.12727,104.067116,301883
209.12727,104.067116,301889
209.12727,104.067116,301895
209.56917,103.97999,301900
210.46248,103.97999,301905
211.0435,104.02749,301911
211.4134,104.15101,301917
211.62991,104.188774,301922
211.83072,104.508934,301926
211.82,105.028336,301932
211.82,105.028336,301937
211.82,105.028336,301943
212.46999,105.028336,301950
213.11794,105.073975,301956
213.76547,105.13024,301961
214.54243,105.17999,301967
214.7998,105.17999,301973
215.44968,105.17999,301979
216.22943,105.17999,301984
217.00905,105.17999,301989
217.78836,105.18,301995
218.56519,105.17999,302000
219.21252,105.17999,302004
219.99112,105.18,302009
220.3779,105.179985,302015
220.69583,105.231026,302020
220.83075,105.506195,302025
220.82,106.286026,302031
220.82,107.06576,302037
220.82,107.32537,302044
220.82,107.32537,302053
220.82,107.32537,302059
220.82,106.6754,302066
220.81999,105.76576,302071
220.82005,105.4142,302077
220.52347,105.167625,302081
219.61476,105.18,302086
219.09879,105.1799,302092
218.47292,105.004555,302096
217.84705,104.82921,302101
217.23544,104.60924,302107
216.62383,104.38927,302112
216.01433,104.16351,302117
215.28357,103.89087,302122
214.76372,103.8793,302127
213.98396,103.86195,302132
213.07423,103.841705,302138
212.29446,103.824356,302143
211.64473,103.82,302148
210.73518,103.82,302154
209.82532,103.82,302159
209.0455,103.82,302164
208.65584,103.82001,302169
208.53328,103.82001,302175
208.24406,103.713165,302180
208.0111,102.97654,302186
208.00519,102.4566,302191
208.00223,102.196625,302246
208.00223,102.196625,302251
207.97154,102.454796,302257
208.12048,103.08746,302262
208.17998,103.46666,302321
208.17998,103.46666,302386
208.17998,103.46666,302391
208.17998,103.46666,302398
207.53001,103.46666,302404
207.0412,104.07501,302410
206.73456,104.79175,302415
206.41304,105.50236,302420
206.19907,105.976265,302425
205.99547,106.45472,302431
205.63914,107.29201,302437
205.53734,107.53123,302495
205.53734,107.53123,302500
205.78915,106.93203,302506
205.99062,106.45267,302511
205.78879,106.93187,302516
205.53648,107.530876,302522
205.46637,108.0461,302527
205.40355,108.15991,302533
205.20451,108.349815,302539
205.18,109.23967,302544
205.18,110.148285,302550
205.17998,110.924324,302554
205.18,111.82774,302560
205.18001,112.60728,302566
205.18,113.516426,302572
205.18,114.29486,302578
205.18,114.93845,302583
205.18,114.93845,302590
205.18,114.93845,302596
205.18,115.45843,302603
204.90828,116.17888,302608
204.58223,116.88742,302612
204.37459,117.20481,302617
204.16776,117.47382,302622
204.18,118.25271,302627
204.18,118.76923,302632
204.18,119.2863,302638
204.18323,119.606766,302643
204.18323,119.606766,302649
204.18323,119.606766,302655
204.18323,120.12675,302662
203.95105,120.50372,302667
203.7846,120.66078,302672
203.28902,121.05865,302677
202.33194,121.73152,302739
202.33194,121.73152,302744
202.46532,121.95469,302750
201.89403,122.26466,302756
201.20848,122.63664,302762
200.97997,122.760635,302767
200.82002,123.389366,302773
200.81998,123.59884,302778
200.81998,123.59884,302837
200.81998,123.59884,302843
200.81998,123.59884,302850
201.46994,123.59884,302856
201.89279,124.22807,302861
202.06227,124.855545,302866
202.17998,125.35717,302872
202.20747,125.65899,302877
202.68422,125.82001,302883
203.32928,125.82001,302888
203.32928,125.82001,302895
203.32928,125.82001,302901
203.32928,126.46998,302908
203.84926,126.59998,302913
204.10323,126.63907,302918
204.222,126.69191,302924
204.62415,126.825836,302928
205.40204,126.82001,302934
205.40204,126.82001,302941
205.40204,126.82001,302948
205.79202,126.82001,302954
206.44086,126.79027,302959
207.08893,126.74072,302965
207.33777,126.440445,302970
207.83545,125.8399,302976
208.00134,125.63972,302981
208.17549,125.44668,302988
208.48389,125.07423,302995
208.9697,124.64243,303000
209.02994,124.28841,303005
209.13052,124.05302,303010
209.86777,123.920654,303016
210.90218,123.820015,303081
210.90218,123.820015,303088
210.90218,123.820015,303095
211.42215,123.820015,303100
211.75497,124.20313,303106
211.82,124.68091,303112
211.82,124.94065,303118
211.82,124.94065,303123
211.82,124.94065,303130
212.33998,124.94065,303136
213.24539,125.01746,303141
214.02031,125.10597,303146
214.79544,125.17999,303152
214.79544,125.17999,303159
214.29723,124.76256,303165
213.72296,124.46669,303170
213.01103,124.148125,303175
212.89238,124.09503,303181
212.25339,123.97608,303187
211.48659,123.83335,303192
210.8457,123.941605,303198
210.71753,123.96326,303205
210.96057,123.87094,303211
210.96057,123.87094,303216
210.96057,123.87094,303288
210.96057,123.87094,303297
211.48055,123.87094,303302
211.76756,124.12952,303308
211.82513,124.7494,303314
211.82,125.00897,303317
211.82,125.00897,303324
211.82,124.7492,303330
211.82004,124.412384,303336
211.58595,124.178406,303342
211.06967,124.05843,303348
210.51707,123.979996,303353
209.78879,123.979996,303358
209.34041,123.979996,303363
209.08122,124.115364,303369
209.04675,124.17763,303435
209.09535,124.10471,303443
208.75081,123.935555,303449
208.41516,123.82006,303455
208.18,123.45114,303461
208.18,123.19137,303467
208.18,123.19137,303474
208.18,123.19137,303483
207.65993,123.19137,303489
206.87996,123.19137,303552
206.87996,123.19137,303559
206.74338,123.41258,303567
206.75389,124.06246,303573
206.82,124.664474,303578
206.82,125.31096,303584
206.80843,125.6294,303589
206.50877,125.832825,303594
205.99353,125.82001,303600
205.99353,125.82001,303609
205.99353,125.82001,303619
205.99353,126.33998,303625
205.89189,126.55102,303630
205.79245,126.63476,303637
205.48811,126.83074,303643
204.70976,126.82001,303649
204.70976,126.82001,303656
204.70976,126.82001,303664
204.18979,126.82001,303669
204.03583,126.744804,303675
204.14137,126.23566,303680
204.17998,125.98109,303686
204.17998,125.98109,303693
203.8102,125.85721,303699
203.29152,125.82041,303705
202.64612,125.82001,303711
202.43767,125.82001,303717
202.22737,125.68653,303723
202.18,124.94368,303729
202.18,124.688156,303735
202.18,124.688156,303744
202.18,124.688156,303751
202.18,124.29817,303758
202.68852,124.146645,303764
202.9428,124.17998,303771
202.9428,124.17998,303778
202.9428,124.17998,303785
202.9428,123.53001,303792
203.26591,123.051674,303797
203.32372,122.53492,303801
203.42485,121.63061,303807
203.4971,120.984665,303812
203.64981,120.78384,303818
203.82,120.33093,303824
204.02585,119.914734,303828
204.02003,119.23191,303833
204.02,118.636215,303838
203.9592,117.60082,303844
203.90443,116.95317,303849
203.84042,116.17584,303854
203.82,115.4011,303859
203.82,115.4011,303865
203.82,115.4011,303872
203.82,114.88113,303878
203.81999,113.97135,303884
203.81999,113.061874,303890
203.82,112.282745,303895
203.82,111.63617,303900
203.81999,111.1163,303904
203.81999,110.20675,303909
203.82,109.428535,303969
203.82,109.428535,303974
203.82,108.91011,303979
203.7577,108.29191,303985
203.1765,108.09152,303990
202.16368,107.85571,303996
201.27873,107.643906,304001
201.02586,107.583496,304007
201.02586,107.583496,304015
201.02586,107.583496,304022
201.02586,106.933525,304029
200.891,106.03772,304034
200.82002,105.65622,304040
200.82002,105.441635,304046
200.67458,105.21861,304051
199.92447,105.17999,304057
199.92447,105.17999,304062
200.31161,105.17999,304067
200.62999,105.191826,304072
201.14203,105.28232,304077
202.0381,105.44068,304081
202.29411,105.48593,304087
202.93022,105.352425,304093
203.82077,105.16551,304098
204.5841,105.0053,304103
205.17065,104.72526,304108
206.10913,104.2772,304180
206.46106,104.10918,304186
207.1649,103.77313,304191
207.55017,103.24966,304197
207.78134,102.93557,304202
207.92926,102.302666,304207
207.95885,102.17608,304263
207.95885,102.17608,304267
207.94984,102.43591,304271
208.07562,102.940445,304275
208.17998,103.44498,304281
208.17998,103.44498,304348
208.17998,103.44498,304354
208.17998,103.44498,304360
208.17998,104.09494,304366
208.68692,104.239204,304371
209.27783,103.97427,304377
210.31354,103.8878,304382
210.96034,103.82374,304387
210.96034,103.82374,304394
210.96034,103.82374,304401
211.48032,103.82374,304406
211.73224,104.19416,304412
211.82,104.65583,304418
211.82,105.045364,304424
211.82,105.045364,304431
211.82,105.045364,304437
211.82,105.045364,304444
211.82,104.65572,304450
211.82,104.42758,304457
211.45306,104.173225,304463
211.10765,104.10225,304469
210.48686,103.97998,304474
209.64275,103.97998,304480
209.27034,103.98714,304485
208.80939,104.53829,304490
208.538,104.98182,304496
208.3792,105.187675,304502
208.12477,105.56621,304507
207.8428,106.29339,304512
207.5095,107.14011,304517
206.87497,107.54033,304522
206.05652,107.93797,304527
205.7063,108.109535,304532
205.40091,108.18193,304538
205.40091,108.18193,304600
205.40091,108.18193,304606
205.40091,108.18193,304613
205.79008,108.176094,304617
206.63097,107.885895,304622
207.09569,107.65264,304627
207.38385,107.070045,304633
207.72964,106.370926,304638
208.07544,105.671814,304643
208.17995,105.45935,304649
208.46974,105.08292,304654
209.02992,104.5579,304659
209.02992,104.30076,304663
209.09238,104.1023,304668
209.71892,103.97999,304673
210.60391,103.97999,304678
211.0555,104.0397,304683
211.42699,104.15835,304688
211.64427,104.19527,304692
212.2655,104.3864,304698
213.13522,104.65398,304704
213.75645,104.8451,304709
214.50194,105.074455,304714
214.75043,105.1509,304720
215.27028,105.16212,304726
215.79013,105.17333,304733
216.30998,105.18,304739
216.9597,105.18,304746
217.6092,105.17999,304751
218.25792,105.18,304758
218.6446,105.1799,304765
219.29416,105.17999,304770
220.0725,105.17999,304776
220.33038,105.179985,304782
220.65935,105.2044,304787
220.82108,105.55128,304793
220.81999,106.33111,304799
220.82,107.24065,304804
220.82,107.24065,304810
220.82,107.24065,304817
220.82,107.24065,304823
220.82,107.24065,304829
220.82,106.72071,304835
220.82,105.94095,304841
220.82,105.68123,304847
220.82,105.452324,304852
220.72792,105.26387,304858
220.01747,105.18,304864
219.11194,105.17999,304870
218.59203,105.17999,304875
217.81224,105.18,304881
216.9027,105.17999,304887
216.1234,105.17999,304893
215.34666,105.17999,304899
214.83882,105.068306,304905
214.07707,104.90078,304911
213.3153,104.733246,304916
212.68051,104.59364,304920
212.04572,104.45403,304925
211.81789,104.32878,304930
211.41998,104.179985,304936
211.0978,104.08917,304941
210.45522,103.97998,304946
209.72229,103.97998,304952
209.25879,103.99016,304958
208.8388,104.50144,304964
208.49582,105.05355,304969
208.3208,105.22895,304975
208.09303,105.65933,304980
207.8077,106.385216,304985
207.52144,107.11075,304990
207.00624,107.45932,304995
206.42418,107.748535,305000
205.72638,108.096985,305005
205.4133,108.17994,305011
205.17125,108.44232,305016
205.18,109.2183,305023
205.18,109.97333,305084
204.87271,109.553856,305090
205.04077,109.0618,305095
205.16684,108.69275,305101
205.1874,108.38395,305106
205.56313,108.178795,305112
206.34235,108.18,305117
207.1182,108.17999,305122
207.1182,108.17999,305128
207.1182,108.17999,305135
207.1182,107.53002,305141
207.38585,106.82424,305146
207.84404,106.0381,305151
208.10353,105.5875,305213
208.10353,105.5875,305218
208.10353,105.5875,305225
208.10353,104.93754,305231
208.29884,104.05762,305236
208.29884,104.05762,305304
208.29884,104.05762,305312
208.29884,104.05762,305321
208.68881,104.05762,305328
209.13776,104.05745,305334
209.5765,103.97998,305340
210.34232,103.97999,305345
211.047,104.03082,305351
211.41733,104.15308,305356
211.6341,104.19055,305361
211.6341,104.19055,305367
212.27983,104.1165,305372
213.05472,104.02765,305377
213.8296,103.93879,305381
214.73363,103.83513,305387
215.25359,103.83072,305393
216.03352,103.82411,305398
216.68346,103.82001,305403
217.59334,103.82,305408
218.24316,103.82,305413
218.63309,103.82001,305419
219.15303,103.82,305426
219.93285,103.82001,305432
220.32254,103.8201,305437
220.56316,103.82003,305444
220.81041,103.61987,305450
220.81999,102.84825,305455
220.82,101.938385,305461
220.82,101.15872,305466
220.82,101.02893,305472
220.82,101.02893,305480
220.82,101.02893,305486
220.82,101.548904,305493
220.82,102.32824,305498
220.82,103.23418,305503
220.82,103.5976,305509
220.5993,103.81845,305514
219.6905,103.82001,305520
219.17085,103.82001,305525
218.78088,103.82,305530
218.00095,103.82,305535
217.22101,103.82,305542
216.57109,103.82,305547
215.79126,103.82001,305553
215.27171,103.82001,305559
214.75174,103.82001,305564
213.84181,103.82,305570
213.19186,103.82,305575
212.28198,103.82001,305581
211.50238,103.82,305587
210.85243,103.82,305593
210.07294,103.82001,305598
209.29308,103.82,305602
208.64351,103.82001,305607
208.64351,103.82001,305614
208.12764,103.78483,305619
207.61244,103.71447,305625
207.09248,103.71009,305630
206.18257,103.70242,305635
205.40263,103.695854,305641
204.4927,103.68819,305647
203.71278,103.68162,305652
203.19281,103.681335,305657
202.41284,103.680916,305662
201.50288,103.68043,305667
200.98291,103.680145,305672
200.85832,103.71721,305677
200.41254,103.82507,305682
199.89305,103.8201,305686
199.2431,103.82,305691
198.46317,103.82,305696
197.68324,103.82,305701
196.90337,103.82,305706
196.1238,103.82001,305711
195.60384,103.82,305716
194.8239,103.82,305721
193.91399,103.82,305726
193.00414,103.82,305731
192.22467,103.82,305736
191.7828,104.09419,305741
191.13458,104.04659,305747
190.74565,104.018036,305752
190.74565,104.018036,305759
190.74565,104.018036,305765
190.09596,104.018036,305771
190.27989,104.00827,305775
190.92142,104.11274,305780
191.30632,104.17543,305784
191.30632,104.17543,305839
191.30632,104.17543,305845
191.95628,104.17543,305850
191.89581,104.79686,305855
191.82002,105.04543,305860
191.82002,105.04543,305866
191.82002,105.04543,305872
192.47,105.04543,305877
193.37852,105.08848,305882
194.28671,105.145164,305887
195.19478,105.17999,305891
195.5818,105.17999,305897
196.23167,105.17999,305902
197.14137,105.18,305907
197.92094,105.18,305912
198.82986,105.17999,305917
199.47525,105.179985,305922
200.12332,105.18,305927
200.58714,105.18,305932
200.82,105.72755,305938
200.82,106.63624,305943
200.82,107.28224,305948
200.82,107.28224,305954
200.82,107.28224,305960
201.46997,107.28224,305966
202.30057,107.59348,305971
202.98888,107.96028,305977
203.33392,108.142006,305983
203.64522,108.19892,305989
203.64522,108.19892,306055
203.64522,108.19892,306061
203.64522,108.19892,306068
203.13603,108.17759,306074
203.23921,107.8078,306079
203.90523,107.41216,306084
204.707,106.98188,306089
205.62189,106.487434,306094
205.85065,106.36388,306099
206.44104,106.09204,306105
207.26758,105.711464,306109
208.0097,105.475395,306114
208.11942,105.405655,306119
208.50327,105.05491,306123
209.02992,104.52878,306129
209.02994,104.32684,306134
209.06198,104.15452,306139
209.4529,103.97998,306145
210.22015,103.97998,306151
210.94118,103.97998,306157
211.42041,104.15473,306163
211.63736,104.192,306168
211.63736,104.192,306174
212.15392,104.13249,306179
212.92876,104.04322,306184
213.7036,103.95396,306189
214.34929,103.87957,306194
214.73671,103.83494,306200
215.25667,103.83055,306206
216.03659,103.823975,306212
216.81653,103.82,306217
217.72643,103.82,306222
218.50609,103.82,306228
219.15584,103.82,306233
219.8057,103.82001,306238
220.32535,103.8201,306244
220.56567,103.82003,306250
220.814,103.61089,306255
220.82,102.83697,306261
220.82,101.92709,306266
220.82,101.147446,306271
220.82,101.01767,306277
220.82,101.01767,306286
220.82,101.01767,306293
220.82,101.53764,306299
220.81999,102.31698,306304
220.82,103.09423,306309
220.82,103.47739,306315
220.82,103.58787,306321
220.62314,103.809494,306327
219.8493,103.82,306333
219.06992,103.82001,306338
218.41995,103.82,306344
217.64001,103.82,306350
216.99007,103.82,306356
216.21017,103.82001,306362
215.30066,103.82,306367
214.6545,103.89029,306373
213.87909,103.97454,306378
213.1037,104.058784,306383
212.3283,104.143036,306388
211.81137,104.1992,306393
211.43735,104.17029,306398
211.1023,104.094925,306403
210.34239,103.97998,306409
209.62885,103.97998,306414
209.26398,103.98875,306419
208.80394,104.54608,306425
208.53285,104.9898,306431
208.37376,105.19542,306437
208.11981,105.57587,306442
207.7906,106.42416,306447
207.4578,107.271065,306452
206.87187,107.55242,306458
206.16878,107.890045,306463
205.70004,108.11513,306468
205.3947,108.18382,306473
205.16776,108.508766,306479
205.18,109.284744,306485
205.18,109.918205,306547
204.93443,109.615234,306553
205.03693,109.23896,306558
205.17998,108.61184,306563
205.17998,108.41247,306569
205.35785,108.19977,306574
206.25339,108.18,306580
207.15825,108.17999,306585
207.15825,108.17999,306592
207.15825,108.17999,306599
207.15825,107.53002,306606
207.41827,106.81974,306610
207.86362,106.026245,306616
208.05283,105.68524,306690
208.05283,105.68524,306696
208.05283,105.68524,306703
208.05283,105.29526,306710
208.56497,105.12511,306716
208.9491,105.179985,306722
208.9491,105.179985,306730
208.9491,105.179985,306735
208.9491,105.179985,306742
209.05377,104.734566,306748
209.02994,104.30353,306752
209.12996,104.06456,306813
209.12996,104.06456,306818
209.12996,104.06456,306825
209.7046,103.97999,306830
210.46823,103.97999,306835
211.0475,104.03131,306840
211.4179,104.15338,306846
211.63469,104.19081,306852
211.8291,104.51957,306858
211.82,105.03896,306863
211.82,105.03896,306870
211.82,105.03896,306877
212.33998,105.03896,306883
213.11804,105.08332,306888
214.02493,105.1579,306894
214.6721,105.17999,306899
215.32031,105.17999,306904
216.1001,105.18,306909
216.87976,105.18,306915
217.65915,105.17999,306921
218.43698,105.18,306927
219.34299,105.18,306932
220.12105,105.17999,306937
220.37843,105.17999,306943
220.69618,105.231346,306949
220.82736,105.63699,306955
220.82,106.54679,306960
220.82,107.32619,306965
220.82,107.32619,306971
220.82,107.32619,306980
220.82,107.32619,306989
220.82,107.32619,306996
220.81999,106.67627,307001
220.81999,105.89653,307006
220.82005,105.41492,307011
220.52579,105.167725,307017
219.74677,105.18,307022
219.10104,105.1799,307028
218.6003,105.03982,307033
217.97437,104.864716,307038
217.35985,104.65379,307043
216.7482,104.43392,307049
216.26036,104.253975,307055
215.65118,104.02736,307060
215.28568,103.89139,307066
214.76584,103.87976,307072
213.98607,103.86232,307077
213.2063,103.84488,307082
212.42653,103.82743,307087
211.51697,103.82001,307093
210.86728,103.82,307098
209.95772,103.82,307104
209.30783,103.82,307110
208.65823,103.8201,307116
208.53561,103.82004,307123
208.24686,103.71634,307129
208.01237,102.981255,307135
208.00581,102.46133,307141
208.00255,102.201355,307187
208.00255,102.201355,307191
207.97142,102.45947,307196
208.12097,103.092,307202
208.17998,103.47145,307262
208.17998,103.47145,307321
208.17998,103.47145,307327
208.17998,103.47145,307334
207.53001,103.47145,307340
207.04074,104.079636,307345
206.6798,104.91449,307350
206.30443,105.743416,307354
206.19736,105.98033,307358
205.94284,106.57839,307363
205.5865,107.41568,307367
205.53561,107.53529,307426
205.53561,107.53529,307431
205.78745,106.9361,307435
205.9889,106.45673,307440
205.78708,106.93594,307445
205.53477,107.53494,307450
205.4655,108.05028,307455
205.40234,108.1639,307460
205.16785,108.467865,307465
205.18,109.5058,307470
205.18,110.28445,307475
205.17998,111.05858,307480
205.18,111.70838,307486
205.18,112.488014,307492
205.18,113.26738,307497
205.18001,114.04628,307502
205.18,114.82171,307507
205.18,114.94889,307513
205.18,114.94889,307519
205.01628,115.44241,307524
204.7707,116.18271,307529
204.52513,116.923004,307534
204.32632,117.22454,307540
204.17473,117.58915,307546
204.1799,118.10849,307552
204.18,118.75501,307557
204.18,119.27223,307563
204.18,119.59388,307568
204.18,119.59388,307574
204.18,119.59388,307581
204.18,120.24385,307588
204.05327,120.532845,307594
203.74146,120.72131,307599
203.74146,120.72131,307666
203.74146,120.72131,307671
203.74146,120.72131,307677
203.74146,121.24129,307683
203.58884,121.0042,307689
203.25415,121.40215,307694
202.75214,121.99908,307699
202.55554,122.480446,307704
202.26064,123.202515,307709
202.2603,123.85248,307714
202.2601,124.24246,307776
202.2601,124.24246,307782
202.2601,124.24246,307788
201.74013,124.24246,307794
201.98419,124.37013,307799
202.12866,125.003845,307805
202.17998,125.3835,307812
202.17998,125.58402,307818
202.52348,125.933334,307823
203.23772,126.497154,307829
203.33974,126.577705,307835
203.33974,126.577705,307842
203.85083,126.673416,307848
204.23415,126.74519,307853
204.82915,126.82,307859
205.3477,126.8201,307865
205.47217,126.82003,307872
205.58011,126.82003,307878
206.02856,126.38752,307884
206.4576,125.89927,307889
206.4576,125.89927,307895
206.4576,125.89927,307902
206.97757,125.89927,307907
207.07584,125.40509,307913
206.83324,124.66381,307918
206.96307,124.67024,307925
207.4631,124.52758,307930
207.96684,124.11686,307935
208.16835,123.95257,307941
208.81726,123.915634,307947
209.59512,123.87131,307952
210.50362,123.82001,308017
210.50362,123.82001,308022
210.89305,123.82001,308027
211.32231,124.11345,308032
211.63792,124.19428,308038
211.81824,124.40051,308043
211.82,124.9185,308048
211.82,124.9185,308055
211.82,124.9185,308062
212.47006,124.9185,308068
213.37418,125.00545,308073
214.14761,125.10607,308078
214.79236,125.17999,308084
214.79236,125.17999,308090
214.28758,125.05516,308096
213.40424,124.836716,308101
212.64708,124.649475,308106
212.01613,124.49344,308112
211.79214,124.36144,308119
211.48114,124.16738,308125
211.0764,124.06516,308131
210.40695,123.97997,308136
209.60149,123.97997,308142
209.14139,123.91291,308147
208.62915,123.823494,308152
208.21846,123.68904,308157
207.65085,123.15411,308163
207.20361,122.68282,308168
206.67355,122.11066,308172
206.1433,121.53867,308177
205.70143,121.06201,308182
205.42944,120.8149,308187
205.06622,120.494354,308192
204.55096,119.90883,308197
204.36255,119.80565,308204
204.16823,119.48249,308210
204.18001,118.577034,308215
204.18,117.79964,308221
204.06932,117.03076,308227
203.91716,116.13362,308232
203.82002,115.492676,308237
203.82,114.97277,308242
203.81999,114.19299,308247
203.81999,113.41333,308252
203.82,112.63393,308257
203.82,111.85583,308262
203.82,111.59849,308267
203.82,110.948685,308272
203.82,110.03919,308277
203.82,109.26024,308282
203.82002,108.615074,308288
203.78838,108.33703,308292
203.3172,108.17999,308298
202.53801,108.18,308303
201.49944,108.17999,308307
200.98334,108.17999,308312
200.98334,108.17999,308356
200.98334,108.17999,308361
200.98334,108.17999,308419
200.98334,108.17999,308425
201.50331,108.17999,308429
202.5426,108.17999,308434
203.31766,108.17999,308439
203.63533,108.19417,308444
203.63533,108.19417,308506
203.63533,108.19417,308512
203.63533,108.19417,308518
202.99315,108.1786,308523
202.69391,108.05609,308529
202.2817,107.55355,308534
201.86949,107.05101,308539
201.57703,106.62108,308544
200.919,105.65373,308549
200.8006,105.35386,308554
200.8006,105.35386,308614
200.8006,105.35386,308618
200.8006,105.35386,308625
200.8006,105.35386,308631
201.32057,105.35386,308635
202.21996,105.470604,308640
202.98203,105.35161,308644
203.8711,105.15787,308649
204.5068,105.022446,308654
205.09492,104.745735,308659
205.80066,104.41367,308664
206.62404,104.02627,308668
207.09453,103.80489,308674
207.49406,103.29222,308679
207.81369,102.88209,308684
207.92114,102.37334,308689
207.94801,102.24615,308743
207.94801,102.24615,308748
207.94362,102.506096,308753
208.07893,103.008156,308757
208.17998,103.384705,308819
208.17998,103.384705,308882
208.17998,103.384705,308887
208.17998,103.384705,308894
208.17998,104.03467,308900
208.81631,104.16224,308906
209.62416,103.954666,308912
210.40063,103.88139,308917
210.91794,103.82872,308921
210.91794,103.82872,308927
210.91794,103.82872,308934
211.5679,103.82872,308939
211.76651,104.212616,308944
211.82286,104.69727,308948
211.82,104.95699,308953
211.82,104.95699,308959
211.82,104.95699,308964
211.82,104.95699,308971
211.82,104.697235,308978
211.80467,104.35515,308984
211.44684,104.17459,308990
211.10585,104.09975,308995
210.35419,103.97998,309000
209.63817,103.97998,309005
209.2686,103.987564,309010
208.87572,104.429504,309014
208.53659,104.98398,309018
208.37772,105.18978,309023
208.07767,105.69049,309028
207.74754,106.53842,309033
207.4611,107.263885,309038
206.75876,107.60308,309043
205.93936,107.99882,309048
205.70525,108.111885,309053
205.3997,108.18228,309058
205.3997,108.18228,309122
205.3997,108.18228,309126
205.3997,108.18228,309133
204.74974,108.18228,309138
204.9866,108.335625,309143
205.04512,108.98295,309149
205.12703,109.88921,309154
205.18,110.79506,309160
205.17998,111.17745,309165
205.10127,111.69144,309169
204.9832,112.46241,309174
204.84546,113.36188,309180
204.8061,113.61887,309186
204.73189,114.13352,309192
204.60199,115.03416,309197
204.5092,115.67747,309203
204.47957,116.196594,309208
204.4351,116.97529,309213
204.33064,117.21337,309218
204.17683,117.57274,309223
204.18,118.480934,309229
204.18,118.738556,309235
204.18,119.255936,309241
204.18,119.58997,309246
204.18,119.58997,309252
204.18,119.58997,309258
204.18,120.10995,309264
203.95198,120.494835,309270
203.78833,120.6538,309276
203.4025,120.97757,309281
202.33875,121.724724,309338
202.33875,121.724724,309343
202.46814,121.95022,309349
201.89726,122.260956,309355
201.2122,122.63384,309359
200.98386,122.75814,309364
200.85023,123.26065,309369
200.82004,123.59636,309374
200.82004,123.59636,309441
200.82004,123.59636,309445
200.82004,123.59636,309451
201.34001,123.59636,309456
201.79836,124.21532,309462
202.04607,124.954865,309467
202.17233,125.32384,309473
202.1934,125.63121,309478
202.61728,125.823555,309484
203.26355,125.82001,309489
203.26355,125.82001,309495
203.26355,125.82001,309501
203.26355,126.33998,309507
203.78352,126.59998,309511
204.16505,126.64608,309516
204.16505,126.64608,309522
204.50165,126.831924,309527
205.28024,126.82,309532
205.40935,126.8201,309537
205.40935,126.8201,309544
205.92856,126.798615,309550
206.70735,126.755844,309555
207.09674,126.73445,309561
207.42805,126.3337,309566
208.00787,125.632385,309572
208.00787,125.632385,309578
207.99701,125.502846,309584
207.81897,124.87774,309590
207.6401,124.11874,309594
207.4394,123.231186,309599
207.06984,122.71176,309604
206.48131,122.017784,309610
205.97923,121.420906,309616
205.56079,120.92356,309621
205.47227,120.828354,309627
205.09924,120.54375,309632
204.58842,119.954346,309638
204.40556,119.810905,309644
204.17676,119.44095,309650
204.18001,118.79289,309655
204.18,118.14395,309659
204.18,117.628174,309665
204.18,117.419266,309671
204.30434,116.7813,309676
204.42867,116.14333,309682
204.50531,115.62904,309688
204.63943,114.72903,309694
204.71608,114.21473,309699
204.8134,113.70395,309704
204.9837,112.810074,309709
205.15402,111.9162,309715
205.18,111.660805,309721
205.18001,111.01111,309726
205.18001,110.231766,309731
205.18,109.3235,309736
205.18,108.67995,309741
205.19232,108.371254,309746
205.33878,108.00981,309751
205.58986,107.4103,309756
205.94138,106.570984,309761
206.28033,105.868774,309766
206.68318,105.05285,309771
207.02805,104.35327,309776
207.25798,103.8869,309781
207.58595,103.32575,309786
207.78275,102.98906,309791
207.9222,102.354225,309796
207.95007,102.227264,309801
207.95007,102.227264,309856
207.95007,102.227264,309860
207.95007,102.227264,309866
207.94476,102.4872,309872
208.11084,103.115585,309877
208.17996,103.49262,309882
208.17996,103.49262,309944
208.17996,103.49262,309949
208.17996,103.49262,309955
207.53,103.49262,309960
207.08498,103.97856,309965
206.77745,104.69497,309971
206.4562,105.4057,309975
206.18903,105.99821,309981
205.93471,106.59636,309987
205.62955,107.31414,309993
205.52782,107.553406,310053
205.52782,107.553406,310058
205.72934,107.074066,310063
205.98125,106.4749,310069
205.7794,106.9541,310074
205.52711,107.55311,310079
205.47804,107.93999,310084
205.37051,108.1767,310090
205.17126,108.44211,310095
205.18,109.35092,310100
205.18,110.12984,310105
205.18,110.906136,310110
205.18,111.68022,310115
205.18,112.58972,310120
205.18,113.369,310125
205.18,114.27732,310130
205.18,114.92133,310136
205.18,115.44092,310142
205.18,116.219635,310148
205.18,116.99246,310153
205.18,116.99246,310160
205.18,116.99246,310167
205.18,116.99246,310174
205.18,116.99246,310182
205.18,116.47315,310188
205.18,115.69647,310193
205.18,115.4411,310199
205.18,114.791306,310204
205.18,114.01171,310209
205.18,113.36218,310214
205.18,112.58322,310219
205.18,111.806984,310224
205.18,111.03321,310228
205.18,110.124054,310233
205.18,109.47519,310238
205.18,108.70149,310244
205.18512,108.39052,310249
205.18512,108.39052,310256
205.18512,108.39052,310319
205.18512,108.39052,310326
205.18512,107.870544,310333
205.70486,107.59522,310339
206.4841,107.56241,310344
207.1333,107.53097,310349
207.42644,106.95085,310354
207.7782,106.25472,310359
208.07133,105.67461,310416
208.07133,105.67461,310422
208.07133,105.67461,310429
208.07133,105.15463,310435
208.56929,105.04436,310440
208.94276,105.15664,310447
208.94276,105.15664,310452
208.94276,105.15664,310459
208.94276,105.15664,310464
208.94276,105.15664,310470
208.68558,105.179985,310475
208.35483,105.19674,310480
207.8861,105.421814,310485
207.29404,105.69002,310489
206.58357,106.01186,310494
206.34676,106.11915,310499
205.76437,106.40775,310505
205.06552,106.75408,310510
204.36667,107.1004,310516
203.78429,107.38901,310521
203.16405,107.5833,310526
202.7919,107.699875,310533
202.28989,107.83537,310539
201.91338,107.937,310545
201.41046,108.069115,310551
201.03328,108.168205,310599
201.03328,108.168205,310603
201.03328,108.168205,310658
201.03328,108.168205,310664
201.68326,108.168205,310670
202.462,108.17999,310675
203.23843,108.18,310680
203.56862,108.179955,310685
203.56862,108.179955,310752
203.56862,108.179955,310757
203.56862,108.179955,310762
202.91866,108.179955,310767
202.64067,108.05121,310771
202.24084,107.53878,310777
201.841,107.026344,310782
201.47812,106.48711,310787
201.04266,105.84003,310791
200.8975,105.62434,310797
200.82005,105.42482,310803
200.63826,105.19773,310808
199.87637,105.17999,310813
199.87637,105.17999,310819
199.87637,105.17999,310824
200.39635,105.17999,310829
200.65634,105.17999,310835
200.94966,105.60078,310840
201.35046,106.269875,310845
201.55087,106.60442,310851
202.07515,107.18189,310857
202.42467,107.56687,310862
202.97842,107.90718,310867
203.31068,108.11137,310873
203.622,108.1886,310879
203.82,108.56623,310884
203.81999,109.474846,310889
203.82,110.254105,310894
203.82002,111.15896,310899
203.82,111.80882,310903
203.81999,112.58857,310908
203.82,113.49807,310913
203.82,114.277145,310918
203.82,114.92372,310923
203.90628,115.43649,310928
204.05725,116.33383,310932
204.20822,117.23118,310938
204.17464,117.72671,310944
204.1799,118.505135,310949
204.18,118.76599,310955
204.18,119.28309,310960
204.1823,119.60373,310966
204.4362,119.879,310971
205.02312,120.39268,310977
205.02312,120.39268,310984
205.02312,120.39268,310990
205.02312,121.04264,310996
205.65468,121.149025,311001
206.416,120.97987,311006
207.17903,120.820015,311011
207.17903,120.820015,311018
207.17903,120.820015,311024
207.17903,121.469986,311031
207.73457,122.067375,311036
208.0576,122.63138,311041
208.13324,123.14583,311046
208.17105,123.403046,311107
208.17105,123.403046,311168
208.17105,123.403046,311173
208.17105,123.403046,311179
208.17105,123.92302,311185
208.68303,124.0922,311191
209.43524,123.95111,311196
210.47081,123.8628,311253
210.47081,123.8628,311259
210.98741,123.820015,311265
211.50415,124.17994,311271
211.82143,124.65918,311276
211.82,124.91893,311281
211.82,124.91893,311288
211.82,124.91893,311294
211.82,124.91893,311301
211.82,124.44812,311307
211.64972,124.20407,311311
211.04793,124.03895,311316
210.47415,123.97998,311321
209.64993,123.97998,311327
208.92249,123.87167,311332
208.66614,123.828354,311338
208.23091,124.112885,311343
207.90451,124.32629,311350
207.43484,124.549416,311356
207.04988,124.487,311362
206.91658,124.98959,311368
206.82002,125.36655,311373
206.82002,125.57658,311379
206.62787,125.80712,311384
205.99323,125.82001,311389
205.99323,125.82001,311395
205.99323,125.82001,311402
205.99323,126.33998,311410
205.87183,126.646484,311417
205.87183,126.646484,311423
205.26929,126.82001,311430
205.39806,126.8201,311435
205.39806,126.8201,311441
205.61826,126.8157,311447
205.97958,126.455215,311452
206.49866,125.87307,311458
206.81453,125.60987,311463
206.82,124.8373,311469
206.7724,124.30719,311474
206.65654,124.21842,311479
206.18109,123.77524,311485
205.99092,123.59797,311491
205.80899,123.41617,311496
205.68874,123.20397,311505
205.566,122.69869,311510
205.50462,122.44605,311515
205.48447,121.92647,311521
205.44919,121.0172,311527
205.34181,120.78042,311533
204.9827,120.41922,311538
204.56071,119.924866,311544
204.37476,119.80709,311550
204.17061,119.64844,311556
204.17061,119.64844,311561
204.17061,119.64844,311567
204.17061,119.64844,311572
204.17061,119.64844,311632
204.17061,119.64844,311638
204.17061,120.2984,311644
204.04128,120.571495,311649
203.79988,120.668045,311656
203.28156,121.05586,311661
202.43677,121.66236,311722
202.43677,121.66236,311727
202.51495,121.91032,311732
201.94604,122.224655,311738
201.14958,122.66473,311743
200.82002,123.30006,311748
200.81085,123.62601,311754
200.81085,123.62601,311830
200.81085,123.62601,311836
200.81085,123.62601,311843
201.33083,123.62601,311848
201.75447,124.11955,311853
202.05052,124.97998,311859
202.17906,125.34817,311864
202.2035,125.65194,311870
202.66806,125.82001,311875
203.31348,125.82001,311880
203.31348,125.82001,311887
203.31348,125.82001,311893
203.31348,126.33998,311900
203.83345,126.59998,311905
204.08786,126.63764,311910
204.20735,126.68885,311915
204.60692,126.825836,311920
205.38495,126.82001,311926
205.38495,126.82001,311933
205.38495,126.82001,311938
205.90494,126.82001,311943
206.05359,126.75289,311948
206.32185,126.307465,311953
206.66829,125.77502,311958
206.82213,125.41717,311963
206.82,124.642105,311968
206.9492,124.6565,311974
207.45222,124.52484,311980
207.95908,124.117935,311986
208.1618,123.95518,311992
208.8107,123.91776,311997
209.58856,123.87286,312002
210.49701,123.82052,312063
210.49701,123.82052,312069
211.01488,123.82001,312075
211.32094,124.06169,312080
211.626,124.18921,312085
211.8257,124.63233,312091
211.82,125.02182,312096
211.82,125.02182,312102
211.82,125.02182,312109
212.46997,125.02182,312114
213.24791,125.06775,312120
214.15454,125.145325,312126
214.80191,125.17999,312132
215.45183,125.18,312138
216.2317,125.18,312144
217.14145,125.18,312149
217.79112,125.18,312154
218.56967,125.17999,312159
219.08952,125.17999,312165
219.869,125.18,312170
220.38731,125.179985,312176
220.75757,124.81491,312182
221.31296,124.2673,312187
221.86836,123.71969,312192
222.51631,123.08081,312197
222.51631,123.08081,312203
222.51631,123.08081,312212
221.99634,123.08081,312218
221.28197,123.36533,312224
221.0482,123.47914,312229
220.83548,123.62861,312235
220.41382,123.82679,312241
219.63435,123.82,312246
219.11601,123.82001,312252
218.59607,123.82,312257
217.94615,123.82,312263
217.03636,123.82,312269
216.38658,123.82,312274
215.73709,123.82,312279
215.34819,123.82001,312285
214.82823,123.82001,312291
214.04836,123.82,312296
213.13858,123.82,312301
212.22899,123.82,312307
211.45079,123.82001,312313
210.93088,123.82,312318
210.15186,123.82,312323
209.50214,123.82,312328
208.72345,123.82,312333
208.18825,123.65876,312339
207.52531,123.03543,312345
207.08406,122.55819,312350
206.55457,121.9855,312355
206.02507,121.41281,312360
205.58383,120.93557,312366
205.58383,120.93557,312372
205.93452,121.31948,312377
206.54823,121.991325,312383
206.98659,122.47122,312388
207.16194,122.66318,312394
207.641,123.10243,312401
208.20822,123.63255,312405
208.48376,123.83274,312411
209.2632,123.82,312416
210.04256,123.82,312421
210.95065,123.82,312426
210.95065,123.8201,312433
210.43141,123.82,312439
209.52176,123.82,312444
208.61378,123.82001,312451
208.20518,123.67683,312457
207.54309,123.05261,312463
207.10162,122.57557,312469
206.48358,121.90771,312475
205.86554,121.239845,312481
205.60066,120.95361,312488
205.41592,120.813675,312495
204.96724,120.38604,312501
204.62503,119.99455,312505
204.44662,119.815895,312512
204.16919,119.54226,312519
204.18,119.285965,312525
204.18,118.766335,312531
204.18,117.98792,312537
204.17998,117.602234,312543
204.18187,117.397705,312551
204.55484,117.17862,312557
205.0702,117.17999,312564
205.0702,117.17999,312572
205.0702,117.17999,312580
205.0702,116.53003,312586
205.16101,115.75806,312591
205.17998,115.50226,312598
205.18,114.98241,312604
205.18,114.07285,312611
205.18001,113.293526,312616
205.18,112.385,312622
205.17998,111.61205,312627
205.18,110.962364,312633
205.18,110.05322,312640
205.18,109.14573,312646
205.18,108.63302,312651
205.18,108.63302,312707
205.18,108.63302,312713
205.18,108.63302,312721
205.18,108.113045,312726
205.81873,107.97343,312732
206.84296,108.15323,312739
207.09937,108.179985,312744
207.09937,108.179985,312751
207.09937,108.179985,312757
207.09937,107.530014,312763
207.43834,106.715454,312768
207.96777,105.82044,312775
208.18254,105.3899,312782
208.57391,105.17999,312788
208.96094,105.17999,312794
208.96094,105.17999,312801
208.96094,105.17999,312811
208.44096,105.17999,312817
208.18097,105.17999,312823
207.96579,105.793304,312829
207.70758,106.52928,312834
207.44936,107.26526,312840
206.98152,107.4922,312846
206.16281,107.88936,312852
205.69498,108.1163,312857
205.39009,108.18533,312862
205.16977,108.52468,312868
205.18001,109.30342,312873
205.18,110.34175,312879
205.18,111.11445,312884
205.10301,111.62869,312889
204.98753,112.400055,312894
204.85281,113.29998,312899
204.79507,113.68567,312905
204.7027,114.32903,312911
204.55489,115.35843,312918
204.51793,115.615776,312926
204.48663,116.1348,312932
204.43185,117.043106,312938
204.37288,117.15896,312945
204.14806,117.54846,312952
204.01927,118.265816,312957
204.02003,118.908485,312963
204.02,119.42061,312969
203.88026,120.28664,312975
203.77278,120.68833,312981
203.2581,121.07897,312988
202.51913,121.60996,312994
201.78143,122.14269,312999
201.04361,122.67527,313006
200.82002,123.38744,313012
200.82002,123.59728,313018
200.5792,123.82411,313024
199.93092,123.82001,313084
199.93092,123.82001,313091
200.14963,124.29175,313095
200.47769,124.99936,313100
200.6294,125.20716,313105
201.12671,125.35901,313110
201.87267,125.58677,313116
202.24565,125.70065,313123
202.6535,125.820694,313129
203.2992,125.82001,313134
203.2992,125.82001,313140
203.2992,125.82001,313147
203.2992,126.46997,313154
203.81429,126.658806,313159
204.07077,126.665215,313165
204.19426,126.7058,313171
204.74867,126.82,313177
205.39676,126.8201,313182
205.39676,126.8201,313188
205.39676,126.8201,313194
205.91673,126.8201,313199
205.94972,126.73357,313205
206.2486,126.30807,313210
206.62839,125.79436,313216
206.83264,125.51097,313222
206.82002,124.73451,313227
206.82002,124.73451,313292
206.82002,124.73451,313298
206.82002,124.73451,313305
206.82002,124.21454,313311
206.82002,123.43458,313376
206.82002,123.43458,313382
206.82002,123.43458,313388
206.82002,122.78461,313394
206.33154,122.9534,313400
205.94077,123.296425,313405
205.81274,123.2739,313411
205.71495,123.188255,313417
205.54395,122.56119,313423
205.48238,121.786385,313429
205.44955,121.00712,313434
205.33739,120.77576,313440
204.89362,120.3165,313446
204.5566,119.92052,313452
204.37016,119.8065,313457
204.16722,119.49699,313462
204.18001,118.72112,313468
204.18,117.9429,313473
204.18,117.68525,313478
204.18,117.68525,313483
204.18,117.68525,313489
204.18,117.165276,313495
204.80083,117.097694,313500
205.04916,117.17466,313506
205.04916,117.17466,313512
205.11816,116.528366,313517
205.18,115.624306,313523
205.18,114.97672,313528
205.18001,114.19709,313533
205.18,113.41768,313538
205.18,112.6387,313543
205.18,111.73363,313549
205.18001,111.08676,313554
205.18,110.17755,313559
205.18,109.26949,313564
205.18,108.62755,313569
205.18,108.62755,313632
205.18,108.62755,313638
205.18,108.62755,313645
205.18,107.977585,313652
205.81902,107.96635,313657
206.71477,108.12648,313664
207.09885,108.17998,313671
207.09885,108.17998,313678
207.09885,108.17998,313684
207.09885,107.530014,313689
207.37013,106.82642,313694
207.8344,106.04385,313699
208.09729,105.59524,313704
208.18286,105.3897,313709
208.57452,105.17999,313715
208.96155,105.17999,313721
208.96155,105.17999,313726
208.96155,105.17999,313733
208.31157,105.17999,313738
208.05159,105.17999,313743
207.86737,105.80331,313749
207.6463,106.55128,313754
207.42522,107.299255,313759
206.83786,107.57758,313764
206.01556,107.96725,313770
205.66315,108.13425,313775
205.45598,108.17994,313780
205.30254,108.241356,313785
205.18,109.01936,313790
205.18,110.05744,313795
205.18,110.96265,313800
205.10196,111.604164,313804
204.96838,112.504265,313809
204.81696,113.53313,313816
204.79802,113.661736,313822
204.55574,113.201645,313827
204.37404,112.85658,313833
204.34415,112.207306,313839
204.30826,111.42817,313844
204.27238,110.64903,313850
204.1559,110.14227,313855
203.95204,109.25545,313860
203.82002,108.622,313866
203.79128,108.34192,313871
203.45934,108.17462,313876
202.55038,108.18,313880
201.64143,108.18,313885
200.99547,108.179985,313890
200.99547,108.179985,313938
200.99547,108.179985,313942
200.99547,108.179985,314000
200.99547,108.179985,314006
201.64543,108.179985,314011
202.42491,108.18,314016
203.07294,108.17999,314021
203.64546,108.19903,314028
203.64546,108.19903,314089
203.64546,108.19903,314094
203.64546,108.19903,314100
203.13635,108.17763,314104
202.70366,108.05725,314109
202.28934,107.556465,314114
201.875,107.05568,314119
201.5089,106.51862,314124
200.99637,105.76674,314128
200.80339,105.35947,314134
200.80339,105.35947,314191
200.80339,105.35947,314196
200.80339,105.35947,314203
200.80339,105.35947,314208
201.32336,105.35947,314213
202.3513,105.49583,314217
202.98624,105.35689,314222
203.87517,105.16237,314227
204.5101,105.02342,314232
205.09802,104.74628,314237
205.92111,104.35828,314242
206.62662,104.0257,314247
207.09695,103.803986,314253
207.41617,103.39353,314259
207.8152,102.88047,314265
207.92201,102.37158,314270
207.94872,102.24436,314324
207.94872,102.24436,314328
207.94395,102.5043,314333
208.07893,103.006454,314337
208.17998,103.38229,314397
208.17998,103.38229,314456
208.17998,103.38229,314462
208.17998,103.38229,314469
208.17998,104.032265,314476
208.8164,104.160324,314482
209.62637,103.95386,314488
210.40286,103.88085,314493
210.92018,103.82838,314498
210.92018,103.82838,314504
210.92018,103.82838,314510
211.57016,103.82838,314515
211.76726,104.21254,314521
211.82292,104.697624,314525
211.8201,104.95734,314531
211.8201,104.95734,314538
211.8201,104.95734,314544
211.8201,104.95734,314552
211.82,104.69758,314559
211.80481,104.35548,314565
211.44743,104.17443,314570
211.10603,104.099976,314575
210.3545,103.97998,314581
209.63843,103.97998,314586
209.31113,103.980034,314591
208.91695,104.38117,314596
208.50346,105.04251,314601
208.33148,105.22448,314607
208.09705,105.64475,314613
207.81316,106.37121,314618
207.47923,107.21768,314622
206.83783,107.603134,314627
206.12755,107.92534,314632
205.65474,108.141716,314637
205.44856,108.17995,314643
205.44856,108.17995,314703
205.44856,108.17995,314709
205.44856,108.17995,314715
204.92859,108.17995,314720
204.7875,108.68614,314725
204.93318,109.45202,314730
205.06432,110.22087,314735
205.17998,111.11664,314741
205.08368,111.75943,314746
204.96812,112.530785,314751
204.85255,113.30213,314756
204.79478,113.68781,314763
204.72087,114.20251,314768
204.59154,115.103226,314773
204.51762,115.61792,314779
204.48639,116.13695,314785
204.43951,116.915504,314790
204.3725,117.16099,314796
204.17625,117.575836,314803
204.18,118.22492,314808
204.18,118.74172,314815
204.18,119.25907,314820
204.18,119.59234,314827
204.18,119.59234,314834
204.18,119.59234,314842
204.18,120.11231,314849
203.98206,120.41087,314856
203.78629,120.672264,314861
203.3822,120.98956,314867
202.32272,121.74278,314934
202.32272,121.74278,314940
202.46196,121.96235,314946
202.00427,122.209114,314952
201.43216,122.51758,314958
200.97447,122.76435,314963
200.84521,123.268,314970
200.81868,123.60349,314976
200.81868,123.60349,315047
200.81868,123.60349,315053
200.81868,123.60349,315061
201.46864,123.60349,315068
201.80252,124.22066,315075
202.00943,124.83681,315080
202.17555,125.32953,315086
202.19571,125.63638,315091
202.63016,125.823135,315097
203.27623,125.82001,315103
203.27623,125.82001,315111
203.27623,125.82001,315118
203.27623,126.33998,315124
203.9262,126.59999,315129
204.17677,126.66931,315135
204.17677,126.66931,315141
204.55205,126.82,315146
205.33049,126.82001,315151
205.33049,126.82001,315157
205.33049,126.82001,315164
205.98045,126.82001,315170
206.00438,126.74484,315176
205.8723,126.10844,315182
205.84589,125.981155,315188
205.84589,125.981155,315195
206.34377,125.83116,315203
206.34377,125.83116,315210
206.5572,125.820045,315215
206.77058,125.68962,315220
206.82,124.945244,315225
206.82,124.68779,315231
206.75471,124.28697,315237
206.08107,123.67525,315242
205.80635,123.40599,315249
205.68097,123.19419,315255
205.53072,122.56184,315260
205.48161,121.91573,315265
205.44829,121.00639,315271
205.33636,120.77516,315276
204.97696,120.41441,315282
204.5557,119.91945,315286
204.36914,119.8064,315293
204.16731,119.495,315299
204.18,118.84698,315305
204.18,118.19794,315311
204.18,117.681274,315317
204.09322,117.16859,315323
203.96304,116.39957,315328
203.83287,115.63055,315333
203.81999,114.85247,315339
203.81999,113.94274,315344
203.82,113.29304,315349
203.82,112.38387,315355
203.82,111.60793,315361
203.82,111.088066,315366
203.82,110.17851,315371
203.81999,109.26963,315376
203.82,108.62426,315381
203.79219,108.34356,315387
203.33391,108.17999,315392
202.55473,108.18,315396
201.51611,108.18,315401
200.99977,108.1799,315405
200.99977,108.1799,315456
200.99977,108.1799,315460
201.51974,108.1799,315464
201.77974,108.1799,315470
202.2993,108.18,315475
203.07713,108.18,315480
203.64888,108.200806,315486
203.64888,108.200806,315543
203.64888,108.200806,315549
203.64888,108.200806,315555
203.01097,108.18,315561
202.66307,107.935356,315567
202.2333,107.447754,315572
201.80353,106.960144,315578
201.51187,106.52968,315583
201.00145,105.77635,315588
200.8076,105.368706,315593
200.8076,105.368706,315652
200.8076,105.368706,315656
200.8076,105.368706,315661
201.45757,105.368706,315666
202.10025,105.45544,315671
202.3566,105.49881,315676
202.9913,105.35884,315682
203.62602,105.21887,315687
204.51463,105.02292,315693
205.10242,104.7455,315699
206.04288,104.30163,315752
206.04288,104.30163,315757
205.46852,104.605865,315762
205.00903,104.849266,315767
205.4746,104.61771,315772
206.28934,104.21249,315777
207.1041,103.80727,315782
207.62405,103.8043,315787
208.14403,103.80134,315791
208.76064,104.00688,315796
209.14665,104.04997,315802
209.46635,103.97998,315807
210.23358,103.97998,315812
211.05795,104.04255,315818
211.42984,104.15996,315823
211.64725,104.19674,315829
211.64725,104.19674,315836
212.1637,104.13635,315841
212.93839,104.04576,315846
213.71306,103.95517,315851
214.48775,103.86458,315856
214.74597,103.83438,315862
215.26593,103.830055,315867
216.04587,103.82357,315872
216.82579,103.82,315877
217.60568,103.82001,315883
218.51534,103.82,315889
219.16507,103.82,315894
219.94489,103.82001,315899
220.33456,103.82001,315905
220.57391,103.82001,315912
220.77615,103.68134,315918
220.82,102.932144,315923
220.81999,102.28224,315929
220.81999,101.63237,315935
220.82,101.1127,315941
220.82,101.1127,315948
220.82,101.1127,315957
220.82,101.1127,315965
220.82,101.1127,315972
220.82,101.632355,315978
220.82,102.67074,315983
220.82,103.44318,315989
220.79208,103.66827,315994
220.42618,103.82655,315999
219.5164,103.82,316005
219.12677,103.8201,316010
218.60681,103.82,316015
217.82687,103.82001,316020
216.91695,103.82,316025
216.13705,103.82,316031
215.4873,103.82,316036
214.58229,103.896774,316042
213.80713,103.98314,316047
213.0317,104.06699,316052
212.25627,104.15103,316057
211.86856,104.193054,316063
211.49796,104.15848,316068
211.11247,104.1091,316073
210.37646,103.97998,316079
209.65607,103.97998,316085
209.27489,103.98605,316090
208.81339,104.53279,316095
208.5417,104.97614,316100
208.3831,105.182144,316106
208.08282,105.681114,316110
207.75215,106.52883,316116
207.4652,107.25409,316121
206.8808,107.53858,316125
206.17952,107.87998,316130
205.712,108.107574,316135
205.40627,108.180435,316140
205.17899,108.59674,316145
205.18,109.50007,316150
205.17996,109.996475,316212
204.88062,109.57131,316217
205.04335,109.07746,316223
205.1654,108.70707,316228
205.18301,108.39716,316233
205.30373,108.23496,316238
206.17386,108.18,316244
207.08005,108.17999,316249
207.08005,108.17999,316256
207.08005,108.17999,316262
207.08005,107.66002,316269
207.40825,106.83901,316274
207.854,106.045784,316280
208.10559,105.59072,316340
208.10559,105.59072,316346
208.10559,105.59072,316353
208.10559,104.94076,316359
208.26027,104.184326,316364
208.29893,104.06022,316423
208.29893,104.06022,316429
208.29893,104.06022,316435
208.9489,104.06022,316440
209.78099,103.97998,316445
210.66193,103.97998,316451
211.00499,103.99984,316456
211.37216,104.13127,316461
211.58911,104.17995,316467
211.58911,104.17995,316474
211.58911,104.17995,316480
212.23907,104.17995,316485
213.0123,104.08656,316490
213.78453,103.977104,316496
214.55685,103.86815,316502
215.33426,103.83327,316506
216.11418,103.828156,316511
216.76411,103.82144,316517
217.67401,103.82,316523
218.45372,103.82001,316528
219.10352,103.82,316534
219.88335,103.82,316539
220.40288,103.82001,316545
220.52292,103.82001,316551
220.65462,103.78454,316556
220.82,103.32934,316561
220.81999,102.54968,316566
220.82,101.769806,316572
220.82,100.990425,316577
220.82,100.990425,316582
220.82,100.990425,316590
220.82,100.990425,316598
220.82,100.990425,316604
220.81999,101.64001,316609
220.82,102.419,316614
220.82002,103.066666,316618
220.82,103.45066,316623
220.82,103.56347,316629
220.68181,103.77654,316635
219.79872,103.82,316640
219.14914,103.82,316645
218.49919,103.82,316650
217.58926,103.82,316656
216.93933,103.82,316661
216.02946,103.82001,316667
215.25002,103.82001,316672
214.60396,103.8912,316677
213.82869,103.97662,316683
213.05342,104.06205,316689
212.27815,104.14748,316694
211.89052,104.190186,316700
211.39,104.17998,316706
211.0286,104.02348,316712
210.30293,103.97998,316717
209.59871,103.97998,316723
209.33203,103.97998,316729
208.86322,104.46197,316734
208.5203,105.01411,316739
208.35706,105.21347,316745
208.10771,105.60489,316750
207.77856,106.45322,316755
207.44618,107.30029,316760
206.85759,107.576,316765
206.03355,107.961975,316770
205.68039,108.127396,316774
205.3763,108.19043,316780
205.17197,108.43838,316785
205.18,109.34416,316791
205.18,109.9758,316852
204.95018,109.66073,316857
205.04106,109.063446,316862
205.16669,108.69425,316867
205.1869,108.385315,316872
205.42957,108.173744,316877
206.20882,108.18,316881
207.11455,108.17999,316886
207.11455,108.17999,316892
207.11455,108.17999,316897
207.11455,107.53002,316904
207.44998,106.71331,316909
207.90823,105.927216,316914
208.10268,105.589165,316972
208.10268,105.589165,316977
208.10268,105.589165,316984
208.10268,105.06919,316991
208.2749,104.18247,316996
208.30934,104.05712,317056
208.30934,104.05712,317061
208.30934,104.05712,317067
208.82932,104.05712,317073
209.1418,104.05536,317078
209.58298,103.97998,317083
210.47377,103.97998,317089
211.05118,104.035034,317095
211.42204,104.15563,317101
211.6391,104.19279,317106
211.6391,104.19279,317112
212.15564,104.13313,317118
213.05959,104.028725,317124
213.70526,103.954155,317129
214.48007,103.86466,317133
214.73834,103.83484,317139
215.38828,103.82937,317144
216.16821,103.82281,317149
216.94815,103.82,317155
217.72804,103.82,317160
218.50772,103.82,317165
219.28745,103.82,317171
220.06721,103.82001,317177
220.32698,103.82001,317183
220.56714,103.82001,317189
220.76375,103.69756,317195
220.81999,103.08835,317201
220.82,102.17851,317208
220.82,101.52866,317214
220.82,101.009155,317220
220.82,101.009155,317226
220.82,101.009155,317234
220.82,101.009155,317242
220.82,101.009155,317249
221.12143,101.43286,317254
221.57355,102.06841,317259
222.10101,102.80989,317264
222.47778,103.339516,317269
223.00258,103.91498,317275
223.45142,104.38508,317280
223.81038,104.76128,317285
224.17691,105.13009,317291
224.72673,105.683304,317296
225.09326,106.05212,317301
225.55267,106.511894,317307
226.10397,107.06362,317313
226.37962,107.33949,317319
227.02655,107.40226,317325
227.67348,107.46503,317330
227.93225,107.490135,317335
227.93225,107.490135,317401
227.93225,107.490135,317405
227.93225,106.840164,317412
227.85483,106.47576,317418
227.34888,106.88378,317423
226.74174,107.3734,317429
226.22212,107.39234,317435
225.44267,107.420746,317440
224.53333,107.453896,317445
223.75389,107.4823,317450
222.97444,107.51071,317455
222.59962,107.15032,317460
222.03738,106.60974,317465
221.38144,105.97906,317471
221.00662,105.61867,317477
220.82088,105.436745,317483
220.69429,105.23322,317488
220.08133,105.18,317493
219.1749,105.17999,317499
219.1749,105.17999,317506
219.1749,105.17999,317513
218.52493,105.17999,317518
217.61517,105.18,317524
216.96547,105.18,317529
216.05632,105.17999,317534
215.2805,105.17999,317539
214.64627,105.03786,317545
213.88518,104.867294,317550
212.99725,104.668304,317556
212.23616,104.49774,317561
211.98247,104.44089,317625
211.98247,104.44089,317628
211.98247,104.44089,317635
211.98247,104.44089,317641
211.55762,104.1715,317647
211.04779,104.03821,317653
210.33958,103.97998,317658
209.62666,103.97998,317663
209.5374,103.97998,317729
209.5374,103.97998,317736
209.5374,103.97998,317742
209.01743,103.97998,317747
209.04883,104.18381,317752
209.0711,104.79336,317758
209.15332,105.03999,317763
209.15332,105.03999,317770
208.64992,105.17019,317775
208.32526,105.21429,317780
208.17645,105.71624,317785
208.18,106.62601,317791
208.18,107.27554,317797
208.18,107.27554,317805
208.18,107.27554,317811
207.65993,107.27554,317817
206.93602,107.51038,317823
206.23608,107.85445,317829
205.65111,108.13776,317834
205.44617,108.17994,317839
205.44617,108.17994,317901
205.44617,108.17994,317906
205.44617,108.17994,317914
205.44617,108.17994,317920
204.9262,108.17994,317925
204.14622,108.17994,317931
204.14622,108.17994,317995
204.14622,108.17994,318002
203.49626,108.17994,318007
203.38246,107.73937,318012
202.99297,107.3949,318017
202.40872,106.878174,318021
201.62973,106.18922,318026
201.04549,105.67249,318031
200.81102,105.40228,318037
200.81102,105.40228,318095
200.81102,105.40228,318100
200.81102,105.40228,318106
201.46098,105.40228,318111
202.23468,105.48276,318115
202.99667,105.35776,318120
203.88498,105.160545,318126
204.51988,105.02139,318131
204.99005,104.799324,318135
206.04794,104.29968,318200
206.04794,104.29968,318205
205.58833,104.54287,318210
205.01382,104.84685,318215
205.71219,104.49952,318220
206.52693,104.09431,318225
207.1089,103.80487,318230
207.75887,103.802376,318236
208.14885,103.80088,318241
208.88841,104.04863,318247
209.14806,104.04883,318252
209.72551,103.97998,318257
210.48723,103.97998,318262
211.05939,104.04427,318267
211.43152,104.16092,318273
211.64899,104.19764,318278
211.64899,104.19764,318285
212.16542,104.137085,318290
212.94006,104.04624,318295
213.71472,103.9554,318300
214.48938,103.86456,318305
214.74759,103.83428,318311
215.39754,103.82889,318317
216.17747,103.82242,318321
216.9574,103.82,318326
217.73729,103.82,318332
218.38707,103.82,318338
219.1667,103.82,318344
219.94652,103.82,318349
220.3362,103.82001,318355
220.45901,103.82001,318360
220.51198,103.82001,318366
220.72212,103.739876,318372
220.82,103.05088,318377
220.81999,102.14114,318383
220.81999,101.36137,318388
220.82,101.1016,318394
220.82,101.1016,318402
220.82,101.1016,318410
220.82,101.1016,318417
220.82,101.1016,318424
220.82,101.62126,318429
220.82,102.40029,318435
220.82002,103.30538,318441
220.79823,103.6584,318448
220.31795,103.820694,318453
219.66809,103.82,318458
219.14847,103.82001,318464
218.62851,103.82,318470
217.84857,103.82,318476
217.06863,103.82,318481
216.15877,103.82,318486
215.37914,103.82,318492
214.86188,103.86419,318495
213.95747,103.96451,318500
213.0529,104.06329,318506
212.27756,104.14809,318511
211.8899,104.190475,318516
211.38963,104.17998,318521
211.08888,104.07835,318526
210.5557,103.97998,318531
209.81221,103.97998,318537
209.3319,103.97998,318542
208.96722,104.29578,318547
208.55531,104.9581,318553
208.30716,105.23417,318561
208.08307,105.67521,318568
207.79892,106.40156,318573
207.46649,107.24862,318578
206.9994,107.47711,318583
206.18202,107.87698,318588
205.71495,108.105484,318594
205.40897,108.17995,318599
205.16893,108.45753,318604
205.17998,109.23349,318611
205.18,109.98746,318672
204.87758,109.56447,318678
205.04236,109.0713,318684
205.16595,108.70142,318689
205.18466,108.39191,318695
205.54091,108.175804,318700
206.57954,108.18,318706
207.09624,108.1799,318712
207.09624,108.1799,318717
207.09624,108.1799,318724
207.09624,107.65993,318729
207.48567,106.72416,318735
207.9251,105.927414,318741
208.11086,105.58452,318799
208.11086,105.58452,318805
208.11086,105.58452,318810
208.11086,105.19454,318816
208.26088,104.30213,318821
208.32089,104.04917,318887
208.32089,104.04917,318892
208.32089,104.04917,318898
208.97087,104.04917,318904
209.67757,103.97998,318909
210.44063,103.97998,318914
211.02678,104.01375,318919
211.39513,104.141815,318925
211.61012,104.18157,318931
211.61012,104.18157,318938
212.1269,104.12408,318944
212.77289,104.05221,318950
213.41887,103.98035,318955
214.19405,103.894104,318960
214.84003,103.82224,318966
215.36,103.82,318973
216.00995,103.82,318979
216.6599,103.82,318986
217.4398,103.82,318993
218.21964,103.82,318999
218.60931,103.82001,319006
218.99927,103.82,319012
219.77913,103.82,319019
220.42856,103.82,319025
220.5471,103.820045,319033
220.72,103.7418,319040
220.81999,103.05398,319045
220.82,102.27413,319051
220.82,101.62426,319056
220.8201,101.10459,319062
220.8201,101.10459,319068
220.8201,101.10459,319076
220.8201,101.10459,319083
220.8201,101.10459,319089
220.82,101.62425,319095
220.82,102.40328,319100
220.82,103.17997,319105
220.82002,103.43542,319111
220.7966,103.66113,319117
220.44197,103.82383,319122
219.7921,103.82,319127
219.14253,103.82001,319132
218.62257,103.82,319137
217.84264,103.82,319142
217.19269,103.82001,319147
216.28279,103.82,319152
215.50307,103.82,319156
214.72707,103.88117,319162
213.9519,103.967415,319167
213.17647,104.051346,319173
212.40105,104.13537,319178
211.8841,104.191376,319183
211.38527,104.179985,319188
211.02538,104.02123,319193
210.42401,103.97998,319198
209.59465,103.97998,319203
209.28967,103.983025,319208
208.8952,104.404686,319214
208.48575,105.068535,319220
208.30652,105.234665,319226
208.08252,105.675995,319230
207.75146,106.52359,319235
207.46625,107.24953,319241
206.88231,107.534966,319247
206.18158,107.877495,319252
205.71443,108.10584,319257
205.40855,108.17994,319262
205.20525,108.34851,319267
205.18,109.10595,319272
205.18,109.98879,319333
204.87804,109.565475,319339
205.04251,109.072205,319344
205.16588,108.70225,319349
205.18442,108.39268,319355
205.53859,108.17488,319360
206.31773,108.18,319366
207.09395,108.17999,319372
207.09395,108.17999,319378
207.09395,108.17999,319384
207.09395,107.53002,319391
207.36613,106.826996,319396
207.83192,106.045334,319401
208.09569,105.59722,319465
208.09569,105.59722,319470
208.09569,105.59722,319477
208.09569,105.20724,319484
208.25203,104.31637,319489
208.31458,104.06402,319553
208.31458,104.06402,319558
208.31458,104.06402,319564
208.96454,104.06402,319570
209.52528,103.97998,319575
210.41747,103.97998,319581
211.0068,104.00086,319586
211.37404,104.132095,319591
211.59074,104.17995,319598
211.59074,104.17995,319605
211.59074,104.17995,319610
212.11072,104.17995,319615
212.885,104.10318,319621
213.78587,103.97505,319627
214.55835,103.86725,319632
215.3358,103.83274,319636
216.11574,103.82772,319640
217.02563,103.82,319646
217.80551,103.82,319652
218.45525,103.82,319658
219.10504,103.82,319664
220.01482,103.82,319670
220.40439,103.8201,319676
220.52435,103.82004,319682
220.71526,103.74561,319688
220.82,102.93415,319693
220.82,102.15434,319699
220.81999,101.37456,319705
220.82,100.985054,319709
220.82,100.985054,319716
220.82,100.985054,319724
220.82,100.985054,319730
220.82,100.985054,319737
221.1946,101.51629,319743
221.5691,102.04751,319747
222.01852,102.68498,319752
222.46793,103.32246,319757
222.90169,103.804985,319762
223.43932,104.37005,319768
223.79753,104.746956,319773
224.1639,105.11594,319779
224.80504,105.76166,319784
225.07982,106.03839,319791
225.44731,106.40625,319797
225.99857,106.95803,319803
226.36606,107.32588,319809
226.88327,107.379456,319814
227.78838,107.47321,319819
227.96104,107.230255,319826
227.96104,107.230255,319887
227.96104,107.230255,319894
227.96104,106.71028,319901
227.85696,106.37241,319906
227.3702,106.803116,319911
226.78606,107.31996,319916
226.26671,107.345505,319921
225.35785,107.39022,319927
224.70868,107.42216,319932
223.92966,107.46048,319937
223.15063,107.4988,319943
222.55495,107.05194,319949
221.98663,106.51784,319955
221.41402,105.98826,319961
220.93698,105.546776,319967
220.84358,105.456375,319973
220.6704,105.21604,319979
220.04459,105.18,319984
219.13866,105.18,319989
219.13866,105.1799,319995
219.13866,105.1799,320001
218.61868,105.1799,320007
217.83887,105.18,320013
217.0592,105.17999,320018
216.14998,105.17999,320024
215.37297,105.18,320030
214.7387,105.061646,320035
213.9781,104.88891,320040
213.09023,104.6897,320046
212.20238,104.49034,320051
212.07555,104.46186,320115
212.07555,104.46186,320121
212.07555,104.46186,320128
212.07555,104.46186,320136
211.84592,104.33994,320141
211.45566,104.17194,320146
211.109,104.10412,320151
210.36438,103.97998,320156
209.6463,103.97998,320161
209.5532,103.97998,320222
209.5532,103.97998,320229
209.5532,103.97998,320236
209.03323,103.97998,320242
209.03494,104.24199,320247
209.03642,104.740135,320252
209.12605,104.984184,320258
209.12605,104.984184,320263
209.12605,104.984184,320269
208.47607,104.984184,320274
208.21129,105.11409,320280
208.16585,105.74185,320285
208.18,106.6516,320290
208.18,107.301094,320296
208.18,107.301094,320303
208.18,107.301094,320310
207.65993,107.301094,320316
206.70023,107.645676,320321
205.99583,107.9805,320326
205.64246,108.14547,320331
205.43864,108.17994,320337
205.43864,108.17994,320398
205.43864,108.17994,320403
205.43864,108.17994,320411
205.43864,108.17994,320417
204.78868,108.17994,320423
204.1387,108.17994,320429
204.1387,108.17994,320487
204.1387,108.17994,320493
203.48874,108.17994,320499
203.43869,107.70423,320505
203.04303,107.36684,320509
202.35065,106.776405,320514
201.75716,106.27032,320519
201.06477,105.679886,320524
200.81163,105.41455,320529
200.81163,105.41455,320586
200.81163,105.41455,320591
200.81163,105.41455,320598
201.3316,105.41455,320603
202.23659,105.49478,320608
202.8721,105.39326,320612
203.75964,105.192635,320617
204.52081,105.02242,320622
205.10841,104.74459,320627
206.04855,104.300064,320686
206.04855,104.300064,320690
205.47392,104.60379,320696
205.0142,104.84676,320701
205.59616,104.557304,320707
206.29451,104.20995,320712
207.10924,103.80471,320717
207.62921,103.80278,320722
208.14919,103.80085,320727
208.64221,103.966064,320733
209.11981,104.07444,320738
209.597,103.97998,320744
210.36229,103.97998,320749
211.0594,104.04428,320754
211.43153,104.16093,320760
211.64899,104.197655,320767
211.64899,104.197655,320775
212.16542,104.13709,320781
212.94008,104.04625,320786
213.71474,103.95541,320791
214.48938,103.86456,320796
214.7476,103.83428,320801
215.26756,103.82997,320807
216.0475,103.823494,320813
216.82742,103.82,320819
217.60733,103.82,320823
218.38708,103.82,320829
219.16672,103.82,320835
219.81657,103.82,320841
220.33621,103.8201,320848
220.45901,103.82004,320855
220.51198,103.82004,320861
220.6674,103.77778,320867
220.82,103.173454,320872
220.82,102.39367,320878
220.82,101.743774,320884
220.82,101.09416,320890
220.82,101.09416,320898
220.82,101.09416,320907
220.82,101.09416,320915
220.82,101.09416,320923
220.82,101.61383,320928
220.82,102.3929,320932
220.82,103.04067,320937
220.82,103.425316,320943
220.8021,103.651535,320950
220.46294,103.82251,320955
219.68309,103.82,320960
219.16345,103.82001,320965
218.5135,103.82,320971
217.73357,103.82,320977
216.95363,103.82,320982
216.04378,103.82001,320987
215.26431,103.82001,320993
214.61823,103.890915,320999
213.84293,103.97601,321004
213.06761,104.061104,321009
212.29231,104.1462,321014
211.90466,104.18875,321020
211.40123,104.179985,321026
211.09372,104.08412,321032
210.4429,103.97998,321037
209.71169,103.97998,321042
209.25446,103.99141,321048
208.76491,104.61911,321054
208.49094,105.06105,321060
208.31375,105.231766,321066
208.04094,105.78877,321072
207.70886,106.63596,321078
207.47026,107.240555,321084
207.00375,107.4702,321091
206.42061,107.75726,321098
205.72084,108.101746,321103
205.41371,108.17995,321109
205.21289,108.33561,321115
205.17998,108.95873,321121
205.18,109.97201,321179
204.87224,109.55288,321184
205.08272,108.937935,321189
205.16692,108.691956,321195
205.18767,108.38323,321200
205.56511,108.17841,321205
206.34425,108.17999,321210
207.12006,108.18,321215
207.12006,108.1799,321221
207.12006,108.1799,321227
207.12006,107.52993,321233
207.5476,106.48762,321237
208.02612,105.71392,321242
208.0923,105.602036,321295
208.0923,105.602036,321302
208.0923,105.602036,321306
208.0923,104.822075,321312
208.27596,104.07562,321318
208.27596,104.07562,321377
208.27596,104.07562,321384
208.27596,104.07562,321392
208.79593,104.07562,321398
209.14516,104.05113,321402
209.7199,103.97999,321406
210.94934,103.97999,321410
211.42757,104.158676,321416
211.64488,104.195564,321421
211.64488,104.195564,321426
212.29048,104.120346,321430
213.19432,104.01504,321435
214.09816,103.90973,321439
214.74376,103.83451,321444
215.3937,103.82909,321449
216.17365,103.82258,321453
217.08354,103.82,321457
218.2533,103.82001,321461
218.64291,103.82001,321468
219.16286,103.82,321473
219.94267,103.82,321480
220.33235,103.8201,321485
220.57193,103.82004,321490
220.82152,103.58861,321496
220.81999,102.810295,321501
220.82,102.030396,321506
220.82,101.25066,321511
220.82,100.99106,321515
220.82,100.99106,321521
220.82,100.99106,321527
220.82,101.64102,321533
220.82,102.67981,321538
220.82,103.45193,321542
220.82,103.56464,321549
220.57465,103.82533,321553
219.66483,103.82,321557
219.1452,103.8201,321561
218.62524,103.82,321566
217.71532,103.82,321571
216.80542,103.82,321576
215.8956,103.82,321581
215.24614,103.82001,321586
214.7293,103.877014,321591
213.95404,103.96253,321597
213.04958,104.0623,321603
212.40352,104.13357,321608
211.88669,104.190575,321615
211.51483,104.16201,321620
211.02707,104.02249,321626
210.30109,103.97998,321633
209.59735,103.97998,321639
209.33145,103.97998,321645
208.9314,104.35248,321650
208.5884,104.90457,321655
208.35628,105.21382,321662
208.10724,105.60611,321668
207.77809,106.45442,321673
207.44571,107.3015,321679
206.97475,107.52187,321685
206.15054,107.907524,321691
205.67958,108.12789,321698
205.37556,108.19073,321704
205.17155,108.44049,321710
205.18,109.21731,321717
205.18,109.97785,321784
204.87428,109.55724,321789
205.08305,108.94172,321794
205.16655,108.6955,321799
205.1865,108.38646,321805
205.42644,108.17446,321811
206.33553,108.17999,321817
207.11148,108.17999,321823
207.11148,108.17999,321830
207.11148,108.17999,321836
207.11148,107.53003,321843
207.3804,106.825005,321848
207.8407,106.04011,321853
208.10138,105.590195,321921
208.10138,105.590195,321927
208.10138,105.590195,321934
208.10138,104.94022,321941
208.29753,104.06058,321947
208.29753,104.06058,322019
208.29753,104.06058,322025
208.29753,104.06058,322031
208.9475,104.06058,322036
209.77907,103.97998,322042
210.65912,103.97998,322047
211.00233,103.99839,322054
211.3694,104.13008,322061
211.58672,104.17995,322067
211.58672,104.17995,322074
211.58672,104.17995,322081
212.10669,104.17995,322086
213.00954,104.084114,322092
213.78186,103.97527,322098
214.55435,103.86765,322104
215.33183,103.83315,322109
216.11176,103.82805,322114
216.89168,103.82,322120
217.80156,103.82,322125
218.4513,103.82001,322130
219.23106,103.82,322137
219.88092,103.82001,322143
220.40045,103.8201,322148
220.52061,103.82004,322154
220.70242,103.75545,322160
220.82,102.96253,322166
220.81999,102.052895,322172
220.82,101.403076,322177
220.82,101.013504,322183
220.82,101.013504,322191
220.82,101.013504,322200
220.82,101.013504,322207
220.82,101.013504,322214
220.82,101.53319,322221
220.82,102.312294,322227
220.82,103.08957,322233
220.82,103.47287,322239
220.82,103.58378,322245
220.63313,103.805016,322251
219.60211,103.82,322257
219.08263,103.82001,322263
218.56267,103.82,322269
217.78273,103.82,322274
217.00279,103.82,322280
216.2229,103.82,322285
215.5731,103.82001,322291
215.31337,103.82001,322297
214.79642,103.87599,322302
214.15022,103.94598,322307
213.3748,104.02995,322312
212.59937,104.11393,322318
211.82394,104.19791,322323
211.45027,104.165245,322329
211.10239,104.095,322334
210.34273,103.97998,322340
209.62912,103.97998,322347
209.30687,103.98049,322353
208.91248,104.38568,322359
208.49992,105.0476,322364
208.32654,105.22658,322370
208.09769,105.652855,322376
207.76442,106.49958,322381
207.47704,107.22466,322386
206.83482,107.60866,322392
206.12375,107.92912,322397
205.6504,108.14433,322404
205.4449,108.17994,322412
205.21625,108.33051,322419
205.18,108.9506,322425
205.18,109.96057,322496
204.94615,109.648476,322502
205.07486,109.144684,322507
205.17998,108.64089,322514
205.20834,108.33955,322520
205.68082,108.17999,322526
206.45985,108.17999,322531
207.10612,108.1799,322537
207.10612,108.1799,322543
207.10612,108.1799,322550
207.10612,107.52993,322556
207.44354,106.714424,322562
207.83926,106.04234,322567
208.10002,105.592476,322635
208.10002,105.592476,322642
208.10002,105.592476,322649
208.10002,105.0725,322656
208.29657,104.06299,322662
208.29657,104.06299,322729
208.29657,104.06299,322735
208.29657,104.06299,322742
208.81654,104.06299,322748
209.1329,104.0634,322754
209.69304,103.97998,322760
210.33055,103.97998,322766
210.92804,103.97998,322771
211.40807,104.14825,322777
211.62416,104.186485,322784
211.62416,104.186485,322791
212.27002,104.1134,322797
212.91586,104.04033,322802
213.5617,103.967255,322807
214.20755,103.89418,322813
214.8534,103.821106,322820
215.37337,103.82,322826
216.02332,103.82,322832
216.67326,103.82001,322838
217.45317,103.82,322843
218.10304,103.82,322849
218.62263,103.82001,322855
219.14258,103.82,322862
219.79243,103.82001,322868
220.3121,103.82001,322874
220.55376,103.82001,322880
220.73564,103.72785,322886
220.82,103.02189,322891
220.81999,102.242035,322897
220.82,101.59217,322902
220.82,101.072556,322907
220.82,101.072556,322914
220.82,101.072556,322922
220.82,101.072556,322929
220.82,101.072556,322935
221.12624,101.49279,322941
221.509,102.0181,322946
221.96834,102.64846,322951
222.42766,103.27882,322957
222.8626,103.76062,322962
223.39948,104.32639,322967
223.84659,104.79814,322973
224.21318,105.1669,322978
224.76308,105.72003,322984
225.12967,106.08879,322990
225.58913,106.54853,322996
226.04858,107.00827,323002
226.41614,107.37606,323009
226.93451,107.41697,323016
227.58246,107.4681,323021
227.97124,107.49878,323029
227.97124,107.49878,323095
227.97124,107.49878,323103
227.97124,106.978806,323110
228.17795,107.33504,323115
227.66135,107.39409,323120
226.88643,107.48267,323125
226.1073,107.49853,323131
225.32736,107.503075,323137
224.41742,107.50901,323142
223.63748,107.51405,323149
222.98752,107.51826,323156
222.51846,107.06833,323163
221.95558,106.52842,323169
221.3927,105.98851,323175
221.01744,105.62857,323180
220.83154,105.446815,323186
220.63652,105.19685,323193
219.86859,105.18,323199
219.09326,105.18,323204
219.09326,105.1799,323210
219.09326,105.1799,323217
218.4433,105.1799,323222
217.79344,105.18,323228
217.1437,105.18,323234
216.36423,105.17999,323241
215.71541,105.17999,323247
215.32803,105.17999,323254
214.82033,105.06775,323260
214.05875,104.899376,323267
213.29718,104.731,323272
212.40869,104.53456,323276
212.0279,104.45038,323282
212.0279,104.45038,323348
212.0279,104.45038,323352
212.0279,104.45038,323359
212.0279,104.45038,323363
211.69592,104.23304,323367
211.07117,104.05959,323372
210.5852,103.97998,323377
209.62038,103.97998,323381
209.53246,103.97998,323434
209.53246,103.97998,323439
209.53246,103.97998,323446
209.01248,103.97998,323452
209.03572,104.23919,323457
209.03467,104.73635,323462
209.12445,104.98034,323467
209.12445,104.98034,323473
209.12445,104.98034,323479
208.47449,104.98034,323483
208.21022,105.11027,323489
208.1627,105.608185,323494
208.18,106.51794,323499
208.18,107.2974,323504
208.18,107.2974,323509
208.18,107.2974,323515
207.53001,107.2974,323521
206.80984,107.53947,323526
206.00037,107.95508,323530
205.65274,108.13183,323536
205.44809,108.17994,323541
205.44809,108.17994,323603
205.44809,108.17994,323608
205.44809,108.17994,323614
205.44809,108.17994,323618
204.66812,108.17994,323622
204.14815,108.17994,323627
204.14815,108.17994,323687
204.14815,108.17994,323692
203.49818,108.17994,323698
203.44238,107.70174,323703
202.94731,107.2806,323708
202.2542,106.69102,323713
201.6601,106.18565,323718
200.96698,105.59606,323724
200.81169,105.4153,323730
200.81169,105.4153,323787
200.81169,105.4153,323793
200.81169,105.4153,323799
201.46165,105.4153,323805
202.36516,105.50665,323809
202.99933,105.364265,323815
203.88719,105.16493,323819
204.52136,105.022545,323824
204.99142,104.80023,323828
206.04904,104.30002,323891
206.04904,104.30002,323898
205.5893,104.54294,323902
205.01462,104.84659,323908
205.59657,104.55712,323913
206.4113,104.15187,323919
207.10963,103.80451,323924
207.7596,103.8022,323929
208.14958,103.80081,323935
208.6426,103.96609,323941
209.14827,104.04865,323947
209.59743,103.97998,323952
210.36284,103.97998,323957
211.05972,104.04467,323963
211.4319,104.16113,323969
211.64937,104.19786,323976
211.64937,104.19786,323982
212.1658,104.13726,323987
212.94044,104.04636,323992
213.84421,103.940315,323998
214.61885,103.84941,324003
215.26793,103.83203,324008
215.91788,103.82669,324013
216.56781,103.8208,324018
217.4777,103.82001,324023
218.2575,103.82,324028
218.64711,103.82001,324034
219.16707,103.82,324040
219.81693,103.82,324044
220.33656,103.82001,324050
220.45938,103.82001,324056
220.5124,103.81999,324061
220.82605,103.57096,324067
220.82,102.791695,324072
220.82,102.011795,324076
220.81999,101.10223,324082
220.8201,101.10223,324088
220.8201,101.10223,324096
220.8201,101.10223,324103
220.8201,101.10223,324108
220.82,101.62189,324113
220.82,102.40092,324118
220.82002,103.17762,324124
220.82002,103.43311,324131
220.79788,103.65897,324136
220.44669,103.82283,324141
219.66684,103.82,324146
219.14723,103.8201,324152
218.62727,103.82,324156
217.84734,103.82,324162
217.0674,103.82,324168
216.2875,103.82,324174
215.50777,103.82,324180
214.86086,103.86583,324185
213.95645,103.966125,324191
213.0518,104.06431,324197
212.27643,104.14862,324202
211.88872,104.19077,324208
211.38881,104.179985,324214
211.08853,104.077934,324219
210.30153,103.97998,324225
209.59767,103.97998,324229
209.29108,103.98278,324235
208.8283,104.51372,324240
208.4869,105.06681,324245
208.30815,105.234024,324251
208.03694,105.79538,324256
207.75304,106.52183,324261
207.46727,107.24755,324266
207.00024,107.47617,324271
206.18297,107.876274,324277
205.71596,108.1049,324282
205.40977,108.17994,324288
205.20699,108.34545,324293
205.18,108.97254,324298
205.18,109.98486,324356
204.8767,109.56251,324362
205.08344,108.94629,324368
205.16612,108.69981,324373
205.18515,108.39042,324379
205.5454,108.17797,324384
206.45432,108.18,324389
207.10066,108.1799,324394
207.10066,108.1799,324400
207.10066,108.1799,324405
207.10066,107.52993,324411
207.37161,106.82615,324416
207.83533,106.04325,324421
208.09792,105.59445,324481
208.09792,105.59445,324487
208.09792,105.59445,324492
208.09792,105.07448,324497
208.27203,104.18828,324503
208.30687,104.06304,324563
208.30687,104.06304,324568
208.30687,104.06304,324573
208.95683,104.06304,324579
209.65768,103.97998,324584
210.42082,103.97998,324589
211.00983,104.00262,324595
211.3772,104.13349,324602
211.59349,104.17995,324607
211.59349,104.17995,324614
211.59349,104.17995,324622
211.98347,104.17995,324628
212.88687,104.08791,324633
213.65985,103.983765,324639
214.43298,103.88083,324644
214.81955,103.829346,324650
215.33951,103.82559,324655
216.24945,103.82,324660
217.15936,103.82,324666
217.93922,103.82001,324670
218.58884,103.82001,324676
219.23875,103.82,324682
220.01854,103.82,324688
220.40811,103.82001,324694
220.52788,103.82001,324700
220.66899,103.77694,324706
220.81999,103.16604,324712
220.82,102.38625,324718
220.81999,101.60641,324724
220.82,101.08677,324730
220.82,101.08677,324736
220.82,101.08677,324744
220.82,101.08677,324750
220.82,101.08677,324757
220.82,101.60644,324762
220.82,102.51522,324767
220.82,103.418076,324773
220.80577,103.64444,324779
220.35025,103.82628,324785
219.57045,103.82,324792
219.18074,103.8201,324798
218.66077,103.82,324804
217.88083,103.82001,324811
217.23088,103.82,324817
216.321,103.82,324824
215.54124,103.82,324832
215.28156,103.8201,324839
214.63544,103.89066,324846
213.86008,103.97534,324851
213.08473,104.06003,324857
212.4386,104.13059,324863
211.9217,104.18704,324869
211.415,104.18,324875
211.09625,104.08724,324880
210.3238,103.97997,324886
209.71825,103.97997,324892
209.3004,103.9813,324898
208.93803,104.33876,324904
208.52744,105.00189,324909
208.36713,105.20658,324915
208.11436,105.58864,324920
207.78526,106.43697,324926
207.45265,107.283966,324932
206.86555,107.56284,324936
206.04362,107.95327,324942
205.69136,108.1206,324947
205.38646,108.18659,324953
205.1724,108.53695,324958
205.18,109.18403,324963
205.17998,109.94557,325024
204.9421,109.63655,325030
205.10641,109.007706,325036
205.17998,108.630394,325042
205.2131,108.33187,325048
205.56837,108.177444,325053
206.47733,108.18,325058
207.1233,108.17999,325064
207.1233,108.17999,325070
207.1233,108.17999,325077
207.1233,107.53003,325082
207.39,106.82367,325087
207.84657,106.03658,325093
208.10515,105.58546,325155
208.10515,105.58546,325160
208.10515,105.58546,325166
208.10515,104.93549,325171
208.29984,104.055374,325176
208.29984,104.055374,325233
208.29984,104.055374,325237
208.29984,104.055374,325243
208.9498,104.055374,325248
209.65964,103.97998,325255
210.54692,103.97998,325262
211.0115,104.00362,325268
211.37895,104.13428,325274
211.59502,104.17995,325279
211.59502,104.17995,325285
212.24106,104.108696,325290
213.14554,104.00894,325295
214.05,103.90918,325301
214.69606,103.83793,325306
215.47523,103.82233,325311
216.25517,103.82,325317
217.0351,103.82,325323
217.81499,103.82,325329
218.46472,103.82001,325334
219.24448,103.82,325341
219.89432,103.82001,325346
220.41382,103.8201,325351
220.53326,103.82004,325357
220.68407,103.76797,325363
220.82,103.13107,325370
220.82,102.481255,325376
220.82,101.701385,325383
220.82,101.051834,325388
220.82,101.051834,325396
220.82,101.051834,325406
220.82,101.051834,325412
220.82,101.051834,325418
220.82,101.5715,325423
220.82,102.35058,325428
220.82,103.38402,325433
220.81961,103.609474,325439
220.57025,103.82632,325445
219.79039,103.82001,325450
219.14082,103.82001,325455
218.62086,103.82,325460
217.71094,103.82,325466
216.931,103.82001,325472
216.2811,103.82001,325477
215.37149,103.82,325483
214.72511,103.87894,325489
213.94989,103.96485,325495
213.17456,104.0497,325501
212.39925,104.134636,325508
211.88235,104.19125,325514
211.38373,104.17998,325519
211.08638,104.07546,325525
210.42224,103.97998,325530
209.80597,103.97998,325536
209.28908,103.98314,325542
208.8264,104.51602,325547
208.48526,105.069275,325553
208.30582,105.23493,325559
208.08205,105.67683,325564
207.79857,106.40344,325569
207.46588,107.2504,325574
206.99867,107.47862,325579
206.29785,107.82095,325583
205.71384,108.10623,325589
205.40833,108.17994,325595
205.16866,108.45976,325599
205.18,109.235725,325604
205.17998,109.98953,325666
204.87828,109.56603,325671
205.08368,108.94937,325676
205.16583,108.702705,325681
205.18428,108.3931,325687
205.40845,108.179276,325692
206.18666,108.17999,325697
207.09273,108.17999,325702
207.09273,108.17999,325708
207.09273,108.17999,325715
207.09273,107.66002,325720
207.43987,106.720535,325725
207.83786,106.04994,325731
208.097,105.59915,325801
208.097,105.59915,325806
208.097,105.59915,325813
208.097,105.07918,325819
208.2709,104.19292,325824
208.30568,104.06766,325888
208.30568,104.06766,325895
208.30568,104.06766,325903
208.82565,104.06766,325908
209.13481,104.06134,325913
209.56886,103.97998,325919
210.33484,103.97998,325924
211.0418,104.02593,325930
211.41151,104.15002,325935
211.62787,104.18794,325941
211.62787,104.18794,325948
212.27368,104.11452,325953
213.17781,104.01172,325959
213.95277,103.92361,325964
214.72775,103.835495,325970
215.2477,103.83105,325976
216.02763,103.82438,325982
216.80757,103.82001,325988
217.45749,103.82,325994
218.36723,103.82001,325998
218.62695,103.82001,326004
219.14688,103.82,326010
219.92671,103.82,326015
220.31642,103.82001,326021
220.55765,103.82001,326027
220.74432,103.7193,326032
220.82,103.0034,326037
220.81999,102.2236,326043
220.81999,101.443794,326049
220.82,101.05415,326055
220.82,101.05415,326062
220.82,101.05415,326069
220.82,101.05415,326075
220.82,101.05415,326080
220.82,101.703705,326085
220.82,102.87149,326091
220.82,103.38631,326096
220.81886,103.61188,326102
220.56401,103.82758,326108
219.78416,103.82,326114
219.1346,103.82001,326120
218.61464,103.82,326125
217.70471,103.82,326132
216.92477,103.82,326138
216.1449,103.82,326144
215.23553,103.82001,326150
214.58951,103.89147,326155
213.68507,103.99153,326161
212.90984,104.07729,326166
212.1346,104.16306,326171
211.87619,104.19165,326178
211.50592,104.15867,326183
211.11494,104.11284,326188
210.51233,103.97998,326193
209.66333,103.97998,326198
209.31918,103.97998,326203
208.85632,104.48288,326209
208.51021,105.03303,326214
208.34077,105.2205,326221
208.05344,105.75169,326227
207.77042,106.478485,326232
207.48445,107.20413,326237
206.84428,107.59225,326242
206.1355,107.917725,326247
205.66371,108.13634,326252
205.45619,108.17994,326258
205.24455,108.29331,326263
205.18,109.14309,326268
205.17998,109.89996,326326
204.92914,109.60136,326332
205.03432,109.22583,326337
205.17998,108.599945,326343
205.18158,108.402054,326349
205.38448,108.18766,326355
206.15694,108.17999,326360
207.06339,108.17999,326365
207.06339,108.17999,326372
207.06339,108.17999,326378
207.06339,107.66002,326384
207.39532,106.84122,326389
207.9097,105.93746,326394
208.10051,105.59734,326456
208.10051,105.59734,326462
208.10051,105.59734,326469
208.10051,104.94738,326475
208.27269,104.190636,326481
208.30713,104.065285,326545
208.30713,104.065285,326550
208.30713,104.065285,326557
209.08708,104.065285,326563
209.65573,103.97998,326567
210.54364,103.97998,326573
211.00854,104.00186,326579
211.37585,104.1329,326585
211.59233,104.17995,326592
211.59233,104.17995,326599
211.59233,104.17995,326605
212.1123,104.17995,326610
212.75732,104.10842,326615
213.53017,104.00332,326620
214.30316,103.89924,326625
214.81848,103.829834,326630
215.33844,103.82601,326635
216.11838,103.82028,326640
216.89832,103.82,326645
217.67819,103.82,326650
218.32799,103.82001,326656
218.58775,103.8201,326662
219.23769,103.82001,326670
219.75758,103.82001,326678
220.40706,103.82,326684
220.52687,103.82004,326689
220.72359,103.73867,326695
220.82,103.04489,326701
220.82,102.39503,326707
220.81999,101.61518,326712
220.82,101.09553,326719
220.82,101.09553,326725
220.82,101.09553,326733
220.82,101.09553,326739
220.82,101.09553,326744
220.82,101.87493,326749
220.82,102.78317,326754
220.82,103.42656,326760
220.80144,103.65273,326768
220.46017,103.82,326773
219.55037,103.82001,326776
219.16069,103.8201,326780
218.51074,103.82,326785
217.7308,103.82,326791
216.95088,103.82,326796
216.04103,103.82,326800
215.26157,103.8201,326804
214.8716,103.82,326809
213.96167,103.82,326814
213.18173,103.82,326819
212.40184,103.82,326823
211.49228,103.82001,326829
210.84233,103.82,326834
210.06293,103.82,326839
209.28307,103.82,326845
208.63351,103.8201,326851
208.5118,103.82004,326856
208.14487,103.43404,326862
208.00146,102.93423,326868
208.00044,102.28426,326874
208.00044,102.28426,326926
208.00044,102.28426,326930
207.35048,102.28426,326934
206.49365,102.541626,326939
206.25491,102.64457,327004
206.25491,102.64457,327066
206.25491,102.64457,327071
206.25491,102.64457,327077
205.60495,102.64457,327081
205.23808,103.15344,327086
204.99762,104.29841,327148
204.99762,104.29841,327155
204.886,104.67207,327160
204.6049,105.25811,327165
204.21136,106.07857,327170
203.81784,106.899025,327175
203.64919,107.25065,327181
203.69824,107.7683,327187
203.73503,108.15655,327193
203.82487,108.605545,327198
203.82,109.38501,327204
203.82,110.16438,327208
203.82,111.07074,327213
203.81999,111.590645,327218
203.82,112.6303,327223
203.82,113.409836,327228
203.82,114.18904,327233
203.82,114.96477,327238
203.90768,115.477295,327243
204.0611,116.37423,327249
204.19261,117.14302,327254
204.16498,117.64819,327259
204.18,118.42663,327264
204.18,118.81262,327269
204.18,119.32914,327275
204.19887,119.64514,327280
204.19887,119.64514,327286
203.98172,120.1176,327291
203.87314,120.35383,327297
203.80057,120.64279,327303
203.41232,120.96498,327308
202.35033,121.714645,327368
202.35033,121.714645,327374
202.47324,121.94375,327380
202.01695,122.1931,327387
201.33252,122.56712,327392
200.9903,122.754135,327398
200.82002,123.38127,327405
200.82002,123.59241,327412
200.82002,123.59241,327478
200.82002,123.59241,327483
200.82002,123.59241,327490
201.34,123.59241,327496
201.79787,124.21152,327501
202.04514,124.95121,327506
202.17123,125.320244,327512
202.19203,125.62798,327517
202.47957,125.832565,327522
203.25563,125.82001,327528
203.25563,125.82001,327533
203.25563,125.82001,327538
203.25563,126.33998,327542
203.77113,126.6619,327547
204.15411,126.66272,327552
204.15411,126.66272,327558
204.52156,126.82947,327564
205.30008,126.82001,327569
205.42908,126.82001,327575
205.42908,126.82001,327580
205.94827,126.798386,327585
206.85683,126.74793,327590
207.11641,126.73352,327595
207.44432,126.32997,327600
208.01816,125.62377,327604
208.18777,125.42935,327608
208.40561,125.14996,327611
209.02994,124.46413,327615
209.03763,124.21861,327618
209.77606,123.93192,327621
210.81175,123.83794,327629
210.81175,123.83794,327630
210.94032,123.820015,327632
211.67221,124.21347,327634
211.8201,124.987755,327636
211.8201,124.987755,327638
211.8201,124.987755,327640
212.60007,124.987755,327644
213.50615,125.058495,327649
214.28175,125.1408,327654
214.79887,125.17999,327659
215.44879,125.18,327664
217.00832,125.18,327672
217.78784,125.18,327676
218.69534,125.18,327680
219.47505,125.18,327685
220.38306,125.17999,327690
220.8463,124.724075,327695
221.40219,124.17696,327700
222.05072,123.53867,327705
222.51396,123.08275,327710
222.51396,123.08275,327715
222.51396,123.08275,327723
221.864,123.08275,327728
221.604,123.08275,327733
221.16672,123.364075,327738
220.8534,123.59559,327744
220.50752,123.832184,327749
219.59818,123.82001,327754
219.08014,123.82001,327759
218.43022,123.82,327765
217.65036,123.82,327770
216.7406,123.82001,327775
215.96104,123.82,327780
215.3126,123.8201,327785
214.79266,123.82,327790
214.01279,123.82,327795
213.23296,123.82001,327800
212.32333,123.82,327804
211.54463,123.82,327809
210.8956,123.82,327814
210.11595,123.82,327819
209.20647,123.82,327823
208.68773,123.8201,327828
208.27174,123.73397,327832
207.60762,123.11192,327837
207.07251,122.544876,327842
206.5432,121.972015,327846
206.01341,121.3996,327850
205.57193,120.92257,327855
205.38448,120.81102,327860
205.02446,120.45635,327865
204.59839,119.965515,327870
204.4168,119.81223,327875
204.17972,119.59209,327879
204.17998,119.3388,327884
204.18,118.68928,327889
204.18,117.91119,327894
204.08882,117.14199,327899
203.95709,116.37324,327904
203.82788,115.60406,327908
203.82,114.95594,327913
203.82,114.176155,327918
203.82,113.2666,327923
203.82,112.357506,327928
203.82,111.58202,327933
203.82,111.062164,327938
203.82,110.282524,327943
203.81999,109.37345,327948
203.82,108.72651,327953
203.7887,108.33759,327959
203.44829,108.17999,327964
202.66899,108.17999,327969
201.75987,108.17999,327974
200.98434,108.179985,327979
200.98434,108.179985,328024
200.98434,108.179985,328027
200.98434,108.179985,328078
200.98434,108.179985,328084
201.50432,108.179985,328089
202.41371,108.18,328094
203.31857,108.17999,328099
203.63611,108.194534,328104
203.63611,108.194534,328162
203.63611,108.194534,328167
203.63611,108.194534,328173
202.99417,108.17871,328179
202.69466,108.056175,328184
202.36476,107.65425,328189
201.86992,107.05137,328194
201.57742,106.62146,328199
200.99243,105.76164,328204
200.80081,105.35429,328209
200.80081,105.35429,328264
200.80081,105.35429,328269
200.80081,105.35429,328276
200.80081,105.35429,328281
200.81999,105.99325,328286
200.82,106.77227,328290
200.82002,107.28848,328295
200.82002,107.935394,328301
200.82002,107.935394,328349
200.82002,107.935394,328353
200.82002,107.935394,328399
200.82002,107.935394,328404
202.11995,107.935394,328406
202.75507,108.07358,328411
203.26315,108.17998,328417
203.58723,108.17998,328422
203.58723,108.17998,328474
203.58723,108.17998,328479
203.58723,108.17998,328485
202.93726,108.17998,328490
202.65375,108.05213,328496
202.25075,107.54219,328501
201.84773,107.03224,328505
201.48422,106.49344,328510
200.9753,105.739105,328515
200.82007,105.43092,328521
200.53902,105.16873,328527
199.89359,105.17999,328533
199.89359,105.17999,328539
199.89359,105.17999,328545
200.41356,105.17999,328550
200.67355,105.17999,328555
201.02554,105.72243,328561
201.55815,106.61565,328565
201.9082,107.00014,328570
202.43327,107.57687,328576
202.87714,107.847725,328580
203.321,108.118576,328585
203.63182,108.19263,328591
203.82285,108.5942,328595
203.82,109.50323,328600
203.82,110.28316,328604
203.82,111.05982,328609
203.81999,111.57973,328614
203.81999,112.619385,328618
203.81999,113.528824,328624
203.82,114.30785,328628
203.82,114.953995,328634
203.9073,115.46659,328639
204.03825,116.23548,328644
204.1692,117.00437,328649
204.16553,117.63745,328653
204.18,118.54482,328658
204.18,119.32023,328663
204.19519,119.63754,328669
204.66199,120.07933,328674
205.05415,120.42077,328680
205.05415,120.42077,328686
205.05415,120.42077,328691
205.05415,121.07074,328697
205.55774,121.20124,328702
206.56921,120.95992,328707
207.07622,120.84456,328712
207.07622,120.84456,328717
207.07622,120.84456,328723
207.07622,121.36453,328730
207.454,121.52767,328735
207.75624,121.950775,328740
207.98032,122.41999,328745
208.09236,122.654594,328751
208.16588,123.30039,328756
208.19365,123.64138,328762
208.19365,123.64138,328823
208.19365,123.64138,328828
208.19365,123.64138,328834
208.19365,124.161354,328841
207.93446,124.441635,328846
207.43748,124.59459,328851
207.05728,124.50783,328857
206.8836,125.13416,328863
206.82005,125.58237,328869
206.6154,125.81232,328874
206.10556,125.82001,328879
206.10556,125.82001,328886
206.10556,125.82001,328892
206.10556,126.33998,328899
205.98045,126.635254,328905
205.85982,126.68369,328911
205.4597,126.82461,328915
204.68147,126.82001,328919
204.68147,126.82001,328925
204.68147,126.82001,328932
204.0315,126.82001,328938
204.00684,126.70949,328944
204.13084,126.20451,328950
204.17996,125.95203,328956
204.17996,125.95203,328962
204.18,126.33908,328966
204.17995,126.56393,328971
204.20963,126.666176,328977
204.70227,126.82,328983
205.3507,126.8201,328988
205.8699,126.80515,328994
206.77837,126.75323,328999
207.16771,126.73098,329005
207.48639,126.3201,329010
208.04405,125.60106,329016
208.19289,125.401665,329021
208.62112,124.949104,329026
209.02994,124.34418,329032
209.02994,124.29611,329038
209.03618,124.23472,329044
208.60567,123.922356,329050
208.10408,123.58415,329056
207.53758,123.04805,329061
207.53758,123.04805,329117
207.53758,123.04805,329124
206.8876,123.04805,329129
206.34444,122.46301,329134
205.91968,121.65853,329139
205.5459,120.97397,329145
205.37975,120.79959,329151
204.9328,120.35657,329156
204.59384,119.96226,329161
204.41217,119.8115,329166
204.17252,119.45603,329171
204.18,118.67821,329176
204.18,117.90017,329181
204.08847,117.13119,329186
203.93456,116.23435,329192
203.82,115.46526,329197
203.82,114.815384,329203
203.82,114.0356,329209
203.82,113.25598,329214
203.82,112.476685,329219
203.82,111.5716,329224
203.82,110.79185,329229
203.82,110.14221,329233
203.82,109.10372,329238
203.82,108.71627,329243
203.78462,108.33104,329248
203.43294,108.17942,329253
202.26451,108.17999,329258
201.4859,108.17999,329262
200.97008,108.17999,329267
200.97008,108.17999,329314
200.97008,108.17999,329318
200.97008,108.17999,329374
200.97008,108.17999,329379
201.49005,108.17999,329383
202.39946,108.17999,329388
203.17656,108.17999,329392
203.62372,108.18926,329398
203.62372,108.18926,329469
203.62372,108.18926,329475
203.62372,108.18926,329482
202.97853,108.177315,329487
202.71594,107.955505,329492
202.3655,107.57137,329496
201.83981,106.99517,329501
201.47232,106.459076,329506
200.95781,105.70854,329511
200.82007,105.406075,329516
200.82007,105.406075,329569
200.82007,105.406075,329573
200.82007,105.406075,329579
200.82007,105.406075,329584
201.47003,105.406075,329589
202.37242,105.50496,329593
203.13344,105.334114,329599
203.89445,105.16328,329604
204.52864,105.020905,329610
205.11606,104.74271,329615
205.82097,104.40887,329620
206.52588,104.07503,329624
207.1133,103.79683,329629
207.5091,103.28127,329634
207.82574,102.86883,329640
207.95355,102.23155,329646
207.95355,102.23155,329693
207.95355,102.23155,329697
207.95355,102.23155,329703
207.94635,102.49144,329709
208.11218,103.11989,329713
208.17998,103.49696,329768
208.17998,103.49696,329824
208.17998,103.49696,329829
208.17998,103.49696,329835
208.17998,104.14693,329842
208.82245,104.30848,329847
209.08858,104.11187,329852
209.8358,103.97998,329858
210.59317,103.97998,329863
211.04848,104.032265,329868
211.41898,104.15397,329874
211.63586,104.19132,329879
211.82,104.78191,329884
211.82,105.041534,329889
211.82,105.041534,329894
211.82,104.65189,329900
211.82005,104.42431,329906
211.57428,104.17497,329911
211.10582,104.099754,329916
210.23041,103.97998,329921
209.54808,103.97998,329926
209.26942,103.98736,329931
208.87645,104.428505,329936
208.53725,104.98295,329940
208.37842,105.18878,329946
208.12404,105.567566,329950
207.74802,106.53712,329955
207.46158,107.26258,329961
206.87642,107.5455,329965
206.05719,107.94158,329970
205.7061,108.111336,329975
205.40051,108.182045,329980
205.40051,108.182045,330042
205.40051,108.182045,330047
205.40051,108.182045,330053
204.62056,108.182045,330058
204.98892,108.34828,330062
205.04718,108.995636,330067
205.14041,110.031395,330071
205.18,110.9364,330076
205.10263,111.578316,330081
204.97023,112.478584,330085
204.85768,113.25039,330090
204.80139,113.636284,330095
204.72766,114.151,330100
204.59863,115.051765,330106
204.50647,115.69516,330111
204.4774,116.214325,330116
204.4338,116.993065,330122
204.32634,117.2298,330128
204.18,117.723145,330134
204.18,118.50124,330139
204.18,118.75912,330144
204.18,119.27629,330149
204.18045,119.597244,330154
204.18045,119.597244,330160
204.18045,119.597244,330165
204.18045,120.11722,330171
203.95073,120.49893,330176
203.78664,120.65736,330182
203.29251,121.05549,330188
202.33533,121.72821,330252
202.33533,121.72821,330257
202.46674,121.95254,330262
202.00986,122.200806,330267
201.09612,122.69734,330273
200.84918,123.26216,330278
200.82002,123.5976,330283
200.82002,123.5976,330342
200.82002,123.5976,330348
200.82002,123.5976,330354
201.34,123.5976,330359
201.79851,124.216515,330364
202.04634,124.95602,330369
202.17267,125.32497,330375
202.19385,125.63221,330381
202.49011,125.83269,330386
203.266,125.82001,330391
203.266,125.82001,330398
203.266,125.82001,330405
203.266,126.46997,330412
203.7684,126.72587,330416
204.14754,126.681816,330422
204.14754,126.681816,330428
204.67435,126.82001,330434
205.32292,126.8201,330438
205.32292,126.8201,330444
205.32292,126.8201,330449
205.8429,126.8201,330455
205.99773,126.74368,330460
205.86963,126.10646,330465
205.84401,125.97902,330471
205.84401,125.97902,330477
206.34239,125.8307,330482
206.65488,125.79591,330487
206.82,125.3263,330492
206.82,124.68026,330499
206.82,124.68026,330505
206.74744,124.279366,330510
206.16972,123.755356,330514
205.97716,123.58069,330518
205.80418,123.3974,330524
205.67393,123.18614,330530
205.55618,122.67968,330535
205.4973,122.426445,330541
205.47469,121.77688,330546
205.44756,120.99738,330551
205.39207,120.87983,330557
204.966,120.38899,330563
204.62514,119.99633,330569
204.44725,119.81593,330574
204.16939,119.543884,330579
204.18,119.287544,330585
204.18,118.50821,330591
204.18,117.73143,330596
204.11188,117.219795,330600
203.93268,116.195404,330605
203.82,115.426926,330609
203.81999,114.777054,330614
203.82,113.86736,330620
203.81999,113.087814,330625
203.82,112.17894,330630
203.82002,111.6618,330634
203.82,111.01198,330639
203.81999,110.10246,330644
203.82,109.19371,330648
203.82,108.67711,330654
203.76355,108.29952,330660
203.22922,108.18,330665
202.44995,108.18,330670
201.28212,108.17999,330674
201.02448,108.17999,330680
201.02448,108.17999,330724
201.02448,108.17999,330729
201.02448,107.53003,330734
200.93001,107.35933,330739
200.8846,106.84134,330743
200.82,105.80581,330748
200.80383,105.360374,330752
200.80383,105.360374,330808
200.80383,105.360374,330812
200.80383,105.360374,330818
201.4538,105.360374,330822
201.7713,106.00629,330827
201.71332,106.52302,330831
202.01625,106.94563,330836
202.47066,107.57955,330841
203.02074,107.92577,330846
203.35078,108.1335,330851
203.55913,108.17995,330856
203.55913,108.17995,330910
203.55913,108.17995,330914
203.55913,108.17995,330920
202.90916,108.17995,330925
203.16719,107.78736,330930
203.84813,107.41029,330934
204.76976,106.928535,330940
205.46016,106.56564,330945
205.80539,106.38426,330950
206.39583,106.11255,330955
207.22246,105.73214,330960
207.96007,105.48583,330964
208.18443,105.354485,330970
208.66235,104.91398,330975
209.02994,104.56157,330980
209.02994,104.27392,330984
209.13092,104.06366,331036
209.13092,104.06366,331041
209.13092,104.06366,331046
209.7067,103.97999,331051
210.59496,103.97999,331056
211.0497,104.033485,331061
211.42035,104.1547,331066
211.63731,104.19197,331071
211.8279,104.52532,331076
211.82,105.04472,331081
211.82,105.04472,331086
211.82,105.04472,331092
212.46997,105.04472,331097
213.24797,105.08998,331102
214.15471,105.166435,331107
214.80055,105.17999,331112
215.45042,105.17999,331117
216.23018,105.18,331122
217.13968,105.17999,331128
217.78906,105.18,331133
218.69356,105.17999,331139
219.21321,105.18,331144
220.12122,105.17999,331149
220.3786,105.179985,331154
220.69629,105.23145,331159
220.82732,105.63727,331164
220.82,106.547066,331170
220.82,107.32646,331175
220.82,107.32646,331181
220.82,107.32646,331188
220.82,107.32646,331195
220.82,107.32646,331202
220.81999,106.80652,331208
220.81999,105.766914,331214
220.82004,105.41513,331219
220.52646,105.16776,331224
219.61775,105.18,331229
219.10172,105.179985,331234
218.47577,105.00492,331239
217.84982,104.82986,331245
217.3605,104.653984,331251
216.50418,104.34619,331256
216.50418,104.34619,331261
216.017,104.16446,331265
215.28622,103.89185,331270
214.76639,103.880165,331275
213.98662,103.86264,331280
213.07689,103.842186,331286
212.16718,103.82174,331290
211.3878,103.82001,331295
210.7508,103.94915,331300
210.7508,103.94915,331306
210.99753,103.867226,331311
210.99753,103.867226,331317
210.99753,103.867226,331374
210.99753,103.867226,331380
211.6475,103.867226,331385
211.87871,104.22342,331390
211.82854,104.871445,331395
211.82,105.00105,331400
211.82,105.00105,331406
211.82,104.61149,331411
211.81857,104.38949,331416
211.38303,104.179985,331421
211.02382,104.02018,331425
210.29486,103.97998,331430
209.59276,103.97998,331434
209.59276,103.97998,331494
209.59276,103.97998,331498
209.59276,103.97998,331504
209.07278,103.97998,331509
208.93771,104.57787,331514
209.14163,105.05619,331520
209.14163,105.05619,331526
209.14163,105.05619,331532
208.49167,105.05619,331537
208.2204,105.18569,331542
208.18,105.683365,331548
208.18001,106.59321,331553
208.18,107.2428,331559
208.18,107.2428,331566
208.18,107.2428,331572
207.53003,107.2428,331577
206.69586,107.51313,331582
205.90968,107.97117,331587
205.68404,108.10032,331591
205.3826,108.187996,331596
205.3826,108.187996,331658
205.3826,108.187996,331662
205.3826,108.187996,331667
206.02838,108.17671,331672
206.84178,107.83915,331676
207.17383,107.63464,331681
207.44708,107.04491,331686
207.82965,106.21928,331691
208.1029,105.62954,331696
208.17993,105.41768,331702
208.60782,104.960236,331708
208.99141,104.60919,331714
209.02994,104.28778,331720
209.09804,104.09453,331725
209.99345,103.97998,331731
210.8562,103.97998,331736
211.44044,104.16555,331742
211.65799,104.202614,331747
212.27939,104.39322,331753
213.02505,104.62194,331759
213.64645,104.812546,331764
214.5164,105.079384,331770
214.76495,105.155624,331776
215.28482,105.16628,331781
216.19458,105.17999,331786
216.97424,105.18,331791
217.88336,105.17999,331796
218.65883,105.179985,331801
219.30838,105.18,331806
220.21582,105.17999,331812
220.6711,105.21176,331817
220.82256,105.707794,331822
220.81999,106.48764,331828
220.82,107.267166,331833
220.82,107.267166,331840
220.82,107.267166,331848
220.82,107.267166,331855
220.82,107.267166,331861
220.82,106.617256,331867
220.82,105.83755,331871
220.82,105.47546,331877
220.72261,105.258446,331882
220.00616,105.17999,331887
219.229,105.17999,331892
218.60014,105.03987,331897
217.84904,104.82968,331903
217.2374,104.609795,331909
216.50343,104.34594,331915
216.50343,104.34594,331920
216.01625,104.16419,331926
215.28548,103.89158,331930
214.50572,103.8741,331936
213.72595,103.85662,331941
212.94618,103.839134,331947
212.16643,103.821655,331951
211.38705,103.82001,331956
210.75006,103.94926,331961
210.75006,103.94926,331967
210.99683,103.8674,331972
210.99683,103.8674,331977
210.99683,103.8674,332037
210.99683,103.8674,332043
211.5168,103.8674,332048
211.78812,104.12714,332053
211.82713,104.75664,332058
211.82,105.01621,332064
211.82,105.01621,332070
211.82,104.62661,332074
211.82,104.40296,332079
211.407,104.179985,332084
211.0363,104.029076,332089
210.19072,103.97998,332094
209.52354,103.97998,332099
209.52354,103.97998,332151
209.52354,103.97998,332156
209.52354,103.97998,332161
208.87357,103.97998,332166
209.10913,104.08594,332171
209.05756,104.15613,332176
209.05196,104.76412,332181
209.13853,105.00928,332187
209.13853,105.00928,332194
209.13853,105.00928,332201
208.48856,105.00928,332206
208.21954,105.138954,332211
208.17046,105.895195,332216
208.18,106.93486,332220
208.18,107.324394,332226
208.18,107.324394,332231
208.18,107.324394,332237
207.53001,107.324394,332242
206.69115,107.61994,332248
205.99306,107.96778,332254
205.64317,108.14,332260
205.43979,108.17994,332265
205.43979,108.17994,332325
205.43979,108.17994,332330
205.43979,108.17994,332337
205.95976,108.17994,332342
206.66978,107.919464,332347
207.11981,107.659,332354
207.34575,107.190674,332359
207.74113,106.37111,332364
208.08005,105.668625,332369
208.17995,105.45562,332374
208.57016,104.99215,332380
209.02994,104.55437,332385
209.02994,104.2995,332390
209.14474,104.04431,332396
210.10881,103.97999,332402
210.73029,103.97999,332407
211.05908,104.04388,332413
211.43115,104.1607,332419
211.64859,104.19745,332426
212.14561,104.350235,332432
212.89114,104.579414,332438
213.63667,104.8086,332444
214.3822,105.03778,332450
214.75496,105.15237,332458
215.27483,105.163414,332465
215.92464,105.177216,332470
216.70438,105.18,332475
217.35397,105.18,332480
218.2624,105.17999,332486
218.64903,105.17999,332493
219.0388,105.18,332499
219.94742,105.18,332505
220.33475,105.1799,332511
220.66306,105.206635,332517
220.82,105.68955,332522
220.82,106.46939,332528
220.82,107.24894,332534
220.82,107.24894,332541
220.82,107.24894,332548
220.82,107.24894,332553
220.82,107.24894,332559
220.82,106.729004,332564
220.81999,105.6895,332568
220.82005,105.45951,332574
220.74232,105.28002,332580
220.05002,105.18,332587
219.5311,105.18,332593
219.14401,105.1799,332599
218.64226,105.04344,332606
218.01508,104.87287,332612
217.27731,104.62078,332618
216.665,104.4028,332623
216.54253,104.35921,332629
216.0552,104.17784,332633
215.32423,103.905785,332639
214.80443,103.89245,332644
214.02472,103.87245,332649
213.11507,103.84911,332654
212.33536,103.82912,332659
211.68564,103.82,332664
210.78793,103.94406,332669
210.78793,103.94406,332676
210.91064,103.90116,332681
210.91064,103.90116,332685
210.91064,103.90116,332753
210.91064,103.90116,332760
211.56061,103.90116,332765
211.74629,104.15511,332771
211.82637,104.6297,332777
211.82,105.019226,332781
211.82,105.019226,332787
211.82,105.019226,332794
211.82,105.019226,332799
211.82,104.62962,332805
211.82,104.405464,332811
211.54,104.169075,332817
211.09526,104.086075,332822
210.32245,103.97998,332827
209.71707,103.97998,332832
209.25664,103.99077,332837
209.07869,104.11998,332902
209.07869,104.11998,332909
209.07869,104.11998,332914
208.55872,104.11998,332920
208.28732,103.990486,332925
208.17722,103.42872,332931
208.18,102.519,332936
208.18001,101.60916,332941
208.18,101.08952,332947
208.18,101.08952,332953
208.18,101.08952,332960
207.66002,101.08952,332965
207.40785,101.609436,332970
207.3893,102.64903,332975
207.3671,103.42867,332980
207.15065,103.90146,332985
206.71774,104.847015,332990
206.33896,105.674385,332995
206.1766,106.02897,333000
205.9221,106.62704,333006
205.5658,107.46433,333011
205.51491,107.58395,333075
205.51491,107.58395,333081
205.71645,107.10462,333086
205.96838,106.50546,333092
206.53122,106.18039,333097
207.20662,105.7903,333102
207.43175,105.66026,333108
207.92802,105.50505,333113
208.15228,105.373535,333119
208.63257,104.93561,333125
209.0168,104.585266,333131
209.02994,104.280365,333136
209.13943,104.049034,333141
209.84299,103.97999,333146
210.7207,103.97998,333152
211.05301,104.03698,333158
211.42415,104.15677,333163
211.6413,104.193825,333170
212.13826,104.346794,333176
212.8837,104.576256,333182
213.62915,104.80571,333187
214.37459,105.03517,333192
214.74731,105.1499,333199
215.26717,105.16123,333205
215.91698,105.1754,333211
216.6967,105.18,333216
217.47618,105.17999,333223
218.25475,105.17999,333229
218.6415,105.17999,333235
219.03127,105.18,333241
219.81026,105.18,333246
220.32732,105.17999,333252
220.6567,105.20286,333258
220.82,105.6753,333264
220.82,106.45512,333270
220.8201,107.23469,333276
220.8201,107.23469,333282
220.8201,107.23469,333289
220.8201,107.23469,333295
220.8201,107.23469,333302
220.82,106.58478,333307
220.82,105.80509,333313
220.82004,105.447205,333319
220.71715,105.253105,333324
219.99484,105.18,333329
219.34671,105.17999,333334
218.56992,105.18,333339
217.6602,105.17999,333346
217.0105,105.18,333351
216.36096,105.17999,333357
215.45345,105.17999,333362
214.69116,105.03519,333368
213.92953,104.86713,333374
213.0407,104.672195,333379
212.27885,104.50505,333385
211.79869,104.321205,333391
211.39671,104.179985,333396
211.12714,104.13303,333401
210.56413,103.97998,333406
209.81985,103.97998,333412
209.33453,103.97998,333416
208.83139,104.509995,333422
208.48956,105.06281,333427
208.31195,105.23254,333433
207.83911,105.448875,333438
207.3649,105.66215,333444
206.65355,105.98205,333450
206.29788,106.142006,333456
205.83208,106.37307,333462
205.0169,106.777435,333467
204.31819,107.12404,333472
203.73592,107.41287,333478
203.11433,107.60282,333483
202.86569,107.678795,333488
202.3638,107.81475,333493
201.86192,107.95071,333498
201.23326,108.11575,333503
200.9818,108.17998,333550
200.9818,108.17998,333554
200.9818,108.17998,333559
201.63176,108.17998,333563
202.67088,108.17999,333569
203.31625,108.17999,333575
203.6341,108.19362,333580
203.6341,108.19362,333653
203.6341,108.19362,333660
203.6341,108.19362,333667
202.86159,108.18,333673
202.30994,107.749466,333679
201.87236,107.10381,333685
201.4416,106.4536,333690
201.01222,105.80247,333696
200.81529,105.38881,333702
200.66423,105.21203,333707
199.91039,105.17999,333770
199.91039,105.17999,333775
199.91039,105.17999,333780
200.56036,105.17999,333785
200.82034,105.17999,333791
201.45741,105.30886,333796
202.3493,105.48928,333801
202.98462,105.352066,333807
203.747,105.18741,333812
204.50938,105.02275,333816
205.09738,104.74578,333821
206.03818,104.30263,333881
206.03818,104.30263,333886
205.46411,104.60741,333891
205.00484,104.851234,333896
205.47043,104.6197,333901
206.40158,104.15662,333906
207.09995,103.80932,333911
207.6199,103.80553,333916
208.13986,103.80174,333921
208.75674,104.00649,333926
209.14546,104.05096,333931
209.59189,103.97998,333937
210.48239,103.97998,333942
211.05656,104.040924,333947
211.42822,104.15904,333952
211.64557,104.19591,333958
211.64557,104.19591,333965
212.16205,104.13567,333970
212.93675,104.04531,333975
213.71146,103.95495,333980
214.48618,103.86459,333985
214.7444,103.83447,333992
215.26436,103.83014,333998
215.9143,103.824715,334004
216.69424,103.82,334011
217.60413,103.82,334017
218.12401,103.82001,334023
218.64357,103.8201,334029
219.29349,103.82001,334036
220.07329,103.82001,334042
220.33304,103.82001,334049
220.57256,103.82001,334056
220.71313,103.747475,334062
220.82,103.06666,334068
220.81999,102.28683,334074
220.82,101.636955,334080
220.82,100.98755,334086
220.82,100.98755,334093
220.82,100.98755,334100
220.82,101.63751,334105
220.82,102.416794,334110
220.82,103.19339,334116
220.82,103.56151,334123
220.68637,103.77325,334129
219.80536,103.82,334134
219.15578,103.8201,334139
218.63582,103.82,334145
217.85588,103.82,334151
217.07594,103.82,334156
216.29605,103.82001,334162
215.5163,103.82,334167
214.74025,103.88104,334171
213.70654,103.994675,334177
212.93108,104.07835,334182
212.15562,104.162125,334187
211.89714,104.190056,334193
211.39552,104.179985,334197
211.09135,104.08126,334202
210.56271,103.97998,334207
209.7058,103.97998,334213
209.33409,103.97998,334218
208.86476,104.4587,334223
208.5221,105.010994,334228
208.35983,105.21221,334233
208.10942,105.600624,334238
207.78032,106.44896,334243
207.49536,107.175,334248
206.85793,107.568794,334253
206.15236,107.901215,334258
205.68279,108.124535,334264
205.37865,108.18951,334270
205.18,108.56132,334276
205.18,109.340096,334281
205.18,110.37841,334287
205.18,111.14999,334292
204.94005,110.68868,334297
204.46016,109.766075,334302
204.04025,108.9588,334307
203.86029,108.61282,334312
203.7899,108.339584,334318
203.3235,108.18,334324
202.54408,108.18,334329
201.63512,108.18,334334
200.98924,108.17998,334339
200.98924,108.17998,334389
200.98924,108.17998,334393
201.63922,108.17998,334397
201.91365,108.12042,334401
202.56181,108.16867,334406
203.33633,108.17999,334411
203.6511,108.201996,334417
203.6511,108.201996,334486
203.6511,108.201996,334491
203.6511,108.201996,334496
202.884,108.18,334502
202.6167,108.050125,334506
202.30168,107.63643,334511
201.82916,107.01589,334516
201.4674,106.47591,334521
200.96094,105.719925,334526
200.82007,105.414444,334532
200.82007,105.414444,334594
200.82007,105.414444,334599
200.82007,105.414444,334604
201.34004,105.414444,334609
201.98697,105.46302,334614
202.37392,105.511604,334619
203.0077,105.3675,334624
203.89502,105.16576,334629
204.52881,105.02165,334633
204.99869,104.79898,334639
206.05592,104.297966,334701
206.05592,104.297966,334706
205.48094,104.60104,334711
205.02097,104.84351,334717
205.6029,104.55403,334723
206.41763,104.14876,334728
207.11597,103.80138,334732
207.76593,103.80067,334738
208.15591,103.80024,334744
208.77177,104.00803,334750
209.15013,104.04717,334755
209.60107,103.97998,334761
210.36635,103.97998,334765
211.0617,104.04709,334769
211.43423,104.16246,334774
211.65176,104.19913,334780
211.65176,104.19913,334787
212.16817,104.13829,334793
212.94278,104.04705,334798
214.10468,103.91017,334805
214.75018,103.83414,334812
215.27014,103.829834,334817
216.05008,103.82339,334823
216.70003,103.82,334829
217.34996,103.82,334834
217.99985,103.82001,334839
218.64935,103.82001,334844
219.29927,103.82001,334850
220.07906,103.82,334855
220.3388,103.8201,334861
220.46153,103.82003,334868
220.50223,103.82003,334873
220.67734,103.77201,334878
220.82,103.15113,334884
220.81999,102.2415,334889
220.82,101.46169,334895
220.82,101.07202,334901
220.82,101.07202,334907
220.82,101.07202,334915
220.82,101.07202,334921
220.82,101.07202,334927
220.82,101.72157,334933
220.82,102.50052,334938
220.82,103.27632,334944
220.81226,103.63009,334950
220.51674,103.832184,334956
220.38644,103.82001,334960
219.86653,103.82,334966
219.08711,103.82001,334970
218.43715,103.82,334976
217.65721,103.82001,334982
216.87727,103.82,334988
216.0974,103.82,334994
215.44768,103.82,334999
214.79788,103.82,335004
214.01794,103.82,335009
213.238,103.82,335014
212.32812,103.82,335020
211.54848,103.82,335025
210.78085,103.94501,335030
210.78085,103.94501,335036
210.9037,103.902504,335042
210.9037,103.902504,335047
210.9037,103.902504,335111
210.9037,103.902504,335119
211.42368,103.902504,335127
211.66904,104.13549,335133
211.82216,104.66045,335139
211.82,105.04996,335146
211.82,105.04996,335155
211.82,105.04996,335162
211.82,105.04996,335167
211.82,104.6603,335173
211.82,104.431526,335179
211.46123,104.17152,335184
211.06345,104.05185,335190
210.36911,103.97998,335196
209.65012,103.97998,335201
209.55632,103.97998,335266
209.55632,103.97998,335270
209.55632,103.97998,335277
208.90636,103.97998,335282
209.01817,104.11628,335286
209.06905,104.13453,335292
209.02998,104.60643,335298
209.12259,104.975624,335303
209.12259,104.975624,335308
209.12259,104.975624,335315
208.34262,104.975624,335321
208.20894,105.10557,335327
208.16396,105.60454,335332
208.18,106.51431,335337
208.18,107.293785,335343
208.18,107.293785,335349
208.18,107.293785,335355
207.53003,107.293785,335361
206.6953,107.5973,335366
206.00188,107.954346,335371
205.65424,108.13108,335377
205.44934,108.17994,335383
205.44934,108.17994,335442
205.44934,108.17994,335447
205.44934,108.17994,335453
205.96931,108.17994,335458
206.79337,107.89367,335463
207.11893,107.67897,335470
207.28728,107.327194,335476
207.62396,106.62365,335482
208.01677,105.80285,335487
208.17995,105.47152,335492
208.55214,105.00681,335497
209.02994,104.56973,335502
209.02994,104.275925,335508
209.13303,104.05504,335514
209.8297,103.97998,335519
210.7081,103.97998,335524
211.04419,104.02813,335530
211.41417,104.15141,335535
211.63074,104.18911,335541
212.00342,104.303986,335546
212.873,104.57203,335552
213.61835,104.80178,335557
214.36371,105.031525,335562
214.86061,105.17997,335569
215.38051,105.17999,335574
216.16028,105.18,335580
216.81,105.17999,335586
217.58943,105.18,335592
218.62514,105.17999,335597
219.27469,105.18,335603
219.92357,105.17999,335608
220.31114,105.17999,335615
220.64217,105.19527,335621
220.83095,105.50892,335627
220.82,106.288704,335632
220.82,107.068436,335638
220.82,107.32805,335644
220.82,107.32805,335651
220.82,107.32805,335658
220.82,106.808075,335664
220.82,105.898315,335669
220.82,105.416374,335675
220.64604,105.20169,335681
219.75145,105.17999,335687
219.10565,105.17999,335692
218.58575,105.18,335697
217.80595,105.18,335703
217.15622,105.17999,335708
216.2469,105.18,335714
215.4692,105.17999,335719
214.83344,105.06462,335723
214.07187,104.896255,335728
213.30986,104.72991,335733
212.54788,104.56341,335738
212.03989,104.45241,335743
211.81242,104.3265,335749
211.41325,104.179985,335755
211.0957,104.08658,335761
210.4489,103.97998,335766
209.71684,103.97998,335771
209.29848,103.98159,335776
208.9039,104.394806,335783
208.49297,105.05774,335789
208.31679,105.2306,335794
208.04315,105.78525,335800
207.7579,106.51117,335805
207.47171,107.236725,335810
206.77237,107.58206,335816
206.07303,107.9274,335821
205.6068,108.15762,335825
205.41063,108.17994,335830
205.18,108.581245,335835
205.18,109.35637,335840
205.17998,109.98207,335900
204.87573,109.560394,335905
205.04176,109.06764,335911
205.16629,108.69808,335916
205.18568,108.388824,335921
205.54988,108.18,335925
206.32904,108.18,335930
207.10509,108.17999,335936
207.10509,108.17999,335942
207.10509,108.17999,335948
207.10509,107.66002,335954
207.36308,106.94858,335960
207.8024,106.15174,335966
208.05064,105.694855,336043
208.05064,105.694855,336050
208.05064,105.694855,336056
208.05064,105.04489,336062
208.55162,105.05417,336067
208.92735,105.15863,336073
208.92735,105.15863,336080
208.92735,105.15863,336087
208.92735,105.15863,336095
209.02174,104.633865,336101
209.02992,104.33474,336107
209.13632,104.05876,336173
209.13632,104.05876,336179
209.13632,104.05876,336186
209.71817,103.97999,336191
210.48277,103.97999,336196
211.0568,104.04118,336201
211.4285,104.159195,336207
211.64584,104.196045,336213
211.82076,104.54362,336218
211.8201,104.93333,336223
211.8201,104.93333,336229
211.8201,104.93333,336235
212.34007,104.93333,336241
213.24455,105.01755,336247
214.01852,105.113976,336252
214.79198,105.179985,336258
215.31187,105.18,336264
216.22159,105.17999,336270
217.00117,105.18,336276
217.7805,105.18,336282
218.5574,105.18,336287
219.20486,105.18,336293
219.98347,105.18,336298
220.37038,105.1799,336304
220.69067,105.22656,336310
220.8249,105.753784,336316
220.81999,106.53362,336321
220.82,107.31305,336326
220.82,107.31305,336332
220.82,107.31305,336339
220.82,107.31305,336345
220.82,107.31305,336351
220.82,106.79311,336356
220.82,106.14326,336361
220.8201,105.623764,336366
220.82005,105.40426,336372
220.706,105.242935,336377
219.97289,105.17999,336383
219.19606,105.17999,336389
218.41847,105.18,336394
217.50879,105.17999,336401
216.59937,105.17999,336406
215.8205,105.18,336412
215.3038,105.17999,336419
214.79625,105.067,336425
214.16182,104.925766,336431
213.40048,104.75629,336436
212.63916,104.58681,336442
212.00473,104.44557,336448
211.78044,104.31407,336454
211.50246,104.16774,336459
211.11925,104.11963,336463
210.4026,103.97998,336469
209.6776,103.97998,336474
209.32397,103.97998,336479
208.85812,104.47506,336484
208.51363,105.02622,336490
208.3465,105.21812,336495
208.10205,105.62131,336500
207.81995,106.34845,336505
207.4874,107.195465,336511
206.96649,107.53156,336516
206.14062,107.91359,336521
205.66928,108.13317,336526
205.46097,108.17994,336532
205.31598,108.23238,336538
205.18,108.85464,336542
205.18,109.98718,336602
204.87749,109.564255,336608
205.04234,109.071106,336614
205.16599,108.70125,336620
205.18471,108.39175,336626
205.4121,108.17819,336631
206.32062,108.18,336637
207.0968,108.1799,336643
207.0968,108.1799,336648
207.0968,108.1799,336655
207.0968,107.52993,336661
207.36847,106.826584,336667
207.76758,106.1565,336671
208.09665,105.596,336731
208.09665,105.596,336738
208.09665,105.596,336744
208.09665,105.07603,336749
208.25504,104.19078,336753
208.29463,104.06696,336813
208.29463,104.06696,336819
208.29463,104.06696,336828
208.9446,104.06696,336834
209.63966,103.97998,336840
210.27792,103.97998,336846
210.88326,103.97998,336852
211.36096,104.12654,336858
211.57933,104.17995,336865
211.57933,104.17995,336873
211.57933,104.17995,336880
212.0993,104.17995,336886
212.74437,104.10873,336891
213.64612,103.98684,336896
214.41917,103.883224,336902
214.8057,103.831406,336907
215.45564,103.82639,336913
216.10559,103.82138,336918
216.88553,103.82001,336923
217.79538,103.82,336928
218.44513,103.82,336933
219.09492,103.82,336938
219.87477,103.82,336943
220.39432,103.8201,336948
220.51479,103.82004,336954
220.63013,103.795555,336960
220.82,103.26968,336966
220.82,102.490135,336972
220.81999,101.84024,336977
220.82,101.0607,336982
220.82,101.0607,336989
220.82,101.0607,336996
220.82,101.0607,337003
220.82,101.0607,337010
220.82,101.58037,337015
220.82,102.35947,337020
220.82,103.13646,337025
220.82,103.39271,337031
220.81662,103.61858,337036
220.54657,103.83033,337042
219.76674,103.82,337048
219.11722,103.8201,337054
218.46727,103.82,337060
217.68733,103.82,337065
216.9074,103.82,337071
216.25749,103.82001,337075
215.34792,103.82001,337081
214.8309,103.87547,337089
214.18465,103.94482,337095
213.66763,104.00029,337102
213.02138,104.06963,337107
212.24586,104.15284,337113
211.85812,104.19444,337119
211.48685,104.15877,337124
211.06172,104.05027,337129
210.36543,103.97998,337135
209.64716,103.97998,337140
209.27182,103.98677,337145
208.81068,104.53648,337151
208.53918,104.97996,337157
208.38046,105.18587,337163
208.12599,105.56397,337168
207.79756,106.41256,337173
207.46315,107.258835,337179
206.9953,107.48573,337184
206.05957,107.93952,337190
205.70868,108.10969,337196
205.40303,108.18131,337202
205.19746,108.36327,337206
205.18,109.25494,337212
205.18,110.007385,337274
204.8842,109.57967,337279
205.12463,108.8377,337285
205.1811,108.40373,337291
205.38005,108.18945,337296
206.2822,108.18,337301
207.05887,108.179985,337306
207.05887,108.179985,337312
207.05887,108.179985,337318
207.05887,107.53002,337324
207.40714,106.721245,337329
207.88255,105.94541,337334
208.08421,105.611626,337394
208.08421,105.611626,337400
208.08421,105.611626,337406
208.08421,105.09165,337412
208.22752,104.331825,337417
208.29918,104.08191,337485
208.29918,104.08191,337491
208.29918,104.08191,337499
208.68916,104.08191,337504
209.12773,104.066666,337508
209.68408,103.97998,337514
210.44704,103.97998,337519
211.0319,104.01763,337525
211.40067,104.14452,337531
211.61617,104.18357,337537
211.61617,104.18357,337545
212.1329,104.12568,337552
212.90802,104.03884,337558
213.55394,103.96648,337564
214.32906,103.87965,337569
214.8458,103.82175,337574
215.49574,103.82001,337580
216.14569,103.82,337585
217.05562,103.82001,337590
217.83548,103.82,337595
218.61502,103.82001,337601
219.26494,103.82,337606
219.9148,103.82,337611
220.43425,103.82001,337617
220.55244,103.82001,337622
220.79158,103.65749,337627
220.82,102.89833,337632
220.82,102.11846,337637
220.82,101.33869,337642
220.82,101.07895,337648
220.82,101.07895,337654
220.82,101.07895,337661
220.82,101.07895,337667
220.82,101.07895,337673
220.82,101.59862,337678
220.82,102.50741,337684
220.82,103.28303,337690
220.80934,103.636826,337697
220.49944,103.831436,337703
219.71962,103.82,337709
219.07019,103.8201,337715
218.55023,103.82,337720
217.7703,103.82001,337726
216.86037,103.82,337732
216.08049,103.82,337738
215.30095,103.82001,337742
214.78098,103.82,337747
214.00104,103.82,337753
213.2211,103.82001,337759
212.31125,103.82,337765
211.66148,103.82,337770
210.7519,103.82001,337775
209.84203,103.82,337781
208.80237,103.82001,337787
208.15645,103.785774,337792
208.02625,103.72629,337798
207.63719,103.69926,337804
206.98724,103.69621,337810
205.9473,103.691345,337815
205.03735,103.687096,337821
204.2574,103.68344,337826
203.73744,103.68101,337831
203.21747,103.68083,337836
202.4375,103.68057,337841
201.52754,103.68027,337847
201.00757,103.6801,337853
200.8824,103.715195,337860
200.30518,103.82003,337865
199.91556,103.8201,337870
199.3956,103.82,337875
198.61566,103.82,337880
197.96571,103.82,337885
197.1858,103.82,337890
196.40602,103.82001,337895
196.14626,103.82001,337901
195.6263,103.82,337906
194.84636,103.82,337911
193.93645,103.82,337916
193.02658,103.82,337922
192.24707,103.82,337927
191.80109,104.08745,337933
191.15259,104.04386,337939
190.76349,104.01771,337943
190.76349,104.01771,337948
190.76349,104.01771,337954
190.11368,104.01771,337960
190.2799,104.008125,337965
190.79312,104.09176,337970
191.30632,104.17539,337975
191.30632,104.17539,338031
191.30632,104.17539,338036
191.8263,104.17539,338041
191.89581,104.79683,338046
191.82004,105.0454,338050
191.82004,105.0454,338056
191.82004,105.0454,338062
192.47,105.0454,338068
193.37852,105.088455,338074
194.28671,105.14515,338078
195.06519,105.17999,338083
195.5818,105.17999,338089
196.1017,105.18,338095
196.88147,105.17999,338099
197.79103,105.18,338104
198.57028,105.17999,338109
199.34729,105.17999,338114
200.1233,105.17999,338120
200.58713,105.17999,338125
200.7979,105.353516,338130
200.82,106.37685,338135
200.82,107.28232,338140
200.82,107.28232,338146
200.82,107.28232,338152
201.34007,107.28232,338158
202.0629,107.5193,338163
202.64496,107.80851,338168
203.3445,108.15346,338173
203.5562,108.17995,338179
203.5562,108.17995,338240
203.5562,108.17995,338245
203.5562,108.17995,338251
202.90623,108.17995,338257
203.16489,107.7882,338262
203.9534,107.34025,338266
204.64719,106.983925,338271
205.45476,106.56456,338276
205.80087,106.38488,338282
206.27338,106.167816,338288
206.98212,105.84222,338293
207.45462,105.625145,338298
207.95595,105.48716,338304
208.18057,105.35624,338311
208.56323,105.004196,338319
209.02992,104.56414,338327
209.02994,104.27454,338333
209.15466,104.03596,338339
210.00162,103.97998,338344
210.62936,103.97998,338350
211.07419,104.05943,338356
211.32361,104.132805,338362
211.65678,104.201904,338368
211.65678,104.201904,338376
211.65678,104.201904,338384
212.17676,104.201904,338391
213.0784,104.09823,338396
213.84923,103.979324,338402
214.49194,103.88253,338408
214.74904,103.84381,338415
215.26898,103.838295,338421
215.91891,103.831406,338427
216.82881,103.821754,338433
217.60872,103.82,338439
218.38847,103.82001,338445
219.29807,103.82,338450
220.07784,103.82001,338456
220.33759,103.8201,338463
220.46036,103.82004,338469
220.53014,103.81911,338476
220.73071,103.73236,338482
220.82,103.03028,338488
220.81999,102.12052,338493
220.82,101.21085,338499
220.82,101.08102,338506
220.82,101.08102,338514
220.82,101.08102,338520
220.82,101.60099,338525
220.81999,102.38029,338530
220.82,103.15714,338535
220.82,103.41304,338541
220.80815,103.63943,338547
220.49283,103.83074,338553
220.36287,103.82826,338558
219.71303,103.82001,338564
219.19334,103.82001,338570
218.67339,103.82,338575
217.89345,103.82,338579
217.11351,103.82001,338585
216.33362,103.82,338589
215.42397,103.82001,338595
214.6442,103.82,338600
213.99425,103.8201,338606
213.08434,103.82,338612
212.43443,103.82001,338618
211.65471,103.82001,338625
210.88531,103.922516,338632
210.75787,103.94814,338637
211.0044,103.86554,338642
211.0044,103.86554,338647
211.0044,103.86554,338716
211.0044,103.86554,338724
211.52437,103.86554,338730
211.72272,104.11638,338737
211.83047,104.44242,338742
211.82,104.96196,338747
211.82,104.96196,338754
211.82,104.96196,338761
211.82,104.96196,338769
211.82,104.702194,338775
211.80692,104.359795,338781
211.45544,104.172516,338788
211.10934,104.10464,338794
210.49225,103.97998,338800
209.87048,103.97998,338805
209.5538,103.97998,338811
209.5538,103.97998,338886
209.5538,103.97998,338890
209.5538,103.97998,338898
209.16382,103.97998,338905
209.05156,104.18417,338912
209.07097,104.79136,338917
209.15292,105.038086,338923
209.15292,105.038086,338929
208.64984,105.1695,338935
208.32526,105.21429,338941
208.17645,105.71624,338947
208.18,106.62601,338952
208.18,107.27554,338957
208.18,107.27554,338964
208.18,107.27554,338970
207.65993,107.27554,338976
206.82004,107.56909,338982
206.0026,107.968765,338988
205.6513,108.13812,338993
205.44629,108.17994,338999
205.44629,108.17994,339057
205.44629,108.17994,339063
205.44629,108.17994,339071
206.09625,108.17994,339077
206.79071,107.89428,339082
207.11658,107.68003,339087
207.34135,107.21115,339093
207.67851,106.50783,339099
208.01567,105.804504,339104
208.17995,105.47318,339109
208.55031,105.00845,339114
209.02992,104.57138,339119
209.02994,104.27634,339124
209.14992,104.039856,339129
209.86433,103.97999,339135
210.74048,103.97999,339141
211.06679,104.05194,339146
211.43993,104.16529,339152
211.65749,104.2023,339158
212.15459,104.354805,339163
212.90025,104.58356,339168
213.64592,104.81232,339173
214.2673,105.002945,339178
214.7644,105.15545,339183
215.28427,105.16612,339189
216.19403,105.18,339195
216.9737,105.18,339201
217.753,105.17999,339205
218.53017,105.179985,339211
219.30783,105.17999,339216
220.08609,105.17999,339222
220.34386,105.17999,339228
220.67064,105.21146,339234
220.82588,105.57682,339240
220.82,106.48661,339246
220.82,107.13632,339250
220.82,107.266136,339256
220.82,107.266136,339264
220.82,107.266136,339271
220.82,106.616165,339277
220.82,105.83645,339282
220.82,105.47449,339289
220.76923,105.317184,339296
220.13025,105.17999,339302
219.35225,105.17999,339307
218.57536,105.18,339314
217.79558,105.18,339319
217.14584,105.18,339326
216.62614,105.18,339332
216.10591,105.18,339338
215.58727,105.17999,339345
215.32938,105.17999,339353
214.82166,105.06779,339361
214.06007,104.899475,339367
213.42542,104.75922,339373
212.79076,104.61896,339379
212.15611,104.47869,339384
211.80269,104.322975,339390
211.40184,104.179985,339397
211.09396,104.08443,339403
210.44362,103.97998,339408
209.82552,103.97998,339413
209.33653,103.97998,339417
208.8667,104.45477,339423
208.52428,105.00723,339429
208.36319,105.21066,339434
208.11159,105.59545,339439
207.78247,106.44379,339443
207.44995,107.2908,339449
206.86221,107.56835,339455
206.0394,107.956924,339460
205.68677,108.12346,339465
205.38217,108.188156,339471
205.17577,108.4216,339475
205.18,109.068794,339480
205.17998,109.95908,339531
204.94576,109.647285,339537
205.10698,109.01763,339542
205.17998,108.63983,339549
205.20882,108.33876,339555
205.68259,108.17999,339559
206.59132,108.18,339564
207.10786,108.1799,339569
207.10786,108.1799,339575
207.10786,108.1799,339581
207.10786,107.52993,339587
207.44487,106.71417,339592
207.90524,105.92931,339598
208.10057,105.59178,339674
208.10057,105.59178,339681
208.10057,105.59178,339688
208.10057,105.07181,339694
208.239,104.31061,339700
208.3082,104.06,339764
208.3082,104.06,339768
208.3082,104.06,339775
208.95818,104.06,339781
209.79102,103.97998,339786
210.54942,103.97998,339791
211.01373,104.00497,339794
211.38129,104.13533,339797
211.59703,104.17995,339802
211.59703,104.17995,339808
212.11388,104.12291,339813
212.75992,104.05161,339817
213.7936,103.937546,339822
214.69806,103.83773,339825
215.47723,103.82215,339830
216.38716,103.82,339836
217.16707,103.82,339842
217.94695,103.82,339847
218.59654,103.8201,339853
219.11649,103.82,339859
220.02626,103.82,339864
220.41582,103.8201,339869
220.53514,103.82004,339876
220.68918,103.76467,339882
220.82,103.12219,339888
220.81999,102.47237,339894
220.81999,101.82247,339900
220.82,101.04297,339905
220.82,101.04297,339911
220.82,101.04297,339918
220.82,101.04297,339924
220.82,101.04297,339931
220.82,101.56264,339935
220.82,102.47147,339940
220.82,103.24752,339946
220.81964,103.60936,339952
220.57056,103.826256,339957
219.7907,103.82,339962
219.14113,103.82,339967
218.62117,103.82,339972
217.84123,103.82,339978
217.0613,103.82001,339983
216.2814,103.82001,339988
215.37178,103.82001,339994
214.59625,103.893654,340000
213.82103,103.979454,340005
213.04567,104.06413,340011
212.14111,104.163025,340016
211.88266,104.19128,340023
211.38402,104.179985,340028
211.08649,104.07559,340033
210.42255,103.97997,340038
209.69434,103.97997,340043
209.28918,103.98312,340049
208.89473,104.40526,340054
208.48535,105.06915,340059
208.30594,105.234886,340065
208.03545,105.798004,340069
207.70407,106.64547,340074
207.4661,107.250305,340078
206.88208,107.535576,340084
206.06445,107.93496,340089
205.71405,108.10613,340094
205.40836,108.17995,340100
205.16867,108.45964,340105
205.18,109.2356,340111
205.18,109.98942,340173
204.87825,109.565956,340178
205.04259,109.07263,340184
205.16583,108.702644,340189
205.18431,108.393036,340195
205.53745,108.17448,340201
206.31659,108.17999,340205
207.09282,108.17999,340211
207.09282,108.17999,340217
207.09282,108.17999,340224
207.09282,107.53003,340229
207.43332,106.7164,340235
207.83258,106.046425,340240
208.09566,105.5979,340303
208.09566,105.5979,340308
208.09566,105.5979,340315
208.09566,105.07793,340320
208.27052,104.19194,340326
208.3055,104.066734,340395
208.3055,104.066734,340402
208.3055,104.066734,340409
208.82547,104.066734,340415
209.13518,104.06103,340421
209.56961,103.97999,340426
210.33557,103.97999,340431
211.04233,104.0264,340437
211.4121,104.15032,340443
211.62851,104.188194,340449
211.62851,104.188194,340456
212.2743,104.11471,340462
213.17842,104.011826,340467
213.82422,103.93834,340472
214.72835,103.83546,340478
215.37828,103.8299,340484
216.02823,103.824356,340489
216.67818,103.82,340494
217.58807,103.82,340500
218.2379,103.82,340505
218.62755,103.8201,340511
219.27747,103.82001,340517
219.92732,103.82001,340522
220.31702,103.82001,340528
220.5582,103.82001,340536
220.80241,103.637436,340541
220.82,102.87106,340547
220.82,102.09118,340552
220.82,101.311424,340558
220.82,101.05172,340564
220.82,101.05172,340570
220.82,101.05172,340577
220.82,101.05172,340583
220.82,101.05172,340589
220.82,101.57139,340595
220.81999,102.2207,340600
220.82,102.99846,340605
220.82,103.38396,340611
220.81963,103.6094,340617
220.57045,103.82628,340623
219.79059,103.82,340629
219.14102,103.8201,340634
218.62106,103.82,340639
217.84113,103.82001,340645
216.93121,103.82,340650
216.15134,103.82,340656
215.37169,103.82001,340662
214.72197,103.82001,340668
213.94203,103.82001,340672
213.16211,103.82,340678
212.25224,103.82001,340683
211.47267,103.82001,340689
210.95271,103.82,340695
210.04344,103.82,340700
209.26358,103.82,340705
208.61407,103.82001,340711
208.49318,103.82001,340717
208.20222,103.650314,340723
207.99063,102.899605,340728
207.99605,102.37966,340733
207.9974,102.24967,340792
207.9974,102.24967,340797
207.96591,102.507744,340802
208.12407,103.138176,340807
208.17998,103.39035,340870
208.17998,103.39035,340947
208.17998,103.39035,340954
208.17998,103.39035,340961
207.53001,103.39035,340967
207.1403,103.98617,340973
206.81305,104.69405,340977
206.42302,105.51618,340983
206.20033,105.98606,340989
205.99548,106.46398,340997
205.73943,107.061386,341003
205.53458,107.53931,341060
205.53458,107.53931,341066
205.73584,107.05986,341072
205.98741,106.460556,341077
205.78554,106.93974,341083
205.5332,107.53873,341089
205.46469,108.05417,341095
205.40121,108.16761,341100
205.16737,108.47449,341106
205.18,109.25362,341112
205.18,110.032715,341117
205.18,111.0661,341122
205.18,111.71591,341127
205.18,112.365616,341132
205.18,113.14506,341138
205.18,114.05376,341144
205.18,114.70071,341149
205.17998,114.95614,341156
205.17998,114.95614,341162
205.17998,114.95614,341169
205.17998,115.47611,341176
204.94545,116.20018,341182
204.59367,116.8963,341187
204.3764,117.203476,341193
204.16806,117.46844,341199
204.18,118.117615,341204
204.18,118.76466,341209
204.18,119.28178,341215
204.18192,119.602486,341221
204.18192,119.602486,341228
204.18192,119.602486,341235
204.18192,120.12246,341242
203.95084,120.501595,341248
203.78552,120.659294,341255
203.39688,120.98251,341260
202.33342,121.730095,341328
202.33342,121.730095,341336
202.46594,121.953766,341344
202.00897,122.20187,341350
201.32353,122.57403,341356
200.9808,122.7601,341362
200.84859,123.262985,341370
200.82002,123.59828,341375
200.82002,123.59828,341455
200.82002,123.59828,341459
200.82002,123.59828,341465
201.47,123.59828,341471
201.86021,124.101685,341476
202.06308,124.85479,341482
202.17998,125.35659,341487
202.20723,125.658554,341493
202.50468,125.8201,341498
203.28049,125.82001,341504
203.28049,125.82001,341511
203.28049,125.82001,341519
203.28049,126.33998,341524
203.80046,126.59998,341529
204.18085,126.669945,341535
204.18085,126.669945,341542
204.68614,126.82001,341548
205.33466,126.8201,341553
205.33466,126.8201,341559
205.33466,126.8201,341565
205.85463,126.8201,341570
205.98462,126.8201,341575
205.8954,126.30784,341580
205.8508,126.051704,341586
205.8508,126.051704,341593
205.8508,126.051704,341602
206.37077,126.051704,341608
206.69946,125.80096,341613
206.82314,125.38986,341618
206.82,124.74299,341623
206.94783,124.71931,341629
207.4394,124.54983,341635
207.8418,124.2205,341642
208.14359,123.9735,341649
208.77728,124.118004,341656
209.07957,124.127365,341661
209.49313,123.97997,341667
210.91728,123.97998,341729
210.91728,123.97998,341736
211.0234,123.904915,341745
211.45158,124.17995,341752
211.8311,124.46277,341757
211.82,124.98222,341762
211.82,124.98222,341770
211.82,124.98222,341777
211.82,124.98222,341784
211.8201,124.72248,341789
211.82005,124.490875,341795
211.77348,124.32049,341800
211.40373,124.17997,341805
211.0985,124.09063,341810
210.4683,123.97998,341816
209.74666,123.97998,341822
209.00354,123.878525,341828
208.61833,123.820015,341835
208.39807,123.820015,341841
208.16974,123.545296,341846
208.18,123.15574,341907
208.18,123.15574,341913
208.18,123.15574,341985
208.18,123.15574,341992
208.18,123.80571,341998
208.18,124.45568,342064
208.18,124.45568,342073
207.92003,124.458015,342081
207.4209,124.60379,342087
207.04237,124.50998,342092
206.9097,125.01274,342097
206.82002,125.38981,342103
206.82002,125.59458,342109
206.58911,125.82129,342114
206.07448,125.82001,342120
206.07448,125.82001,342126
206.07448,125.82001,342133
206.07448,126.33998,342139
205.95012,126.63781,342145
205.83072,126.689224,342149
205.42587,126.822754,342154
204.64787,126.82001,342160
204.64787,126.82001,342166
204.64787,126.82001,342173
204.1279,126.82001,342178
203.97981,126.753845,342184
204.1115,126.250824,342190
204.17734,125.99931,342197
204.17734,125.99931,342204
204.17734,125.99931,342210
203.65736,125.99931,342215
202.89293,125.873215,342220
202.44174,125.820045,342226
202.18266,125.601616,342232
202.17998,124.830154,342237
202.17998,124.70281,342243
202.17998,124.70281,342250
202.18338,124.39926,342256
202.41357,124.17806,342261
202.9257,124.179985,342267
202.9257,124.179985,342274
202.9257,124.179985,342280
202.9257,123.66001,342285
203.27655,123.146255,342290
203.40434,122.40159,342295
203.4583,121.623505,342299
203.5057,120.97527,342305
203.66002,120.77919,342310
203.82,120.308105,342316
204.02985,119.89385,342322
204.02003,119.215034,342327
204.02,118.69643,342332
203.98415,117.91968,342338
203.90779,117.01295,342344
203.83394,116.10599,342349
203.82002,115.45983,342354
203.82002,115.45983,342360
203.82002,115.45983,342367
203.82002,114.93986,342373
203.82,114.03008,342379
203.81999,113.25045,342385
203.82,112.47115,342391
203.82,111.69413,342396
203.81999,111.04634,342401
203.82,110.266716,342405
203.82,109.358696,342462
203.82,109.358696,342467
203.82002,108.840614,342472
203.78288,108.32838,342477
203.36676,108.13457,342482
202.48033,107.92921,342488
201.46867,107.6883,342492
200.96277,107.568146,342497
200.96277,107.568146,342503
200.96277,107.568146,342510
200.96277,106.91818,342515
200.85773,106.01677,342520
200.82002,105.63219,342525
200.82002,105.422424,342531
200.51454,105.167274,342536
199.86969,105.17999,342541
199.86969,105.17999,342546
199.86969,105.17999,342552
199.21971,105.17999,342555
198.4399,105.18,342560
197.6603,105.18,342565
196.75128,105.17999,342570
196.10486,105.17999,342574
195.47766,105.009476,342579
194.85045,104.83896,342584
194.36058,104.664604,342589
193.50331,104.35948,342595
193.50331,104.35948,342655
193.50331,104.35948,342661
193.50331,104.35948,342667
192.85335,104.35948,342673
192.20921,103.96182,342679
191.69145,104.00975,342684
190.87872,103.96815,342689
190.11816,103.97998,342694
189.56328,103.97998,342699
189.56328,103.97998,342755
189.56328,103.97998,342761
190.21324,103.97998,342766
191.11873,103.903885,342771
191.76424,103.82779,342777
192.41418,103.82336,342782
193.06413,103.82,342787
193.97404,103.82,342792
194.75394,103.82001,342797
195.53354,103.82,342802
196.18349,103.82,342807
196.96342,103.82,342812
197.87334,103.82,342817
198.52325,103.82,342822
199.30293,103.82,342827
200.08252,103.82,342832
200.46326,103.8201,342838
201.24231,103.788216,342844
202.02138,103.75093,342849
202.93031,103.70791,342853
203.31985,103.68947,342859
203.96982,103.68794,342864
204.87978,103.68581,342869
205.91972,103.68337,342875
206.56969,103.68185,342881
207.08966,103.680626,342889
207.4343,103.29128,342895
207.77895,102.90193,342901
207.90273,102.396904,342906
207.93367,102.270645,342956
207.93367,102.270645,342960
207.93733,102.53061,342967
208.07787,103.031235,342972
208.17998,103.4067,342978
208.17998,103.4067,343046
208.17998,103.4067,343053
208.17998,103.4067,343060
208.17998,103.926674,343065
208.69241,104.09849,343071
209.43858,103.95177,343077
210.2152,103.88717,343082
210.86263,103.82986,343087
210.99211,103.82001,343093
210.99211,103.82001,343100
211.43066,104.09938,343106
211.63939,104.19222,343112
211.82196,104.65929,343118
211.82,105.04879,343123
211.82,105.04879,343131
211.82,105.04879,343138
211.82,105.04879,343144
211.82,104.65914,343150
211.82005,104.43053,343155
211.58577,104.17786,343161
211.11021,104.1059,343167
210.37016,103.97998,343172
209.55702,103.97998,343178
209.27312,103.98647,343183
208.81181,104.53492,343188
208.54025,104.97835,343194
208.38158,105.184296,343200
208.17282,105.44038,343205
207.84354,106.288635,343211
207.5584,107.01461,343217
207.4634,107.256615,343223
206.8788,107.540726,343230
206.1773,107.88166,343236
205.70964,108.10895,343242
205.40398,108.18105,343248
205.40398,108.18105,343306
205.40398,108.18105,343311
205.40398,108.18105,343317
206.05354,108.17804,343324
206.75352,107.901886,343328
207.19353,107.62481,343333
207.46344,107.03353,343338
207.8953,106.087494,343343
208.11122,105.61447,343349
208.17993,105.40457,343356
208.619,104.948616,343363
209.00304,104.59805,343369
209.02994,104.28428,343375
209.10782,104.08216,343380
209.89655,103.97998,343386
210.65091,103.97998,343391
210.99443,103.99435,343396
211.36128,104.12667,343402
211.5796,104.17995,343409
212.07677,104.332245,343415
212.82253,104.5607,343421
213.56828,104.78915,343427
214.31403,105.0176,343433
214.8112,105.1699,343440
215.3311,105.178856,343446
216.24083,105.18,343452
217.02046,105.17999,343458
217.79974,105.17999,343464
218.57643,105.179985,343470
219.22601,105.17999,343476
219.87498,105.17999,343482
220.39116,105.17999,343488
220.60516,105.18104,343494
220.82117,105.409645,343499
220.82,106.31895,343504
220.82,107.09865,343510
220.82,107.2285,343516
220.82,107.2285,343524
220.82,107.2285,343531
220.82,106.70853,343537
220.82,105.92875,343543
220.82,105.669044,343548
220.82,105.441864,343555
220.70552,105.242516,343562
219.97198,105.18,343567
219.32397,105.17999,343572
218.56755,105.03692,343578
217.94269,104.85807,343583
217.3288,104.64527,343589
216.59543,104.37972,343594
215.98639,104.152725,343600
215.25554,103.88033,343605
214.73567,103.87003,343610
213.95586,103.85458,343616
213.30602,103.84171,343622
212.52621,103.82626,343628
211.74646,103.82,343634
211.48671,103.82001,343640
210.96674,103.82,343646
210.31734,103.82001,343652
209.53745,103.82,343657
208.62796,103.82001,343662
208.50647,103.82001,343669
208.21562,103.67456,343674
207.99925,102.92521,343679
207.99957,102.535225,343684
207.99977,102.27524,343741
207.99977,102.27524,343745
207.96515,102.53291,343751
208.12695,103.162415,343756
208.17998,103.414215,343824
208.17998,103.414215,343897
208.17998,103.414215,343904
208.17998,103.414215,343910
207.53,103.414215,343916
207.19057,103.890144,343921
206.86177,104.59732,343926
206.5264,105.30149,343931
206.19138,106.005844,343937
205.93546,106.6033,343944
205.62834,107.32026,343948
205.52597,107.55924,344009
205.52597,107.55924,344015
205.72731,107.07983,344020
205.97897,106.48056,344025
205.72664,107.079544,344030
205.52477,107.55873,344036
205.47661,107.94573,344041
205.36859,108.18222,344047
205.16978,108.45128,344052
205.18001,109.2302,344056
205.18,110.139015,344061
205.18,110.915146,344067
205.18,111.68895,344071
205.18001,112.59845,344077
205.18001,113.37781,344083
205.18,114.02685,344089
205.18,114.80253,344094
205.18,115.44953,344099
205.18,116.22818,344105
205.18,116.873764,344111
205.17998,117.00076,344117
205.17998,117.00076,344124
204.68399,117.15689,344130
204.36848,117.1925,344136
204.16751,117.4793,344142
204.18,118.12846,344147
204.17998,118.77459,344152
204.18,119.291595,344157
204.18488,119.61174,344163
204.18488,119.61174,344170
204.18488,119.61174,344176
204.18488,120.131714,344182
203.95143,120.50614,344186
203.78358,120.66239,344193
203.39369,120.985374,344199
202.33032,121.733086,344268
202.33032,121.733086,344274
202.46463,121.95569,344280
202.00754,122.203545,344286
201.43616,122.51336,344292
200.97905,122.76121,344297
200.84766,123.26431,344302
200.81978,123.59957,344309
200.81978,123.59957,344379
200.81978,123.59957,344384
200.81978,123.59957,344390
201.33975,123.59957,344396
201.79857,124.218376,344402
202.0467,124.95778,344408
202.17317,125.32669,344415
202.19452,125.633736,344423
202.49393,125.8326,344431
203.14137,125.82001,344439
203.26976,125.82001,344445
203.26976,125.82001,344452
203.67502,126.1458,344457
204.08028,126.471596,344463
204.17747,126.557915,344470
204.20682,126.659874,344477
204.68954,126.82,344481
205.33804,126.8201,344485
205.33804,126.8201,344491
205.33804,126.8201,344498
205.85802,126.8201,344504
206.01111,126.746124,344511
205.87505,126.11056,344515
205.84782,125.983444,344519
205.84782,125.983444,344523
206.34515,125.831665,344528
206.55827,125.82005,344532
206.82545,125.4598,344536
206.82,124.68397,344540
206.95,124.68245,344545
207.4485,124.534584,344551
207.85254,124.20728,344557
208.15556,123.961815,344563
208.66122,124.08298,344568
209.09613,124.1037,344573
209.5055,123.97998,344578
211.01866,124.015366,344643
211.01866,124.015366,344650
211.01866,124.015366,344656
211.66862,124.015366,344664
211.84189,124.52127,344671
211.82,124.91055,344678
211.82,124.91055,344685
211.82,124.91055,344693
212.46999,124.91055,344698
212.59998,124.91055,344704
212.03973,124.58101,344710
211.68285,124.208,344715
211.39102,123.94932,344721
211.39102,123.94932,344728
210.87189,123.97885,344733
210.74213,123.97943,344740
210.98048,123.87561,344746
210.98048,123.87561,344750
210.98048,123.87561,344809
210.98048,123.87561,344815
211.50046,123.87561,344820
211.77863,124.134964,344827
211.833,124.63142,344831
211.82,125.020744,344837
211.82,125.020744,344844
211.82,125.020744,344852
211.82,125.020744,344860
211.82,124.63122,344865
211.82,124.41422,344871
211.58923,124.17935,344877
211.07143,124.06017,344883
210.39554,123.97998,344889
209.79256,123.97998,344894
209.30507,123.98097,344900
209.04773,124.175316,344905
209.02646,124.24786,344968
208.91312,124.31152,344974
208.54489,123.94439,344979
208.35213,123.78942,344985
208.18,123.3099,344991
208.18,123.180046,344996
208.18,123.180046,345003
207.69168,123.001366,345009
207.56961,122.956696,345081
207.56961,122.956696,345087
207.56961,122.956696,345093
206.91965,122.956696,345100
206.77925,123.47656,345106
206.76627,124.1264,345111
206.82811,124.60652,345116
206.82002,125.38145,345122
206.82002,125.58818,345128
206.47766,125.83052,345134
206.09047,125.820015,345139
206.09047,125.820015,345146
206.09047,125.820015,345153
206.09047,126.33999,345160
205.9657,126.63645,345166
205.84564,126.6863,345173
205.44312,126.82001,345179
204.66498,126.82001,345184
204.66498,126.82001,345192
204.66498,126.82001,345199
204.145,126.82001,345204
203.9955,126.751526,345210
204.15111,126.12046,345217
204.17998,125.99425,345224
204.17998,125.99425,345231
203.81247,125.8638,345237
203.16435,125.82001,345244
202.64856,125.82001,345249
202.43958,125.82001,345255
202.18044,125.594826,345260
202.17998,124.822174,345265
202.17998,124.69494,345271
202.17998,124.69494,345278
202.18561,124.39226,345283
202.55879,124.17754,345289
202.94385,124.179985,345294
202.94385,124.179985,345300
202.94385,124.179985,345307
202.94385,123.66001,345313
203.32983,123.05163,345319
203.38405,122.40392,345324
203.43828,121.75622,345329
203.50333,120.97898,345335
203.65663,120.78067,345342
203.82,120.44525,345349
203.94603,120.06436,345355
204.02003,119.31465,345360
204.02,118.6278,345365
203.98344,117.85139,345371
203.91711,117.07426,345378
203.85197,116.29702,345384
203.82,115.52072,345390
203.82,115.392944,345396
203.82,115.392944,345403
203.81999,115.00301,345409
203.82,114.35318,345414
203.82,113.57349,345419
203.82,112.79401,345425
203.82,111.885925,345431
203.82,111.628235,345437
203.82,110.97842,345442
203.82,110.198814,345447
203.82,109.29089,345507
203.82,109.29089,345513
203.82,108.77327,345519
203.80046,108.35931,345525
203.29243,108.12275,345531
202.53258,107.94721,345536
201.64801,107.733795,345541
201.0161,107.58165,345547
201.0161,107.58165,345553
201.0161,107.58165,345560
201.0161,106.80169,345565
200.87143,105.90804,345570
200.82002,105.65458,345577
200.82002,105.65458,345583
201.20595,106.17757,345588
201.51468,106.59596,345594
201.86928,106.97627,345599
202.40117,107.54674,345604
202.84317,107.82062,345609
203.28517,108.09449,345614
203.59517,108.17995,345619
203.83275,108.47761,345624
203.82,109.25661,345629
203.82,110.16592,345634
203.82,110.81436,345639
203.82,111.07224,345646
203.82,111.72211,345651
203.81999,112.50187,345656
203.82,113.281494,345661
203.82,114.19063,345667
203.82002,114.966324,345673
203.82,115.48623,345678
203.82,116.266,345683
203.82,117.04564,345689
203.82,117.695175,345695
204.033,118.341125,345700
204.02003,118.8859,345706
204.02,119.398254,345711
203.93909,120.14664,345716
203.78392,120.671906,345721
203.38275,120.99066,345727
202.7491,121.44542,345733
202.11656,121.90175,345739
201.48392,122.35795,345745
200.95674,122.73811,345751
200.84102,123.24505,345757
200.82002,123.58483,345764
200.60681,123.815735,345770
200.35094,123.82185,345776
199.96217,123.82001,345781
199.31226,123.82,345785
198.4024,123.82,345791
197.75256,123.82,345798
196.97287,123.82,345806
196.45341,123.82,345813
196.06497,123.820015,345819
195.54503,123.82,345825
194.76515,123.82,345831
193.98532,123.82001,345837
193.33554,123.82,345843
192.5563,123.82001,345848
192.29721,123.82001,345855
191.78894,123.92971,345861
191.28067,124.03941,345866
190.79193,123.9788,345871
190.79193,123.9788,345877
190.79193,123.9788,345883
190.79193,123.9788,345889
190.79193,123.9788,345960
190.79193,123.9788,345967
191.3119,123.9788,345972
191.67007,124.219536,345978
191.82,124.7147,345984
191.82,124.97215,345990
191.82,124.97215,345997
191.82,124.97215,346003
191.82,124.97215,346010
191.82,124.7144,346015
191.81805,124.40079,346020
191.50014,124.16742,346026
191.0248,124.02138,346031
190.30554,123.97997,346036
189.62413,123.97997,346041
189.33437,123.97997,346046
189.10104,124.091354,346051
189.09483,124.10507,346057
188.64705,123.875946,346062
188.43098,123.82005,346068
188.1723,123.33228,346073
188.16522,123.07239,346079
188.16522,123.07239,346086
187.85513,123.64362,346092
187.54504,124.21485,346097
187.17294,124.90033,346102
186.9869,125.243065,346108
186.68729,125.81986,346114
186.38768,126.39666,346120
186.08807,126.97345,346125
185.83679,127.42868,346130
185.5227,127.99771,346135
185.5227,127.99771,346201
185.5227,127.99771,346206
185.5227,127.99771,346215
185.13272,127.99771,346222
185.054,128.51515,346227
185.12033,129.29225,346232
185.18,130.06981,346237
185.18,130.97849,346243
185.18,131.75835,346248
185.18001,132.6681,346254
185.18,133.44768,346259
185.18,134.09628,346264
185.18001,134.61621,346268
185.18,135.52599,346273
185.18,136.30554,346279
185.18,136.95393,346285
185.18,136.95393,346294
185.18,136.95393,346301
185.18,136.95393,346308
184.81302,137.08589,346313
184.5776,137.17995,346318
184.44263,137.18317,346324
184.17664,137.41873,346329
184.17996,138.05782,346334
184.18,138.57452,346340
184.17998,139.33902,346346
184.20273,139.97838,346352
184.24664,140.75711,346356
184.28983,141.53587,346360
184.30421,141.79546,346366
184.30421,141.79546,346373
184.30421,141.79546,346379
184.95418,141.79546,346385
184.95465,141.19955,346391
184.70297,140.6003,346396
184.4033,139.8802,346401
184.20294,139.64804,346406
184.18,138.75867,346411
184.18,138.50285,346416
184.18,138.1165,346421
184.18,137.6134,346427
184.19815,137.09396,346432
184.2335,136.31482,346437
184.27457,135.40578,346443
184.30975,134.62662,346449
184.3673,134.10983,346455
184.43921,133.46387,346461
184.52551,132.68869,346467
184.59743,132.04271,346472
184.67276,131.52823,346478
184.78577,130.7565,346482
184.87994,130.11339,346489
184.98117,129.60336,346494
185.133,128.83832,346499
185.19084,128.36726,346506
185.5862,128.0836,346511
186.2761,127.719795,346517
187.07983,127.29315,346522
187.7688,126.92757,346527
188.02892,126.233116,346532
188.17421,125.599594,346538
188.1842,125.38436,346545
188.64624,124.94548,346550
189.02992,124.609116,346555
189.02992,124.352394,346561
189.08398,124.11124,346567
189.74548,123.95248,346572
190.65302,123.887276,346577
190.91217,123.86644,346583
190.91217,123.86644,346588
190.78851,123.90651,346593
190.78851,123.90651,346598
190.78851,123.90651,346605
190.78851,123.90651,346612
190.78851,123.90651,346678
190.78851,123.90651,346685
191.30849,123.90651,346691
191.65631,124.15121,346697
191.81238,124.38552,346705
191.82,125.02346,346713
191.82,125.02346,346720
191.82,125.02346,346727
191.82,125.02346,346734
191.82,124.63744,346740
191.82,124.430954,346747
191.69606,124.23512,346753
191.07706,124.06615,346758
190.28989,123.97997,346764
189.70631,123.97997,346769
189.33128,123.97997,346774
189.09709,124.09602,346780
189.08928,124.11265,346786
188.64189,123.877304,346791
188.4269,123.82005,346797
188.17387,123.45346,346802
188.16759,123.19355,346808
188.16759,123.19355,346816
188.16759,123.19355,346821
187.64761,123.19355,346826
187.28352,123.703,346832
187.11151,124.46367,346837
186.93155,125.22259,346843
186.64725,125.807076,346849
186.30609,126.50847,346855
186.07866,126.97607,346861
185.82962,127.432526,346866
185.51833,128.0031,346871
185.51833,128.0031,346933
185.51833,128.0031,346938
185.51833,128.0031,346944
184.99835,128.0031,346950
184.84872,128.51123,346956
185.01648,129.40544,346961
185.15182,130.17357,346966
185.1771,130.82155,346970
185.18,131.73143,346975
185.18,132.51125,346980
185.18,133.16101,346984
185.18,134.06958,346990
185.18,134.71854,346995
185.18001,135.36838,347000
185.18,136.15205,347006
185.18,136.93048,347011
185.18,136.93048,347016
185.18,136.93048,347023
185.18,136.93048,347029
184.81682,137.07257,347035
184.58359,137.17995,347041
184.40546,137.19121,347047
184.16974,137.52802,347052
184.18,138.04004,347058
184.18,138.55695,347063
184.18,139.19739,347069
184.18,139.4433,347074
184.20064,139.65086,347081
184.20064,139.65086,347088
183.98619,140.12456,347094
183.87897,140.36139,347100
183.82005,140.57172,347105
183.50528,140.85535,347111
182.79149,141.16942,347116
182.08112,141.49144,347122
181.37047,141.81288,347128
181.01515,141.97362,347134
181.01515,141.97362,347140
181.01515,141.97362,347146
181.66512,141.97362,347152
182.33275,141.60837,347157
183.08841,141.10144,347162
183.41278,140.88495,347168
183.61288,140.81569,347175
183.82437,140.57837,347181
183.8996,140.10632,347186
184.02,139.22667,347191
184.02,138.5044,347197
184.05981,137.8897,347202
184.10835,137.24155,347207
184.16628,136.46375,347212
184.22421,135.68593,347217
184.2918,134.77849,347223
184.36049,134.13225,347228
184.44843,133.35725,347233
184.53606,132.58223,347239
184.59448,132.06555,347245
184.68855,131.42242,347251
184.80142,130.65068,347257
184.87666,130.13618,347263
185.00275,129.49857,347268
185.17928,128.6059,347274
185.18231,128.39008,347280
185.67125,128.04172,347286
186.24628,127.73879,347291
187.04945,127.3111,347296
187.8527,126.883545,347302
187.96747,126.82247,347308
188.05835,126.3105,347312
188.17195,125.67054,347317
188.20464,125.34023,347322
188.58919,124.99388,347327
189.02802,124.57583,347332
189.02994,124.313194,347338
189.10213,124.08584,347345
189.53828,123.95971,347352
190.18663,123.91416,347357
190.96446,123.85655,347363
191.61263,123.82001,347368
192.26187,123.82,347374
192.91179,123.82,347380
193.69162,123.82,347386
194.47136,123.82001,347391
195.25064,123.82,347396
195.63889,123.8201,347402
196.15883,123.82,347408
196.9387,123.82,347413
197.84848,123.82,347419
198.62813,123.82,347424
199.40646,123.8201,347430
200.05573,123.82,347435
200.31467,123.8201,347441
200.53923,123.820045,347446
201.15073,124.04035,347451
201.76222,124.26066,347456
202.00682,124.34878,347462
202.4197,124.03269,347468
203.03899,123.55856,347474
203.22029,123.32236,347480
203.71942,123.18,347485
205.0113,123.17999,347548
205.0113,123.17999,347613
205.39778,123.17999,347618
206.04028,123.081764,347624
206.93979,122.94424,347629
207.58786,122.90411,347635
207.97754,122.888756,347641
207.97754,122.888756,347702
207.97754,122.888756,347707
207.97754,122.888756,347774
207.97754,122.888756,347780
207.97754,123.40873,347786
207.97754,124.18869,347847
207.97754,124.18869,347854
207.88458,124.27956,347860
207.42947,124.53106,347865
207.04306,124.4785,347870
206.91364,124.98211,347875
206.82002,125.35982,347880
206.82002,125.57125,347885
206.63924,125.801796,347891
206.0075,125.82001,347897
206.0075,125.82001,347903
206.0075,125.82001,347911
206.0075,126.33998,347918
205.88545,126.6447,347924
205.88545,126.6447,347929
205.41454,126.82483,347934
204.63664,126.82001,347939
204.63664,126.82001,347947
204.63664,126.82001,347955
204.11667,126.82001,347961
203.96942,126.755295,347966
204.13992,126.12809,347972
204.17403,126.00265,347978
204.17403,126.00265,347985
203.8084,125.867,347991
203.29001,125.82646,347996
202.6447,125.82001,348002
202.43657,125.82001,348007
202.22562,125.684135,348013
202.18,124.81137,348019
202.18,124.684296,348026
202.18,124.684296,348032
202.18886,124.382996,348037
202.45184,124.16985,348043
202.96559,124.17999,348048
202.96559,124.17999,348054
202.96559,124.17999,348061
202.96559,123.53002,348067
203.28455,123.04564,348071
203.35173,122.399155,348076
203.4861,121.10618,348080
203.65532,120.781685,348084
203.99353,119.99919,348087
204.02002,119.14784,348089
204.02,118.37041,348091
203.93549,117.33527,348095
203.86092,116.42838,348100
203.82,115.65132,348105
203.82,115.39466,348110
203.82,115.39466,348116
203.82,114.874756,348121
203.82,114.09498,348125
203.82,113.315346,348130
203.81999,112.536,348135
203.82,111.6299,348140
203.81999,111.11004,348145
203.82,110.200485,348150
203.82,109.42227,348176
203.82,109.42227,348179
203.82,108.77487,348183
203.80106,108.360565,348186
203.29497,108.12274,348189
202.1556,107.85778,348192
201.14493,107.61271,348195
201.01855,107.58227,348198
201.01855,107.58227,348201
200.92595,106.80782,348205
200.82,105.647125,348210
200.82,105.43429,348215
200.54881,105.16995,348218
199.90318,105.17999,348221
199.90318,105.17999,348226
199.90318,105.17999,348231
199.38321,105.17999,348235
198.47343,105.17999,348239
197.43413,105.17999,348244
196.52577,105.18,348247
196.13829,105.1799,348249
195.1333,104.91252,348251
194.75644,104.812256,348253
193.9004,104.503654,348255
193.53354,104.3714,348262
193.53354,104.3714,348263
193.53354,104.3714,348265
192.88358,104.3714,348269
192.2402,104.02012,348273
191.49908,104.01018,348277
190.8035,103.97255,348281
189.80757,103.97998,348286
189.3438,103.97998,348290
189.04877,104.17781,348340
189.04877,104.17781,348382
189.04877,104.17781,348385
189.1744,104.029175,348388
188.6758,103.881615,348391
188.55997,103.82262,348394
188.48407,103.82,348397
188.40825,103.80843,348401
188.40825,103.80843,348405
188.05746,103.34896,348408
187.58372,102.4232,348411
187.34445,101.961555,348415
187.34445,101.961555,348438
187.34445,101.961555,348441
187.34445,102.741516,348445
187.27907,102.22429,348448
186.70082,101.6293,348451
185.82181,101.07384,348454
185.60374,100.93227,348458
185.3972,100.81028,348461
185.18,100.29356,348465
185.18,100.03505,348468
185.18,100.03505,348470
184.68831,99.86559,348473
184.68831,99.86559,348493
184.68831,99.86559,348495
184.68831,99.86559,348498
184.68831,99.86559,348501
184.18831,100.28087,348504
183.98831,100.44698,348507
183.79594,100.62186,348510
183.27821,101.17949,348513
182.52296,101.894394,348522
182.52296,101.894394,348523
182.78096,102.490974,348525
181.99277,102.9457,348527
180.97939,103.53035,348529
180.97939,103.53035,348538
180.97939,103.53035,348539
180.97939,103.53035,348541
181.88934,103.53035,348543
183.057,103.58985,348545
184.09425,103.66469,348547
185.0042,103.66811,348549
186.69409,103.67448,348551
187.34406,103.676926,348554
187.86403,103.67888,348558
188.11763,103.73618,348562
188.72691,103.962524,348566
189.1901,104.01957,348570
189.80154,103.97999,348574
191.03566,104.02011,348610
191.03566,104.02011,348613
191.40175,104.15454,348617
191.6091,104.18294,348621
191.82,104.57113,348625
191.82,104.95842,348629
191.82,104.95842,348633
191.82,104.95842,348638
192.60007,104.95842,348642
192.24234,105.160645,348646
192.89215,105.17498,348650
193.8018,105.18,348654
194.71103,105.17999,348658
195.6163,105.17999,348660
196.39613,105.18,348662
198.08405,105.18,348664
198.86305,105.18,348667
199.38019,105.17999,348670
200.02866,105.17999,348673
200.28659,105.17999,348676
200.60704,105.18332,348679
200.82721,105.533264,348682
200.82,106.83129,348685
200.82,107.21879,348688
200.82,107.21879,348691
200.82,107.21879,348694
201.46997,107.21879,348697
202.40817,107.567955,348700
203.2967,108.10807,348703
203.60901,108.183975,348706
203.60901,108.183975,348729
203.60901,108.183975,348731
203.60901,108.183975,348734
204.25899,108.183975,348737
204.02077,108.35076,348740
203.96465,108.99831,348743
203.87486,110.03437,348746
203.82002,111.069305,348749
203.8201,111.459236,348752
203.82,112.49891,348755
203.82,113.40839,348758
203.82,114.317245,348761
203.82,114.963234,348764
203.90762,115.47577,348767
204.08287,116.50085,348770
204.19238,117.141525,348774
204.1719,117.776375,348777
204.18,118.68285,348780
204.18,119.32758,348783
204.19823,119.643845,348786
204.76608,120.16987,348790
205.06018,120.42598,348793
205.06018,120.42598,348797
205.06018,120.42598,348800
205.06018,120.94595,348803
205.68803,121.16787,348806
206.57321,120.95756,348809
207.08043,120.84309,348812
207.08043,120.84309,348815
207.08043,120.84309,348819
207.08043,121.36306,348822
207.45825,121.52645,348826
207.7583,121.951126,348830
207.7583,121.951126,348834
207.69498,121.69897,348838
207.18764,121.58502,348841
206.3528,121.237045,348844
205.65538,120.88784,348847
205.44669,120.82006,348850
204.99207,120.41646,348853
204.56503,119.92645,348857
204.37889,119.80817,348860
204.18,119.38612,348863
204.18,118.60856,348866
204.18,117.70229,348869
204.0724,117.061295,348872
203.90025,116.03569,348875
203.82002,115.39508,348878
203.82,114.87518,348881
203.81999,113.96548,348884
203.82,113.05606,348887
203.82,112.01775,348890
203.82,111.630585,348893
203.82,111.110725,348896
203.82,109.94145,348899
203.82,108.64739,348902
203.80132,108.36111,348905
203.28238,108.04784,348908
202.80328,107.84574,348911
202.32333,107.407455,348914
201.84337,106.96918,348917
201.47087,106.43653,348920
200.8749,105.5843,348923
200.81525,105.38862,348926
200.42615,105.17999,348929
199.90996,105.17999,348932
199.28377,105.00581,348935
198.65756,104.831635,348938
198.04578,104.612144,348941
197.31165,104.34875,348944
196.70264,104.12166,348947
196.09363,103.89457,348950
195.44383,103.87956,348953
194.2742,103.85254,348956
193.10458,103.825516,348959
192.19524,103.82001,348962
191.54529,103.82,348965
190.3754,103.82,348968
189.33557,103.82,348971
188.68597,103.8201,348974
188.43765,103.82002,348977
188.02287,103.27402,348980
187.48753,102.23379,348983
187.36714,102.00336,348986
187.36714,102.00336,349004
187.36714,102.00336,349006
187.36714,102.00336,349023
187.36714,102.00336,349026
186.58719,102.00336,349029
185.75203,101.43491,349032
185.4999,100.98016,349035
185.33928,100.7768,349038
185.18,100.28965,349041
185.18,100.03117,349044
185.18,100.03117,349047
184.6876,99.864044,349050
184.57396,99.820045,349053
184.50517,99.820045,349056
184.30412,99.75957,349059
184.18,98.6045,349062
184.18,97.598694,349065
184.18,97.598694,349068
184.18,97.598694,349071
184.18,98.248665,349074
184.02003,99.254875,349077
184.02003,99.69012,349080
183.89012,100.30826,349083
183.80327,100.64722,349086
183.15791,101.287544,349089
182.59988,101.83247,349108
182.59988,101.83247,349110
182.7955,102.4523,349113
182.23608,102.78321,349116
181.22911,103.378845,349119
180.89346,103.57739,349122
180.89346,103.57739,349141
180.89346,103.57739,349143
180.89346,103.57739,349146
181.93341,103.57739,349149
182.9724,103.61589,349152
184.01115,103.66566,349155
184.66112,103.66791,349158
185.83105,103.67194,349161
187.00099,103.67599,349164
187.91093,103.67913,349167
188.16333,103.74151,349170
188.89224,104.01905,349173
189.16873,104.03296,349176
189.76816,103.97998,349179
191.00227,103.998184,349199
191.00227,103.998184,349201
191.36635,104.13796,349204
191.57751,104.17995,349207
191.82019,104.620346,349210
191.82,105.006996,349213
191.82,105.006996,349216
191.82,105.006996,349219
192.46997,105.006996,349222
192.2326,105.17696,349225
193.01242,105.18,349228
194.18172,105.18,349231
195.34901,105.17999,349234
196.3861,105.18,349237
197.55534,105.18,349240
198.59413,105.18,349243
199.49837,105.17999,349246
200.14632,105.17999,349249
200.59607,105.180145,349252
200.825,105.62705,349255
200.82,106.794914,349258
200.82,107.310715,349261
200.82,107.310715,349264
200.82,107.310715,349267
201.46999,107.310715,349270
202.42299,107.63547,349273
203.3328,108.138985,349276
203.64397,108.198296,349279
203.64397,108.198296,349303
203.64397,108.198296,349305
203.64397,108.198296,349308
204.29393,108.198296,349311
204.05188,108.34996,349314
203.98915,108.99689,349317
203.88878,110.03198,349320
203.82,111.06624,349323
203.82,111.71611,349326
203.82,112.75573,349329
203.82,113.92452,349332
203.82,114.95953,349335
203.95125,115.72837,349338
204.1481,116.88163,349341
204.19185,117.13792,349344
204.17177,117.77245,349347
204.18,118.679504,349350
204.17998,119.32432,349354
204.19687,119.64107,349357
204.56732,119.99687,349360
205.05751,120.42368,349364
205.05751,120.42368,349368
205.05751,120.42368,349371
205.05751,121.073654,349374
205.68678,121.17091,349377
206.69826,120.92978,349380
207.07863,120.84368,349383
207.07863,120.84368,349387
207.07863,120.84368,349391
207.07863,121.363655,349394
206.95795,121.5753,349397
206.26707,121.213326,349401
205.69135,120.91168,349405
205.4806,120.82005,349409
205.1096,120.552765,349412
204.5977,119.964294,349416
204.4159,119.81217,349420
204.17998,119.336655,349424
204.18,118.81701,349427
204.18,117.6518,349431
204.18,117.43805,349434
204.30289,116.799805,349437
204.42578,116.16156,349440
204.50246,115.64728,349443
204.65582,114.6187,349446
204.7325,114.10441,349449
204.83064,113.59378,349452
205.02693,112.572525,349455
205.17998,111.678925,349458
205.18,110.90318,349461
205.18,109.99412,349464
205.18,108.9578,349467
205.18,108.701645,349470
205.18506,108.390656,349473
205.3312,108.0291,349476
205.58215,107.42953,349479
205.98364,106.47021,349482
206.27118,105.8873,349485
206.73123,104.95464,349488
207.19128,104.021996,349491
207.57619,103.343925,349494
207.83812,102.89474,349497
207.95383,102.25515,349500
207.95383,102.25515,349523
207.95383,102.25515,349525
207.95383,102.25515,349528
207.9461,102.51502,349531
208.14902,103.26813,349534
208.17996,103.39365,349558
208.17996,103.39365,349581
208.17996,103.39365,349584
208.17996,103.39365,349587
208.17996,103.91362,349590
208.93962,104.12678,349593
210.03761,103.907295,349596
210.94379,103.824875,349599
210.94379,103.824875,349603
210.94379,103.824875,349606
211.46376,103.824875,349609
211.81746,104.213165,349612
211.82,104.99112,349615
211.82,104.99112,349618
211.82,104.99112,349621
211.82,104.99112,349624
211.82,104.60156,349627
211.8151,104.37927,349631
211.49197,104.16769,349634
211.11638,104.115074,349637
210.84035,103.9799,349640
209.83813,103.97998,349643
209.53189,103.97998,349647
209.25955,103.989944,349650
208.73697,104.66793,349653
208.53052,104.99878,349656
208.37003,105.203316,349659
208.11655,105.58359,349662
207.69327,106.67424,349665
207.45488,107.278915,349668
206.86823,107.55874,349671
205.81227,108.06242,349674
205.38983,108.185425,349677
205.38983,108.185425,349698
205.38983,108.185425,349701
205.38983,108.185425,349704
206.03712,108.17663,349707
206.95769,107.8046,349710
207.43091,107.05918,349713
207.9218,105.99741,349716
208.09106,105.64608,349719
208.17995,105.43424,349722
208.49893,105.06401,349725
209.02992,104.53567,349728
209.03058,104.26513,349731
209.52135,103.97998,349734
210.41283,103.97998,349737
211.0026,103.998535,349740
211.36967,104.1302,349743
211.58694,104.17995,349747
212.08403,104.33254,349750
212.95392,104.59959,349753
213.69952,104.82848,349756
214.56941,105.09553,349759
215.46791,105.168365,349763
216.37767,105.17999,349766
217.41692,105.17999,349769
218.32503,105.17999,349772
218.583,105.17999,349776
219.36244,105.17999,349780
220.39758,105.17999,349784
220.61182,105.18309,349788
220.82582,105.42753,349791
220.82,106.46722,349795
220.8201,107.246765,349799
220.8201,107.246765,349803
220.8201,107.246765,349807
220.8201,107.246765,349810
220.8201,107.246765,349814
220.82,106.59685,349817
220.82,105.68733,349820
220.82,105.45761,349823
220.6681,105.21456,349827
219.65205,105.17999,349830
219.13547,105.17999,349834
218.50853,105.00851,349838
217.88159,104.83701,349841
217.26941,104.618645,349845
216.53477,104.356606,349849
215.80385,104.084435,349853
215.31656,103.902985,349856
214.79675,103.88998,349859
213.88708,103.86722,349862
212.71751,103.83796,349866
211.67792,103.82,349869
210.8983,103.82,349872
209.85855,103.82,349875
208.8189,103.82,349878
208.54013,103.82001,349881
208.15392,103.49156,349884
208.01498,102.99049,349887
208.00713,102.47057,349890
208.00319,102.21062,349911
208.00319,102.21062,349913
207.97118,102.46863,349916
208.12192,103.100876,349919
208.17998,103.48003,349942
208.17998,103.48003,349966
208.17998,103.48003,349968
208.17998,103.48003,349971
207.53001,103.48003,349974
206.95035,104.1017,349977
206.57841,105.07122,349980
206.16998,106.027596,349983
205.91759,106.62656,349986
205.51376,107.5849,349989
205.51376,107.5849,350012
205.51376,107.5849,350014
205.76598,106.98586,350017
205.96774,106.50663,350020
205.7155,107.10565,350023
205.51372,107.58488,350026
205.47011,107.97241,350029
205.35962,108.20776,350032
205.17691,108.62418,350035
205.18001,109.66169,350038
205.17998,110.69859,350041
205.18,111.08372,350044
205.06573,111.85526,350047
204.93245,112.7554,350050
204.79915,113.65554,350053
204.70685,114.29892,350056
204.5407,115.457,350059
204.48213,116.234406,350062
204.43402,117.01288,350065
204.31595,117.237526,350068
204.17342,117.618,350071
204.18,118.52568,350074
204.18,118.78324,350077
204.18,119.30014,350080
204.18768,119.619644,350083
204.18768,119.619644,350086
204.18768,119.619644,350090
204.18768,120.269615,350093
204.05942,120.55071,350097
203.735,120.7257,350101
203.735,120.7257,350129
203.735,120.7257,350132
203.735,120.7257,350136
203.735,121.37566,350140
203.62418,121.25762,350143
203.23822,121.40499,350146
202.74239,122.007065,350149
202.54771,122.48922,350152
202.2557,123.212456,350155
202.25798,123.86242,350159
202.25934,124.252396,350191
202.25934,124.252396,350194
202.25934,124.252396,350198
202.18,124.83648,350202
202.18,125.35042,350206
202.20453,125.65382,350210
202.58968,125.99137,350214
203.30606,126.552444,350218
203.30606,126.552444,350222
203.30606,126.552444,350226
203.30606,127.202415,350231
203.72617,127.286,350234
204.25131,126.90301,350238
204.7692,126.85646,350242
205.41615,126.82001,350246
205.41615,126.82001,350250
205.63664,126.80835,350254
206.07666,126.338,350258
206.41814,125.94586,350262
206.41814,125.94586,350266
206.41814,125.94586,350270
206.93811,125.94586,350274
207.09866,125.33773,350278
206.86925,124.7296,350282
206.86925,124.7296,350286
207.36383,124.56909,350290
207.88579,124.19472,350293
208.18452,123.94404,350297
208.83353,123.90873,350301
210.00139,123.845184,350304
210.52058,123.82001,350335
210.52058,123.82001,350338
210.90941,123.82001,350341
211.33617,124.11709,350344
211.65044,124.20045,350347
211.81999,124.68445,350351
211.8201,124.94419,350354
211.8201,124.94419,350358
211.8201,124.94419,350362
212.34007,124.94419,350366
213.37483,125.026115,350369
214.2785,125.13281,350373
214.7951,125.17999,350377
215.575,125.18,350381
216.48483,125.18,350385
217.39452,125.18,350388
218.43335,125.17999,350392
219.47147,125.17999,350397
219.59836,124.89178,350401
218.95026,124.84255,350405
218.04291,124.773636,350409
217.41751,124.607025,350412
216.5499,124.332695,350416
215.93953,124.109276,350420
215.32918,123.88585,350424
214.67941,123.869194,350428
213.89972,123.849205,350431
212.6002,123.82,350435
211.69118,123.82,350439
210.78253,123.82,350442
210.00331,123.82001,350445
209.22379,123.82001,350448
208.57594,123.82001,350452
207.98245,123.46112,350456
207.50735,123.01757,350459
206.97806,122.444695,350463
206.44876,121.87182,350466
205.83125,121.20346,350469
205.5666,120.91703,350472
205.47623,120.823586,350476
204.93373,120.35163,350480
204.5928,119.95902,350483
204.41045,119.81151,350487
204.17607,119.57885,350490
204.18,119.323746,350493
204.18,118.8041,350496
204.18,117.89621,350499
204.17995,117.42792,350502
204.2789,116.91744,350505
204.42732,116.15174,350508
204.50398,115.63744,350511
204.65732,114.608864,350514
204.7148,114.223145,350517
204.81207,113.71235,350520
204.98228,112.81846,350523
205.1768,111.79686,350526
205.18,110.89368,350529
205.18,109.72527,350532
205.17998,108.69318,350535
205.18774,108.382965,350538
205.3341,108.02149,350541
205.58513,107.42195,350544
205.98676,106.46269,350547
206.33192,105.76326,350550
206.79213,104.83069,350553
207.25235,103.89811,350556
207.64552,103.2245,350559
207.84212,102.887695,350562
207.93317,102.375755,350565
207.95593,102.24777,350587
207.95593,102.24777,350589
207.94717,102.507614,350592
208.11473,103.135605,350595
208.17998,103.38681,350598
208.17998,103.38681,350622
208.17998,103.38681,350624
208.17998,103.38681,350627
208.17998,104.16677,350630
208.78687,104.45409,350633
209.09508,104.09415,350636
209.91273,103.92506,350639
210.94785,103.82499,350642
210.94785,103.82499,350645
210.94785,103.82499,350648
211.46782,103.82499,350651
211.8188,104.21301,350654
211.82,104.86131,350657
211.8201,104.99113,350660
211.8201,104.99113,350664
211.82,104.60157,350667
211.8151,104.37928,350670
211.49199,104.167694,350673
211.1164,104.11509,350676
210.26497,103.97998,350679
209.57135,103.97998,350682
209.3208,103.97998,350685
208.81729,104.52758,350688
208.47728,105.08152,350691
208.3949,105.18208,350694
208.04698,105.78835,350697
207.61841,106.87691,350700
207.47299,107.23877,350703
206.77328,107.58337,350706
205.72372,108.10026,350709
205.41084,108.17994,350712
205.41084,108.17994,350735
205.41084,108.17994,350736
205.41084,108.17994,350739
206.0608,108.17994,350742
206.97679,107.798134,350745
207.44559,107.04901,350748
207.98721,105.8675,350751
208.17995,105.4213,350754
208.70068,104.87577,350757
208.98824,104.61233,350760
209.02994,104.28879,350763
209.42477,103.97999,350766
210.3183,103.97999,350769
211.02928,104.01562,350772
211.39783,104.143135,350775
211.61307,104.182526,350778
212.23415,104.37417,350781
213.10364,104.64248,350784
213.97314,104.91078,350787
214.84264,105.17909,350791
215.49251,105.18,350794
216.40219,105.18,350797
217.4415,105.17999,350801
218.47867,105.18,350805
219.1269,105.17999,350808
219.9057,105.17999,350811
220.42128,105.17999,350814
220.63577,105.19231,350818
220.83228,105.49201,350821
220.82,106.4017,350824
220.82,107.31111,350828
220.82,107.31111,350832
220.82,107.31111,350836
220.82,107.31111,350840
220.82,107.31111,350844
220.81999,106.661194,350848
220.8201,105.621826,350852
220.82004,105.402695,350855
220.48761,105.169174,350859
219.70863,105.18,350862
219.06374,105.17999,350865
218.43898,105.000725,350868
217.81422,104.82146,350872
217.08092,104.55573,350876
216.59206,104.37858,350879
216.10483,104.19695,350882
215.2522,103.879105,350885
214.47238,103.86388,350889
213.69258,103.848656,350892
212.65282,103.82836,350895
211.61319,103.82,350898
210.8334,103.82,350901
209.79411,103.82,350904
208.62473,103.82,350907
208.50337,103.82003,350910
208.14107,103.42007,350913
207.99753,102.920296,350916
207.99928,102.270325,350919
207.99928,102.270325,350938
207.99928,102.270325,350940
207.99928,101.490364,350943
207.99928,100.97039,350946
208.06152,101.61737,350949
208.17358,102.78194,350952
208.18,103.4252,350955
208.18,103.4252,350978
208.18,103.4252,350980
208.18,103.4252,350983
207.66002,103.4252,350986
206.97462,104.053764,350989
206.61034,105.02438,350992
206.19356,105.977135,350995
205.8899,106.69556,350998
205.53563,107.53372,351001
205.53563,107.53372,351024
205.53563,107.53372,351026
205.78772,106.93463,351029
205.98938,106.45535,351032
205.73712,107.054375,351035
205.53532,107.53359,351038
205.46577,108.0489,351041
205.40274,108.16258,351044
205.16806,108.46554,351047
205.18001,109.50347,351050
205.18,110.41221,351053
205.18,111.05674,351056
205.18,111.70654,351059
205.18,112.61605,351062
205.18,113.52503,351065
205.18,114.43268,351068
205.17998,114.94659,351071
205.17998,114.94659,351075
205.17998,114.94659,351079
205.17998,115.59655,351082
204.843,116.54232,351085
204.57341,116.98695,351088
204.41443,117.19158,351091
204.16743,117.48493,351094
204.18,118.3934,351097
204.18,118.7801,351100
204.18,119.297035,351104
204.18666,119.61679,351107
204.18666,119.61679,351111
204.18666,119.61679,351114
204.18666,120.136765,351117
204.0578,120.6396,351120
203.80624,120.70527,351123
203.27724,121.08292,351126
202.43085,121.687164,351155
202.43085,121.687164,351158
202.51524,121.933075,351162
201.8288,122.30339,351166
201.02795,122.735435,351169
200.83554,123.35626,351173
200.7862,123.67252,351176
200.7862,123.67252,351209
200.7862,123.67252,351212
200.7862,123.67252,351216
201.43617,123.67252,351220
201.87735,124.29672,351224
202.13614,125.16909,351227
202.18346,125.604256,351230
202.42041,125.82399,351234
203.32494,125.82001,351237
203.32494,125.82001,351241
203.32494,125.82001,351245
203.32494,126.46998,351249
203.95016,126.682335,351253
204.0796,126.69423,351257
204.20566,126.72599,351261
204.7842,126.82,351265
205.43195,126.820015,351269
205.43195,126.820015,351273
205.43195,126.820015,351277
206.21191,126.820015,351281
207.1174,126.752,351285
207.44241,126.34611,351288
208.01117,125.63581,351291
208.1837,125.441315,351294
208.58858,124.986115,351298
209.02994,124.325615,351302
209.03786,124.2262,351306
209.6625,123.97998,351310
210.91959,123.97998,351339
210.91959,123.97998,351342
211.02542,123.9045,351346
211.55714,124.17995,351349
211.82,124.7029,351352
211.82,124.96262,351355
211.82,124.96262,351359
211.82,124.96262,351363
212.33998,124.96262,351367
213.37541,125.03914,351370
214.15062,125.12498,351373
214.7969,125.17999,351377
215.44682,125.18,351381
216.2267,125.18,351384
217.39632,125.18,351388
218.30544,125.17999,351392
218.69354,125.17999,351397
218.69354,125.17999,351401
218.69354,125.17999,351404
219.34352,125.17999,351408
220.3816,125.17999,351412
220.91293,125.40274,351416
221.64565,125.94218,351420
222.48805,126.55197,351424
222.48805,126.55197,351428
222.48805,126.55197,351434
221.83807,126.55197,351438
221.19855,126.02432,351441
220.81891,125.39053,351445
220.44614,125.17846,351449
219.40704,125.17999,351453
219.14809,125.17999,351457
218.52289,125.0023,351461
217.89767,124.8246,351464
217.28572,124.6056,351468
216.55136,124.3428,351471
215.94226,124.11598,351474
215.33315,123.88917,351477
214.81335,123.875435,351480
213.77377,123.84798,351483
212.99408,123.827385,351486
211.9547,123.82,351490
211.43636,123.8201,351493
210.78647,123.82,351497
209.87764,123.82001,351500
208.83878,123.82,351504
207.98593,123.46584,351507
207.51138,123.02169,351511
206.86183,122.998634,351515
205.95244,122.96635,351518
205.04306,122.93406,351521
204.13368,122.90178,351524
203.74394,122.88794,351527
203.24979,123.049736,351530
202.385,123.33286,351533
201.75798,123.50404,351537
201.50717,123.57252,351541
200.98755,123.59163,351544
200.75154,123.70071,351548
200.2085,123.82001,351551
199.94952,123.82001,351554
199.2996,123.82001,351557
198.12985,123.82001,351561
197.22021,123.82,351564
196.31125,123.82001,351567
195.4027,123.82,351570
194.36293,123.82,351574
193.4533,123.82,351577
192.41455,123.82,351580
191.51465,123.94119,351584
190.65617,123.97997,351588
189.80365,123.97997,351591
189.29659,123.98269,351594
189.03467,124.2153,351598
189.10182,124.09619,351602
188.67174,123.871506,351606
188.34544,123.79836,351609
188.16464,123.16005,351613
188.16464,123.16005,351617
188.16464,123.16005,351622
187.51468,123.16005,351625
187.07547,123.80814,351629
186.95993,124.841255,351633
186.90831,125.227806,351637
186.62895,125.81468,351641
186.23785,126.6363,351644
186.07024,126.98842,351648
185.82169,127.44514,351651
185.51099,128.01604,351655
185.51099,128.01604,351687
185.51099,128.01604,351690
185.51099,128.01604,351695
184.86102,128.01604,351699
185.0429,128.29015,351703
184.99152,128.93808,351707
184.94012,129.58601,351710
184.86702,130.10081,351714
184.72078,131.13043,351718
184.64766,131.64523,351722
184.58624,132.16158,351725
184.46341,133.19424,351729
184.35593,134.09782,351732
184.35017,134.61777,351735
184.33864,135.65765,351739
184.33,136.43756,351743
184.32278,137.0875,351747
184.16805,137.4696,351752
184.17998,137.98337,351756
184.18,138.62997,351760
184.18,139.50838,351763
184.18,139.50838,351767
184.18,139.50838,351773
184.18,140.28835,351778
183.81364,140.68202,351782
183.24876,140.97835,351786
182.41702,141.34738,351790
181.70514,141.66609,351794
180.9932,141.98462,351798
181.58148,141.70825,351802
182.40508,141.32133,351805
183.11102,140.9897,351809
183.34633,140.87915,351813
183.66049,140.79385,351817
183.66049,140.79385,351855
183.66049,140.79385,351858
183.66049,140.79385,351862
184.31046,140.79385,351866
184.36095,140.17857,351870
184.13065,139.43419,351874
184.02002,138.69252,351878
184.02002,138.38142,351883
183.9949,137.8625,351887
183.93015,136.82457,351891
183.87393,135.91635,351895
183.82,135.00815,351899
183.82,134.61975,351903
183.82,134.61975,351907
183.82,134.61975,351912
183.82,133.96977,351916
183.82,133.05989,351920
183.81999,132.15018,351924
183.82,131.11111,351928
183.82,130.85205,351932
183.82,130.33215,351936
183.82,129.42256,351939
183.82,128.64441,351943
183.82004,128.42311,351947
183.5777,128.17555,351951
182.66856,128.18,351955
181.62912,128.18001,351959
180.98122,128.18,351962
180.98122,128.18,351966
180.98122,128.18,351970
181.63118,128.18,351974
182.36201,127.73194,351978
182.73871,127.3735,351982
183.3394,127.125244,351986
184.06023,126.82735,351989
184.34116,126.55686,351992
185.0903,125.83556,351996
185.7458,125.20443,352000
186.4013,124.573296,352004
186.96317,124.032326,352034
186.96317,124.032326,352037
186.92484,124.68116,352041
186.89417,125.200226,352045
187.22694,125.59976,352049
187.8093,126.29896,352052
187.9757,126.498726,352056
188.08855,125.99114,352059
188.17319,125.61046,352063
188.18059,125.39562,352066
188.63661,124.95522,352070
189.03041,124.61766,352074
189.02994,124.35704,352077
189.02994,124.29685,352081
189.03421,124.24551,352084
189.2854,123.97301,352088
190.30733,123.97998,352092
191.28613,124.133835,352096
191.60341,124.18318,352099
191.60341,124.18318,352103
191.60341,124.18318,352107
192.25339,124.18318,352111
193.15797,124.099815,352115
193.93222,124.00566,352118
194.96498,123.88362,352122
195.61052,123.8201,352125
196.13046,123.82,352128
197.17027,123.82,352131
198.07999,123.82001,352135
199.24873,123.82001,352139
200.15714,123.82001,352143
200.61563,123.814865,352147
200.82,123.4085,352151
200.82,123.15079,352154
200.82,123.15079,352157
200.82,123.15079,352160
201.46997,123.15079,352164
202.10011,122.61652,352168
202.61835,121.86855,352196
202.61835,121.86855,352199
202.61835,121.86855,352202
203.26831,121.86855,352206
203.52235,121.088615,352210
203.52235,121.088615,352238
203.52235,121.088615,352240
203.52235,121.088615,352244
204.3023,121.088615,352248
204.00146,120.72655,352251
203.92776,120.211815,352254
204.02002,119.37697,352257
204.02002,119.18708,352260
204.02002,119.18708,352264
204.10031,118.54209,352267
204.18,117.64002,352270
204.18,117.428604,352274
204.18,117.428604,352278
203.98328,118.18335,352281
204.02003,118.91175,352284
204.02,119.550766,352287
203.83293,120.41082,352291
203.7709,120.69108,352295
203.2548,121.08093,352298
202.51599,121.612114,352301
201.8837,122.06878,352304
201.1459,122.601395,352307
200.82977,123.262764,352310
200.81978,123.59955,352313
200.44426,123.82,352317
199.92586,123.82001,352321
199.27594,123.82,352325
198.36612,123.82001,352328
197.32649,123.82,352332
196.2877,123.82001,352336
195.37933,123.82,352340
194.33957,123.82001,352343
193.42989,123.82,352347
192.52083,123.82,352351
192.26189,123.8201,352355
191.74803,123.899635,352358
190.7569,123.97998,352362
189.89235,123.97998,352366
189.5224,123.97998,352369
189.29141,123.98354,352373
188.77385,124.61201,352377
188.50148,125.05494,352380
188.32472,125.22553,352384
188.1667,125.742134,352388
188.16135,126.52208,352392
187.7184,126.79443,352396
186.94327,127.271065,352400
186.16812,127.74769,352404
185.61444,128.08813,352407
185.41013,128.18044,352411
185.15257,128.60782,352415
185.16997,128.61151,352418
185.04036,129.24843,352422
184.9626,129.63058,352426
184.863,130.27287,352429
184.72357,131.17207,352432
184.6638,131.55745,352436
184.58575,132.20271,352440
184.49211,132.97704,352444
184.39844,133.75136,352447
184.35162,134.13852,352451
184.27985,134.6535,352455
184.15424,135.55475,352459
184.02864,136.456,352463
183.88509,137.486,352467
183.82002,138.00099,352471
184.02,138.4098,352475
184.02,139.31386,352479
184.18024,139.51509,352483
184.18024,139.51509,352487
184.18024,139.51509,352528
184.18024,139.51509,352532
184.18024,140.16505,352536
184.05902,140.47197,352540
183.83879,140.61015,352544
183.45448,140.8764,352547
182.62323,141.24643,352551
181.79422,141.62161,352555
180.96501,141.99637,352559
180.96501,141.99637,352563
180.96501,141.99637,352567
181.48499,141.99637,352571
182.17332,141.70158,352574
182.82246,141.26929,352578
183.36618,140.91315,352582
183.67068,140.78743,352585
183.81999,140.29713,352589
184.0333,139.8417,352592
184.02,138.95215,352596
184.02,138.39246,352600
184.17996,137.76738,352604
184.21437,137.32808,352608
184.59157,137.17767,352612
184.98009,137.18,352616
184.98009,137.18,352620
184.98009,137.18,352625
184.98009,136.66002,352629
185.05887,135.75485,352633
185.16666,134.8513,352637
185.18,133.94325,352641
185.18,132.90343,352645
185.18001,132.25365,352649
185.18,131.2144,352653
185.18,130.8257,352657
185.18,130.30582,352660
185.18,129.26634,352664
185.18,128.6183,352667
185.18,128.40167,352671
185.37628,128.19122,352675
186.27675,128.18,352679
187.1863,128.18001,352683
187.964,128.17998,352686
187.964,128.17998,352690
187.964,128.17998,352694
187.964,127.530014,352698
188.0993,126.91802,352702
188.15082,126.2701,352706
188.18,125.62264,352710
188.18,125.40519,352713
188.54977,125.17899,352717
188.93864,125.1799,352721
188.93864,125.1799,352725
188.93864,125.1799,352729
188.93864,125.1799,352732
189.03477,124.68779,352736
189.02992,124.32325,352740
189.26454,123.989845,352770
189.26454,123.989845,352773
189.26454,123.989845,352777
189.90662,123.97151,352781
190.67284,123.97998,352784
191.39818,124.17996,352787
191.59607,124.18106,352791
191.82652,124.541534,352795
191.82,124.92882,352799
191.82,124.92882,352803
191.82,124.92882,352806
192.33998,124.92882,352810
193.24698,124.99072,352814
194.41219,125.095856,352818
195.44823,125.17999,352822
196.22748,125.18,352825
197.13731,125.17999,352829
198.17696,125.18,352833
199.21579,125.17999,352836
200.1235,125.17999,352840
200.5945,125.17999,352844
200.83078,125.514824,352848
200.82002,126.42121,352851
200.82002,126.42121,352856
200.82002,126.42121,352860
201.34,126.42121,352864
202.24254,126.50868,352868
203.26845,126.67895,352871
204.04543,126.74712,352875
204.6529,126.8215,352878
205.43054,126.82001,352882
205.43054,126.82001,352886
205.65071,126.80147,352890
206.08772,126.3244,352894
206.4295,125.93253,352898
206.4295,125.93253,352902
206.4295,125.93253,352906
206.94948,125.93253,352910
207.10422,125.32663,352913
206.86899,124.72072,352944
206.86899,124.72072,352947
206.86899,124.72072,352951
206.86899,124.070755,352955
206.86899,123.420784,352987
206.86899,123.420784,352990
206.08902,123.42021,352994
205.84633,123.326965,352997
205.29153,123.13969,353001
204.39096,123.00941,353004
203.74806,122.91388,353007
203.2514,123.06785,353010
202.38225,123.33729,353014
201.62921,123.540405,353018
200.98404,123.59225,353021
200.74847,123.7017,353025
200.20454,123.82001,353029
199.9456,123.82001,353033
199.29567,123.82,353037
198.3858,123.82001,353041
197.21623,123.82,353045
196.30731,123.82,353049
195.52878,123.82,353052
194.61893,123.82,353056
193.70918,123.82,353059
192.79977,123.82001,353063
192.28117,123.8201,353067
191.63124,123.82,353071
190.59146,123.82001,353074
189.8122,123.82001,353077
188.64429,123.82001,353081
188.423,123.82001,353085
188.17506,123.57512,353088
188.16661,123.185234,353092
187.65443,122.785065,353096
187.03983,122.30487,353099
186.47585,121.981766,353103
185.79909,121.59405,353107
185.11578,121.21797,353111
184.54636,120.90458,353114
183.89674,120.88309,353118
182.98729,120.853004,353121
181.9479,120.82,353125
181.03975,120.820015,353128
181.03975,120.820015,353149
181.03975,120.820015,353151
181.03975,120.820015,353172
181.03975,120.820015,353175
181.55972,120.820015,353178
182.72946,120.82,353181
183.76839,120.82,353184
184.02747,120.8201,353206
184.02747,120.8201,353208
184.02747,120.8201,353211
184.80743,120.8201,353214
185.46822,121.263985,353217
186.01347,121.61777,353220
186.66777,122.0423,353223
187.23454,122.360466,353226
187.91466,122.74226,353229
188.08904,123.23213,353232
188.17995,123.57126,353235
188.3001,123.76139,353238
189.16075,123.82001,353241
189.93965,123.82,353244
190.84926,123.82001,353247
191.62805,123.82,353250
191.7573,123.820015,353254
191.7573,123.820015,353257
192.40723,123.82,353261
193.18707,123.82,353264
194.09683,123.82,353268
194.87642,123.82,353271
195.65404,123.82001,353274
196.30396,123.82001,353278
197.21379,123.82,353281
198.25343,123.82001,353285
199.1625,123.82,353289
199.42142,123.820015,353293
200.07066,123.82,353297
200.32953,123.8201,353300
200.5518,123.820045,353304
200.82635,123.568954,353307
200.82,123.18163,353311
200.82,123.18163,353315
200.82,123.18163,353319
201.47006,123.18163,353322
202.25993,122.511986,353326
202.65984,121.84235,353355
202.65984,121.84235,353358
202.63715,121.97034,353361
203.02434,121.44829,353364
203.33409,121.03064,353367
203.61598,120.806656,353370
203.61598,120.806656,353398
203.61598,120.806656,353401
203.61598,120.806656,353405
204.26596,120.806656,353408
204.02393,120.6712,353411
203.94087,120.157906,353414
204.02003,119.412674,353417
204.02003,119.2131,353420
204.02003,119.2131,353424
204.08334,118.697,353427
204.17998,117.79381,353430
204.2012,117.350365,353433
204.6659,117.179985,353436
205.05212,117.179985,353439
205.05212,117.179985,353442
205.05212,117.179985,353445
205.05212,117.179985,353448
204.66528,117.17999,353451
204.35022,117.20129,353455
204.17166,117.526825,353458
204.18,118.4352,353461
204.18,118.821,353464
204.18,119.33739,353468
204.20245,119.65196,353472
204.67607,120.091034,353475
205.06805,120.432686,353478
205.19218,120.618324,353481
205.71071,121.187874,353485
206.2561,121.74542,353488
206.79997,122.30448,353491
207.1626,122.67714,353495
207.18796,123.196495,353498
207.226,123.97553,353501
207.27037,124.8844,353504
207.32108,125.92311,353508
207.34644,126.44247,353512
207.34644,126.44247,353516
207.34644,126.44247,353520
207.34644,125.7925,353524
207.9964,125.4006,353527
208.11401,125.34522,353531
208.41205,125.09371,353534
209.02994,124.37921,353537
209.02994,124.29792,353541
209.03929,124.219955,353545
209.44131,123.97998,353548
210.94255,123.98476,353578
210.94255,123.98476,353581
211.04428,123.90384,353584
211.57066,124.17995,353588
211.82051,124.72957,353592
211.82,124.98924,353596
211.82,124.98924,353600
211.82,124.72949,353604
211.82005,124.49705,353607
211.65207,124.20535,353611
211.04951,124.040276,353615
210.10638,123.97997,353619
209.50043,123.97997,353623
208.7326,123.84293,353627
208.10359,123.57993,353631
207.53564,123.04534,353635
207.01611,123.02395,353638
207.13716,122.929184,353641
206.61723,122.92211,353644
205.57738,122.90797,353648
204.66751,122.89559,353651
203.75764,122.883224,353654
203.13997,123.08554,353657
202.39876,123.32833,353661
201.77185,123.49991,353665
201.52107,123.568535,353669
201.00154,123.59001,353672
200.76453,123.69684,353676
200.22488,123.82001,353679
199.96584,123.82001,353683
199.31592,123.82,353687
198.27612,123.82001,353690
197.23654,123.82,353694
196.19804,123.82001,353697
195.54892,123.82,353700
194.63908,123.82,353703
193.72937,123.82,353706
192.69011,123.82001,353709
192.30124,123.8201,353712
191.6658,123.95678,353716
191.28455,124.03879,353719
190.79507,123.97999,353722
190.79507,123.97999,353726
190.79507,123.97999,353730
190.79507,123.97999,353733
190.79507,123.97999,353765
190.79507,123.97999,353769
191.57503,123.97999,353773
191.94196,124.19015,353776
191.85149,124.702194,353779
191.82002,124.95821,353782
191.82002,124.95821,353786
191.82002,124.95821,353790
191.82002,124.95821,353794
191.82,124.700615,353798
191.81404,124.388245,353801
191.58743,124.17814,353804
190.9968,124.004326,353808
190.84201,123.9799,353812
190.08688,123.97998,353816
189.5629,123.97998,353820
189.30885,123.980995,353823
189.04234,124.19139,353827
189.05626,124.1711,353830
188.62233,123.88571,353834
188.41197,123.82006,353838
188.1689,123.42186,353842
188.16463,123.16191,353845
188.16463,123.16191,353849
188.16463,123.16191,353853
187.51466,123.16191,353856
187.07532,123.81,353859
186.97299,124.713936,353862
186.90692,125.2297,353866
186.51599,126.05139,353870
186.0692,126.99047,353874
185.75848,127.561356,353877
185.5099,128.01807,353881
185.5099,128.01807,353912
185.5099,128.01807,353914
185.5099,128.01807,353918
184.98993,128.01807,353921
184.7349,128.78627,353925
184.86983,129.55446,353929
184.81332,130.07137,353933
184.71445,130.97592,353937
184.64381,131.62204,353941
184.58362,132.13852,353944
184.46321,133.17148,353948
184.35785,134.0753,353952
184.33997,134.85439,353956
184.33325,135.76431,353960
184.32558,136.67424,353964
184.32231,137.06421,353968
184.17998,137.57979,353972
184.17998,137.96487,353975
184.17998,138.4826,353979
184.18,139.4922,353983
184.18,139.4922,353987
184.18,139.4922,353991
184.18,140.14217,353995
184.06122,140.45496,353999
183.84436,140.59837,354003
183.34943,140.91579,354007
182.51802,141.28534,354011
181.69073,141.6643,354015
180.98119,141.98816,354019
180.98119,141.98816,354023
180.98119,141.98816,354028
181.50116,141.98816,354032
182.51332,141.51782,354036
183.25731,140.99425,354040
183.66776,140.78935,354044
183.8223,140.4338,354048
184.03362,139.8507,354051
184.02,138.96198,354054
184.02,138.39906,354058
184.0589,137.88055,354062
184.12697,136.97314,354065
184.19504,136.06573,354069
184.2631,135.15834,354073
184.302,134.63982,354076
184.37535,133.994,354080
184.47804,133.08986,354084
184.5954,132.05656,354088
184.67075,131.54207,354091
184.82143,130.51309,354095
184.87791,130.12723,354099
185.0042,129.48964,354103
185.17998,128.59703,354107
185.18541,128.38095,354110
185.68335,128.03444,354113
186.37407,127.67227,354116
187.17691,127.24395,354119
187.97993,126.815956,354123
188.08858,126.17513,354127
188.17549,125.662476,354131
188.17995,125.43874,354135
188.5945,124.98971,354139
189.02777,124.57184,354143
189.02992,124.312256,354146
189.18773,124.010284,354149
190.338,123.91025,354153
191.24522,123.839935,354156
191.76576,123.82001,354160
191.76576,123.82001,354164
191.11586,123.82,354167
190.2061,123.82,354170
189.16676,123.82,354173
188.64835,123.8201,354177
188.4264,123.820045,354181
188.17056,123.32249,354184
188.16745,123.19253,354204
188.16745,123.19253,354206
188.16745,123.19253,354209
188.16745,123.8425,354212
188.16745,124.49246,354233
188.16745,124.49246,354235
187.64397,124.87772,354238
187.1205,125.26299,354241
186.72267,125.93387,354244
186.12593,126.940186,354247
185.74,127.61794,354250
185.54823,127.95752,354253
185.54823,127.95752,354276
185.54823,127.95752,354278
185.54823,127.95752,354281
185.02826,127.95752,354284
184.80724,128.58514,354287
185.06264,129.726,354290
185.17998,130.3647,354293
185.18,131.01462,354296
185.18001,131.92445,354299
185.18,132.83417,354303
185.18001,133.87318,354306
185.1799,134.13214,354310
185.1799,134.13214,354314
185.1799,134.13214,354318
185.1799,134.7821,354323
184.96451,135.65533,354327
184.6722,136.51701,354331
184.50911,137.01076,354335
184.44435,137.12347,354339
184.18515,137.39175,354343
184.18,138.02708,354347
184.18,138.67313,354351
184.17998,139.43153,354355
184.19513,139.63976,354359
184.19513,139.63976,354362
183.9326,140.23434,354366
183.82005,140.56511,354370
183.51732,140.85112,354374
182.56549,141.26949,354378
181.61896,141.70024,354382
181.02682,141.96826,354386
181.02682,141.96826,354390
181.02682,141.96826,354394
181.67679,141.96826,354398
182.4587,141.58089,354401
183.19571,141.04727,354405
183.60611,140.81789,354409
183.82771,140.4691,354412
184.0318,139.8855,354416
184.02,138.75015,354420
184.02,138.42268,354424
184.06834,137.7745,354427
184.13602,136.86708,354431
184.22302,135.70038,354435
184.2907,134.79294,354439
184.3593,134.14668,354442
184.44708,133.37167,354445
184.57832,132.20912,354449
184.66823,131.56546,354453
184.83722,130.40779,354457
184.87473,130.15051,354460
184.97534,129.64037,354463
185.12627,128.87515,354466
185.17996,128.40347,354469
185.65442,128.05344,354473
186.8047,127.4483,354477
187.4914,127.07844,354480
187.94966,126.832756,354484
188.07018,126.19405,354487
188.16658,125.6831,354491
188.19829,125.35164,354494
188.77573,124.83433,354498
189.02855,124.58436,354502
189.02992,124.29701,354505
189.06798,124.142845,354508
189.72899,123.97998,354511
190.61784,123.97998,354514
191.34315,124.15056,354517
191.64497,124.19985,354520
191.82,124.656784,354524
191.82,124.91481,354527
191.82,124.91481,354531
191.82,124.91481,354535
192.46999,124.91481,354539
192.24742,125.13219,354543
192.89719,125.14806,354546
193.93683,125.17348,354549
194.9763,125.18,354553
195.62434,125.179985,354556
196.14427,125.18,354559
197.31404,125.18,354563
198.22363,125.18,354566
199.26242,125.17999,354569
199.91135,125.18,354572
200.30013,125.1799,354576
200.6283,125.19,354579
200.83234,125.47481,354582
200.82,126.38161,354585
200.82,126.509605,354589
200.82,126.509605,354593
200.82,126.509605,354597
200.82,125.859634,354600
200.8084,125.36805,354603
200.36804,125.1763,354606
199.97922,125.17999,354610
199.19933,125.18,354613
198.2895,125.17999,354616
197.24991,125.18,354620
196.0821,125.18,354624
195.45769,124.999435,354628
194.83328,124.81898,354631
194.22171,124.59889,354634
193.48782,124.33479,354637
192.87881,124.107704,354640
193.0001,124.154465,354644
192.39142,123.92656,354647
191.50107,124.013565,354651
191.24486,124.057755,354654
190.76656,123.976074,354657
190.76656,123.976074,354661
190.76656,123.976074,354664
190.76656,123.976074,354667
190.76656,123.976074,354696
190.76656,123.976074,354699
191.41653,123.976074,354703
191.78058,124.234764,354706
191.82,124.85048,354710
191.82002,124.97879,354714
191.82002,124.97879,354717
191.82,124.72098,354721
191.81969,124.406876,354724
191.63773,124.19775,354727
191.04065,124.03312,354730
190.21321,123.97997,354733
189.5053,123.97997,354737
189.31808,123.98012,354740
189.02878,124.24014,354743
189.05812,124.16688,354746
188.62407,123.88461,354749
188.41324,123.82005,354753
188.1692,123.42449,354757
188.16481,123.16454,354760
188.16481,123.16454,354764
188.16481,123.16454,354767
187.38484,123.16454,354771
186.98048,123.814354,354774
186.92975,124.72269,354777
186.89377,125.24141,354781
186.61636,125.82921,354784
186.28348,126.53457,354787
186.06157,127.00481,354791
185.75078,127.57566,354795
185.50215,128.03235,354798
185.50215,128.03235,354828
185.50215,128.03235,354831
185.50215,128.03235,354835
184.85219,128.03235,354839
185.0409,128.2951,354842
184.98004,129.0727,354846
184.93947,129.59108,354850
184.84805,130.23459,354854
184.72008,131.1355,354858
184.64694,131.6503,354862
184.60089,132.03755,354865
184.4474,133.3284,354869
184.35532,134.1029,354872
184.34964,134.62285,354875
184.3383,135.66273,354878
184.32979,136.44264,354881
184.3227,137.09258,354884
184.16766,137.47397,354888
184.18,137.98761,354891
184.18,138.50505,354895
184.18,139.02287,354899
184.17996,139.39854,354903
184.17996,139.39854,354907
184.17996,139.39854,354911
184.17996,140.1785,354916
184.05742,140.48184,354920
183.83528,140.61693,354924
183.32597,140.93323,354928
182.4939,141.30133,354931
181.54721,141.73177,354935
180.95535,142.0004,354939
180.95535,142.0004,354943
180.95535,142.0004,354947
181.60532,142.0004,354950
182.6022,141.5105,354954
183.32744,140.96118,354958
183.63187,140.80858,354962
183.83234,140.52612,354966
184.01949,139.94229,354970
184.02,139.05685,354973
184.02,138.37943,354977
184.06886,137.7313,354981
184.14705,136.69429,354984
184.20567,135.91653,354987
184.29361,134.7499,354991
184.39229,133.8454,354995
184.50989,132.81212,354999
184.59767,132.03711,355003
184.67314,131.52264,355006
184.82408,130.49371,355010
184.88069,130.10786,355014
185.00734,129.47035,355018
185.15933,128.70534,355021
185.18857,128.37277,355024
185.8105,127.969826,355028
186.50082,127.606895,355031
187.41785,127.116425,355034
187.99115,126.81018,355037
188.11609,126.04029,355041
188.17854,125.65535,355045
188.17995,125.43243,355049
188.60214,124.985115,355052
189.02739,124.56693,355055
189.02992,124.29422,355059
189.15004,124.03694,355062
190.15427,123.92366,355065
191.06158,123.85468,355068
191.70934,123.82001,355071
192.74919,123.82,355075
193.21837,124.067696,355078
192.5858,123.91833,355081
192.20625,123.828705,355084
191.56393,123.92813,355088
190.69945,123.97997,355091
189.84143,123.97997,355094
189.5568,123.97997,355098
189.33797,123.97997,355101
188.8575,124.48474,355105
188.51411,125.0366,355108
188.34236,125.21871,355112
188.1686,125.70659,355116
188.16197,126.48653,355119
187.61145,126.83204,355122
186.73062,127.38487,355126
185.95988,127.8686,355130
185.62958,128.07591,355134
185.42534,128.18039,355138
185.17421,128.44644,355142
185.01091,129.34161,355146
184.96425,129.59738,355150
184.86563,130.23982,355154
184.74728,131.01076,355157
184.64867,131.6532,355161
184.58688,132.1695,355164
184.47878,133.073,355168
184.35522,134.10558,355172
184.24774,134.8781,355176
184.12234,135.77937,355180
184.01486,136.5519,355184
183.87155,137.58192,355188
183.82002,137.96819,355192
184.02971,138.29893,355196
184.02,139.07076,355200
184.02,139.83311,355203
183.87984,140.3208,355206
183.82005,140.53853,355211
183.44427,140.8749,355215
182.73073,141.18938,355219
181.78497,141.62184,355223
180.957,141.9993,355227
180.957,141.9993,355252
180.957,141.9993,355255
181.60696,141.9993,355258
181.3484,142.0423,355261
181.08897,142.0595,355264
181.55078,141.82051,355267
182.47437,141.34253,355270
183.39796,140.86455,355274
183.60118,140.81935,355278
183.60118,140.81935,355305
183.60118,140.81935,355307
183.60118,140.81935,355311
184.12115,140.81935,355314
184.34865,140.32541,355317
184.06804,139.32492,355320
184.02003,138.48254,355323
184.02003,138.39015,355326
184.02003,138.39015,355329
184.17998,137.76517,355332
184.21545,137.32646,355335
184.5949,137.17746,355338
184.98338,137.17998,355341
184.98338,137.17998,355344
184.98338,137.17998,355348
184.98338,136.53001,355352
185.05457,135.62495,355355
185.18,134.5944,355358
185.18001,134.07446,355362
185.18,133.03467,355366
185.18001,132.12495,355370
185.18,131.21565,355374
185.18,130.82693,355378
185.18,130.04712,355382
185.18,129.13771,355386
185.18,128.6195,355389
185.18,128.40265,355393
185.49403,128.16722,355397
186.53325,128.18,355401
187.31277,128.18,355404
187.96065,128.18,355408
187.96065,128.18,355412
187.96065,128.18,355416
187.96065,127.53003,355420
188.12695,126.9173,355424
188.16673,126.26855,355428
188.18,125.620636,355432
188.18,125.403564,355436
188.42357,125.17524,355439
188.94223,125.17999,355443
188.94223,125.17999,355447
188.94223,125.17999,355451
188.94223,125.17999,355455
189.0225,124.61364,355459
189.02992,124.35414,355462
189.26413,123.98997,355491
189.26413,123.98997,355494
189.26413,123.98997,355498
189.90611,123.97151,355502
190.6748,123.97998,355505
191.39987,124.17996,355509
191.59776,124.18152,355513
191.82312,124.41738,355517
191.82002,124.93317,355520
191.82002,124.93317,355524
191.82002,124.93317,355528
192.46999,124.93317,355532
192.2434,125.13881,355536
192.89319,125.15348,355540
193.80292,125.17401,355544
194.97237,125.18,355548
195.6204,125.1799,355552
196.14035,125.18,355555
196.92021,125.17999,355558
197.82999,125.18,355561
198.73952,125.18,355564
199.38806,125.17999,355568
199.9076,125.17999,355572
200.29639,125.1799,355576
200.62485,125.188614,355580
200.82436,125.595764,355584
200.82,126.50098,355588
200.82,126.50098,355592
200.82,126.50098,355596
201.34007,126.50098,355600
202.24602,126.56545,355604
203.14928,126.67561,355608
203.92635,126.74154,355612
204.63147,126.82,355615
205.40933,126.820015,355619
205.40933,126.820015,355623
205.62979,126.811295,355627
206.15646,126.24634,355631
206.41257,125.95224,355635
206.41257,125.95224,355639
206.41257,125.95224,355643
206.93254,125.95224,355647
207.09592,125.343056,355651
206.86931,124.73387,355680
206.86931,124.73387,355683
206.86931,124.73387,355687
206.86931,123.95391,355691
206.86931,123.43394,355719
206.86931,123.43394,355723
206.34938,123.427155,355726
206.08942,123.42377,355729
205.84732,123.328995,355732
205.16617,123.122574,355736
205.41682,123.17998,355739
204.90323,123.098755,355742
203.74765,122.91599,355745
203.1266,123.107735,355749
202.38136,123.337814,355753
201.87929,123.47311,355757
201.50275,123.57458,355761
200.98308,123.59236,355764
200.86522,123.647224,355766
200.38466,123.824425,355769
199.8668,123.82001,355773
199.34688,123.82,355776
198.30707,123.82001,355780
197.26741,123.82001,355783
196.09982,123.820015,355786
195.4499,123.82,355789
194.4101,123.82001,355793
193.2406,123.82001,355796
192.2034,123.82001,355799
191.69695,123.937836,355802
191.1905,124.05567,355806
190.71243,123.97999,355809
190.71243,123.97999,355813
190.71243,123.97999,355817
190.71243,123.97999,355820
190.71243,123.97999,355851
190.71243,123.97999,355855
191.36241,123.97999,355858
191.6969,124.22907,355862
191.82002,124.76387,355866
191.82,125.020615,355869
191.82,125.020615,355873
191.82,124.63465,355877
191.82,124.42881,355881
191.69106,124.23119,355884
191.11409,124.11244,355887
190.40471,123.97998,355890
189.6065,123.97998,355893
189.25987,123.99065,355897
189.03459,124.21557,355901
189.07274,124.13835,355904
188.63887,123.87821,355908
188.42451,123.82006,355912
188.17287,123.44838,355915
188.16698,123.18846,355919
188.16698,123.18846,355923
188.16698,123.18846,355927
187.38701,123.18846,355931
187.06752,123.8357,355935
186.95128,124.869,355939
186.90297,125.25598,355942
186.67792,125.724724,355946
186.28407,126.54504,355950
186.05902,127.01378,355954
185.74739,127.58417,355958
185.49808,128.04048,355962
185.49808,128.04048,355997
185.49808,128.04048,356000
185.49808,128.04048,356004
184.9781,128.04048,356007
184.706,128.67967,356011
184.84746,129.44669,356014
184.81203,130.09114,356017
184.69763,131.12479,356021
184.64151,131.64172,356025
184.56625,132.28731,356029
184.4609,133.19115,356033
184.35555,134.09499,356037
184.34985,134.61493,356041
184.33989,135.52483,356045
184.32991,136.43472,356048
184.32278,137.08466,356052
184.16829,137.46724,356056
184.17998,137.98108,356060
184.18,138.62767,356064
184.17998,139.38925,356068
184.17998,139.50638,356072
184.17998,139.50638,356076
183.99844,139.99364,356080
183.8623,140.35907,356084
183.82005,140.57169,356088
183.50537,140.85533,356092
182.67326,141.22328,356096
181.72603,141.65251,356100
181.01526,141.97368,356104
181.01526,141.97368,356108
181.01526,141.97368,356113
181.66524,141.97368,356117
182.44743,141.5867,356121
183.0799,141.13031,356125
183.39757,140.90411,356129
183.5959,140.82007,356133
183.80879,140.62393,356137
184.02501,139.9224,356141
184.02002,139.16084,356145
184.02002,138.3661,356149
184.05923,137.84761,356153
184.13766,136.81062,356157
184.19649,136.03288,356160
184.27492,134.9959,356163
184.30434,134.60703,356167
184.378,133.96124,356171
184.46642,133.18631,356175
184.56955,132.28223,356179
184.6941,131.38094,356183
184.82625,130.48062,356187
184.8827,130.09476,356190
184.98419,129.58478,356194
185.1618,128.69234,356198
185.19395,128.36041,356202
185.71185,128.02068,356206
186.63202,127.53625,356210
187.31973,127.1683,356213
187.89319,126.86234,356217
188.03494,126.22802,356221
188.1767,125.5937,356224
188.1865,125.37806,356228
188.75084,124.85592,356232
189.02965,124.60433,356236
189.02992,124.34984,356239
189.08617,124.107895,356243
189.88039,123.94441,356246
190.91754,123.87027,356250
191.6947,123.82001,356253
192.34464,123.82,356257
192.2162,123.82001,356261
191.56628,123.82001,356264
190.52649,123.82001,356268
189.4878,123.82,356272
188.70929,123.82001,356275
188.37462,123.81219,356278
188.17468,123.34419,356282
188.16646,123.084335,356312
188.16646,123.084335,356315
188.16646,123.084335,356319
188.16646,123.60431,356322
188.16646,124.38427,356355
188.16646,124.38427,356358
188.16367,123.73431,356362
188.16087,123.08435,356365
188.18,123.34264,356368
188.18,123.566025,356372
188.63364,123.83575,356376
189.54025,123.908134,356380
190.18503,123.97998,356384
190.81502,123.97998,356388
191.29463,124.13571,356392
191.60129,124.18255,356396
191.82,124.68431,356400
191.82,124.9421,356404
191.82,124.9421,356408
191.82,124.9421,356412
191.82,124.9421,356416
191.82,124.68468,356420
191.80878,124.37429,356424
191.41893,124.17792,356428
190.85138,123.966255,356431
189.86179,123.97997,356435
189.50832,123.97997,356439
189.31975,123.97998,356442
188.8361,124.50794,356446
188.49663,125.06221,356450
188.41426,125.16278,356454
188.1738,125.52099,356458
188.16331,126.43088,356462
187.72684,126.71348,356465
186.8539,127.27867,356469
185.98094,127.84387,356473
185.65358,128.05582,356477
185.34384,128.20235,356481
185.34384,128.20235,356516
185.34384,128.20235,356519
185.34384,128.20235,356524
184.82387,128.20235,356528
184.65582,128.95006,356532
184.84077,129.57317,356536
184.77777,130.22006,356540
184.68956,131.12573,356544
184.63916,131.64326,356548
184.57936,132.15979,356552
184.44481,133.32196,356556
184.3551,134.09674,356560
184.34947,134.61668,356563
184.33821,135.65657,356567
184.32837,136.56648,356571
184.32274,137.08643,356575
184.17998,137.59789,356579
184.18,137.98259,356583
184.18001,138.62917,356587
184.18,139.39067,356591
184.18,139.50768,356595
184.18,139.50768,356599
183.95284,140.11665,356604
183.82005,140.57266,356608
183.38332,140.9052,356612
182.66994,141.2202,356616
181.84181,141.59732,356620
181.01343,141.97388,356624
181.01343,141.97388,356628
181.01343,141.97388,356633
181.66339,141.97388,356637
182.44576,141.58711,356641
183.28972,140.97957,356645
183.59444,140.82005,356649
183.80717,140.62762,356653
184.02377,139.92719,356657
184.02002,139.16638,356661
184.02002,138.36938,356665
184.0592,137.85089,356669
184.13757,136.8139,356673
184.20615,135.90654,356677
184.2747,134.99916,356681
184.30411,134.61029,356685
184.363,134.09367,356689
184.46611,133.18958,356693
184.58392,132.15633,356697
184.67441,131.51274,356701
184.78781,130.74107,356704
184.88214,130.09798,356708
185.00897,129.46051,356712
185.16118,128.69554,356715
185.19257,128.36343,356719
185.59167,128.08134,356723
186.51163,127.596466,356727
187.42972,127.107994,356731
187.8889,126.86402,356735
188.0036,126.35686,356738
188.17564,125.59611,356741
188.18555,125.38063,356745
188.6495,124.9423,356749
189.02977,124.606285,356753
189.02992,124.32138,356757
189.16504,124.0254,356761
190.30592,123.91634,356766
190.80148,123.96169,356770
190.29692,123.97998,356773
189.54306,123.97998,356777
189.22443,124.00274,356781
188.78175,124.58709,356785
188.51318,125.03233,356789
188.34387,125.21855,356793
188.16893,125.70379,356797
188.16206,126.48373,356801
187.50174,126.89882,356805
186.73135,127.383095,356809
185.96097,127.86737,356812
185.6308,128.07492,356816
185.42657,128.1804,356820
185.15108,128.57147,356824
185.1384,128.70175,356828
184.99141,129.46774,356832
184.84811,130.36627,356836
184.7289,131.13707,356840
184.64929,131.65091,356844
184.57199,132.29626,356848
184.46376,133.19975,356852
184.35553,134.10326,356856
184.28389,134.61827,356860
184.1585,135.51953,356864
184.01518,136.54956,356868
183.9077,137.32208,356872
183.82002,137.96585,356876
184.0277,138.38153,356880
184.02,139.28635,356884
184.1776,139.49313,356888
184.1776,139.49313,356891
184.1776,139.49313,356928
184.1776,139.49313,356932
184.1776,140.0131,356936
184.05882,140.45593,356940
183.8421,140.59955,356943
183.4671,140.86653,356947
182.63533,141.23529,356951
181.80734,141.61273,356955
180.97903,141.98946,356959
180.97903,141.98946,356963
180.97903,141.98946,356967
181.49901,141.98946,356971
182.30377,141.67589,356975
183.04434,141.14737,356979
183.36426,140.92435,356983
183.66669,140.79002,356987
183.82184,140.43625,356991
184.00984,139.96858,356995
184.02,138.96361,356999
184.02,138.40019,357003
184.17996,137.77478,357007
184.2108,137.33354,357011
184.71,137.18,357015
184.96889,137.18,357020
184.96889,137.18,357024
184.96889,137.18,357029
184.96889,136.52994,357033
185.03877,135.75468,357037
185.14244,134.98164,357041
185.18,134.5951,357045
185.18,133.94518,357049
185.18,133.03531,357053
185.18,132.12558,357057
185.18,131.08655,357061
185.18,130.82759,357066
185.18,130.30771,357070
185.18,129.52802,357073
185.17998,128.62015,357077
185.17998,128.40318,357081
185.37244,128.19292,357084
186.40149,128.18001,357088
187.18103,128.18,357092
187.9588,128.18,357096
187.9588,128.18,357100
187.9588,128.18,357105
187.9588,127.65993,357109
188.1261,126.91768,357113
188.16623,126.26895,357117
188.18,125.62104,357121
188.18,125.40389,357125
188.42285,125.175415,357128
188.94151,125.17999,357132
188.94151,125.17999,357136
188.94151,125.17999,357139
188.94151,125.17999,357143
189.06401,124.7533,357147
189.02992,124.32357,357151
189.26419,123.989944,357182
189.26419,123.989944,357186
189.26419,123.989944,357190
189.90619,123.97152,357194
190.79665,123.97997,357197
191.39783,124.17996,357201
191.59572,124.18096,357205
191.82677,124.54061,357209
191.82,124.9279,357213
191.82,124.9279,357217
191.82,124.9279,357221
192.46997,124.9279,357225
192.24721,125.12107,357228
192.89693,125.13896,357232
194.06642,125.171165,357236
194.97592,125.18,357240
195.62395,125.18,357243
196.27386,125.17999,357246
197.31367,125.18,357250
198.22336,125.18,357254
199.00273,125.18,357257
199.39156,125.17999,357261
199.91109,125.17999,357264
200.29985,125.17999,357268
200.62807,125.1899,357272
200.82477,125.60399,357276
200.82,126.509026,357280
200.82,126.509026,357284
200.82,126.509026,357288
201.33998,126.509026,357291
202.37527,126.58669,357295
203.14995,126.67732,357298
203.92714,126.74207,357302
204.79575,126.82,357306
205.31448,126.8201,357310
205.43987,126.82002,357314
205.65945,126.796555,357318
206.0943,126.315506,357322
206.43655,125.92405,357325
206.43655,125.92405,357329
206.43655,125.92405,357333
207.08652,125.92405,357337
207.08087,125.10461,357342
206.8548,124.63635,357371
206.8548,124.63635,357400
206.8548,124.63635,357404
206.8548,123.98638,357408
206.08551,123.46775,357412
205.85197,123.35349,357415
205.33269,123.14587,357418
204.30316,122.9994,357421
203.78914,122.92102,357424
203.16617,123.106445,357427
202.41862,123.32896,357431
201.91643,123.46377,357434
201.5398,123.56488,357438
201.02034,123.58827,357441
200.78197,123.69206,357444
200.24649,123.82001,357448
199.98737,123.8201,357451
199.33745,123.82,357455
198.4276,123.82,357459
197.38794,123.82001,357463
196.47868,123.82,357467
196.09007,123.82001,357470
195.44014,123.82,357474
194.40036,123.82001,357478
193.4907,123.82,357482
192.58154,123.82,357485
192.19336,123.8201,357489
191.67981,123.90156,357492
190.68268,123.97997,357496
189.71967,123.97997,357500
189.33453,123.97997,357503
188.87848,124.43797,357507
188.53925,124.99239,357510
188.37894,125.19707,357514
188.16699,125.75172,357518
188.16135,126.531654,357522
187.49591,126.938515,357526
186.71957,127.413185,357530
185.94324,127.887856,357534
185.61052,128.0913,357538
185.40617,128.18045,357542
185.14958,128.61475,357546
185.16798,128.61867,357550
185.03864,129.25563,357554
184.96104,129.63782,357558
184.88145,130.15166,357562
184.7422,131.05089,357566
184.66263,131.56474,357570
184.60023,132.08096,357574
184.49106,132.98434,357578
184.35071,134.14583,357582
184.27892,134.66083,357586
184.13535,135.69081,357590
184.00972,136.59206,357594
183.88408,137.4933,357598
183.82002,138.00829,357602
184.02022,138.41507,357606
184.02,139.19133,357610
184.15602,139.4129,357614
184.15602,139.4129,357617
184.15602,139.4129,357654
184.15602,139.4129,357658
184.15602,139.93288,357662
183.97488,140.37935,357665
183.81421,140.56726,357669
183.51317,140.85284,357673
182.56255,141.27415,357677
181.85204,141.59589,357681
181.02272,141.97038,357685
181.02272,141.97038,357689
181.02272,141.97038,357694
181.5427,141.97038,357698
182.33694,141.60022,357702
182.9847,141.16585,357706
183.41876,140.87955,357710
183.61949,140.81335,357715
183.82205,140.43031,357719
184.01166,139.9642,357723
184.02,139.2089,357726
184.02,138.39616,357730
184.16208,137.89598,357734
184.17996,137.529,357739
184.21265,137.33067,357744
184.7159,137.18,357748
184.97473,137.18,357753
184.97473,137.18,357757
184.97473,137.18,357761
184.97473,136.52994,357765
185.06009,135.62561,357769
185.17798,134.72333,357773
185.18,134.07446,357777
185.18,133.03467,357781
185.18001,132.12495,357785
185.18,131.21565,357789
185.18,130.82693,357793
185.18,130.17708,357797
185.18,129.26758,357801
185.18,128.6195,357805
185.18,128.40265,357809
185.49403,128.16722,357813
186.53325,128.18,357817
187.44263,128.18,357821
187.96065,128.18,357825
187.96065,128.18,357829
187.96065,128.18,357833
187.96065,127.53003,357837
188.12697,126.9173,357841
188.16673,126.26855,357845
188.18,125.62064,357849
188.17995,125.40358,357853
188.55331,125.17999,357857
188.94218,125.17999,357861
188.94218,125.17999,357865
188.94218,125.17999,357869
188.94218,125.17999,357873
189.0225,124.61364,357876
189.02992,124.35414,357879
189.26411,123.98997,357909
189.26411,123.98997,357912
189.26411,123.98997,357916
189.90608,123.97152,357920
190.67233,123.97998,357923
191.39775,124.17996,357926
191.59564,124.18094,357930
191.82681,124.5404,357934
191.82002,124.92769,357938
191.82002,124.92769,357942
191.82002,124.92769,357947
192.46999,124.92769,357951
192.24725,125.12098,357954
192.89697,125.138885,357958
193.67665,125.16037,357961
194.58626,125.17999,357964
195.49486,125.17999,357967
196.40387,125.18,357971
197.44363,125.18,357974
198.3533,125.17999,357978
199.26213,125.17999,357981
200.04082,125.17999,357985
200.29984,125.17999,357988
200.62804,125.18989,357992
200.82478,125.60391,357996
200.82,126.50896,357999
200.82,126.50896,358003
200.82,126.50896,358007
201.34007,126.50896,358011
202.24629,126.57111,358015
203.27917,126.692215,358018
203.92722,126.74207,358022
204.66594,126.82,358025
205.31454,126.82001,358029
205.43994,126.82001,358033
205.65953,126.79652,358037
205.92322,126.511154,358040
206.43661,125.92398,358043
206.43661,125.92398,358047
206.43661,125.92398,358051
207.08658,125.92398,358055
207.10764,125.31952,358058
206.86871,124.71506,358090
206.86871,124.71506,358120
206.86871,124.71506,358124
206.86871,124.06509,358128
206.11008,123.49401,358132
205.87292,123.39569,358136
205.54576,123.17169,358139
204.64449,123.04675,358142
203.74437,122.91325,358145
203.12375,123.106346,358148
202.37901,123.338066,358152
201.62598,123.541245,358155
200.98079,123.592575,358159
200.86304,123.647644,358162
200.63176,123.8053,358165
199.99316,123.82001,358168
199.34428,123.82,358171
198.5644,123.82,358174
197.65465,123.82,358178
196.74513,123.82,358182
196.0968,123.82001,358185
195.3169,123.82001,358189
194.40707,123.82,358193
193.49736,123.82,358197
192.4585,123.82001,358201
191.69359,123.938156,358204
191.18721,124.05631,358208
190.71,123.97999,358211
190.71,123.97999,358215
190.71,123.97999,358219
190.71,123.97999,358222
190.71,123.97999,358254
190.71,123.97999,358258
191.22998,123.97999,358262
191.69568,124.22871,358265
191.82,124.761765,358269
191.82,125.01855,358273
191.82,125.01855,358277
191.82,124.63263,358280
191.82,124.42727,358284
191.68744,124.22843,358287
191.07008,124.05903,358291
190.15063,123.97998,358295
189.53177,123.97998,358298
189.29532,123.98288,358302
189.03398,124.21776,358306
189.07132,124.14084,358309
188.63736,123.87871,358313
188.42334,123.82005,358316
188.16954,123.31592,358320
188.16669,123.18596,358323
188.16669,123.18596,358327
187.84447,123.75043,358331
187.3289,124.65359,358335
187.00668,125.218056,358339
186.70554,125.79405,358343
186.28394,126.60044,358346
186.10324,126.94604,358350
185.85196,127.40126,358354
185.53784,127.97029,358358
185.53784,127.97029,358392
185.53784,127.97029,358395
185.53784,127.97029,358400
185.01787,127.97029,358404
184.76512,128.47182,358407
185.02895,129.61089,358411
185.18,130.37555,358415
185.18,130.8955,358418
185.18,131.80534,358422
185.18,132.58513,358425
185.18,133.49463,358429
185.18,134.14297,358433
185.18,134.14297,358437
185.18,134.14297,358441
185.18,134.66295,358446
184.95815,135.66386,358450
184.66719,136.52596,358454
184.50543,137.02011,358458
184.44023,137.13258,358462
184.1803,137.40604,358466
184.18,138.04366,358470
184.18,138.6895,358474
184.17998,139.44653,358478
184.20227,139.65384,358483
184.20227,139.65384,358487
183.98656,140.12697,358491
183.82005,140.57344,358494
183.38191,140.90564,358498
182.66858,141.22072,358502
181.7222,141.65186,358506
181.01212,141.9745,358510
181.01212,141.9745,358514
181.01212,141.9745,358518
181.66208,141.9745,358522
182.54895,141.51044,358526
183.28851,140.98036,358530
183.5933,140.82005,358534
183.8327,140.5108,358538
184.02844,139.80235,358542
184.02002,138.79405,358546
184.02002,138.3697,358550
184.06898,137.72159,358554
184.13756,136.81422,358558
184.20612,135.90686,358562
184.27469,134.9995,358566
184.30408,134.61061,358570
184.36299,134.094,358574
184.46608,133.1899,358578
184.56917,132.2858,358582
184.69368,131.3845,358586
184.80696,130.61282,358589
184.8822,130.09831,358593
185.00899,129.46083,358597
185.16115,128.69586,358601
185.19243,128.36372,358604
185.59126,128.08153,358608
186.39731,127.659355,358612
187.2002,127.23113,358616
187.88863,126.86451,358620
188.03206,126.23057,358624
188.17549,125.59663,358628
188.18535,125.38118,358632
188.55003,125.027,358635
189.02979,124.6067,358639
189.02992,124.32153,358643
189.07454,124.12646,358646
189.84091,123.945366,358649
190.74847,123.881096,358653
191.5047,123.8201,358656
192.28539,123.82,358660
193.32518,123.82,358664
193.44083,124.09732,358667
192.80606,123.95753,358671
192.29826,123.84569,358674
191.65492,123.93829,358678
190.8044,123.97241,358681
189.9366,123.97998,358684
189.54536,123.97998,358688
189.33353,123.97998,358691
188.92058,124.37976,358694
188.5098,125.04278,358698
188.33638,125.22107,358702
188.16841,125.58882,358705
188.16164,126.49875,358709
187.61003,126.842545,358713
186.72748,127.39262,358717
185.95525,127.87393,358720
185.62428,128.08022,358724
185.42,128.1804,358727
185.17429,128.45876,358731
185.1698,128.59085,358735
185.06783,129.10074,358738
184.96585,129.61061,358742
184.86621,130.2529,358746
184.74664,131.02364,358750
184.66693,131.53746,358754
184.58873,132.18271,358758
184.47925,133.08606,358762
184.36977,133.9894,358766
184.26402,134.76215,358770
184.15637,135.53464,358774
184.01308,136.56467,358778
183.86978,137.5947,358782
183.82002,137.98096,358786
184.02347,138.39455,358790
184.02002,139.29903,358794
184.17996,139.5033,358798
184.17996,139.5033,358801
184.17996,139.5033,358838
184.17996,139.5033,358843
184.17996,140.15326,358847
184.0505,140.55513,358852
183.81384,140.66275,358857
183.3849,140.91628,358861
182.434,141.33722,358866
181.60408,141.71039,358870
181.01103,141.97636,358874
181.01103,141.97636,358878
181.01103,141.97636,358883
181.531,141.97636,358887
182.3254,141.6064,358891
183.08203,141.101,358895
183.40775,140.88655,358899
183.6077,140.81738,358903
183.8204,140.59256,358907
183.99936,139.99063,358911
184.02,139.2455,358914
184.02,138.4213,358918
184.15901,137.92024,358922
184.17998,137.55103,358926
184.2015,137.34953,358930
184.37122,136.85803,358934
184.66823,135.99792,358937
184.96523,135.1378,358941
185.13493,134.6463,358945
185.13493,134.6463,358950
185.13493,134.6463,358954
185.13493,133.99634,358958
185.14972,133.21658,358961
185.1743,132.30696,358965
185.18001,131.39746,358969
185.18,130.7497,358973
185.18,129.9699,358977
185.18,128.9308,358981
185.18,128.67183,358985
185.2044,128.34058,358989
185.67326,128.18,358993
186.58267,128.18,358997
187.49197,128.18001,359001
187.88075,128.18,359005
187.88075,128.18,359009
187.88075,128.18,359013
187.88075,127.53003,359017
188.08546,126.93811,359020
188.14209,126.29062,359024
188.18,125.64337,359027
188.17995,125.42225,359031
188.50653,125.168396,359035
189.02454,125.17999,359038
189.02454,125.17999,359043
189.02454,125.17999,359047
189.02454,125.17999,359051
189.04411,124.71448,359055
189.02992,124.33473,359059
189.25223,123.993515,359089
189.25223,123.993515,359092
189.25223,123.993515,359096
189.76161,123.96894,359099
190.7825,123.97997,359103
191.38535,124.17361,359106
191.5847,124.17994,359110
191.83173,124.51184,359113
191.82002,125.0271,359117
191.82002,125.0271,359121
191.82002,125.0271,359126
192.34,125.0271,359129
193.24873,125.06263,359133
194.28665,125.12746,359137
195.32474,125.17999,359141
195.58365,125.17999,359145
196.23358,125.18,359149
197.02074,125.17999,359153
197.9305,125.17999,359157
198.83997,125.18,359160
199.48776,125.1799,359164
200.26633,125.18,359168
200.60648,125.1821,359171
200.8208,125.54885,359175
200.82002,126.326355,359178
200.82002,126.454865,359182
200.82002,126.454865,359185
201.46687,126.51839,359189
202.37247,126.607315,359193
203.1487,126.68353,359196
203.9263,126.74378,359200
204.76399,126.82001,359204
205.41194,126.82001,359207
205.41194,126.82001,359211
205.63245,126.81019,359215
206.07324,126.34193,359218
206.41472,125.94979,359222
206.41472,125.94979,359226
206.41472,125.94979,359230
207.06468,125.94979,359234
207.14252,125.46276,359237
206.8693,124.73222,359266
206.8693,124.73222,359269
206.8693,124.73222,359274
206.8693,123.95226,359278
206.8693,123.43229,359308
206.8693,123.43229,359311
206.47934,123.42781,359314
206.08939,123.423325,359318
205.84721,123.32874,359322
205.42342,123.15718,359325
205.41689,123.17998,359329
204.77489,123.078445,359333
203.74771,122.916,359336
203.25087,123.06939,359339
202.38141,123.33781,359342
201.75383,123.50692,359346
201.50279,123.57456,359350
200.98312,123.59236,359354
200.86526,123.64721,359358
200.51445,123.832596,359362
199.86687,123.82001,359365
199.34692,123.82,359369
198.30711,123.82,359373
197.52736,123.82,359376
196.48811,123.82,359380
196.09946,123.8201,359383
195.31955,123.82,359387
194.40971,123.82,359391
193.50002,123.82,359395
192.5908,123.82,359399
192.20255,123.82001,359402
191.5695,123.9674,359406
191.18968,124.05583,359410
190.71184,123.97999,359413
190.71184,123.97999,359417
190.71184,123.97999,359421
190.71184,123.97999,359424
190.71184,123.97999,359456
190.71184,123.97999,359460
191.3618,123.97999,359464
191.75642,124.23993,359468
191.82,124.71076,359471
191.82,124.96826,359475
191.82,124.96826,359479
191.82,124.96826,359483
191.82,124.96826,359487
191.82,124.710556,359491
191.817,124.39725,359495
191.48813,124.16841,359499
190.92122,123.97482,359502
189.92815,123.97997,359506
189.54076,123.97997,359510
189.29913,123.98229,359514
189.03609,124.21032,359518
189.09012,124.111465,359522
188.64267,123.87708,359525
188.42749,123.82005,359529
188.17416,123.45476,359533
188.16455,123.064896,359537
188.16455,123.064896,359541
188.16455,123.064896,359545
187.64458,123.064896,359548
187.28983,123.57616,359551
187.07376,124.5932,359555
186.92877,125.22679,359558
186.64465,125.81137,359562
186.24687,126.629776,359566
186.0764,126.98052,359570
185.82732,127.43696,359574
185.51596,128.00749,359578
185.51596,128.00749,359611
185.51596,128.00749,359615
185.51596,128.00749,359619
184.60602,128.00749,359623
184.93895,128.27377,359627
185.01825,128.91888,359631
185.12927,129.82205,359635
185.17998,130.33813,359639
185.18,130.98807,359643
185.18,131.8979,359647
185.18,132.67769,359651
185.18,133.71698,359655
185.18,134.10583,359660
185.18001,134.63179,359664
185.18,135.54156,359668
185.18001,136.45093,359672
185.18,136.96936,359676
185.18,136.96936,359681
185.18,136.96936,359685
185.18,136.96936,359689
184.6875,137.13617,359693
184.57382,137.17996,359697
184.39465,137.1944,359701
184.18,137.81529,359705
184.18,138.46083,359709
184.18,139.47316,359713
184.2167,139.6769,359718
184.69978,140.11174,359722
184.98964,140.37265,359726
184.98964,140.37265,359730
184.98964,140.37265,359735
184.98964,141.02261,359739
185.62532,141.14702,359743
186.52293,141.0003,359747
187.4233,140.86856,359751
187.93724,140.82,359755
187.93724,140.82,359759
187.93724,140.82,359763
187.15729,140.82,359767
186.3779,140.82,359771
185.60281,140.82,359775
185.39316,140.81766,359778
185.03032,140.46469,359782
184.59871,139.97871,359786
184.51003,139.88367,359791
184.35175,139.78815,359795
184.18,139.08331,359799
184.17998,138.4416,359803
184.18,137.8017,359807
184.2063,136.90808,359811
184.24258,136.12897,359815
184.28905,135.09006,359819
184.30652,134.70047,359823
184.36316,134.18358,359827
184.44814,133.40826,359831
184.54726,132.50372,359835
184.58974,132.11607,359839
184.68307,131.47284,359843
184.79506,130.70096,359847
184.8884,130.05772,359851
185.01587,129.42038,359855
185.16887,128.65558,359858
185.17995,128.43355,359862
185.50021,128.13857,359865
186.42082,127.65521,359869
187.3365,127.16224,359873
187.90912,126.85472,359878
187.90912,126.85472,359883
188.01778,126.34623,359886
188.17998,125.58349,359890
188.19078,125.36745,359894
188.56241,125.01541,359898
189.02922,124.59629,359901
189.02992,124.34627,359904
189.15901,124.02819,359907
189.48213,123.9799,359911
190.12865,123.97999,359915
189.90044,123.97999,359918
189.52637,123.97999,359921
189.52637,123.97999,359952
189.52637,123.97999,359956
188.87639,123.97999,359960
189.02992,124.31864,359964
189.12645,124.93582,359968
189.12645,124.93582,359972
189.12645,124.93582,359976
188.47649,124.93582,359980
188.21846,125.1958,359984
188.18,125.82091,359987
188.18,126.4692,359991
188.18,126.4692,359995
188.18,126.4692,359999
187.66002,126.4692,360003
186.9234,126.91111,360007
186.23994,127.51148,360011
185.54439,128.09819,360015
185.54439,128.09819,360049
185.54439,128.09819,360052
185.54439,128.09819,360056
184.89442,128.09819,360060
184.66692,128.59213,360064
184.92415,129.46461,360068
185.16138,130.34311,360072
185.17076,130.99301,360076
185.18,131.90288,360080
185.18001,132.68268,360084
185.18001,133.59215,360088
185.18,134.11081,360093
185.18,134.11081,360097
185.18,134.11081,360102
185.18,134.76077,360107
184.9962,135.63716,360111
184.69145,136.49449,360115
184.52116,136.9858,360119
184.45695,137.09883,360123
184.20287,137.35223,360127
184.18,137.97807,360130
184.17998,138.62485,360134
184.18,139.50394,360138
184.23586,139.70105,360143
184.62367,140.04742,360147
185.0115,140.39378,360151
185.0115,140.39378,360156
185.0115,140.39378,360161
185.0115,141.04375,360165
185.6462,141.1637,360169
186.41417,141.02966,360173
187.18506,140.91106,360177
187.95529,140.82002,360181
187.95529,140.82002,360185
187.95529,140.82002,360189
187.30531,140.82002,360193
186.39592,140.82,360197
185.62047,140.82,360201
185.40897,140.82,360205
185.0442,140.47801,360209
184.61177,139.99275,360213
184.5231,139.8977,360217
184.42543,139.813,360221
184.18,139.29654,360225
184.17998,138.52281,360229
184.18,137.88106,360233
184.18,137.51482,360238
184.19872,136.99542,360242
184.23537,136.21632,360246
184.28981,135.04765,360250
184.30797,134.6581,360255
184.36519,134.14128,360259
184.46533,133.23685,360263
184.55116,132.46162,360266
184.59409,132.07402,360270
184.68791,131.43085,360274
184.80049,130.65906,360277
184.87556,130.14453,360281
184.97627,129.6344,360285
185.15253,128.74168,360289
185.17995,128.39859,360293
185.66025,128.04903,360297
186.58006,127.56397,360301
187.38255,127.135,360305
187.95595,126.82892,360309
188.07405,126.189766,360313
188.16853,125.67845,360317
188.20058,125.34736,360321
188.6809,124.915115,360325
189.02837,124.581154,360328
189.02992,124.34086,360332
189.0411,124.212875,360336
189.59607,123.97998,360340
190.4892,123.97998,360344
191.34015,124.14919,360348
191.64241,124.19857,360351
191.82,124.65084,360354
191.82,125.03656,360358
191.82,125.03656,360362
191.82,125.03656,360366
192.33998,125.03656,360370
193.24876,125.07565,360374
194.28706,125.13414,360378
194.55089,125.0185,360382
193.99277,124.6854,360386
193.54626,124.41892,360390
192.94556,124.170715,360394
192.22472,123.872856,360397
191.70963,123.943954,360401
190.73932,123.97997,360405
189.8768,123.97997,360409
189.51505,123.97997,360413
189.28842,123.98408,360417
188.80338,124.551125,360421
188.53484,124.99639,360425
188.37492,125.201385,360429
188.17,125.503365,360432
188.1625,126.41329,360436
187.72734,126.69789,360440
186.96579,127.19595,360443
186.20425,127.694016,360447
185.66028,128.04977,360451
185.35081,128.19853,360455
185.12814,128.71883,360459
184.96204,129.6135,360463
184.86334,130.25592,360467
184.72517,131.15532,360471
184.66595,131.54079,360475
184.6035,132.05699,360479
184.47858,133.0894,360483
184.36926,133.99277,360487
184.24553,134.89426,360491
184.1379,135.66675,360495
184.01254,136.56804,360499
183.90509,137.34056,360503
183.82002,137.98433,360507
183.99825,138.20644,360511
184.02,139.21426,360515
183.97241,140.09103,360519
183.87721,140.33296,360523
183.82005,140.54889,360527
183.54655,140.83734,360531
182.59456,141.2552,360535
181.76648,141.63245,360539
181.0562,141.95468,360543
181.0562,141.95468,360580
181.0562,141.95468,360583
181.0562,142.47466,360587
180.88354,142.37416,360590
181.33055,142.10854,360594
182.00107,141.71011,360597
182.78334,141.24527,360601
183.3421,140.91324,360605
183.6514,140.79901,360609
183.6514,140.79901,360644
183.6514,140.79901,360648
183.6514,140.79901,360652
184.30136,140.79901,360656
184.35411,140.18297,360660
184.12665,139.43768,360663
184.02002,138.58037,360667
184.02002,138.38336,360671
184.02002,138.38336,360675
184.1637,137.88364,360679
184.17998,137.51794,360682
184.21864,137.3219,360686
184.60448,137.17706,360690
184.99289,137.18,360694
184.99289,137.18,360699
184.99289,137.18,360704
184.99289,136.52994,360708
185.07202,135.62482,360712
185.17998,134.72145,360716
185.18,133.94254,360720
185.18,133.03268,360724
185.18,131.86314,360728
185.18,130.95444,360732
185.18001,130.30522,360735
185.18,129.26576,360739
185.18,128.61772,360742
185.18,128.4012,360746
185.37749,128.1907,360750
186.27805,128.18,360753
187.18752,128.18,360756
187.96523,128.18,360759
187.96523,128.18,360763
187.96523,128.18,360767
187.96523,127.53003,360771
188.12912,126.916176,360774
188.16023,126.39713,360778
188.18,125.619446,360782
188.18,125.4026,360785
188.42564,125.17474,360789
188.94429,125.17999,360792
188.94429,125.17999,360796
188.94429,125.17999,360800
188.94429,125.17999,360804
189.06422,124.75398,360808
189.02992,124.354454,360811
189.2639,123.99003,360839
189.2639,123.99003,360842
189.2639,123.99003,360846
190.03578,123.97433,360850
190.92108,123.97997,360854
191.39963,124.179955,360857
191.59752,124.18146,360861
191.82297,124.41684,360865
191.82,124.93256,360869
191.82,124.93256,360873
191.82,124.93256,360877
192.47006,124.93256,360881
192.24623,125.12305,360885
192.766,125.13707,360888
193.67563,125.161606,360892
194.4553,125.17999,360895
195.36433,125.18,360898
196.14294,125.18,360902
196.9228,125.18,360905
197.83257,125.18,360908
198.87193,125.18,360912
199.3906,125.17999,360916
200.03989,125.17999,360920
200.2989,125.17999,360923
200.62718,125.18954,360927
200.82468,125.60173,360931
200.82,126.50681,360935
200.82,126.50681,360939
200.82,126.50681,360944
201.46997,126.50681,360948
202.63347,126.6149,360952
203.27892,126.69152,360956
203.92693,126.74176,360960
204.79546,126.82001,360964
205.3142,126.82001,360968
205.43958,126.82001,360972
205.65921,126.796715,360976
206.0941,126.31577,360979
206.43634,125.9243,360983
206.43634,125.9243,360987
206.43634,125.9243,360991
207.0863,125.9243,360995
207.15527,125.44069,360998
206.86873,124.71527,361027
206.86873,124.71527,361057
206.86873,124.71527,361060
206.86873,124.71527,361064
206.86873,123.93531,361068
206.86873,123.54533,361072
206.4814,123.49991,361075
206.09407,123.45448,361079
205.85721,123.34732,361082
205.32779,123.14475,361086
204.42717,123.01497,361089
203.78429,122.91931,361093
203.28618,123.06855,361096
202.4145,123.32972,361100
201.78682,123.49841,361104
201.53574,123.56589,361107
201.01627,123.58873,361111
200.77815,123.693115,361115
200.24173,123.82001,361119
199.98264,123.82001,361123
199.46269,123.82,361126
198.6828,123.82,361129
197.77304,123.82001,361132
196.86345,123.82001,361136
196.08528,123.82001,361140
195.69534,123.82,361144
194.78549,123.82,361147
193.74579,123.82,361150
192.83635,123.82,361154
192.18858,123.820015,361158
191.68246,123.93923,361162
191.30287,124.02865,361166
190.8034,123.97169,361170
190.8034,123.97169,361174
190.8034,123.97169,361178
190.8034,123.97169,361181
190.8034,123.97169,361212
190.8034,123.97169,361215
191.45338,123.97169,361219
191.73912,124.23039,361223
191.82,124.81623,361227
191.82,124.94481,361230
191.82,124.94481,361234
191.82,124.687355,361238
191.80971,124.37659,361242
191.5551,124.170784,361245
190.8608,123.96642,361249
189.98755,123.97997,361253
189.51239,123.97997,361257
189.24988,123.9936,361261
189.0302,124.23331,361265
189.06189,124.15881,361268
188.62769,123.88263,361272
188.41592,123.82005,361276
188.16989,123.43015,361280
188.1652,123.17021,361284
188.1652,123.17021,361288
188.1652,123.17021,361292
187.51524,123.17021,361296
187.0651,123.947845,361300
186.9588,124.85128,361304
186.90706,125.237816,361307
186.62685,125.82428,361311
186.23457,126.64533,361314
186.06645,126.997215,361318
185.69319,127.68206,361322
185.50655,128.02449,361325
185.50655,128.02449,361357
185.50655,128.02449,361360
185.50655,128.02449,361364
184.85658,128.02449,361368
185.042,128.29279,361372
184.9909,128.94073,361376
184.9398,129.5887,361380
184.86667,130.1035,361384
184.7387,131.00441,361388
184.64728,131.64792,361391
184.57053,132.29333,361395
184.46307,133.19693,361399
184.3556,134.10051,361403
184.34846,134.75044,361407
184.33846,135.66034,361411
184.32988,136.44026,361414
184.32274,137.09018,361418
184.16786,137.47192,361422
184.18,137.98563,361426
184.1799,138.50313,361430
184.18,138.8943,361434
184.18,139.39796,361438
184.18,139.39796,361443
184.18,139.39796,361447
184.18,139.91794,361451
183.99663,140.36224,361455
183.81667,140.54681,361459
183.42986,140.88383,361464
182.59798,141.2521,361468
181.77003,141.62964,361472
181.06007,141.95259,361476
181.06007,141.95259,361480
181.06007,141.95259,361485
181.58005,141.95259,361489
182.26694,141.65572,361493
183.021,141.14645,361497
183.34535,140.92995,361501
183.65025,140.79959,361505
183.8291,140.47623,361509
184.03091,139.89249,361513
184.02,139.12712,361517
184.02,138.4271,361521
184.07794,137.64929,361526
184.14555,136.74185,361530
184.21313,135.83441,361534
184.28073,134.92697,361538
184.30005,134.66771,361542
184.35852,134.15103,361546
184.4462,133.376,361550
184.54851,132.47183,361554
184.59235,132.08432,361558
184.68623,131.44116,361562
184.81769,130.54076,361566
184.89279,130.02623,361569
184.99536,129.51648,361573
185.17484,128.6244,361577
185.17995,128.40717,361581
185.5337,128.11497,361585
186.33914,127.69171,361589
187.25644,127.20173,361593
187.94469,126.834785,361597
188.04266,126.32413,361601
188.16515,125.68581,361605
188.19699,125.35419,361609
188.77322,124.836365,361613
189.02866,124.58628,361617
189.02994,124.31571,361621
189.0809,124.11585,361624
189.9943,123.93813,361628
190.25398,123.92583,361632
189.60602,123.87486,361636
188.69904,123.82001,361640
188.36491,123.80813,361644
188.17468,123.456505,361647
188.16475,123.06665,361679
188.16475,123.06665,361682
188.16475,123.06665,361686
188.16475,123.71662,361690
188.16475,124.366585,361723
188.16475,124.366585,361726
188.1635,123.97661,361729
188.16058,123.06666,361733
188.18,123.32505,361737
188.20285,123.656746,361740
188.57945,123.83825,361744
189.48677,123.90611,361748
190.26091,123.97998,361752
190.76616,123.97998,361755
191.36844,124.1633,361759
191.66559,124.2115,361763
191.82,124.572235,361766
191.82002,124.95928,361770
191.82002,124.95928,361774
191.82002,124.95928,361778
191.82002,124.95928,361782
191.82002,124.70167,361786
191.81438,124.3892,361790
191.46175,124.17359,361794
190.89452,123.96951,361797
190.33391,123.97997,361801
189.56303,123.97997,361805
189.34044,123.97997,361809
188.85864,124.48024,361813
188.51614,125.03265,361817
188.3457,125.21746,361821
188.17064,125.56979,361825
188.16342,126.349724,361828
187.60457,126.81361,361832
186.83504,127.29905,361836
185.95998,127.860985,361840
185.63167,128.07147,361844
185.42773,128.18091,361848
185.42773,128.18091,361883
185.42773,128.18091,361886
185.42773,128.18091,361890
184.90776,128.18091,361894
184.67091,128.81258,361898
184.85468,129.57059,361902
184.8012,130.0878,361906
184.7076,130.99292,361910
184.64073,131.63945,361914
184.56572,132.28506,361918
184.4607,133.18895,361922
184.35568,134.09282,361926
184.34854,134.74275,361930
184.33853,135.65265,361934
184.32854,136.56255,361938
184.32281,137.08249,361941
184.18,137.5945,361945
184.18,137.97928,361949
184.18,138.6259,361953
184.18,139.50485,361957
184.18,139.50485,361961
184.18,139.50485,361965
184.18,140.15482,361969
184.05984,140.46442,361973
183.84114,140.605,361977
183.34123,140.92223,361980
182.39224,141.34738,361984
181.68228,141.6703,361988
180.97209,141.99277,361991
180.97209,141.99277,361995
180.97209,141.99277,362000
181.75206,141.99277,362004
182.41992,141.67026,362008
183.1389,141.11255,362011
183.4487,140.87567,362015
183.64925,140.80072,362019
183.82973,140.4794,362023
184.03044,139.89566,362027
184.02,138.88144,362031
184.02,138.42992,362035
184.06827,137.78175,362039
184.1358,136.8743,362042
184.21301,135.83723,362046
184.29985,134.67052,362050
184.38751,133.8955,362054
184.48978,132.9913,362058
184.59204,132.08711,362061
184.66713,131.57259,362065
184.79854,130.67218,362069
184.8924,130.02902,362072
184.9949,129.51926,362076
185.1743,128.62715,362080
185.17995,128.40945,362083
185.53096,128.11716,362087
186.68158,127.51264,362091
187.4832,127.08204,362095
187.9417,126.83677,362099
188.09001,126.07104,362103
188.16415,125.68817,362107
188.19586,125.356415,362111
188.67197,124.92229,362114
189.02875,124.58796,362118
189.02992,124.316124,362122
189.22026,123.99321,362126
189.53374,123.97991,362129
189.53374,123.97991,362133
189.53374,123.97991,362137
189.53374,123.97991,362140
189.53374,123.97991,362172
189.53374,123.97991,362175
188.88377,123.97991,362179
189.03,124.29046,362183
189.12216,124.90927,362187
189.16826,125.03082,362191
189.16826,125.03082,362195
188.66336,125.15514,362199
188.44145,125.17995,362203
188.17741,125.41476,362207
188.18,126.452866,362211
188.18,126.452866,362215
188.18,126.452866,362219
187.53003,126.452866,362223
186.81004,126.91206,362227
186.05342,127.62514,362231
185.57278,128.06268,362235
185.57278,128.06268,362269
185.57278,128.06268,362272
185.57278,128.06268,362276
184.92282,128.06268,362280
184.82042,128.69327,362284
185.04262,129.70905,362288
185.17525,130.34534,362292
185.17525,130.34534,362295
185.17525,130.34534,362299
185.17525,129.69537,362304
185.18,128.91608,362307
185.18,128.65717,362312
185.17995,128.43382,362316
185.49966,128.13857,362320
186.30473,127.71466,362324
187.10654,127.28439,362328
187.90863,126.85467,362332
188.01746,126.34621,362335
188.17998,125.58352,362339
188.19077,125.367485,362343
188.76054,124.84715,362347
189.02922,124.59631,362351
189.02994,124.3182,362355
189.0585,124.16279,362358
189.67102,123.97998,362362
190.43652,123.97998,362365
191.29207,124.13514,362369
191.59886,124.18184,362373
191.82,124.67813,362377
191.82,124.935974,362381
191.82,124.935974,362385
191.82,124.935974,362389
192.46999,124.935974,362393
192.24538,125.12452,362396
192.89513,125.14178,362400
193.80475,125.16594,362404
194.71436,125.18,362408
195.49306,125.18,362411
196.27211,125.18,362414
197.18195,125.17999,362418
198.22157,125.17999,362422
199.13069,125.18,362426
199.38976,125.17999,362430
200.03903,125.17999,362434
200.29805,125.17999,362438
200.62642,125.18923,362442
200.82458,125.599754,362446
200.82,126.50488,362450
200.82,126.50488,362454
200.82,126.50488,362458
201.34007,126.50488,362461
202.37518,126.58406,362465
203.27875,126.69163,362469
203.92677,126.741806,362473
204.79536,126.82,362476
205.31412,126.82001,362480
205.4395,126.82001,362484
205.65913,126.79675,362488
206.09406,126.31585,362492
206.4363,125.92437,362495
206.4363,125.92437,362499
206.4363,125.92437,362503
207.08626,125.92437,362507
207.10748,125.31985,362511
206.86873,124.71532,362542
206.86873,124.71532,362572
206.86873,124.71532,362575
206.86873,124.71532,362579
206.86873,124.19534,362582
206.24683,124.12427,362585
205.99806,124.17998,362589
205.99806,124.17998,362593
206.38109,124.179985,362597
206.67606,124.21847,362601
206.95827,124.48762,362604
207.47789,124.46826,362608
207.89128,124.15287,362612
208.20132,123.91632,362615
208.85063,123.8868,362619
209.75946,123.84548,362622
210.53856,123.82001,362652
210.53856,123.82001,362655
210.92729,123.8201,362660
210.92729,123.8201,362664
210.27826,123.82,362668
209.3687,123.82,362671
208.59084,123.82001,362675
208.18497,123.655106,362678
207.52179,123.03202,362681
206.8723,123.00735,362684
206.99835,122.926384,362687
206.34734,122.90613,362691
205.5674,122.899734,362694
204.3975,122.8884,362698
203.74757,122.88217,362702
203.1304,123.08604,362706
202.3898,123.33068,362710
201.76291,123.502304,362714
201.51215,123.57096,362718
200.99257,123.59102,362722
200.7562,123.69929,362726
200.21439,123.82001,362730
199.9554,123.82001,362734
199.17548,123.82,362738
198.39563,123.82001,362741
197.48589,123.82,362745
196.44675,123.82001,362749
196.05836,123.82001,362753
195.40843,123.82,362757
194.62857,123.82,362761
193.71883,123.82,362764
192.67958,123.82,362768
192.29076,123.8201,362772
191.65555,123.95784,362776
191.27443,124.04049,362780
190.78769,123.97712,362784
190.78769,123.97712,362788
190.78769,123.97712,362792
190.78769,123.97712,362795
190.78769,123.97712,362825
190.78769,123.97712,362829
191.30766,123.97712,362832
191.73235,124.23478,362835
191.82,124.684685,362839
191.82002,124.94246,362843
191.82002,124.94246,362847
191.82002,124.94246,362851
191.82002,124.94246,362855
191.82002,124.68504,362859
191.8089,124.3746,362863
191.54955,124.16991,362866
190.8553,123.966286,362870
189.86673,123.97997,362874
189.51048,123.97997,362878
189.32054,123.97997,362881
189.02988,124.234825,362885
189.07181,124.139984,362888
188.63788,123.87853,362892
188.42374,123.82005,362895
188.17256,123.44671,362899
188.1668,123.18678,362902
188.1668,123.18678,362906
188.1668,123.18678,362909
187.64682,123.18678,362912
187.17029,123.83096,362916
186.99397,124.85542,362920
186.91934,125.2382,362924
186.57951,125.94023,362928
186.23967,126.642265,362931
186.06976,126.993286,362935
185.75829,127.56376,362939
185.50911,128.02014,362942
185.50911,128.02014,362976
185.50911,128.02014,362979
185.50911,128.02014,362983
184.85915,128.02014,362987
184.93314,128.25487,362991
185.0053,128.83168,362995
184.93954,129.60886,362998
184.82896,130.38095,363002
184.71838,131.15303,363006
184.6631,131.53906,363010
184.58571,132.18442,363014
184.47736,133.08789,363018
184.369,133.99138,363022
184.34969,134.6404,363026
184.34064,135.55031,363030
184.32857,136.5902,363034
184.32262,137.11012,363038
184.16682,137.48701,363042
184.17998,138.0003,363046
184.18,138.64667,363050
184.18,139.40703,363054
184.18,139.40703,363059
184.18,139.40703,363063
184.18,140.05699,363068
183.96275,140.45981,363073
183.79433,140.6347,363078
183.28749,140.94939,363082
182.45563,141.31798,363086
181.62753,141.69518,363089
181.0357,141.96388,363093
181.0357,141.96388,363098
181.0357,141.96388,363102
181.55568,141.96388,363106
182.34976,141.59346,363110
182.99715,141.15854,363114
183.43091,140.87178,363118
183.63226,140.80824,363122
183.83241,140.5249,363126
184.01987,139.94109,363130
184.02002,139.0562,363134
184.02002,138.37901,363138
184.06888,137.73088,363142
184.13728,136.8235,363146
184.20569,135.91612,363150
184.28387,134.87912,363154
184.37823,133.97423,363158
184.48108,133.0701,363162
184.5686,132.29506,363166
184.69272,131.39372,363170
184.80582,130.62201,363173
184.88094,130.10748,363177
185.00752,129.46997,363180
185.15944,128.70494,363184
185.1887,128.3724,363188
185.695,128.02821,363192
186.50024,127.6045,363196
187.41788,127.11517,363200
187.99158,126.80968,363204
188.09554,126.168076,363208
188.1787,125.65479,363211
188.17995,125.431946,363215
188.70152,124.900314,363219
189.02737,124.566574,363223
189.02992,124.31103,363227
189.08696,124.10651,363230
190.0151,123.93853,363234
191.05197,123.85973,363238
191.21162,123.9217,363242
191.21162,123.9217,363246
190.69476,123.97857,363249
190.69476,123.97857,363253
190.81555,123.97996,363257
190.81555,123.97996,363259
190.81555,123.97996,363289
190.81555,123.97996,363293
191.46552,123.97996,363297
191.74493,124.23922,363300
191.82,124.82961,363304
191.82,124.95809,363307
191.82,124.95809,363312
191.82,124.70049,363316
191.81403,124.388145,363320
191.45842,124.17468,363324
190.89093,123.96899,363328
190.13582,123.97997,363331
189.52473,123.97997,363335
189.29239,123.983376,363339
189.0325,124.22349,363343
189.0799,124.126564,363347
188.63356,123.88006,363350
188.4204,123.82005,363354
188.17393,123.56956,363357
188.16605,123.17966,363361
188.16605,123.17966,363365
188.16605,123.17966,363369
187.51608,123.17966,363373
187.16197,123.82278,363377
186.9884,124.84798,363381
186.91815,125.23158,363385
186.57957,125.93422,363389
186.18457,126.75397,363393
186.07172,126.98818,363397
185.76054,127.55882,363401
185.5116,128.01534,363405
185.5116,128.01534,363440
185.5116,128.01534,363443
185.5116,128.01534,363447
184.86163,128.01534,363451
185.04973,128.31247,363455
184.99472,128.96011,363459
184.9397,129.60774,363462
184.84755,130.25114,363466
184.73697,131.02322,363469
184.66325,131.53795,363473
184.58585,132.18329,363477
184.4775,133.08678,363481
184.36914,133.99025,363485
184.34883,134.76927,363489
184.34079,135.5492,363493
184.3302,136.45908,363497
184.32266,137.10901,363501
184.16684,137.48706,363505
184.18,138.00034,363510
184.17998,138.64671,363514
184.18,139.40707,363518
184.18,139.40707,363522
184.18,139.40707,363526
184.18,140.05704,363531
183.96275,140.45984,363535
183.79433,140.63474,363539
183.28746,140.94942,363543
182.4565,141.32008,363547
181.62779,141.69594,363551
181.03574,141.96414,363555
181.03574,141.96414,363559
181.03574,141.96414,363563
181.68571,141.96414,363567
182.46738,141.57645,363571
183.20456,141.04305,363575
183.61499,140.81497,363579
183.82,140.4427,363583
184.0336,139.85951,363587
184.02002,138.96988,363591
184.02002,138.4045,363595
184.06857,137.75635,363599
184.13655,136.84894,363603
184.19481,136.07115,363607
184.27249,135.03412,363611
184.30162,134.64522,363615
184.37492,133.9994,363619
184.47754,133.09525,363623
184.5948,132.06194,363627
184.68893,131.41882,363631
184.78305,130.7757,363634
184.87717,130.13258,363638
185.02856,129.36746,363642
185.17995,128.60233,363646
185.18353,128.38634,363650
185.67616,128.03867,363654
186.48154,127.615234,363658
187.28432,127.1868,363662
187.97258,126.81989,363665
188.08415,126.17957,363669
188.17342,125.66732,363673
188.17995,125.44306,363677
188.58939,124.99312,363681
189.02802,124.575325,363684
189.02994,124.31307,363688
189.11125,124.07484,363691
190.07603,123.93176,363694
190.8538,123.87405,363697
191.63115,123.82001,363700
192.54028,123.82001,363704
192.2817,123.82001,363708
191.76776,123.899025,363711
190.90465,123.9677,363714
190.8415,123.9799,363718
189.96759,123.97998,363722
189.56325,123.97998,363725
189.34052,123.97998,363729
188.85867,124.48008,363732
188.51622,125.03251,363736
188.34583,125.217415,363740
188.17068,125.56955,363743
188.16222,126.47946,363747
187.7223,126.75667,363751
186.84245,127.31107,363755
186.0726,127.79618,363759
185.63268,128.07338,363763
185.42845,128.18039,363767
185.15143,128.56705,363771
185.145,128.69858,363775
185.01929,129.33627,363779
184.969,129.59135,363783
184.86931,130.23363,363787
184.70982,131.26128,363791
184.65001,131.64664,363795
184.57266,132.29199,363799
184.47983,133.0664,363803
184.35608,134.09895,363807
184.28442,134.61397,363811
184.14114,135.644,363815
183.99785,136.67403,363819
183.89038,137.44655,363823
183.82002,137.96156,363827
184.0286,138.37769,363831
184.02,139.2826,363835
184.17664,139.4901,363839
184.17664,139.4901,363842
184.17664,139.4901,363881
184.17664,139.4901,363886
184.17664,140.01007,363890
183.97177,140.43013,363894
183.80338,140.6087,363898
183.44452,140.87837,363902
182.73169,141.19473,363906
181.9031,141.57086,363910
181.19272,141.89288,363914
180.95593,142.00023,363918
180.95593,142.00023,363922
181.4267,141.77942,363926
182.25052,141.39299,363930
183.07434,141.00656,363934
183.42741,140.84094,363938
183.6336,140.80766,363943
183.83255,140.52122,363946
184.02101,139.93741,363950
184.02,138.9264,363954
184.02,138.37581,363958
184.16466,137.87636,363962
184.17998,137.51149,363966
184.22226,137.31702,363970
184.7445,137.18,363974
185.00317,137.18,363978
185.00317,137.18,363983
185.05371,136.532,363987
185.12447,135.6248,363991
185.18,134.8472,363995
185.18,133.80885,363999
185.18001,132.89906,364003
185.18,132.1193,364006
185.18,131.21,364010
185.18,130.82133,364014
185.18,130.17148,364018
185.18,129.26198,364022
185.18,128.61397,364025
185.18,128.3982,364029
185.50851,128.1681,364033
186.28781,128.18001,364037
187.19739,128.18001,364041
187.97499,128.17998,364045
187.97499,128.17998,364049
187.97499,128.17998,364053
187.97499,127.530014,364058
188.13367,126.91379,364062
188.16327,126.39465,364065
188.18,125.61693,364069
188.18,125.400566,364072
188.55983,125.17999,364076
188.94865,125.17999,364079
188.94865,125.17999,364083
188.94865,125.17999,364087
188.94865,125.17999,364091
189.03561,124.69043,364095
189.02992,124.35513,364098
189.2634,123.99017,364129
189.2634,123.99017,364132
189.2634,123.99017,364136
189.77525,123.96871,364139
190.7957,123.97998,364143
191.397,124.17996,364147
191.59491,124.18075,364151
191.82127,124.41084,364154
191.82002,124.92579,364158
191.82002,124.92579,364162
191.82002,124.92579,364166
192.34,124.92579,364170
193.11754,124.97582,364173
194.15317,125.07032,364177
195.18907,125.162094,364181
195.57735,125.17999,364185
196.0973,125.18,364188
197.00716,125.17999,364192
197.78696,125.18,364196
198.69652,125.18,364200
199.47435,125.17999,364203
199.99377,125.17999,364207
200.38199,125.17999,364211
200.59447,125.17999,364215
200.81436,125.38962,364219
200.82,126.42114,364223
200.82,126.42114,364227
200.82,126.42114,364231
201.46999,126.42114,364235
202.37097,126.528725,364239
203.26855,126.67824,364243
203.916,126.73545,364247
204.17497,126.75834,364251
204.65282,126.82147,364255
205.43045,126.820015,364259
205.43045,126.820015,364263
205.65062,126.801506,364267
206.08766,126.324486,364271
206.42943,125.93262,364275
206.42943,125.93262,364279
206.42943,125.93262,364283
206.9494,125.93262,364287
207.10419,125.3267,364291
206.86899,124.72078,364322
206.86899,124.72078,364325
206.68617,124.2317,364329
206.01515,123.61708,364358
206.01515,123.61708,364362
205.82706,123.43759,364366
205.48897,123.171364,364370
204.5881,123.04359,364373
203.81714,122.92551,364376
203.3177,123.070244,364379
202.44373,123.323555,364382
201.81581,123.49141,364386
201.43906,123.592125,364390
201.0491,123.59665,364393
200.80695,123.69129,364396
200.26903,123.82,364399
199.88078,123.8201,364402
199.49081,123.82,364404
198.19109,123.82,364407
197.15167,123.82,364411
196.11353,123.820015,364415
195.46361,123.82,364419
194.55377,123.82,364422
193.64404,123.82,364426
192.8645,123.82001,364429
192.21646,123.8201,364432
191.44597,123.9413,364435
190.2054,123.97998,364439
189.56151,123.97998,364443
189.2729,123.98732,364446
188.69466,124.74437,364448
188.55772,124.965385,364451
188.3982,125.17067,364454
188.21883,125.324036,364457
188.16386,126.34237,364461
187.4941,126.87426,364465
186.39676,127.57072,364468
185.63463,128.06787,364471
185.43088,128.18106,364474
185.17525,128.43362,364478
185.01274,129.32895,364482
184.96631,129.58475,364486
184.8282,130.48416,364489
184.65062,131.64055,364493
184.58876,132.15683,364497
184.48051,133.06032,364502
184.38773,133.83475,364506
184.35678,134.09288,364511
184.30307,134.47916,364515
184.19562,135.25168,364519
184.07027,136.15295,364523
183.94492,137.05423,364527
183.82,137.9555,364529
184.02727,138.28606,364534
184.02,139.1849,364538
184.02,139.94286,364542
183.88254,140.3078,364546
183.80974,140.62892,364551
183.42075,140.89456,364556
182.5892,141.26393,364559
181.75983,141.63829,364564
181.16728,141.90541,364568
181.04877,141.95883,364603
181.04877,141.95883,364607
181.04877,141.95883,364611
181.82872,141.95883,364615
182.81139,141.50235,364618
183.37646,140.96492,364622
183.67049,140.78978,364627
183.67049,140.78978,364662
183.67049,140.78978,364667
183.67049,140.78978,364672
184.32045,140.78978,364677
184.41092,140.29822,364682
184.17635,139.5545,364687
184.02002,138.69019,364692
184.02002,138.37987,364694
183.9949,137.86093,364697
183.9299,136.82303,364701
183.87381,135.9148,364706
183.82559,135.13632,364710
183.82,134.61818,364714
183.82,134.61818,364718
183.82,134.61818,364721
183.82,134.0982,364725
183.82,133.18832,364729
183.82,132.27858,364734
183.82,131.23933,364737
183.82,130.8505,364740
183.82,130.0707,364745
183.82,129.29114,364749
183.82,128.64288,364753
183.82,128.42184,364757
183.67517,128.21965,364761
182.92363,128.18001,364765
181.7543,128.18,364769
180.9767,128.18,364773
180.9767,128.18,364777
180.9767,128.18,364782
181.75667,128.18,364786
182.62816,127.566414,364791
183.18048,127.24617,364795
184.00662,126.86469,364798
184.58339,126.349754,364802
185.23454,125.71419,364806
185.98175,124.99088,364810
186.82187,124.17665,364814
187.1953,123.81482,364854
187.1953,123.81482,364857
187.66206,123.3625,364860
187.94212,123.09111,364864
188.12901,123.43339,364867
188.19467,123.64111,364871
188.6769,123.84304,364875
189.58342,123.91269,364879
190.35658,123.97998,364883
190.7352,123.97998,364887
191.21706,124.09247,364891
191.638,124.19646,364895
191.638,124.19646,364899
191.638,124.19646,364903
192.54796,124.19646,364906
192.22508,123.879944,364909
192.8748,123.861984,364913
193.65446,123.84042,364917
194.82391,123.82001,364920
195.6019,123.82001,364923
196.3818,123.82,364926
197.42159,123.82,364930
198.85063,123.82,364933
199.3691,123.82001,364936
199.88863,123.82001,364940
200.27751,123.82001,364943
200.607,123.81776,364946
200.82002,123.29864,364950
200.82,123.16996,364954
200.82,123.16996,364957
201.40404,122.65299,364960
202.0854,122.049866,364991
202.0854,122.049866,364993
202.33745,122.11361,364997
202.76868,121.62729,365001
203.37239,120.94645,365005
203.56819,120.81735,365009
203.56819,120.81735,365045
203.56819,120.81735,365048
203.56819,120.81735,365052
204.21815,120.81735,365056
204.10445,120.68826,365060
203.93805,120.06872,365063
204.02003,119.15427,365066
204.02003,119.15427,365070
204.02003,119.15427,365074
204.02003,118.63429,365078
204.16602,117.740944,365081
204.17998,117.408516,365085
204.40085,117.181786,365089
205.04283,117.17999,365092
205.04283,117.17999,365095
205.04283,117.17999,365098
205.04283,117.17999,365100
204.65613,117.17999,365104
204.44156,117.17999,365108
204.18616,117.38819,365112
204.17998,117.64499,365115
204.00842,118.261604,365118
204.02003,118.90157,365121
204.02,119.54074,365125
203.83525,120.402,365129
203.7767,120.682434,365133
203.15903,121.14989,365136
201.89297,122.06115,365139
201.26091,122.518135,365143
200.9448,122.7465,365147
200.83476,123.2547,365150
200.82002,123.59278,365153
200.46013,123.82496,365156
199.94168,123.82001,365159
199.42174,123.82001,365163
198.38193,123.82001,365167
197.4722,123.82,365171
196.56282,123.82,365175
196.04474,123.82001,365179
195.39482,123.82,365183
194.48499,123.82,365186
193.31549,123.82001,365189
192.27771,123.82001,365193
191.7638,123.89913,365197
190.77338,123.97997,365201
189.90758,123.97997,365205
189.52997,123.97997,365208
189.29456,123.98301,365211
188.70972,124.7076,365214
188.50798,125.04135,365218
188.33586,125.22169,365222
188.16829,125.59016,365225
188.1616,126.50009,365228
187.60988,126.8437,365231
186.61679,127.46219,365235
185.84439,127.94324,365239
185.6237,128.08067,365243
185.41943,128.1804,365246
185.17438,128.46007,365249
185.17284,128.59264,365253
185.0437,129.22964,365257
184.96623,129.61185,365261
184.86642,130.2541,365264
184.66682,131.53864,365268
184.58862,132.18387,365271
184.44783,133.34532,365276
184.35397,134.11961,365280
184.2643,134.76337,365285
184.1567,135.53586,365288
184.01321,136.56587,365291
183.83386,137.85336,365294
183.97458,138.16592,365298
184.02,139.04321,365302
184.02,139.29997,365307
184.17996,139.50404,365312
184.17996,139.50404,365316
184.17996,139.50404,365349
184.17996,139.50404,365354
184.17996,140.02402,365358
184.05989,140.46382,365363
183.84131,140.60458,365368
183.46143,140.87117,365372
182.51126,141.29361,365376
181.80133,141.61661,365380
181.09105,141.93886,365383
180.97267,141.99257,365386
180.97267,141.99257,365390
181.5611,141.71652,365394
182.26721,141.38525,365398
182.97333,141.05399,365402
183.32639,140.88835,365407
183.64288,140.80338,365411
183.8256,140.3661,365416
184.02002,139.65442,365419
184.02,138.44218,365423
184.17998,137.81503,365427
184.1932,137.36671,365432
184.63934,137.17798,365437
185.02748,137.17998,365442
185.02748,137.17998,365445
185.02748,137.17998,365449
185.02748,136.40002,365454
185.099,135.49402,365459
185.18,134.5898,365463
185.18,133.93988,365467
185.18,132.9001,365471
185.18,131.73064,365474
185.17998,130.82288,365477
185.18,130.17302,365481
185.18,129.2635,365486
185.18,128.61548,365490
185.17993,128.3994,365494
185.38203,128.18878,365498
186.15414,128.18,365502
187.19363,128.18,365506
187.97127,128.18,365510
187.97127,128.18,365514
187.97127,128.18,365519
187.97127,127.66001,365523
188.14987,126.91169,365527
188.17397,126.39227,365531
188.18,125.61441,365535
188.18,125.398544,365540
188.56416,125.18,365545
188.95297,125.17999,365549
188.95297,125.17999,365554
188.95297,125.17999,365559
188.95297,125.17999,365563
189.036,124.691605,365568
189.02992,124.32481,365573
189.26288,123.99032,365614
189.26288,123.99032,365618
189.26288,123.99032,365622
189.90459,123.97155,365627
190.67087,123.97998,365630
191.39647,124.17996,365634
191.59438,124.18061,365639
191.82765,124.53707,365643
191.82,124.92438,365648
191.82,124.92438,365652
191.82,124.92438,365657
192.34007,124.92438,365661
193.24698,124.98721,365665
194.0237,125.05827,365669
194.93007,125.138885,365673
195.57732,125.17999,365677
196.22725,125.17999,365681
197.13708,125.17999,365686
198.17673,125.18,365690
198.95613,125.18,365693
199.47421,125.179985,365697
200.25284,125.18,365700
200.59435,125.179955,365704
200.83084,125.51437,365708
200.82,126.42078,365712
200.82,126.42078,365716
200.82,126.42078,365719
201.47006,126.42078,365722
202.75514,126.57226,365726
203.26556,126.67146,365730
203.91269,126.7323,365733
204.17152,126.75664,365736
205.03752,126.82,365739
205.4257,126.8201,365743
205.4257,126.8201,365748
205.64603,126.80386,365751
206.08412,126.32902,365754
206.42574,125.937004,365757
206.42574,125.937004,365760
206.42574,125.937004,365764
207.0757,125.937004,365767
207.2155,125.255974,365770
206.89868,124.688446,365800
206.89868,124.688446,365828
206.89868,124.688446,365832
206.89868,124.688446,365836
206.89868,123.90848,365839
206.89868,123.5185,365843
206.25131,123.460464,365847
205.87749,123.376396,365850
205.12654,123.12305,365853
204.09785,122.97102,365856
203.71262,122.91034,365859
202.84583,123.18726,365862
202.47435,123.30595,365866
201.84766,123.47834,365871
201.47165,123.58177,365874
200.95184,123.595085,365877
200.83545,123.65296,365881
200.34933,123.82183,365885
199.96057,123.82001,365888
199.18066,123.82001,365891
198.01094,123.82,365894
196.71188,123.82,365898
196.06409,123.8201,365901
195.41417,123.82,365904
194.50432,123.82001,365908
193.59464,123.82001,365910
192.42596,123.82001,365913
191.6544,123.92058,365916
190.79451,123.973946,365920
190.16702,123.97997,365923
189.53995,123.97997,365926
189.26245,123.989944,365929
188.78056,124.58932,365933
188.51192,125.034515,365937
188.34192,125.21932,365942
188.16846,125.70777,365946
188.16193,126.4877,365951
187.72144,126.76399,365955
186.95056,127.24748,365959
186.28981,127.66191,365963
185.62906,128.07634,365967
185.4248,128.1804,365971
185.15082,128.57553,365976
184.9874,129.47069,365980
184.88533,130.11255,365984
184.767,130.88348,365988
184.64851,131.65439,365992
184.5713,132.29976,365997
184.47864,133.07419,366001
184.37053,133.9777,366006
184.26505,134.75047,366011
184.13963,135.65175,366016
184.0323,136.42429,366020
183.90706,137.32559,366025
183.82,137.96936,366030
183.99217,138.1955,366034
184.02,138.94371,366038
184.02,139.8344,366042
183.87961,140.32196,366047
183.82005,140.53952,366052
183.5631,140.82738,366056
182.73088,141.1949,366061
182.02081,141.51762,366065
181.07361,141.94691,366070
180.9552,142.00058,366075
180.9552,142.00058,366117
180.9552,142.00058,366121
181.60516,142.00058,366126
181.21692,142.04802,366130
181.78255,141.70403,366135
182.5907,141.28584,366140
183.39769,140.86539,366145
183.60078,140.81946,366149
183.60078,140.81946,366196
183.60078,140.81946,366201
183.60078,140.81946,366206
184.12076,140.81946,366211
184.30772,140.20201,366216
184.09558,139.45233,366220
184.02002,138.48361,366225
184.02002,138.39102,366230
184.02002,138.39102,366235
184.17996,137.766,366239
184.21504,137.32707,366244
184.59366,137.17754,366249
184.98215,137.18,366254
184.98215,137.18,366259
184.98215,137.18,366264
184.98215,136.52994,366268
185.04384,135.88364,366272
185.15121,134.98004,366277
185.18,134.59286,366282
185.18001,133.94293,366286
185.18,133.0331,366290
185.18,132.12338,366295
185.18001,131.21408,366300
185.18,130.8254,366305
185.18001,130.3055,366309
185.18,129.39589,366314
185.18,128.61797,366319
185.18,128.4014,366324
185.49815,128.1674,366328
186.27745,128.18001,366332
187.18704,128.18,366336
187.96475,128.18,366340
187.96475,128.18,366345
187.96475,128.18,366349
187.96475,127.53003,366353
188.09975,126.91786,366357
188.15108,126.26992,366361
188.18,125.62245,366366
188.17993,125.40503,366370
188.55011,125.17919,366374
188.93896,125.17999,366378
188.93896,125.17999,366382
188.93896,125.17999,366388
188.93896,125.17999,366393
189.06383,124.75269,366397
189.02992,124.32331,366402
189.26448,123.98987,366441
189.26448,123.98987,366445
189.26448,123.98987,366450
189.90652,123.971504,366454
190.79697,123.97997,366458
191.39812,124.17996,366462
191.59601,124.18104,366467
191.822,124.41335,366471
191.82,124.92864,366476
191.82,124.92864,366481
191.82,124.92864,366486
192.47006,124.92864,366491
192.36757,125.095474,366495
192.89435,125.14636,366499
193.80405,125.16733,366503
194.58372,125.18,366507
195.36282,125.18,366511
196.27141,125.18,366515
197.3112,125.17999,366520
198.09096,125.18,366524
199.13005,125.18,366529
199.38911,125.1799,366533
200.0384,125.17999,366537
200.29742,125.17999,366542
200.62582,125.18899,366546
200.83197,125.468475,366550
200.82,126.37534,366554
200.82,126.50341,366558
200.82,126.50341,366563
201.46799,126.55538,366568
202.24545,126.61775,366572
203.1525,126.69051,366576
203.8008,126.73696,366580
204.18983,126.764,366585
204.67018,126.82001,366590
205.31877,126.82001,366594
205.44406,126.82001,366599
205.66331,126.79425,366603
206.09705,126.31146,366608
206.43962,125.92028,366613
206.43962,125.92028,366617
206.43962,125.92028,366622
206.9596,125.92028,366626
207.0654,125.42369,366630
206.83414,124.6788,366672
206.83414,124.6788,366714
206.83414,124.6788,366718
206.83414,124.6788,366723
206.83414,124.02884,366727
206.79132,124.15647,366731
206.26958,123.76886,366735
205.95653,123.5363,366739
205.78984,123.35542,366743
205.29613,123.138535,366747
204.26665,122.99151,366751
203.75238,122.9147,366755
203.25554,123.06805,366759
202.51025,123.29806,366763
201.75848,123.50559,366767
201.50746,123.57327,366772
200.98782,123.59185,366776
200.75175,123.70076,366781
200.20857,123.82001,366785
199.9496,123.82001,366790
199.42967,123.82,366795
198.38986,123.82,366800
197.48015,123.82,366804
196.70062,123.82001,366808
196.05263,123.82001,366813
195.53268,123.82,366817
194.62283,123.82,366821
193.84305,123.82,366825
192.93349,123.82,366829
192.28497,123.82001,366834
191.64255,123.91866,366839
190.78076,123.97964,366843
189.91405,123.97997,366847
189.53328,123.97997,366851
189.32893,123.97997,366855
188.87314,124.447,366859
188.53381,125.00136,366863
188.37299,125.20564,366868
188.16994,125.640274,366872
188.16275,126.420204,366877
187.72707,126.70403,366881
187.07355,127.12977,366885
186.31111,127.62646,366889
185.6576,128.05219,366893
185.34799,128.20003,366897
185.12897,128.7243,366901
185.17194,128.6006,366905
185.04245,129.23753,366909
184.96477,129.6197,366913
184.86504,130.26198,366918
184.7254,131.16115,366923
184.66557,131.54651,366928
184.60306,132.06271,366932
184.47803,133.09512,366937
184.36862,133.99847,366942
184.2809,134.64247,366947
184.1732,135.41496,366951
184.06569,136.18748,366955
183.94025,137.08875,366960
183.83272,137.86125,366964
184.02441,138.27193,366968
184.02002,139.17865,366972
184.18005,139.5092,366977
184.18005,139.5092,366982
184.18005,139.5092,367027
184.18005,139.5092,367032
184.18005,140.15916,367037
184.05943,140.46764,367042
183.84009,140.60721,367047
183.45816,140.87367,367052
182.74536,141.19014,367056
181.79814,141.61938,367061
180.96907,141.99445,367066
180.96907,141.99445,367071
180.96907,141.99445,367076
181.48904,141.99445,367081
182.17732,141.69958,367085
182.93506,141.19585,367090
183.36993,140.9108,367095
183.67403,140.78516,367100
183.81999,140.2893,367105
184.0328,139.83414,367110
184.02,139.06973,367114
184.02,138.38763,367119
184.16315,137.88776,367123
184.17998,137.52162,367128
184.21663,137.32475,367132
184.59848,137.17729,367137
184.98694,137.18,367141
184.98694,137.18,367146
184.98694,137.18,367152
184.98694,136.65993,367156
185.04819,135.88359,367160
185.16826,134.8506,367165
185.18,133.9425,367169
185.18001,133.03265,367174
185.18,132.12294,367179
185.18,131.34346,367183
185.18,130.82494,367187
185.18,130.30505,367191
185.18,129.26558,367196
185.18,128.61754,367201
185.18,128.40106,367205
185.49924,128.16743,367209
186.79765,128.18,367212
187.57668,128.18,367215
187.96486,128.18,367220
187.96486,128.18,367224
187.96486,128.18,367229
187.96486,127.52993,367232
188.05074,126.91237,367235
188.12302,126.26643,367239
188.18,125.62053,367243
188.18,125.40348,367247
188.81299,125.17999,367250
188.94241,125.17999,367254
188.94241,125.17999,367259
189.0351,124.6888,367264
189.02992,124.35417,367268
189.2641,123.989975,367297
189.2641,123.989975,367300
189.2641,123.989975,367305
189.90607,123.97151,367309
190.92131,123.97997,367313
191.39984,124.17996,367317
191.59772,124.1815,367321
191.82523,124.54581,367326
191.82,124.93307,367329
191.82,124.93307,367334
191.82,124.93307,367338
192.33998,124.93307,367342
193.11765,124.98187,367346
194.02397,125.062935,367350
195.18958,125.16363,367354
195.57791,125.17999,367358
196.22784,125.18,367363
197.1377,125.18,367367
198.04742,125.17999,367371
199.08656,125.18,367375
199.47485,125.1799,367380
199.99428,125.18,367384
200.3825,125.1799,367387
200.59485,125.179955,367390
200.83063,125.51583,367393
200.82002,126.42221,367398
200.82002,126.42221,367402
200.82002,126.42221,367405
201.46999,126.42221,367408
202.62767,126.54786,367412
203.2658,126.67138,367415
204.04231,126.74445,367418
204.90791,126.82001,367421
205.42589,126.8201,367424
205.42589,126.8201,367428
205.64621,126.803764,367431
206.16966,126.23084,367434
206.42587,125.93684,367437
206.42587,125.93684,367442
206.42587,125.93684,367447
207.07585,125.93684,367451
207.10246,125.33021,367456
206.8691,124.72359,367495
206.8691,124.72359,367497
206.8691,124.72359,367501
206.8691,123.94363,367505
206.8691,123.42365,367538
206.8691,123.42365,367541
206.21913,123.42143,367545
205.84657,123.32741,367549
205.29231,123.13971,367553
204.52032,123.02859,367557
203.74883,122.91399,367561
203.12798,123.106316,367566
202.38293,123.33711,367569
201.8809,123.47253,367573
201.50438,123.57407,367578
200.98473,123.59217,367582
200.74889,123.701614,367587
200.205,123.82,367592
199.94604,123.8201,367596
199.4261,123.82,367600
198.3863,123.82001,367604
197.60654,123.82001,367608
196.82692,123.82,367612
196.04907,123.82001,367616
195.52913,123.82001,367620
194.61926,123.82,367624
193.70952,123.82,367628
192.67024,123.82,367633
192.28146,123.8201,367637
191.76753,123.89911,367641
190.90443,123.96766,367645
190.84163,123.9799,367649
190.33313,123.97997,367653
189.64375,123.97997,367657
189.30872,123.98101,367662
188.85858,124.48058,367666
188.516,125.032936,367671
188.34546,125.21755,367675
188.17056,125.570274,367679
188.16219,126.480194,367683
187.61223,126.8266,367688
186.84227,127.31156,367693
186.18231,127.72725,367697
185.63235,128.07365,367701
185.42813,128.1804,367706
185.17462,128.43991,367710
185.1281,128.6957,367715
185.03505,129.20728,367719
184.96527,129.59096,367723
184.86664,130.2334,367727
184.70883,131.2613,367732
184.64966,131.64677,367737
184.57239,132.29213,367741
184.4642,133.19563,367745
184.35602,134.09914,367750
184.26646,134.7429,367755
184.1411,135.64418,367759
184.01572,136.54546,367764
183.89035,137.44673,367769
183.82,137.96175,367773
184.0285,138.37805,367777
184.02002,139.15488,367781
184.17674,139.49039,367786
184.17674,139.49039,367790
184.17674,139.49039,367837
184.17674,139.49039,367841
184.17674,140.01036,367846
183.97179,140.43031,367850
183.80333,140.60884,367855
183.32452,140.92888,367860
182.61198,141.24588,367864
181.90219,141.5692,367868
181.07399,141.94617,367873
180.95567,142.00002,367878
180.95567,142.00002,367884
181.66185,141.66887,367889
182.48572,141.28252,367894
183.1919,140.95137,367898
183.63347,140.80772,367903
183.82607,140.39177,367908
183.97612,140.02922,367912
184.02,139.1745,367916
184.02,138.37428,367921
184.17998,137.75003,367926
184.223,137.31606,367931
184.43327,136.70103,367935
184.6856,135.96303,367939
185.02203,134.97899,367943
185.1482,134.60999,367947
185.1482,134.60999,367951
185.1482,134.60999,367956
185.1482,134.09001,367960
185.16132,133.18022,367964
185.18,132.27051,367969
185.18001,131.36104,367973
185.18,130.84242,367977
185.18,130.19257,367982
185.18001,129.41293,367986
185.18,128.63486,367990
185.18,128.41518,367995
185.34213,128.20866,367999
186.23071,128.18,368003
187.27005,128.18001,368008
187.91827,128.18,368012
187.91827,128.18,368017
187.91827,128.18,368022
187.91827,127.66002,368026
188.12915,126.924736,368030
188.16006,126.40568,368034
188.18001,125.62793,368038
188.17995,125.409515,368042
188.53941,125.17455,368047
188.92827,125.17999,368052
188.92827,125.17999,368057
188.92827,125.17999,368062
188.92827,125.17999,368067
189.0631,124.750275,368071
189.02992,124.35218,368075
189.26555,123.98957,368115
189.26555,123.98957,368119
189.26555,123.98957,368124
189.6479,123.966,368128
190.54477,123.97998,368132
191.39595,124.17996,368136
191.59384,124.18047,368140
191.82799,124.53566,368144
191.82,124.92298,368148
191.82,124.92298,368153
191.82,124.92298,368158
192.33998,124.92298,368162
193.24687,124.986115,368166
194.15303,125.06904,368170
194.92989,125.13849,368174
195.57712,125.17999,368178
196.22704,125.18,368183
197.13687,125.17999,368187
198.0466,125.17999,368192
198.95598,125.18,368196
199.47406,125.1799,368200
200.12318,125.18,368205
200.59424,125.17995,368209
200.83087,125.51406,368214
200.82002,126.420456,368218
200.82002,126.420456,368222
200.82002,126.420456,368227
201.34,126.420456,368231
202.24251,126.50813,368235
203.1401,126.65749,368239
203.78635,126.724205,368243
204.17482,126.75841,368248
204.65274,126.82154,368252
205.43039,126.82001,368256
205.43039,126.82001,368260
205.65056,126.801544,368264
206.00217,126.42252,368268
206.42938,125.93268,368272
206.42938,125.93268,368277
206.42938,125.93268,368281
207.07935,125.93268,368285
207.1512,125.44793,368289
206.86899,124.72082,368331
206.86899,124.72082,368334
206.86899,124.72082,368339
206.86899,124.07085,368344
206.86899,123.42088,368384
206.86899,123.42088,368388
206.08904,123.420235,368392
205.84634,123.32698,368396
205.6573,123.1485,368401
205.54346,122.641136,368405
205.46773,121.73776,368409
205.44891,121.088066,368413
205.35507,120.84561,368418
204.93088,120.35314,368422
204.59154,119.95917,368426
204.40942,119.81121,368430
204.19801,119.68126,368435
204.19801,119.68126,368439
204.19801,119.68126,368442
204.19801,119.68126,368444
204.19801,119.68126,368478
204.19801,119.68126,368483
204.19801,120.20123,368487
203.95016,120.53974,368491
203.76823,120.68601,368495
203.26132,121.08074,368499
202.30591,121.75599,368539
202.30591,121.75599,368543
202.45407,121.96962,368548
201.99605,122.21576,368552
201.07999,122.70803,368556
200.84058,123.274315,368560
200.8166,123.61021,368564
200.8166,123.61021,368605
200.8166,123.61021,368609
200.8166,123.61021,368614
201.33658,123.61021,368618
201.79758,124.22831,368623
202.09044,125.089806,368627
202.17543,125.33551,368631
202.19807,125.641365,368636
202.51277,125.831276,368640
203.28831,125.82001,368644
203.28831,125.82001,368648
203.28831,125.82001,368653
203.28831,126.46997,368658
203.93231,126.64201,368663
204.0602,126.66534,368668
204.18405,126.7048,368672
204.7376,126.82,368677
205.38577,126.8201,368682
205.38577,126.8201,368686
205.38577,126.8201,368691
205.90575,126.8201,368696
206.05435,126.753075,368700
206.32237,126.3075,368704
206.66853,125.774864,368708
206.8222,125.41665,368712
206.82,124.6416,368716
206.94917,124.65619,368720
207.45226,124.52473,368725
207.95912,124.11786,368729
208.16187,123.9551,368734
208.68098,123.925186,368738
209.58862,123.872826,368742
210.3673,123.82798,368779
210.3673,123.82798,368783
210.886,123.82,368787
211.52507,124.17994,368791
211.83133,124.50266,368795
211.82,125.02177,368799
211.82,125.02177,368804
211.82,125.02177,368808
212.47006,125.02177,368812
213.248,125.06771,368816
214.15463,125.14531,368820
214.802,125.17999,368824
215.45192,125.18,368829
216.23178,125.18,368833
217.14154,125.18,368837
218.05096,125.18,368841
218.56972,125.179985,368846
219.08957,125.17999,368850
220.12859,125.17999,368854
220.74182,124.79957,368858
221.29494,124.25006,368862
221.95142,123.61995,368866
222.51329,123.07899,368870
222.51329,123.07899,368875
222.51329,123.07899,368880
221.99332,123.07899,368884
221.05801,123.432655,368889
220.85431,123.59419,368893
220.51212,123.83233,368897
219.47298,123.82001,368901
219.08469,123.82001,368905
218.56476,123.82,368909
217.52495,123.82,368913
216.61523,123.82,368918
215.57617,123.82,368922
215.31717,123.8201,368926
214.66725,123.82,368930
213.75742,123.82,368934
212.97763,123.82,368938
212.06815,123.82,368942
211.42009,123.8201,368946
210.77019,123.82,368950
209.73071,123.82001,368954
208.69241,123.82,368958
208.06752,123.53778,368962
207.49629,123.006714,368966
207.14352,122.62471,368970
206.52618,121.9562,368974
205.82065,121.19219,368978
205.64426,121.00119,368982
205.46397,120.81808,368986
205.00795,120.436424,368990
204.58154,119.94587,368994
204.39763,119.81009,368997
204.18,119.29576,369002
204.18,119.29576,369006
204.18,119.29576,369009
204.18,119.815735,369013
203.89566,120.47263,369016
203.79758,120.65131,369020
203.40396,120.97218,369023
202.55937,121.57892,369028
201.82211,122.11227,369032
201.08464,122.645325,369036
200.82187,123.35209,369040
200.78748,123.670616,369044
200.28397,123.82001,369049
200.2838,123.8201,369053
199.89543,123.82001,369056
199.2455,123.82,369060
198.33568,123.82001,369064
197.426,123.82,369068
196.5167,123.82001,369072
196.12788,123.82001,369076
195.60794,123.82,369080
194.69809,123.82,369084
193.78833,123.82001,369088
192.87883,123.82,369092
192.23068,123.82001,369096
191.72366,123.935356,369100
191.21664,124.050705,369104
190.73416,123.97644,369109
190.73416,123.97644,369113
190.73416,123.97644,369118
190.73416,123.97644,369121
190.73416,123.97644,369162
190.73416,123.97644,369167
191.25414,123.97644,369171
191.70717,124.22867,369175
191.82,124.77802,369179
191.82,125.0345,369184
191.82,125.0345,369188
191.82,124.64828,369192
191.82,124.439354,369197
191.63301,124.19551,369201
191.03653,124.02997,369206
190.32906,123.97997,369210
189.5603,123.97997,369215
189.27232,123.98746,369220
189.02525,124.26249,369224
189.0474,124.19383,369228
188.61119,123.898895,369232
188.40471,123.82006,369236
188.16959,123.53678,369240
188.16388,123.14684,369245
188.16388,123.14684,369250
188.16388,123.14684,369255
187.51392,123.14684,369259
187.1446,123.9191,369264
187.01576,124.68822,369268
186.92334,125.19991,369272
186.69952,125.66925,369276
186.19594,126.725266,369281
186.08403,126.95993,369285
185.77394,127.53116,369290
185.52586,127.988144,369294
185.52586,127.988144,369337
185.52586,127.988144,369340
185.52586,127.988144,369345
184.8759,127.988144,369350
185.04553,128.28105,369355
185.08522,128.79951,369359
185.1646,129.83643,369364
185.18,130.35425,369369
185.18001,131.00417,369373
185.18001,131.78403,369377
185.18,132.69379,369382
185.18001,133.47334,369386
185.18,134.12181,369391
185.18,134.12181,369396
185.18,134.12181,369401
185.18,134.77177,369406
184.96541,135.6453,369410
184.6755,136.5078,369415
184.51225,137.00148,369420
184.44804,137.11452,369425
184.24463,137.2919,369430
184.17998,138.01176,369434
184.18,138.658,369439
184.18,139.41756,369443
184.2092,140.06653,369448
184.25227,140.84529,369453
184.30211,141.75389,369458
184.30922,141.88368,369463
184.30922,141.88368,369468
184.31177,141.36372,369472
184.31558,140.58377,369477
184.31876,139.9338,369482
184.17009,139.54778,369487
184.18,138.6431,369491
184.18,138.00116,369495
184.18,137.50858,369500
184.19876,136.98918,369504
184.24153,136.08023,369509
184.28397,135.17128,369514
184.30823,134.65187,369519
184.36552,134.13506,369524
184.45148,133.35985,369528
184.55176,132.45543,369533
184.59473,132.06783,369538
184.66985,131.55331,369543
184.8013,130.65291,369547
184.87642,130.13838,369552
184.97723,129.62828,369557
185.12846,128.86311,369561
185.1816,128.39235,369566
185.55205,128.1019,369570
186.58784,127.55816,369575
187.39061,127.129684,369579
187.96431,126.824196,369583
188.05618,126.3124,369587
188.17104,125.67266,369591
188.20352,125.342125,369594
188.68622,124.91107,369598
189.0281,124.57724,369602
189.02994,124.31353,369606
189.1843,124.01239,369610
189.94418,123.93384,369614
190.85165,123.86676,369618
191.7586,123.82001,369622
192.27855,123.82,369626
193.1884,123.82,369630
194.22806,123.82,369635
195.13737,123.82001,369639
195.65526,123.820015,369644
195.65526,123.820015,369648
195.13533,123.82,369652
194.22551,123.82001,369656
193.31583,123.82001,369660
192.27765,123.82001,369665
191.76373,123.89914,369669
190.90047,123.966835,369673
190.0246,123.97998,369677
189.52948,123.97998,369681
189.29436,123.98304,369686
188.7768,124.60855,369690
188.504,125.051216,369695
188.32828,125.22419,369699
188.16762,125.605125,369703
188.16139,126.51506,369708
187.60835,126.85652,369712
186.94469,127.26627,369716
186.17043,127.74432,369721
185.61737,128.08578,369725
185.41307,128.1804,369729
185.15387,128.6024,369733
184.9849,129.49652,369737
184.88191,130.13821,369741
184.76335,130.90912,369745
184.66441,131.55151,369749
184.5864,132.19678,369754
184.47716,133.10014,369758
184.36794,134.00352,369762
184.24417,134.905,369767
184.1365,135.67749,369771
184.01112,136.57877,369775
183.88574,137.48004,369780
183.82002,137.99506,369785
184.03293,138.32616,369789
184.02,139.09764,369793
183.8728,140.34563,369797
183.82005,140.55971,369802
183.40665,140.89594,369807
182.57324,141.26065,369811
181.74586,141.6394,369816
181.03624,141.9631,369821
181.03624,141.9631,369859
181.03624,141.9631,369863
181.03624,142.61307,369868
180.87637,142.37827,369872
181.43515,142.04626,369876
182.21744,141.58145,369880
182.99973,141.11665,369884
183.33499,140.91745,369888
183.64438,140.80263,369893
183.64438,140.80263,369936
183.64438,140.80263,369939
183.64438,140.80263,369944
184.16435,140.80263,369948
184.24826,140.17697,369952
184.05846,139.42134,369956
184.02002,138.67603,369960
184.02002,138.37053,369965
184.02002,138.37053,369970
184.17998,137.74646,369975
184.22481,137.31374,369979
184.62187,137.17711,369982
185.01016,137.18,369986
185.01016,137.18,369991
185.01016,137.18,369996
185.01016,136.53003,370001
185.0892,135.4949,370005
185.17998,134.72047,370009
185.18,134.07155,370013
185.18,133.16171,370017
185.18,132.12206,370021
185.18,131.3426,370024
185.18,130.82408,370028
185.18,130.3042,370032
185.18,129.5245,370036
185.18,128.61668,370040
185.18,128.40036,370044
185.37961,128.18979,370048
186.28102,128.18,370052
187.06065,128.18,370055
187.96825,128.18,370060
187.96825,128.18,370064
187.96825,128.18,370069
187.96825,127.66002,370073
188.14876,126.9124,370077
188.18,126.1333,370082
188.18,125.615135,370086
188.18,125.399124,370090
188.56293,125.17999,370095
188.95175,125.17999,370100
188.95175,125.17999,370105
188.95175,125.17999,370109
188.95175,125.17999,370114
189.03589,124.69126,370118
189.02994,124.32467,370122
189.26305,123.99027,370159
189.26305,123.99027,370163
189.26305,123.99027,370168
189.77483,123.968704,370172
190.54558,123.97998,370175
191.39665,124.17996,370178
191.59454,124.18066,370183
191.82755,124.53752,370187
191.82,124.92483,370191
191.82,124.92483,370196
191.82,124.92483,370201
192.46999,124.92483,370205
192.24791,125.11975,370209
192.89763,125.13788,370213
193.80722,125.16326,370217
194.71681,125.18,370221
195.62463,125.18,370225
196.14458,125.18,370229
196.92445,125.18,370233
197.83423,125.18,370237
198.87364,125.17999,370242
199.39229,125.17999,370247
199.9118,125.18,370251
200.30058,125.1799,370256
200.62872,125.19019,370260
200.8324,125.475876,370264
200.82,126.38267,370267
200.82,126.51065,370271
200.82,126.51065,370276
201.33842,126.55084,370280
202.37526,126.63123,370284
203.28249,126.70158,370289
203.80124,126.737335,370293
204.19029,126.76416,370297
204.80054,126.82001,370301
205.31924,126.82001,370305
205.44452,126.82001,370309
205.66373,126.793976,370314
206.0117,126.40881,370318
206.43996,125.91987,370321
206.43996,125.91987,370325
206.43996,125.91987,370330
207.08992,125.91987,370335
207.15736,125.43686,370339
206.86856,124.71234,370378
206.86856,124.71234,370418
206.86856,124.71234,370422
206.86856,124.71234,370427
206.86856,124.19237,370430
206.81418,124.186615,370434
206.39938,123.87307,370438
205.98457,123.559525,370443
205.79916,123.3849,370447
205.48483,123.16907,370451
204.58406,123.04041,370454
203.81282,122.92413,370458
203.18881,123.10599,370462
202.44,123.32421,370466
201.9377,123.45863,370470
201.56097,123.55945,370473
201.04167,123.58574,370477
200.80203,123.68657,370481
200.27135,123.82001,370484
199.88307,123.82001,370488
199.23315,123.82,370492
198.32332,123.82001,370497
197.54355,123.82,370500
196.5043,123.82,370504
196.11555,123.82001,370508
195.59561,123.82,370512
194.55579,123.82,370516
193.6461,123.82,370520
192.73676,123.82,370524
192.21857,123.82001,370527
191.70491,123.900764,370531
190.837,123.96208,370535
189.85081,123.97997,370539
189.5626,123.97997,370543
189.30873,123.98101,370547
188.89154,124.41162,370551
188.55385,124.96698,370555
188.3951,125.172874,370559
188.16934,125.700676,370563
188.16219,126.4806,370567
187.61218,126.82694,370572
186.84218,127.31183,370576
186.18217,127.72745,370580
185.63217,128.07379,370584
185.42796,128.18039,370589
185.17459,128.4403,370593
185.13887,128.69855,370597
185.01646,129.33688,370601
184.9675,129.59222,370605
184.8682,130.23456,370610
184.72917,131.13383,370615
184.64972,131.6477,370619
184.55695,132.42212,370623
184.46417,133.19655,370627
184.37138,133.97096,370631
184.28392,134.615,370635
184.17638,135.38751,370638
184.03326,136.41757,370643
183.908,137.31886,370647
183.82,137.96265,370651
184.02837,138.37866,370656
184.02,139.28355,370660
184.17696,139.49089,370665
184.17696,139.49089,370669
184.17696,139.49089,370712
184.17696,139.49089,370717
184.17696,140.14085,370722
184.05847,140.45432,370727
183.84215,140.59854,370732
183.46819,140.86559,370736
182.63644,141.23444,370740
181.80853,141.61201,370744
180.98027,141.98886,370749
180.98027,141.98886,370753
180.98027,141.98886,370758
181.63025,141.98886,370762
182.41351,141.60333,370766
183.15317,141.07341,370770
183.36601,140.92412,370774
183.66809,140.78912,370779
183.82,140.30313,370784
184.03352,139.84756,370788
184.02,138.95778,370792
184.02,138.39624,370796
184.17998,137.771,370800
184.21262,137.33072,370805
184.71582,137.18,370810
184.97467,137.17998,370815
184.97467,137.17998,370820
184.97467,137.17998,370825
184.97467,136.53001,370831
185.07713,135.49683,370835
185.17809,134.72343,370839
185.18,133.94458,370843
185.18,133.16472,370847
185.18001,132.12503,370851
185.18001,131.34558,370854
185.18,130.82704,370858
185.18001,130.04724,370862
185.18,129.13783,370866
185.18,128.61963,370871
185.17995,128.40276,370876
185.3735,128.19244,370880
186.40285,128.18001,370884
187.31227,128.18,370889
187.96014,128.18,370893
187.96014,128.18,370898
187.96014,128.18,370903
187.96014,127.53002,370909
188.12671,126.91742,370913
188.1666,126.26868,370918
188.18,125.62077,370922
188.17995,125.40368,370926
188.4233,125.17531,370930
188.94196,125.17999,370934
188.94196,125.17999,370938
188.94196,125.17999,370942
188.94196,125.17999,370947
189.03505,124.68868,370952
189.02992,124.354095,370956
189.26414,123.98996,370994
189.26414,123.98996,370998
189.26414,123.98996,371003
189.90613,123.97151,371007
190.79659,123.97998,371011
191.39778,124.179955,371015
191.59567,124.18095,371019
191.8218,124.41258,371023
191.82,124.92777,371027
191.82,124.92777,371032
191.82,124.92777,371036
192.33998,124.92777,371040
193.37645,124.99488,371044
194.2823,125.08092,371047
195.18867,125.161644,371051
195.57695,125.17999,371055
196.0969,125.18,371059
197.1367,125.18,371063
197.78651,125.17999,371067
198.82597,125.17999,371072
199.47392,125.17999,371076
199.99335,125.17999,371080
200.38158,125.17999,371084
200.59413,125.17999,371089
200.8309,125.513794,371093
200.82,126.29146,371097
200.82,126.4202,371101
200.82,126.4202,371106
201.46602,126.49192,371110
202.4996,126.60669,371115
203.27481,126.69277,371119
204.0525,126.75201,371124
204.79239,126.82001,371128
205.31114,126.82001,371132
205.4366,126.82001,371136
205.65643,126.79832,371140
206.00655,126.416534,371144
206.43411,125.927,371148
206.43411,125.927,371153
206.43411,125.927,371158
206.95409,125.927,371162
207.10645,125.32203,371166
206.86882,124.71706,371207
206.86882,124.71706,371247
206.86882,124.71706,371252
206.86882,124.19708,371256
206.28372,123.65403,371260
206.0497,123.5408,371265
205.8367,123.39171,371270
205.38603,123.156906,371274
204.35686,123.00802,371278
203.71436,122.90973,371281
203.09523,123.10755,371285
202.4761,123.305374,371290
201.97476,123.44332,371294
201.47342,123.58127,371298
200.95361,123.59492,371302
200.83713,123.65262,371306
200.35135,123.82213,371310
199.96259,123.82001,371314
199.18268,123.82,371318
198.27284,123.82001,371322
197.36313,123.82,371325
196.45389,123.82,371329
196.06543,123.820015,371334
195.54549,123.82001,371338
194.50568,123.82,371343
193.59601,123.82,371347
192.6867,123.82,371351
192.29784,123.82001,371355
191.65533,123.918236,371359
190.91817,123.97323,371363
190.04327,123.97997,371367
189.5389,123.97997,371371
189.33105,123.97997,371375
188.8751,124.44356,371379
188.53586,124.99796,371383
188.37523,125.2024,371387
188.16895,125.633316,371391
188.16252,126.413246,371395
187.72736,126.69786,371399
186.9658,127.19592,371403
186.09547,127.765144,371408
185.66031,128.04974,371412
185.35085,128.19852,371416
185.12811,128.71877,371420
185.17455,128.5957,371424
185.04427,129.23248,371428
184.96611,129.61455,371433
184.86623,130.25679,371437
184.76634,130.89903,371440
184.66646,131.54129,371445
184.6039,132.05748,371449
184.46313,133.21893,371453
184.35365,134.12227,371457
184.2819,134.63727,371461
184.15634,135.53853,371465
184.03079,136.43977,371469
183.90524,137.34102,371473
183.82,137.98477,371477
184.02342,138.26802,371481
184.02,139.04535,371485
184.18,139.50572,371489
184.18,139.50572,371493
184.18,139.50572,371536
184.18,139.50572,371541
184.18,140.0257,371546
183.97058,140.43976,371551
183.80069,140.61652,371555
183.3137,140.93555,371560
182.48279,141.30629,371564
181.65445,141.68294,371568
181.06264,141.95166,371573
181.06264,141.95166,371578
181.06264,141.95166,371583
181.7126,141.95166,371588
182.50453,141.6218,371592
183.21823,141.0574,371596
183.6215,140.81279,371601
183.82294,140.42487,371605
184.03337,139.84215,371609
184.02,139.07811,371613
184.02,138.39313,371617
184.16246,137.89304,371621
184.17996,137.52637,371626
184.21405,137.32854,371630
184.4252,136.71382,371635
184.72081,135.85323,371640
185.01642,134.99261,371645
185.14311,134.6238,371649
185.14311,134.6238,371654
185.14311,134.6238,371659
185.14311,134.10382,371663
185.16061,133.0641,371667
185.18,132.15442,371672
185.18,131.24507,371676
185.1799,130.85622,371681
185.18001,130.33633,371685
185.18,129.42673,371689
185.17998,128.64854,371693
185.17998,128.42656,371697
185.31413,128.22725,371700
186.18907,128.18,371704
186.96863,128.18,371708
187.87697,128.18,371712
187.87697,128.18,371716
187.87697,128.18,371721
187.87697,127.53002,371726
188.04141,126.93867,371730
188.10135,126.422165,371734
188.18,125.6474,371738
188.18,125.425606,371742
188.49745,125.16779,371746
189.01552,125.17999,371750
189.01552,125.17999,371754
189.01552,125.17999,371759
189.01552,125.17999,371764
189.04286,124.7112,371768
189.02992,124.36791,371771
189.25385,123.993004,371805
189.25385,123.993004,371809
189.25385,123.993004,371813
189.76361,123.968864,371817
190.78246,123.97998,371821
191.3853,124.17356,371826
191.58466,124.17994,371830
191.83174,124.51171,371833
191.82,125.02697,371837
191.82,125.02697,371841
191.82,125.02697,371846
192.46997,125.02697,371850
192.22726,125.1599,371854
192.87714,125.17071,371858
193.657,125.18,371861
194.5667,125.18,371865
195.60457,125.18,371870
196.12451,125.18,371873
197.03438,125.17999,371877
197.94412,125.18,371881
198.72371,125.17999,371885
199.37233,125.1799,371889
199.76244,125.18,371893
200.28114,125.1799,371897
200.61047,125.18338,371901
200.82,125.559074,371905
200.82002,126.33652,371908
200.82,126.46494,371913
200.82,126.46494,371918
201.4671,126.52607,371923
202.2436,126.59942,371927
203.14952,126.685,371931
203.79756,126.73484,371935
204.18651,126.763054,371939
204.79689,126.82001,371944
205.31561,126.8201,371948
205.44096,126.82003,371953
205.66048,126.79595,371957
206.00946,126.4123,371961
206.43736,125.923065,371965
206.43736,125.923065,371969
206.43736,125.923065,371974
207.08733,125.923065,371979
207.1943,125.337944,371983
206.8547,124.635796,372021
206.8547,124.635796,372063
206.8547,124.635796,372067
206.8547,124.11582,372070
206.3553,123.581024,372074
205.98074,123.47241,372078
205.87148,123.40201,372082
205.42838,123.1566,372085
204.52718,123.0312,372089
203.75586,122.9154,372093
203.01035,123.144646,372098
202.38908,123.335686,372102
201.88702,123.471,372106
201.51048,123.57248,372110
200.99086,123.59154,372114
200.75455,123.69993,372118
200.21208,123.82001,372122
199.95311,123.82001,372126
199.43315,123.82,372130
198.5233,123.82,372134
197.4836,123.82,372138
196.44449,123.82,372142
196.05612,123.82001,372146
195.4062,123.82,372151
194.3664,123.82,372155
193.45671,123.82,372159
192.41794,123.82001,372164
191.64644,123.92084,372168
190.78719,123.97726,372172
189.91994,123.97997,372176
189.53636,123.97997,372180
189.3301,123.97997,372184
188.84802,124.49459,372188
188.50648,125.047585,372192
188.33176,125.22286,372196
188.16783,125.598175,372200
188.16147,126.50811,372204
187.60904,126.85057,372208
186.61467,127.467,372212
185.84126,127.94645,372216
185.6203,128.08344,372220
185.416,128.18042,372224
185.17542,128.4679,372228
185.16345,128.59848,372232
185.03838,129.2363,372236
184.96332,129.61899,372240
184.86403,130.26132,372245
184.72502,131.1606,372249
184.66544,131.546,372253
184.58734,132.19125,372258
184.478,133.09462,372262
184.35303,134.12703,372266
184.26334,134.77078,372270
184.13777,135.67203,372274
184.0122,136.57327,372278
183.88664,137.47453,372282
183.82,137.98953,372286
184.0201,138.35504,372290
184.02002,139.26038,372294
184.1712,139.47188,372299
184.1712,139.47188,372304
184.1712,139.47188,372345
184.1712,139.47188,372351
184.1712,140.12184,372355
184.05524,140.44057,372359
183.84242,140.5899,372363
183.47751,140.85738,372368
182.52806,141.2814,372372
181.70059,141.65994,372377
180.991,141.98372,372381
180.991,141.98372,372386
180.991,141.98372,372391
181.64096,141.98372,372395
182.53572,141.57425,372400
183.15276,141.09735,372404
183.36032,140.94078,372408
183.66003,140.79417,372412
183.82,140.4515,372416
184.03326,139.8681,372420
184.02002,138.97815,372425
184.02002,138.41026,372429
184.16034,137.90959,372433
184.17996,137.54132,372438
184.20625,137.341,372443
184.82452,137.18,372447
184.95386,137.18,372451
184.95386,137.18,372456
185.0034,136.6623,372460
185.10251,135.62708,372465
185.17998,134.72127,372469
185.18,133.94235,372473
185.18,133.0325,372478
185.18,132.12279,372482
185.18,131.08379,372486
185.18,130.82483,372491
185.18001,130.30495,372495
185.18,129.13562,372500
185.18,128.61743,372504
185.18,128.40097,372509
185.49954,128.16747,372514
186.40851,128.18,372518
187.44785,128.18001,372522
187.96582,128.17998,372526
187.96582,128.17998,372531
187.96582,128.17998,372536
187.96582,127.66001,372540
188.14786,126.91296,372543
188.1788,126.263725,372547
188.17998,125.61571,372551
188.17998,125.39959,372555
188.43214,125.17331,372559
188.95074,125.1799,372564
188.95074,125.1799,372568
188.95074,125.1799,372573
188.95074,125.1799,372578
189.06473,124.75554,372582
189.02992,124.35543,372586
189.26317,123.990234,372624
189.26317,123.990234,372627
189.26317,123.990234,372632
189.90494,123.97154,372636
190.92307,123.97999,372640
191.4014,124.17996,372644
191.59927,124.18195,372649
191.82402,124.42086,372653
191.82,124.93702,372657
191.82,124.93702,372662
191.82,124.93702,372666
192.46997,124.93702,372670
192.24515,125.124954,372674
192.76494,125.1387,372678
193.67458,125.16275,372681
194.5842,125.18,372685
195.62195,125.17999,372689
196.14189,125.18,372693
197.18169,125.18,372697
197.96146,125.17999,372701
199.00073,125.18,372705
199.38956,125.1799,372709
200.03885,125.17999,372714
200.29787,125.17999,372718
200.62624,125.189156,372722
200.82455,125.59931,372726
200.82,126.50445,372730
200.82,126.50445,372734
200.82,126.50445,372738
201.46997,126.50445,372742
202.50444,126.58874,372746
203.27795,126.688835,372749
203.92586,126.740555,372754
204.92389,126.82,372758
205.31279,126.8201,372763
205.4382,126.82002,372768
205.65793,126.79744,372772
206.09319,126.317085,372776
206.43532,125.92554,372780
206.43532,125.92554,372784
206.43532,125.92554,372789
206.95529,125.92554,372793
207.10703,125.320816,372798
206.86877,124.71609,372838
206.86877,124.71609,372878
206.86877,124.71609,372883
206.86877,124.066124,372888
206.2367,123.52466,372892
205.87318,123.395905,372896
205.54634,123.17173,372900
204.51668,123.026115,372904
203.74496,122.912964,372908
203.12436,123.106094,372912
202.37962,123.33786,372916
201.7521,123.507195,372919
201.5011,123.574936,372923
200.98143,123.59251,372927
200.86365,123.647514,372931
200.51253,123.83261,372934
199.86494,123.820015,372938
199.21503,123.82,372942
198.3052,123.82,372946
197.39551,123.82,372950
196.3565,123.82001,372954
196.0976,123.82001,372957
195.57764,123.82001,372960
194.6678,123.82,372964
193.62813,123.82,372968
192.58905,123.82001,372972
192.2008,123.82001,372976
191.55882,123.92158,372980
190.6904,123.97997,372984
189.83282,123.97997,372987
189.33356,123.97997,372990
188.85216,124.490204,372994
188.50983,125.04272,372998
188.33643,125.221054,373002
188.16843,125.58872,373005
188.16164,126.49865,373009
187.61005,126.84246,373013
186.94814,127.255035,373017
186.1759,127.73637,373021
185.62431,128.08018,373025
185.42004,128.1804,373029
185.15074,128.58652,373033
185.17305,128.5913,373037
185.04395,129.22832,373041
184.96649,129.61052,373045
184.88664,130.12433,373049
184.74689,131.0235,373053
184.66704,131.5373,373058
184.60446,132.0535,373062
184.47931,133.08588,373066
184.3698,133.98923,373070
184.28207,134.63322,373074
184.1565,135.53447,373078
184.03108,136.43575,373082
183.90565,137.337,373086
183.82,137.98077,373091
184.02261,138.26505,373095
184.02,139.0421,373099
184.17996,139.50317,373104
184.17996,139.50317,373107
184.17996,139.50317,373151
184.17996,139.50317,373155
184.17996,140.02315,373160
184.05998,140.46318,373164
183.84152,140.60414,373169
183.46199,140.87074,373173
182.7493,141.18744,373177
181.92065,141.56345,373181
180.97331,141.99245,373186
180.97331,141.99245,373191
180.97331,141.99245,373195
181.62328,141.99245,373200
182.51845,141.58348,373204
183.13643,141.10782,373208
183.44836,140.87376,373212
183.64906,140.80074,373217
183.82372,140.34995,373222
184.03073,139.89418,373225
184.02,139.00273,373229
184.02,138.4279,373233
184.17996,137.80133,373238
184.19878,137.35484,373242
184.66608,137.18,373247
184.92516,137.17998,373251
184.92516,137.17998,373256
184.92516,137.17998,373261
184.92516,136.53001,373265
185.00697,135.75653,373269
185.14836,134.85764,373273
185.18001,134.08081,373277
185.18001,133.30092,373281
185.18,132.26125,373285
185.18,131.48167,373289
185.18,130.83322,373294
185.18,130.18338,373298
185.18001,129.27386,373302
185.18,128.62576,373306
185.18,128.40773,373311
185.47711,128.16736,373315
186.25641,128.18001,373319
187.166,128.18,373323
187.94391,128.18,373327
187.94391,128.18,373332
187.94391,128.18,373336
187.94391,127.66002,373340
188.11885,126.92149,373344
188.16196,126.27296,373348
188.18,125.62511,373352
188.18,125.407196,373357
188.4157,125.177246,373361
188.93391,125.17999,373365
188.93391,125.17999,373369
188.93391,125.17999,373374
188.93391,125.17999,373379
189.06346,124.751526,373383
189.02992,124.32281,373387
189.265,123.98972,373424
189.265,123.98972,373427
189.265,123.98972,373432
189.77719,123.968735,373436
190.79758,123.97998,373440
191.39865,124.17996,373444
191.59653,124.18118,373448
191.82617,124.54273,373452
191.82,124.93,373457
191.82,124.93,373461
191.82,124.93,373465
192.46999,124.93,373469
192.36725,125.09615,373473
192.76399,125.14497,373477
193.80367,125.167915,373481
194.71327,125.18,373485
195.62112,125.179985,373490
196.27104,125.18,373494
197.18088,125.18,373498
198.09059,125.17999,373502
199.12968,125.18,373507
199.38875,125.1799,373511
199.90828,125.18,373515
200.29707,125.17999,373519
200.6255,125.18885,373523
200.8319,125.467636,373527
200.82,126.50259,373531
200.82,126.50259,373536
200.82,126.50259,373540
201.60007,126.50259,373545
202.50452,126.58699,373549
203.27786,126.688286,373553
203.92575,126.7403,373558
204.66397,126.82,373562
205.31258,126.8201,373566
205.438,126.82003,373571
205.65773,126.797554,373576
206.09303,126.3173,373580
206.43517,125.92574,373584
206.43517,125.92574,373588
206.43517,125.92574,373593
206.95514,125.92574,373597
207.02475,125.304276,373601
206.83438,124.682816,373640
206.83438,124.682816,373681
206.83438,124.682816,373685
206.83438,124.16284,373689
206.34225,123.60498,373693
206.09619,123.52104,373698
205.87228,123.3889,373702
205.53218,123.17154,373706
204.3739,123.007225,373710
203.73103,122.91142,373714
203.23508,123.06764,373718
202.36716,123.341034,373723
201.86516,123.47658,373727
201.48866,123.57825,373731
200.96893,123.59376,373735
200.85168,123.6499,373739
200.49812,123.83213,373743
199.97957,123.82001,373747
199.32964,123.82,373751
198.15988,123.82,373756
197.1203,123.82,373760
196.21162,123.82,373765
195.43246,123.82,373769
194.39267,123.82,373773
193.61292,123.82,373777
192.57378,123.82001,373781
192.18568,123.82001,373786
191.67216,123.9017,373790
190.67435,123.97997,373794
189.81949,123.97997,373798
189.36392,123.97997,373802
188.90623,124.39979,373806
188.56485,124.95288,373810
188.40607,125.158745,373814
188.17719,125.53836,373818
188.16583,126.31824,373822
187.71992,126.71881,373826
186.84354,127.27842,373831
186.08162,127.7759,373835
185.64595,128.05975,373839
185.44221,128.18074,373844
185.15712,128.53442,373848
185.14572,128.66505,373852
185.02309,129.30334,373857
184.97403,129.55867,373861
184.85442,130.3294,373866
184.71487,131.22859,373870
184.65508,131.61397,373875
184.57745,132.25928,373880
184.4688,133.16272,373883
184.34462,134.19524,373887
184.25476,134.83896,373891
184.12895,135.74017,373895
184.00316,136.64139,373899
183.87735,137.5426,373903
183.82344,137.92883,373907
184.03198,138.35367,373912
184.02002,139.25887,373917
184.17085,139.47063,373921
184.17085,139.47063,373925
184.17085,139.47063,373971
184.17085,139.47063,373976
184.17085,140.12059,373981
184.05505,140.43965,373986
183.84247,140.58931,373991
183.47832,140.85716,373995
182.76611,141.17496,373999
181.93819,141.55252,374003
181.11006,141.92966,374008
180.99176,141.98354,374011
180.99176,141.98354,374016
181.5802,141.7075,374021
182.404,141.32104,374026
183.3455,140.87938,374031
183.6598,140.79427,374036
183.81999,140.45198,374040
184.03325,139.86858,374044
184.02002,139.10385,374048
184.02002,138.41058,374052
184.16031,137.9099,374056
184.17998,137.5416,374061
184.20612,137.34123,374065
184.5647,137.18,374069
184.9534,137.18,374074
184.9534,137.18,374079
184.9534,137.18,374084
184.9534,136.65993,374088
185.04082,135.75587,374092
185.1604,134.85382,374097
185.18001,134.07608,374101
185.18,133.03624,374105
185.18001,132.25647,374109
185.18,131.4769,374113
185.18,130.82848,374117
185.18001,130.3086,374121
185.18,129.26912,374125
185.18,128.62105,374129
185.18,128.4039,374134
185.37064,128.19376,374138
186.39937,128.18001,374143
187.30879,128.18,374147
187.9567,128.18,374152
187.9567,128.18,374156
187.9567,128.18,374160
187.9567,127.53002,374166
188.09479,126.91975,374170
188.1268,126.53108,374174
188.18,125.62459,374178
188.18,125.40678,374183
188.54607,125.17706,374187
188.93492,125.17999,374192
188.93492,125.17999,374197
188.93492,125.17999,374201
188.93492,125.17999,374205
189.06354,124.75176,374209
189.02992,124.35308,374213
189.26491,123.98975,374249
189.26491,123.98975,374253
189.26491,123.98975,374258
189.77707,123.96873,374262
190.67326,123.97997,374266
191.39854,124.17996,374270
191.59644,124.18115,374275
191.82623,124.54248,374279
191.82,124.929756,374283
191.82,124.929756,374287
191.82,124.929756,374292
192.46997,124.929756,374297
192.24678,125.12187,374301
192.8965,125.13962,374305
193.67618,125.160904,374309
194.71571,125.18,374314
195.6235,125.17999,374318
196.14343,125.18,374321
197.05328,125.18,374324
197.96304,125.17999,374327
198.87247,125.17999,374330
199.39111,125.17999,374334
200.0404,125.17999,374338
200.29942,125.17999,374343
200.62766,125.18974,374346
200.83226,125.473175,374350
200.82,126.38,374353
200.82002,126.50801,374357
200.82002,126.50801,374362
201.33841,126.54871,374366
202.24556,126.619934,374370
203.02313,126.680984,374374
203.93074,126.74616,374378
204.67047,126.82001,374382
205.31906,126.82001,374386
205.44434,126.82001,374390
205.66356,126.794075,374395
206.09724,126.311195,374400
206.43982,125.92003,374404
206.43982,125.92003,374409
206.43982,125.92003,374414
207.21979,125.92003,374418
207.00963,125.69792,374422
206.8578,124.932884,374427
206.82002,124.677864,374466
206.82002,124.677864,374506
206.82002,124.677864,374510
206.82002,124.15789,374514
206.11374,123.567,374518
205.78717,123.35865,374522
205.30066,123.138954,374526
204.5285,123.02903,374530
203.75693,122.91501,374534
203.25993,123.067856,374538
202.39018,123.33534,374542
201.7626,123.50451,374546
201.51158,123.572174,374549
200.99196,123.59141,374553
200.75557,123.69962,374557
200.34312,123.82072,374561
199.95438,123.8201,374565
199.43442,123.82,374569
198.52458,123.82,374573
197.61484,123.82,374577
196.57549,123.82,374581
196.05731,123.8201,374585
195.4074,123.82,374589
194.3676,123.82001,374593
193.45795,123.82001,374596
192.41919,123.82001,374600
191.77611,123.900635,374604
190.91405,123.9702,374608
190.03862,123.97997,374612
189.5365,123.97997,374616
189.33014,123.97997,374620
188.84808,124.49453,374624
188.50653,125.047516,374628
188.33182,125.22285,374632
188.16783,125.59804,374636
188.16147,126.50797,374640
187.71954,126.78196,374644
186.83568,127.329926,374648
186.06229,127.8094,374652
185.62035,128.08339,374656
185.41606,128.18042,374661
185.12782,128.72337,374665
185.17174,128.59988,374669
185.04242,129.23685,374673
184.96484,129.61903,374677
184.86511,130.2613,374681
184.74544,131.03203,374685
184.66566,131.54585,374689
184.58751,132.1911,374693
184.46248,133.22351,374697
184.35307,134.12686,374701
184.26338,134.77061,374706
184.1378,135.67186,374710
184.01224,136.5731,374714
183.88667,137.47437,374718
183.82002,137.98936,374722
184.0243,138.27145,374726
184.02,139.00235,374730
184.17105,139.47133,374734
184.17105,139.47133,374739
184.17105,139.47133,374784
184.17105,139.47133,374789
184.17105,139.9913,374793
183.97203,140.41858,374797
183.80632,140.59964,374802
183.33714,140.92029,374806
182.62483,141.2378,374810
181.79716,141.61592,374814
180.9693,141.99362,374818
180.9693,141.99362,374823
180.9693,141.99362,374828
181.61926,141.99362,374833
182.51466,141.58495,374837
183.34006,140.95268,374841
183.64508,140.80264,374845
183.8251,140.36046,374850
184.02898,139.9048,374854
184.02,139.01361,374858
184.02,138.43594,374862
184.17996,137.80904,374866
184.19557,137.36147,374870
184.36555,136.87007,374874
184.70552,135.88725,374878
185.04549,134.90445,374883
185.13048,134.65875,374887
185.13048,134.65875,374892
185.13048,134.65875,374896
185.13048,134.00877,374900
185.14987,133.09912,374904
185.17535,132.18951,374908
185.18,131.40997,374912
185.18,130.76207,374916
185.18,130.11223,374921
185.18,128.94318,374925
185.17998,128.68413,374930
185.19846,128.35132,374934
185.51505,128.1691,374938
186.55423,128.18001,374942
187.33374,128.18,374945
187.8525,128.18,374949
187.8525,128.18,374953
187.8525,128.18,374957
187.8525,127.66003,374961
188.0997,126.94258,374965
188.15022,126.294586,374969
188.18,125.64693,374973
188.18,125.42521,374977
188.49855,125.16783,374982
189.01662,125.17999,374986
189.01662,125.17999,374991
189.01662,125.17999,374996
189.01662,125.17999,375000
189.02477,124.63922,375004
189.02992,124.33342,375008
189.25365,123.99307,375043
189.25365,123.99307,375046
189.25365,123.99307,375051
189.89331,123.972046,375056
190.7842,123.97998,375060
191.38701,124.17477,375065
191.58607,124.17995,375070
191.81488,124.391365,375074
191.82,125.030655,375078
191.82,125.030655,375082
191.82,125.030655,375086
192.33998,125.030655,375089
193.37846,125.07425,375093
194.2867,125.130135,375097
195.19513,125.18,375101
195.58379,125.1799,375105
196.23372,125.18,375109
196.8909,125.18,375112
198.06055,125.18,375115
198.96986,125.18,375119
199.48782,125.179985,375123
200.00723,125.18,375126
200.39532,125.17999,375131
200.60654,125.182106,375135
200.82373,125.41921,375139
200.82,126.326515,375143
200.82,126.455025,375148
200.82,126.455025,375153
201.33759,126.50581,375157
202.11382,126.58199,375161
203.14879,126.68356,375165
204.05605,126.7533,375170
204.79608,126.82,375174
205.31482,126.82001,375178
205.4402,126.82001,375182
205.65977,126.79637,375187
206.00896,126.413025,375191
206.4368,125.92374,375195
206.4368,125.92374,375199
206.4368,125.92374,375204
207.08678,125.92374,375208
207.10774,125.31931,375213
206.86871,124.71489,375252
206.86871,124.71489,375291
206.86871,124.71489,375294
206.86871,124.71489,375299
206.86871,124.064926,375303
206.79555,124.18975,375307
206.28136,123.79218,375311
205.97284,123.55364,375316
205.7964,123.37535,375320
205.65532,123.16592,375325
205.51663,122.530914,375329
205.46933,121.75424,375333
205.44585,120.97464,375336
205.38808,120.858185,375340
205.04424,120.46813,375343
204.61443,119.98056,375347
204.43405,119.814476,375351
204.22154,119.70048,375355
204.22154,119.70048,375360
204.22154,119.70048,375364
204.22154,119.70048,375367
204.22154,119.70048,375401
204.22154,119.70048,375406
204.22154,120.22045,375409
203.96986,120.54563,375413
203.76828,120.67994,375417
203.26894,121.077614,375421
202.31146,121.74994,375456
202.31146,121.74994,375459
202.45631,121.96584,375463
201.99857,122.21252,375467
201.19753,122.6442,375470
200.82002,123.398,375474
200.81741,123.607666,375478
200.81741,123.607666,375515
200.81741,123.607666,375519
200.81741,123.607666,375524
201.33739,123.607666,375527
201.85466,124.11182,375531
202.12785,125.11513,375535
202.2111,125.66495,375539
202.95607,125.82001,375543
203.21411,125.82001,375547
203.21411,125.82001,375551
203.21411,125.82001,375555
203.21411,126.46997,375559
203.73364,126.75152,375563
204.12328,126.76768,375567
204.73792,126.82491,375572
205.38605,126.82001,375576
205.38605,126.82001,375581
205.38605,126.82001,375586
206.03603,126.82001,375591
206.05835,126.71459,375595
206.46858,126.05123,375597
206.60532,125.83011,375602
206.82219,125.586365,375608
206.82,124.80986,375613
206.95,124.680954,375617
207.44878,124.534004,375623
207.85289,124.2068,375628
208.15598,123.961395,375633
208.67503,123.93046,375638
209.45361,123.88406,375643
210.3612,123.82997,375704
210.3612,123.82997,375709
210.8799,123.82,375714
211.52048,124.17994,375719
211.832,124.49132,375724
211.82,125.0107,375730
211.82,125.0107,375737
211.82,125.0107,375743
212.34007,125.0107,375748
213.24747,125.068405,375753
214.15411,125.14577,375759
214.80151,125.179985,375763
215.45145,125.17999,375769
216.23131,125.18,375774
217.14107,125.17999,375779
218.05054,125.17999,375784
218.56929,125.17999,375790
219.08914,125.18,375796
219.99843,125.17999,375802
220.38693,125.17999,375806
220.75722,124.81495,375811
221.31265,124.26739,375817
221.96066,123.628555,375821
222.5161,123.080986,375827
222.5161,123.080986,375832
222.5161,123.080986,375839
221.86613,123.080986,375845
221.28139,123.333115,375850
221.054,123.45917,375856
220.84494,123.613716,375862
220.45367,123.82,375868
219.67415,123.82,375874
219.15556,123.82001,375880
218.63562,123.82,375886
217.98572,123.82001,375892
217.33585,123.82,375897
216.55608,123.82,375903
215.77661,123.82001,375908
215.25842,123.82001,375914
214.6085,123.82,375921
213.82864,123.82,375927
213.04881,123.82,375935
212.39908,123.82001,375940
211.4907,123.820015,375947
210.9708,123.82001,375953
210.1915,123.82001,375958
209.41185,123.82,375963
208.63365,123.82001,375968
208.1278,123.603165,375974
207.56004,123.068405,375980
207.20667,122.686966,375986
206.67659,122.11481,375992
206.14653,121.54264,375998
205.61646,120.97048,376003
205.43321,120.81523,376011
205.07007,120.49711,376017
204.55415,119.91215,376023
204.55415,119.91215,376029
204.92656,120.27505,376034
205.19997,120.649536,376040
205.56026,121.024284,376046
206.28432,121.77076,376052
206.7368,122.23736,376058
207.18929,122.70396,376064
207.57507,123.05259,376070
208.15375,123.57553,376076
208.15375,123.57553,376082
208.15375,123.57553,376087
208.15375,124.2255,376094
208.65477,124.34639,376098
209.1066,124.078995,376103
209.81357,123.9206,376109
210.5896,123.84242,376114
210.9774,123.820015,376120
210.9774,123.820015,376126
210.9774,123.820015,376189
210.9774,123.820015,376197
211.49738,123.820015,376201
211.78412,124.209076,376206
211.82611,124.577415,376211
211.82,124.967,376217
211.82,124.967,376224
211.82,124.967,376232
211.82,124.967,376241
211.82,124.707275,376248
211.82004,124.47757,376254
211.6995,124.236855,376260
211.49272,124.166794,376266
211.11984,124.121216,376272
210.54575,123.97997,376277
209.70665,123.97997,376282
209.34909,123.97997,376287
209.05452,124.16044,376293
209.02977,124.23094,376361
208.91881,124.29866,376366
208.5442,123.93806,376372
208.349,123.78952,376378
208.18,123.30483,376383
208.18,123.17499,376389
208.18,123.17499,376395
207.5684,122.95496,376401
207.5684,122.95496,376473
207.5684,122.95496,376478
207.5684,122.95496,376486
206.91844,122.95496,376493
206.69392,123.473724,376498
206.74713,124.25187,376504
206.82,124.71532,376512
206.82002,125.360985,376518
206.82002,125.57218,376525
206.52051,125.83261,376531
206.005,125.82001,376536
206.005,125.82001,376544
206.005,125.82001,376552
206.005,126.33998,376559
205.90198,126.54923,376567
205.80138,126.63156,376572
205.5013,126.83201,376578
204.72289,126.82,376584
204.72289,126.8201,376591
204.72289,126.8201,376597
204.20291,126.8201,376603
204.04738,126.742714,376609
204.12239,126.360016,376615
204.17998,125.97732,376621
204.17998,125.97732,376629
204.17998,125.97732,376635
203.66,125.97732,376642
202.89288,125.86252,376648
202.43239,125.82002,376653
202.17429,125.57229,376658
202.18,124.97734,376664
202.18,124.72119,376671
202.18,124.72119,376677
202.18,124.72119,376682
202.18,124.20122,376689
202.80142,124.13171,376694
202.92572,124.1698,376700
202.92572,124.1698,376706
203.11568,123.68577,376712
203.27815,123.22754,376717
203.39455,122.47224,376723
203.4507,121.69431,376728
203.49982,121.0462,376733
203.63077,120.82161,376740
203.79767,120.64713,376745
203.90663,120.10018,376750
204.0201,119.837494,376755
204.02002,119.17727,376761
204.02,118.65868,376766
203.97168,117.75257,376771
203.91699,117.10491,376776
203.84229,116.19803,376782
203.82,115.422874,376787
203.82,115.422874,376794
203.82,115.422874,376801
203.82,114.9029,376807
203.82,114.12307,376813
203.82,113.083626,376819
203.82,112.43428,376824
203.82,111.65765,376829
203.82,111.007835,376834
203.82,110.2282,376840
203.82,109.32024,376907
203.82,109.32024,376913
203.82,108.80239,376918
203.76167,108.297035,376923
203.31265,108.120415,376928
202.42632,107.91463,376933
201.54088,107.704796,376938
201.03488,107.585045,376943
201.03488,107.585045,376950
201.03488,107.585045,376957
201.03488,106.93508,376964
200.86801,105.91319,376970
200.82002,105.659225,376976
201.20695,106.18148,376981
201.51648,106.59928,376986
201.8713,106.979385,376991
202.40353,107.54953,376996
202.84576,107.82303,377002
203.288,108.09653,377008
203.59825,108.180695,377015
203.8059,108.37013,377020
203.82,109.267784,377025
203.82,110.047134,377030
203.82,110.69594,377035
203.82,111.083176,377040
203.82,111.60308,377046
203.82,112.51281,377051
203.82,113.42231,377056
203.82,114.20147,377062
203.82,114.97697,377068
203.90811,115.489426,377073
204.04025,116.25811,377078
204.1724,117.0268,377083
204.17319,117.79096,377089
204.18,118.56826,377095
204.18,119.21493,377100
204.18,119.55791,377106
204.49094,119.92637,377113
205.07765,120.44028,377119
205.19296,120.62709,377125
205.44533,120.91724,377131
205.9906,121.47492,377137
206.53494,122.033516,377143
206.9886,122.49897,377150
207.17007,122.68515,377157
207.55563,123.034035,377163
208.03757,123.47014,377169
208.21568,123.65053,377175
208.21568,123.65053,377183
208.66302,123.8202,377190
209.44267,123.82001,377195
210.2216,123.82001,377200
210.09546,123.87638,377205
209.96683,123.89517,377211
209.96683,123.89517,377271
209.96683,123.89517,377278
209.31686,123.89517,377283
209.02863,124.23664,377289
209.02863,124.23664,377352
209.02863,124.23664,377358
208.91687,124.30304,377364
208.54443,123.940186,377370
208.35004,123.78945,377377
208.17307,123.56628,377383
208.18,123.17664,377389
208.18,123.17664,377393
208.18,123.17664,377399
207.52994,123.17664,377404
206.87996,123.17664,377463
206.87996,123.17664,377468
206.74704,123.40008,377474
206.75351,123.92001,377480
206.75676,124.17998,377486
206.81999,124.78052,377491
206.82,125.297455,377498
206.81323,125.617165,377503
206.40785,125.82001,377508
206.0214,125.82001,377516
206.0214,125.82001,377522
206.0214,125.82001,377530
206.0214,126.33998,377539
205.9165,126.54678,377546
205.81433,126.627144,377551
205.52,126.83237,377557
204.87099,126.82001,377563
204.6125,126.82001,377570
204.6125,126.82001,377578
204.6125,126.82001,377584
204.09253,126.82001,377591
204.12712,126.191216,377598
204.17998,125.939705,377604
204.17998,125.939705,377612
203.8037,125.83724,377619
203.28459,125.82,377626
202.63933,125.82,377633
202.43242,125.82005,377639
202.1743,125.5724,377645
202.18,125.10677,377651
202.18,124.72155,377656
202.18,124.72155,377664
202.18,124.72155,377672
202.18,124.20158,377678
202.55289,124.055756,377683
202.92578,124.16992,377689
202.92578,124.16992,377697
202.92578,124.16992,377702
202.92578,123.64995,377708
203.32036,123.051315,377713
203.36589,122.53334,377717
203.44556,121.62688,377722
203.50246,120.97941,377728
203.65587,120.78105,377733
203.82,120.44695,377738
204.02846,119.90205,377744
204.02003,119.22149,377749
204.02,118.628586,377754
203.98344,117.85204,377759
203.91617,117.075005,377764
203.85152,116.29772,377769
203.82,115.39362,377774
203.82,115.39362,377780
203.82,115.39362,377786
203.82,114.87365,377792
203.81999,114.09381,377797
203.82,113.18427,377802
203.82,112.40507,377807
203.82,111.628815,377812
203.82,110.979004,377817
203.81999,110.0695,377823
203.82,109.29148,377865
203.82,109.29148,377869
203.82,108.64568,377875
203.80069,108.35976,377880
203.42062,108.14921,377884
202.28099,107.88531,377887
201.14354,107.61149,377891
201.01709,107.58132,377894
201.01709,107.58132,377899
200.94032,106.935905,377903
200.82,105.77423,377906
200.82,105.43344,377912
200.41678,105.17999,377917
199.90076,105.17999,377923
199.90076,105.17999,377928
199.90076,105.17999,377935
199.25078,105.17999,377940
198.34102,105.18,377944
197.17195,105.18,377948
196.13611,105.17999,377952
195.63367,105.046104,377957
194.88,104.84527,377961
194.26527,104.63537,377965
193.53157,104.370735,377970
193.53157,104.370735,378021
193.53157,104.370735,378026
194.18155,104.370735,378030
194.56767,104.50068,378035
195.12965,104.827225,378040
195.57924,105.08847,378045
196.22876,105.11247,378049
197.13809,105.146065,378053
198.04742,105.179665,378058
199.08568,105.17999,378063
199.47191,105.179985,378068
200.12,105.17999,378073
200.58461,105.17999,378078
200.96898,105.63622,378084
201.43752,106.41628,378087
202.01085,107.11803,378092
202.45033,107.5969,378097
203.11877,107.99879,378102
203.6505,108.201675,378106
203.82234,108.64678,378111
203.82,108.649124,378115
203.82,109.298874,378120
203.82,110.20815,378124
203.82,111.11385,378130
203.81999,111.63376,378135
203.82,112.413536,378139
203.82,113.58282,378144
203.81999,114.36163,378149
203.82,115.00676,378153
203.93144,115.6471,378157
204.10976,116.671646,378163
204.1989,117.18392,378167
204.18,117.8221,378172
204.18,118.59905,378175
204.18,119.37131,378180
204.18,119.37131,378185
204.18,119.37131,378190
204.18,119.37131,378233
204.18,119.37131,378239
204.18,120.02128,378244
204.88242,119.94223,378250
204.99948,119.88573,378256
204.99948,119.88573,378261
205.17766,120.37423,378266
205.2194,120.679115,378270
205.72614,120.822914,378274
206.63548,120.82001,378279
207.15356,120.82001,378283
207.15356,120.82001,378289
207.15356,120.82001,378295
207.15356,121.72996,378300
207.42274,121.707756,378304
207.70552,121.9763,378310
208.01752,122.54649,378315
208.14584,123.176315,378320
208.19571,123.64558,378325
208.19571,123.64558,378384
208.19571,123.64558,378390
208.19571,123.64558,378397
208.19571,124.29555,378402
208.30276,124.050545,378407
207.87263,124.34271,378412
207.40265,124.56515,378417
207.01985,124.4906,378422
206.86905,125.12283,378428
206.82002,125.583755,378433
206.48921,125.83186,378438
206.10191,125.82001,378444
206.10191,125.82001,378450
206.10191,125.82001,378456
206.10191,126.46998,378462
205.97195,126.72689,378468
205.84341,126.746284,378475
205.24622,126.82,378480
204.72748,126.82001,378486
204.72748,126.82001,378491
204.72748,126.82001,378497
204.2075,126.82001,378502
204.0514,126.74186,378508
204.12495,126.35888,378513
204.17998,125.9759,378520
204.17998,125.9759,378526
204.17998,125.9759,378532
204.17998,126.62587,378539
204.17998,126.75586,378546
204.17998,126.75586,378552
204.78453,126.82001,378558
205.43228,126.82001,378563
205.95148,126.79835,378568
206.73024,126.75502,378573
207.11961,126.73337,378580
207.36513,126.43037,378585
207.85616,125.82436,378590
208.01982,125.62236,378596
208.18813,125.42761,378602
208.5037,125.06145,378608
209.02994,124.54156,378614
209.02994,124.36701,378619
209.02994,124.33577,378625
209.02994,124.31284,378630
209.02997,124.293175,378635
209.03378,124.248764,378640
209.15695,124.0345,378646
209.87259,123.97998,378652
211.03592,124.02428,378724
211.03592,124.02428,378730
211.03592,124.02428,378737
211.68588,124.02428,378741
211.81091,124.154175,378746
211.83388,124.664024,378752
211.82,124.92353,378758
211.82,124.92353,378765
211.82,124.92353,378771
212.47006,124.92353,378777
213.24551,124.99194,378782
214.14809,125.10749,378788
214.79295,125.17999,378795
215.44289,125.18,378801
216.22276,125.18,378806
217.00258,125.18,378811
217.91214,125.18,378817
218.56082,125.18,378822
219.20964,125.18,378826
220.11873,125.17999,378831
220.37756,125.17999,378838
220.65582,124.90677,378843
221.21236,124.36031,378847
221.86165,123.722786,378852
222.51094,123.08525,378857
222.51094,123.08525,378862
222.51094,123.08525,378869
221.86096,123.08525,378874
221.16354,123.36636,378880
220.85025,123.59791,378887
220.4987,123.831665,378892
219.71921,123.82,378897
219.07141,123.82001,378904
219.07141,123.82001,378909
219.07141,123.82001,378915
218.55144,123.82001,378919
217.64157,123.82001,378924
216.86179,123.82001,378929
215.95226,123.82,378934
215.30388,123.82001,378939
214.65395,123.82,378944
213.7441,123.82,378948
212.83438,123.82,378952
211.925,123.82001,378957
211.4069,123.82001,378963
210.76938,123.94653,378968
210.76938,123.94653,378974
211.01186,123.85275,378979
211.01186,123.85275,378984
211.01186,123.85275,379041
211.01186,123.85275,379046
211.53183,123.85275,379051
211.79726,124.2427,379055
211.81999,124.87602,379060
211.8201,125.0058,379064
211.8201,125.0058,379070
211.82,124.746025,379076
211.82,124.40997,379081
211.4602,124.16957,379087
211.11104,124.1077,379091
210.25945,123.97998,379096
209.58636,123.97997,379101
209.26585,123.9885,379105
209.02696,124.24495,379110
209.02696,124.24495,379168
208.91405,124.30935,379174
208.54475,123.94329,379180
208.35155,123.789406,379186
208.18,123.30896,379192
208.18,123.17911,379197
208.18,123.17911,379203
207.56938,122.956375,379209
207.56938,122.956375,379269
207.56938,122.956375,379274
207.56938,122.956375,379280
206.91942,122.956375,379285
206.70338,123.60485,379290
206.74734,124.253334,379296
206.82,124.716934,379302
206.82,125.36257,379307
206.82,125.57344,379313
206.63457,125.80403,379318
206.0016,125.82001,379324
206.0016,125.82001,379331
206.0016,125.82001,379336
206.0016,126.46997,379343
205.8798,126.64542,379348
205.8798,126.64542,379353
205.40819,126.82541,379359
204.63036,126.82,379364
204.63036,126.8201,379369
204.63036,126.8201,379375
204.11038,126.8201,379380
204.07675,126.692215,379386
204.18,126.051994,379391
204.18,126.051994,379397
204.18,126.051994,379404
203.66002,126.051994,379409
202.77953,125.87944,379414
202.44789,125.82005,379419
202.24483,125.70811,379425
202.18,124.85362,379431
202.17998,124.726,379437
202.17998,124.726,379443
202.17998,124.41817,379448
202.4887,124.16695,379454
203.00133,124.17999,379460
203.00133,124.17999,379466
203.00133,124.17999,379471
203.00133,123.66002,379477
203.36852,123.03187,379482
203.40341,122.51306,379487
203.45575,121.73486,379492
203.49937,121.08636,379497
203.62218,120.8572,379501
203.82,120.44825,379507
203.99356,119.9991,379512
204.02002,119.31727,379517
204.02002,118.49999,379522
203.97313,117.723816,379527
203.89497,116.81723,379531
203.82,115.91042,379537
203.82002,115.39492,379542
203.82002,115.39492,379548
203.82002,115.39492,379554
203.82002,114.74495,379559
203.82,113.965126,379564
203.82,113.055626,379569
203.82,112.14685,379574
203.82002,111.630066,379579
203.82,110.85031,379584
203.82,110.07076,379589
203.82,109.03466,379646
203.82,109.03466,379650
203.82,108.64809,379654
203.80157,108.36166,379658
203.04257,108.07013,379663
202.28307,107.89315,379667
201.39929,107.676476,379671
201.0205,107.583755,379675
201.0205,107.583755,379681
201.0205,107.583755,379687
201.0205,106.933784,379691
200.88828,106.03742,379695
200.82002,105.655594,379701
200.82002,105.44113,379705
200.6735,105.217896,379709
199.92297,105.17999,379713
199.92297,105.17999,379719
199.92297,105.17999,379724
200.57294,105.17999,379728
200.96292,105.17999,379733
201.22331,105.77553,379738
201.58786,106.60927,379742
202.01712,107.09731,379747
202.4464,107.58536,379753
203.00133,107.92374,379758
203.33429,108.12676,379763
203.6439,108.198265,379768
203.83266,108.49875,379773
203.81999,109.277954,379778
203.82,110.18725,379783
203.82,111.09326,379788
203.82,111.74313,379793
203.81999,112.65283,379798
203.82,113.432396,379803
203.82,114.21157,379807
203.82,114.98688,379812
203.93056,115.62737,379817
204.08534,116.52407,379822
204.1959,117.164566,379828
204.17503,117.80149,379833
204.18,118.8355,379838
204.17998,119.35166,379844
204.17998,119.564735,379848
204.49947,119.931,379854
205.0851,120.446144,379859
205.19351,120.633835,379865
205.63461,121.107056,379871
206.26967,121.75876,379876
206.81342,122.31793,379881
207.17592,122.69071,379886
207.46512,122.95234,379890
208.21841,123.657265,379895
208.67981,123.82001,379900
209.45926,123.82,379904
210.49779,123.82,379909
211.01567,123.82001,379915
211.53561,123.82,379920
212.57542,123.82,379925
213.48514,123.82,379931
214.52414,123.82,379936
214.78305,123.82001,379940
215.40791,123.99889,379945
216.03278,124.17778,379949
216.76692,124.44115,379953
217.37872,124.660614,379957
218.10959,124.93294,379962
218.59685,125.114494,379968
219.11612,125.14157,379974
220.15451,125.17999,379979
220.85362,124.70207,379983
221.49846,124.06053,379988
222.15306,123.42846,379993
222.52676,123.06691,379998
222.52676,123.06691,380005
222.52676,123.06691,380014
222.00679,123.06691,380019
221.29372,123.322014,380024
221.06717,123.44957,380029
220.85808,123.60408,380035
220.48793,123.83044,380039
219.4488,123.82,380044
219.18968,123.8201,380048
218.53975,123.82,380055
217.49994,123.82,380060
216.59024,123.82,380065
215.68095,123.82001,380069
215.29233,123.82001,380074
214.90237,123.82,380079
213.86256,123.82,380084
213.08275,123.82,380088
212.17317,123.82,380093
211.39545,123.82,380099
210.87553,123.82001,380104
209.96606,123.82,380109
209.18657,123.82,380114
208.66792,123.8201,380119
208.16154,123.625626,380124
207.59047,123.09439,380128
206.9414,123.0602,380132
205.77309,122.998665,380136
204.86438,122.950806,380141
203.82588,122.8961,380146
203.32867,123.04832,380151
202.45859,123.3147,380156
201.95677,123.45089,380161
201.45494,123.58708,380166
201.06503,123.59433,380172
200.82224,123.68727,380179
200.28778,123.82,380184
199.89938,123.820015,380189
199.24945,123.82001,380194
198.3396,123.82001,380199
197.55981,123.82,380204
196.91011,123.82,380208
196.13167,123.8201,380213
195.48174,123.82001,380219
194.5719,123.82,380224
193.7924,123.8201,380279
193.4965,124.07412,380284
192.9863,123.97385,380289
192.34853,123.8485,380293
191.70782,123.90744,380298
190.84488,123.96253,380303
190.09293,123.97997,380308
189.50621,123.97997,380313
189.28441,123.98484,380319
189.08199,124.11577,380324
189.06897,124.14509,380330
188.62462,123.884285,380335
188.41365,123.82005,380340
188.17151,123.555336,380345
188.16486,123.16541,380350
188.16486,123.16541,380356
188.16486,123.16541,380362
187.5149,123.16541,380367
187.16217,123.80873,380372
187.03377,124.57795,380376
186.91962,125.21782,380381
186.69489,125.686714,380385
186.2454,126.62451,380390
186.07686,126.97619,380394
185.76617,127.5471,380400
185.51764,128.00381,380404
185.51764,128.00381,380459
185.51764,128.00381,380463
185.51764,128.00381,380468
185.12766,128.00381,380473
184.95293,128.51675,380479
185.06026,129.28915,380484
185.15749,130.06303,380489
185.18,130.32098,380495
185.18001,130.84094,380500
185.18,131.7508,380505
185.18001,132.66055,380510
185.18,133.44014,380514
185.18,134.08878,380520
185.18001,134.6087,380525
185.18001,135.38852,380529
185.18,136.42792,380535
185.18,136.94649,380540
185.18,136.94649,380546
185.18,136.94649,380552
185.18,136.94649,380558
184.69226,137.12675,380563
184.57947,137.17995,380568
184.44429,137.1829,380573
184.17223,137.54082,380578
184.18,138.0524,380583
184.18,138.56917,380588
184.18,139.4544,380593
184.2022,139.97357,380598
184.24594,140.7523,380603
184.29662,141.66084,380609
184.30385,141.79063,380615
184.30385,141.79063,380622
184.30882,141.14069,380628
184.31578,140.23076,380633
184.31776,139.97078,380639
184.17645,139.57951,380644
184.17998,138.67459,380649
184.18,137.78163,380655
184.20642,136.8896,380661
184.23654,136.24034,380666
184.27774,135.33131,380671
184.3072,134.68202,380676
184.37831,134.03595,380681
184.44942,133.3899,380686
184.53473,132.61461,380690
184.59161,132.09775,380696
184.66646,131.58319,380701
184.77872,130.81136,380705
184.89096,130.03952,380710
184.99327,129.52971,380714
185.17232,128.63754,380719
185.17996,128.41817,380725
185.6368,128.06763,380731
186.32704,127.70463,380736
187.24298,127.21215,380741
187.93022,126.84331,380746
188.05815,126.20606,380752
188.1605,125.69626,380756
188.19223,125.36416,380761
188.56548,125.0127,380765
189.02908,124.5938,380771
189.02992,124.31757,380776
189.12975,124.05523,380781
189.98535,123.93054,380786
191.02264,123.85684,380792
191.67052,123.82001,380796
192.44948,123.82001,380801
193.22935,123.82,380806
194.00916,123.82001,380812
194.7888,123.82001,380816
195.56714,123.82001,380821
196.19249,123.99719,380827
196.81784,124.17439,380832
197.42987,124.39319,380838
197.31168,124.338455,380844
196.82553,124.15398,380850
196.0963,123.87726,380854
195.44652,123.86183,380858
194.66678,123.84332,380863
193.75708,123.82172,380869
192.97745,123.82001,380874
192.19969,123.82,380878
191.55771,123.921684,380883
190.81621,123.96437,380887
189.94617,123.97997,380892
189.55074,123.97997,380898
189.30347,123.981674,380903
188.92319,124.377205,380908
188.51181,125.03987,380913
188.33919,125.21996,380919
188.16895,125.58309,380923
188.16177,126.49302,380928
187.7209,126.7687,380932
186.94937,127.25115,380937
186.28806,127.66468,380941
185.62675,128.0782,380947
185.4225,128.1804,380952
185.17409,128.45303,380958
185.16463,128.58427,380963
185.01547,129.34984,380967
184.96576,129.60503,380973
184.8664,130.24734,380977
184.72726,131.1466,380981
184.66765,131.532,380987
184.58943,132.17725,380990
184.47992,133.0806,380996
184.38606,133.85489,381001
184.35478,134.11298,381006
184.2472,134.88548,381008
184.12167,135.78674,381013
183.99615,136.688,381019
183.87064,137.58925,381024
183.82002,137.97551,381029
184.02,138.51942,381035
184.02002,139.29457,381040
184.1797,139.49974,381046
184.1797,139.49974,381051
184.1797,139.49974,381105
184.1797,139.49974,381110
184.1797,140.01971,381115
183.97183,140.43587,381120
183.8018,140.61307,381125
183.55821,140.83176,381130
182.72667,141.20111,381136
182.01593,141.52234,381140
181.1865,141.89658,381145
180.94951,142.00351,381151
180.94951,142.00351,381157
181.42026,141.78265,381163
182.12636,141.45137,381168
182.83247,141.12009,381173
183.4209,140.84402,381178
183.62688,140.8105,381185
183.82486,140.40993,381190
184.0323,139.82765,381196
184.02,139.0636,381201
184.02,138.38368,381207
184.17998,137.759,381212
184.21849,137.32211,381217
184.60403,137.17708,381221
184.99245,137.17998,381226
184.99245,137.17998,381231
184.99245,137.17998,381237
184.99245,136.66,381244
185.05228,135.8835,381248
185.16953,134.85019,381253
185.18,134.07205,381257
185.18,133.16219,381262
185.18001,132.3824,381266
185.18,131.47287,381271
185.17998,130.82448,381276
185.18,130.3046,381281
185.18,129.5249,381285
185.18,128.7462,381290
185.18,128.40068,381294
185.3788,128.19012,381299
186.15005,128.18,381303
187.05966,128.18001,381308
187.83826,128.18,381312
187.96725,128.18,381317
187.96725,128.18,381323
188.05595,127.66765,381328
188.16681,127.0272,381334
188.18001,126.377594,381340
188.17998,125.59983,381345
188.1844,125.38379,381351
188.59795,125.17691,381356
188.98653,125.1799,381361
188.98653,125.1799,381367
188.98653,125.1799,381373
188.98653,125.1799,381380
189.06868,124.76534,381385
189.02992,124.32903,381390
189.25838,123.99162,381439
189.25838,123.99162,381444
189.25838,123.99162,381451
189.63919,123.96573,381456
190.40979,123.97998,381461
191.2698,124.12391,381466
191.58762,124.17994,381471
191.81609,124.39468,381477
191.82002,125.03457,381481
191.82002,125.03457,381486
191.82002,125.03457,381491
192.46999,125.03457,381496
192.226,125.16258,381500
192.87589,125.17291,381505
193.7857,125.18,381510
194.69533,125.17999,381515
195.60332,125.1799,381520
196.12326,125.18,381525
197.03311,125.17999,381529
197.94286,125.17999,381534
198.98216,125.18,381538
199.37108,125.1799,381544
199.89064,125.17999,381549
200.27951,125.17999,381555
200.60893,125.18287,381560
200.82,125.55512,381564
200.82002,126.46105,381568
200.82002,126.46105,381573
200.82002,126.46105,381580
201.46999,126.46105,381585
202.24454,126.53585,381589
203.14513,126.66603,381594
203.79198,126.7277,381599
204.18062,126.76006,381603
204.91916,126.82001,381608
205.30809,126.82001,381614
205.43362,126.82001,381620
205.65363,126.79989,381625
206.00447,126.41942,381630
206.43185,125.929726,381636
206.43185,125.929726,381641
206.43185,125.929726,381647
206.95183,125.929726,381652
206.98544,125.183334,381658
206.83453,124.685745,381711
206.83453,124.685745,381767
206.83453,124.685745,381773
206.83453,123.905785,381778
206.3265,123.53492,381783
206.07251,123.47948,381788
205.84271,123.357864,381793
205.46164,123.16281,381797
204.5609,123.03382,381803
203.78932,122.91979,381807
203.29105,123.06847,381812
202.41908,123.32864,381818
201.91692,123.46353,381823
201.54028,123.564705,381827
201.02084,123.588196,381832
200.78244,123.69192,381838
200.37683,123.82367,381842
199.98796,123.82001,381847
199.33803,123.82001,381852
198.29823,123.82,381856
197.51852,123.8201,381860
196.60909,123.82,381865
196.09065,123.82001,381871
195.31075,123.82,381876
194.40091,123.82001,381881
193.49121,123.82001,381887
192.7118,123.82001,381891
192.19383,123.82001,381896
191.80867,123.8811,381900
190.81015,123.96553,381905
190.05988,123.97997,381910
189.5477,123.97997,381915
189.30214,123.98186,381920
188.9217,124.37865,381925
188.51067,125.04151,381930
188.3376,125.2206,381935
188.16864,125.586334,381940
188.16269,126.36627,381946
187.60265,126.82781,381951
187.05185,127.1728,381956
186.39317,127.5905,381962
185.73439,128.00806,381966
185.42053,128.18088,381971
185.17424,128.45769,381977
185.03314,129.22478,381983
184.9626,129.60832,381989
184.86397,130.25076,381995
184.74562,131.0217,382001
184.66672,131.53564,382006
184.60423,132.05185,382011
184.5105,132.82616,382015
184.41678,133.60046,382020
184.3543,134.11667,382026
184.26463,134.76042,382031
184.15703,135.53293,382036
184.06737,136.17668,382041
183.95978,136.94919,382046
183.85219,137.7217,382051
183.82002,137.9792,382057
184.03136,138.3101,382063
184.02002,139.20992,382069
183.97263,140.08789,382075
183.87785,140.32999,382080
183.82005,140.54637,382086
183.55103,140.8348,382090
182.59906,141.25273,382095
181.77107,141.63014,382100
181.06084,141.95251,382105
181.06084,141.95251,382158
181.06084,141.95251,382163
181.06084,142.47249,382168
180.86964,142.37125,382174
181.42941,142.04091,382180
182.10114,141.64452,382185
182.77286,141.24811,382190
183.33261,140.91779,382196
183.64226,140.80367,382201
183.64226,140.80367,382257
183.64226,140.80367,382262
183.64226,140.80367,382268
184.16223,140.80367,382273
184.38208,140.31232,382277
184.15572,139.56622,382282
184.02002,138.81863,382286
184.02002,138.38554,382292
184.02002,138.38554,382297
184.02002,138.38554,382303
184.02002,137.73557,382307
184.22586,137.33237,382312
184.72243,137.18,382316
184.98123,137.18,382323
184.98123,137.18,382329
184.98123,137.18,382335
184.98123,136.65993,382340
185.07533,135.62567,382346
185.16716,134.85114,382350
185.18,133.94308,382354
185.18,133.16321,382360
185.18001,132.25345,382365
185.18,131.34401,382371
185.17998,130.82549,382375
185.18,130.3056,382381
185.18001,129.52591,382385
185.17998,128.61807,382390
185.17998,128.40149,382396
185.49783,128.16736,382401
186.4071,128.18001,382405
187.31659,128.18,382409
187.96442,128.17998,382414
187.96442,128.17998,382419
187.96442,128.17998,382425
187.96442,127.530014,382431
188.12875,126.91636,382437
188.16779,126.26757,382443
188.18,125.619644,382448
188.17995,125.40277,382454
188.42526,125.174835,382458
188.94391,125.17999,382464
188.94391,125.17999,382469
188.94391,125.17999,382474
188.94391,125.17999,382480
189.03522,124.689186,382485
189.02992,124.323814,382490
189.26393,123.99002,382547
189.26393,123.99002,382552
189.26393,123.99002,382558
189.7759,123.96872,382563
190.67006,123.97998,382568
191.39578,124.17996,382573
191.59367,124.18043,382579
191.82047,124.40803,382584
191.82,124.92257,382590
191.82,124.92257,382596
191.82,124.92257,382601
192.33998,124.92257,382606
193.11748,124.973145,382611
194.0236,125.05644,382615
194.9299,125.137985,382619
195.5771,125.17999,382624
196.22704,125.17999,382629
197.0069,125.18,382633
198.0466,125.18,382638
198.8261,125.17999,382642
199.47403,125.17999,382648
199.99347,125.18,382652
200.38168,125.1799,382658
200.5942,125.17995,382663
200.8309,125.51397,382667
200.82,126.29163,382672
200.82,126.420364,382677
200.82,126.420364,382684
201.3368,126.477715,382688
202.24121,126.57808,382694
203.14561,126.67845,382699
203.79329,126.73227,382704
204.18214,126.76188,382709
204.7924,126.82,382714
205.31114,126.82001,382719
205.43661,126.82001,382724
205.65645,126.7983,382730
206.09207,126.31861,382736
206.43413,125.92699,382741
206.43413,125.92699,382747
206.43413,125.92699,382753
206.9541,125.92699,382757
207.02426,125.30536,382762
206.83443,124.68373,382814
206.83443,124.68373,382867
206.83443,124.68373,382872
206.83443,124.68373,382881
206.83443,124.03376,382887
206.79868,124.161285,382893
207.02158,124.481285,382899
207.41136,124.469055,382905
207.83507,124.16765,382910
208.15285,123.94159,382916
208.67209,123.914055,382922
209.58003,123.86587,382927
210.3589,123.82459,382984
211.00668,123.82001,382989
211.00668,123.82001,382993
211.00668,123.82001,383051
211.00668,123.82001,383057
211.52666,123.82001,383062
211.79504,124.20989,383067
211.82,124.97621,383072
211.82,124.97621,383079
211.82,124.97621,383084
211.82,124.97621,383090
211.82,124.71648,383096
211.82004,124.48559,383102
211.62717,124.19315,383109
211.09354,124.08458,383113
210.2085,123.97998,383119
209.49142,123.97998,383125
209.25163,123.99247,383130
209.03995,124.19539,383135
209.03995,124.19539,383190
209.08264,124.122604,383195
208.6314,123.88507,383200
208.41551,123.82005,383206
208.17659,123.58183,383212
208.18,123.19214,383218
208.18,123.19214,383224
208.18,123.19214,383232
207.52994,123.19214,383238
206.87996,123.19214,383299
206.87996,123.19214,383304
206.74318,123.41323,383310
206.7517,123.933136,383315
206.75595,124.193085,383320
206.82,124.66512,383324
206.82,125.3116,383330
206.80818,125.629974,383336
206.50746,125.83281,383342
205.99223,125.82001,383346
205.99223,125.82001,383353
205.99223,125.82001,383358
205.99223,126.33998,383365
205.8709,126.646614,383369
205.8709,126.646614,383375
205.52792,126.832146,383380
204.834,126.8201,383384
204.7046,126.820015,383390
204.7046,126.820015,383397
204.57977,126.820015,383403
204.36896,126.808846,383409
204.16722,126.507034,383414
204.18,125.99103,383418
204.18,125.99103,383424
204.18,125.99103,383429
203.53003,125.99103,383434
202.64388,125.82002,383439
202.43593,125.82002,383444
202.22462,125.68275,383448
202.18,124.80913,383453
202.18,124.68208,383459
202.18,124.68208,383464
202.18956,124.3811,383468
202.58542,124.179985,383473
202.96994,124.17999,383478
202.96994,124.17999,383484
202.96994,124.17999,383490
202.96994,123.66002,383496
203.34778,123.0428,383501
203.39711,122.39471,383505
203.46616,121.48738,383510
203.50562,120.9689,383515
203.66322,120.77823,383520
203.82,120.30151,383525
204.02003,119.642105,383530
204.02003,119.21023,383536
204.02,118.69162,383541
203.98409,117.914696,383546
203.90762,117.00797,383551
203.84425,116.23059,383555
203.82002,115.45493,383560
203.82002,115.45493,383565
203.82002,115.45493,383570
203.82002,114.80497,383576
203.81999,113.8952,383581
203.82,112.98582,383586
203.82,112.20685,383590
203.8201,111.56154,383595
203.82,110.91173,383599
203.82,110.00226,383604
203.82,109.09587,383660
203.82,109.09587,383664
203.82,108.708496,383670
203.78136,108.32606,383675
203.23569,108.10604,383680
202.09628,107.84096,383685
201.08513,107.597916,383690
200.95871,107.56761,383696
200.95871,107.56761,383701
200.89883,106.92041,383705
200.82002,105.884995,383710
200.82,105.41921,383714
200.6259,105.192,383718
199.98848,105.179985,383723
199.98848,105.179985,383729
199.98848,105.179985,383734
200.50845,105.179985,383739
200.76843,105.179985,383744
201.0842,105.7481,383749
201.58943,106.65707,383753
201.9407,107.04045,383757
202.46762,107.61552,383763
202.9148,107.880875,383767
203.25017,108.07989,383771
203.56708,108.17994,383777
203.8329,108.49872,383782
203.81999,109.407486,383787
203.81999,110.31666,383792
203.82,111.09289,383797
203.82,111.74276,383801
203.82,112.65246,383806
203.82,113.56191,383811
203.82,114.47057,383817
203.82002,114.98646,383822
203.93056,115.62695,383827
204.0853,116.52366,383832
204.19583,117.164154,383837
204.17494,117.801056,383843
204.18,118.707146,383848
204.18,119.35124,383853
204.18,119.56441,383858
204.59663,120.016655,383864
205.08473,120.44587,383869
205.19348,120.633514,383874
205.6343,121.10685,383879
206.26938,121.75852,383884
206.90376,122.41088,383889
207.17566,122.69045,383895
207.56125,123.03929,383899
208.21829,123.65696,383904
208.67912,123.82,383909
209.45879,123.82,383914
210.49808,123.82001,383919
211.01595,123.82001,383924
211.79585,123.82,383930
212.57573,123.82,383936
213.74525,123.82,383942
214.65382,123.82,383947
215.40799,123.99891,383952
216.03285,124.177795,383956
216.64465,124.39727,383963
217.3788,124.66064,383967
217.86604,124.84219,383972
218.59692,125.11452,383977
219.11618,125.141594,383982
220.15459,125.17999,383986
220.76558,124.79765,383991
221.31566,124.2451,383995
221.96846,123.61117,384000
222.52748,123.067276,384005
222.52748,123.067276,384011
222.52748,123.067276,384022
222.0075,123.067276,384028
221.07297,123.42212,384033
220.77559,123.66505,384038
220.29323,123.82183,384044
219.38412,123.82001,384049
219.12527,123.82001,384055
218.60535,123.82001,384061
217.69551,123.82,384067
216.78575,123.82,384071
216.00616,123.82001,384077
215.22853,123.8201,384081
214.5786,123.82,384086
213.66876,123.82001,384090
212.6291,123.82,384095
211.84978,123.82,384099
211.4611,123.8201,384105
210.81122,123.82001,384109
209.90222,123.82001,384114
208.99298,123.82001,384118
208.60454,123.82001,384123
208.1035,123.57988,384129
207.53557,123.04527,384135
206.88615,123.01855,384140
205.84709,122.97578,384145
204.9379,122.938354,384149
204.02872,122.90093,384154
203.76895,122.890236,384159
203.27383,123.04907,384163
202.40738,123.32704,384167
201.90572,123.46387,384172
201.52948,123.56649,384177
201.01001,123.58911,384182
200.77238,123.694595,384186
200.23473,123.82,384193
199.97565,123.8201,384197
199.4557,123.82,384203
198.4159,123.82,384207
197.50618,123.82001,384211
196.59677,123.82001,384216
196.07841,123.8201,384222
195.42848,123.82,384228
194.51865,123.82,384233
193.479,123.82,384238
192.82988,123.8201,384282
193.10878,124.09268,384287
192.60832,123.95155,384291
192.23299,123.8457,384296
191.58995,123.94041,384301
190.7347,123.97997,384307
189.98857,123.97997,384313
189.51283,123.97997,384318
189.25008,123.99354,384323
189.03027,124.23297,384328
189.07309,124.137764,384332
188.62787,123.88253,384337
188.41606,123.82006,384342
188.17229,123.56043,384347
188.16524,123.17052,384351
188.16524,123.17052,384357
188.16524,123.17052,384363
187.64526,123.17052,384367
187.2578,123.80786,384372
187.05673,124.695206,384377
186.93668,125.201126,384382
186.65363,125.786224,384387
186.31396,126.48834,384392
186.08752,126.95642,384398
185.839,127.41316,384402
185.52835,127.984085,384406
185.52835,127.984085,384454
185.52835,127.984085,384459
185.52835,127.984085,384464
185.00838,127.984085,384469
184.85652,128.49269,384474
185.11673,129.89813,384479
185.17625,130.28355,384485
185.18,130.93349,384490
185.18,131.84334,384495
185.18,132.75304,384501
185.18,133.66243,384506
185.18,134.18063,384512
185.18,134.18063,384517
185.18,134.18063,384523
185.18,134.7006,384529
185.01271,135.45293,384533
184.7288,136.31741,384537
184.53072,136.93646,384542
184.41037,137.16692,384547
184.16714,137.50124,384553
184.18,138.0141,384559
184.18,138.66031,384564
184.18,139.41971,384569
184.20921,140.06866,384574
184.25945,140.97723,384579
184.30934,141.88582,384584
184.30934,141.88582,384590
184.30934,141.88582,384596
184.82932,141.88582,384601
184.8668,141.27512,384606
184.44319,140.04623,384610
184.21666,139.67111,384614
184.18,138.66139,384619
184.18,138.01904,384624
184.18,137.52428,384629
184.2049,136.87505,384635
184.24124,136.09593,384640
184.2714,135.44666,384645
184.30757,134.66754,384649
184.36467,134.15071,384655
184.43605,133.50467,384660
184.52171,132.72943,384665
184.5931,132.08339,384669
184.70557,131.31158,384674
184.81802,130.53978,384678
184.89299,130.02524,384682
185.0212,129.38803,384687
185.17503,128.6234,384691
185.17995,128.40633,384695
185.53473,128.1142,384700
186.1098,127.8114,384706
186.79823,127.44478,384712
187.6015,127.01725,384717
187.94576,126.83402,384722
188.04343,126.3233,384726
188.1655,125.6849,384731
188.19742,125.35335,384736
188.67494,124.91983,384741
189.02863,124.58565,384746
189.02992,124.342445,384752
189.06516,124.14404,384758
189.80388,123.9506,384763
190.58182,123.89661,384768
191.35916,123.83258,384772
191.74756,123.82001,384778
192.39748,123.82,384783
193.30731,123.82,384787
194.08711,123.82,384792
194.86671,123.82,384797
195.64444,123.82001,384802
196.14273,123.96859,384806
196.89017,124.19147,384811
197.50107,124.413414,384815
198.11197,124.63535,384822
198.11197,124.63535,384828
198.56844,124.386345,384832
199.48138,123.888336,384834
200.12822,123.82455,384839
200.59804,123.820015,384844
200.97435,123.717674,384850
201.60287,123.552055,384854
201.97998,123.45269,384859
202.46735,123.27145,384864
203.32024,122.95427,384868
203.32024,122.95427,384912
203.32024,122.95427,384919
203.84021,122.95427,384924
204.62016,122.95427,384966
204.10138,122.91924,384971
203.71228,122.892975,384976
204.36224,122.89066,384981
205.1422,122.887886,384986
206.05215,122.88464,384991
206.8321,122.88187,384996
207.09209,122.88094,385000
207.74205,122.88039,385005
208.00204,122.88016,385061
208.00204,122.88016,385066
208.00204,122.88016,385129
208.00204,122.88016,385134
208.00204,123.53013,385140
208.00204,124.18009,385195
208.00204,124.18009,385199
207.9067,124.268456,385204
207.33746,124.582184,385209
206.95879,124.488945,385215
206.84227,125.12838,385220
206.82002,125.59021,385225
206.47249,125.82968,385228
206.08533,125.820015,385233
206.08533,125.820015,385238
206.08533,125.820015,385243
206.08533,126.46998,385250
205.95538,126.72677,385254
205.827,126.74715,385260
205.35976,126.82226,385264
204.71124,126.8201,385269
204.71124,126.8201,385274
204.71124,126.8201,385281
204.19127,126.8201,385285
204.03368,126.703514,385290
204.17252,126.06855,385296
204.17998,125.94156,385301
204.17998,125.94156,385307
203.80397,125.83812,385312
203.15521,125.82001,385317
202.6396,125.82001,385323
202.43262,125.82001,385328
202.17445,125.57299,385334
202.18,124.797905,385338
202.18,124.671036,385344
202.18,124.671036,385349
202.1933,124.37186,385355
202.4784,124.16725,385360
202.99135,124.17999,385365
202.99135,124.17999,385371
202.99135,124.17999,385379
202.99135,123.53002,385385
203.30516,123.0385,385389
203.3544,122.52086,385394
203.42825,121.7444,385398
203.5021,120.96795,385403
203.66148,120.77945,385409
203.82161,120.435455,385413
204.0302,119.891556,385417
204.02002,119.21322,385422
204.02002,118.5651,385427
203.96252,117.65902,385433
203.89796,116.88174,385438
203.82358,115.97482,385442
203.82,115.45825,385448
203.82,115.45825,385453
203.82,115.45825,385459
203.82,114.93828,385465
203.82,113.898544,385469
203.82,112.98913,385474
203.81999,112.21016,385478
203.82,111.56477,385484
203.81999,111.04492,385489
203.82,110.00552,385494
203.82,109.357285,385549
203.82,109.357285,385553
203.82,108.710526,385558
203.78232,108.32752,385563
203.23816,108.10695,385569
202.35191,107.90083,385573
201.46698,107.688965,385578
200.96124,107.56809,385583
200.96124,107.56809,385589
200.96124,107.56809,385596
200.96124,106.91812,385602
200.85696,106.01659,385606
200.82,105.63195,385612
200.82,105.42223,385617
200.51402,105.16727,385622
199.86917,105.17999,385626
199.86917,105.17999,385631
199.86917,105.17999,385636
199.21921,105.17999,385640
198.30943,105.17999,385645
197.40001,105.17999,385650
196.62115,105.17999,385654
196.10445,105.17999,385660
195.47726,105.00944,385665
194.85007,104.838875,385669
194.3602,104.664505,385674
193.50294,104.35935,385678
193.50294,104.35935,385713
193.50294,104.35935,385714
193.50294,104.35935,385719
192.85297,104.35935,385724
192.21474,104.00256,385728
191.69633,104.04289,385732
191.01335,104.01237,385736
190.0314,103.97997,385741
189.58803,103.97997,385746
189.58803,103.97997,385796
189.58803,103.97997,385801
189.58803,103.97997,385806
188.93806,103.97997,385811
188.2881,103.97997,385843
188.23705,103.86043,385848
187.4579,103.82454,385852
186.54892,103.78267,385857
185.63992,103.74079,385861
184.60107,103.69294,385865
183.95111,103.69077,385869
182.78117,103.68687,385873
181.74124,103.6834,385877
180.96127,103.68079,385881
180.70892,103.7433,385886
179.99028,103.82,385890
178.95056,103.82,385894
177.91072,103.82,385898
176.87134,103.82001,385903
176.09138,103.82,385908
175.05147,103.82001,385913
174.14159,103.82,385918
173.23189,103.82001,385922
172.58302,103.85161,385926
171.67473,103.90652,385931
171.4152,103.92218,385936
170.76758,103.97725,385940
170.76758,103.97725,385944
170.76758,103.97725,385949
170.11774,103.97725,385953
170.27979,103.989555,385958
170.92862,103.95129,385962
170.92862,103.95129,385965
170.92862,103.95129,386007
170.92862,103.95129,386012
171.5786,103.95129,386017
171.80493,104.20908,386021
171.82,104.84821,386025
171.82,104.97753,386031
171.82,104.97753,386036
172.32228,105.11205,386041
173.35338,105.17573,386045
174.26312,105.18,386050
175.17253,105.17999,386054
175.9512,105.18,386058
176.3387,105.17999,386063
176.98859,105.18,386067
178.0282,105.18,386072
179.06735,105.18,386076
179.97525,105.17999,386080
180.2327,105.17999,386085
180.67055,105.21246,386090
180.81999,105.704216,386094
180.81999,106.613655,386099
180.82,107.262,386104
180.82,107.262,386109
180.82,107.262,386113
180.82,106.61203,386118
180.82,105.703545,386122
181.21843,105.19002,386126
181.77623,104.47108,386130
182.0535,104.0312,386134
182.67735,103.041466,386138
182.93887,102.44834,386142
183.32567,101.483,386147
183.51945,101.000496,386151
183.51945,101.000496,386186
183.51945,101.000496,386190
183.51945,101.000496,386195
184.16943,101.000496,386200
183.98077,100.73763,386204
183.85316,100.13119,386208
184.02002,99.58129,386213
184.02002,98.67735,386217
183.96254,97.77442,386221
183.8682,96.869385,386226
183.82,96.2229,386230
183.82,96.2229,386234
183.82,96.2229,386239
183.82,95.70293,386245
183.86612,94.79461,386249
183.92923,93.88685,386254
183.98355,93.10878,386259
184.03818,92.330734,386263
184.10188,91.42301,386267
184.12009,91.163666,386272
184.15656,90.64497,386276
184.22948,89.60758,386280
184.27505,88.95921,386319
184.27505,88.95921,386323
184.3024,88.5702,386329
183.93901,88.428665,386334
183.7432,88.28213,386338
182.80481,88.18,386343
181.63823,88.18,386348
180.99605,88.17999,386353
180.99605,88.17999,386358
180.99605,88.17999,386363
180.99605,87.66002,386367
180.91795,86.62479,386371
180.82,85.72098,386375
180.75174,85.28626,386379
180.20021,85.18,386384
179.42107,85.18,386388
178.51183,85.17999,386393
177.60349,85.18,386398
176.83258,85.18,386403
176.83258,85.1799,386409
176.83258,85.1799,386414
176.18262,85.1799,386419
175.55257,85.08008,386424
175.04593,84.96307,386429
174.28598,84.78757,386433
173.6495,84.65583,386438
173.01302,84.524086,386442
173.01302,84.524086,386485
173.01302,84.524086,386489
173.01302,84.524086,386495
173.01302,84.524086,386500
172.37581,84.39597,386505
171.86603,84.29349,386509
171.31833,84.17999,386514
170.87325,83.96706,386518
169.99506,83.97998,386523
169.57916,83.97998,386566
169.57916,83.97998,386570
169.21169,83.84943,386574
169.32515,83.979004,386579
169.15828,84.03974,386583
169.02263,84.32177,386588
169.02263,84.32177,386621
169.02263,84.32177,386626
168.24266,84.32177,386631
168.62428,84.425644,386635
169.0299,84.284744,386640
169.1357,84.05278,386644
169.83289,83.97998,386649
170.59848,83.97998,386653
171.33209,84.12912,386658
171.96425,84.28023,386663
172.5964,84.431335,386667
173.23276,84.56373,386672
173.8691,84.69612,386677
174.37859,84.799965,386682
175.14284,84.955734,386686
175.77979,85.08518,386692
176.41608,85.179985,386697
177.06587,85.18,386701
177.97536,85.18,386706
178.75458,85.18,386711
179.66252,85.17999,386716
180.1775,85.17999,386721
180.61475,85.18591,386726
181.07559,85.62952,386730
181.70477,86.28687,386734
182.33562,86.94265,386739
183.05641,87.69228,386744
183.50691,88.1608,386748
184.0172,88.260704,386752
184.05745,88.77912,386757
184.11784,89.55674,386761
184.17822,90.33436,386766
184.25874,91.371185,386771
184.299,91.8896,386777
184.3023,92.53956,386783
184.3063,93.31951,386787
184.31094,94.229454,386791
184.31625,95.26939,386795
184.31891,95.78935,386800
184.31935,96.43932,386805
184.3198,97.08929,386809
184.18,97.58027,386814
184.18,98.357,386818
184.17998,99.376114,386823
184.17998,99.613266,386827
184.62965,100.072296,386832
185.19664,100.607895,386836
185.67297,100.95612,386841
186.48366,101.36938,386845
187.06116,101.667625,386850
187.7964,101.927925,386854
187.7964,101.927925,386891
187.7964,101.927925,386894
187.7964,102.57789,386897
187.52446,102.377525,386901
187.3613,102.02332,386905
186.80981,101.679344,386909
185.81714,101.06018,386914
185.38861,100.81015,386918
185.17807,100.40486,386923
185.18,100.145775,386928
185.18,100.145775,386933
185.18,100.145775,386937
185.18,100.145775,386941
184.71385,99.91536,386946
184.71385,99.91536,386986
184.71385,99.91536,386989
184.71385,99.91536,386994
184.71385,99.91536,386999
184.195,100.30685,387004
183.98747,100.46344,387008
183.7912,100.63393,387012
183.36212,101.102165,387015
182.51338,101.9074,387052
182.51338,101.9074,387055
182.78067,102.49987,387059
182.10385,102.88748,387064
181.42702,103.27509,387068
180.9758,103.5335,387073
180.9758,103.5335,387108
180.9758,103.5335,387112
180.9758,103.5335,387116
181.75577,103.5335,387120
182.66441,103.57032,387124
183.70203,103.63996,387129
184.09119,103.66517,387133
184.74115,103.66754,387138
185.78108,103.671326,387142
186.69104,103.674644,387146
187.73097,103.67843,387151
188.11464,103.73589,387155
188.72404,103.9619,387159
189.1891,104.02014,387164
189.80017,103.97999,387169
191.03438,104.01905,387207
191.03438,104.01905,387210
191.40033,104.15383,387215
191.6076,104.18246,387220
191.82002,104.56766,387225
191.82,104.95499,387230
191.82,104.95499,387236
191.82,104.95499,387242
192.34007,104.95499,387247
193.11777,105.00347,387251
194.02414,105.084,387255
194.93077,105.16178,387260
195.57687,105.179985,387264
196.09677,105.18,387270
197.0065,105.17999,387275
198.04582,105.17999,387279
198.95442,105.17999,387284
199.47025,105.17999,387289
200.11835,105.17999,387293
200.58334,105.17999,387297
200.83072,105.4552,387302
200.82,106.49403,387307
200.82,107.26997,387311
200.82,107.26997,387318
200.82,107.26997,387323
201.46997,107.26997,387328
202.30518,107.53859,387332
203.20436,108.06087,387337
203.6294,108.1916,387342
203.6294,108.1916,387396
203.6294,108.1916,387400
203.6294,108.1916,387406
204.14937,108.1916,387411
204.21742,108.94758,387416
204.06126,109.7113,387421
203.87462,110.73437,387426
203.82002,111.11796,387432
203.82,111.76783,387437
203.82,112.54761,387442
203.81999,113.45712,387447
203.82,114.236244,387451
203.82,115.01101,387458
203.93164,115.65132,387465
204.04327,116.291626,387471
204.17723,117.06,387476
204.18,117.82626,387481
204.18,118.474785,387485
204.18,118.73212,387491
204.18,119.24956,387497
204.17995,119.585106,387501
204.5186,119.94784,387506
205.10423,120.46298,387512
205.10423,120.46298,387518
205.10423,120.46298,387524
205.10423,121.112946,387529
205.32347,121.85482,387534
205.36732,121.97719,387573
205.36732,121.97719,387578
205.36732,121.97719,387586
206.14728,121.97719,387592
205.77113,122.110565,387597
205.54733,121.494484,387603
205.47008,120.98028,387608
205.40723,120.86649,387614
204.96611,120.39548,387619
204.54248,119.902534,387625
204.35335,119.80156,387631
204.1709,119.46348,387636
204.18,118.81553,387641
204.18,118.036964,387645
204.18,117.65035,387651
204.07019,117.00973,387656
203.91646,116.112854,387661
203.82,115.47223,387666
203.82,114.95232,387671
203.82,114.042595,387676
203.82,113.26299,387680
203.82,112.224174,387685
203.82002,111.57851,387689
203.82,110.9287,387694
203.82,110.019226,387699
203.82,108.851974,387704
203.7874,108.335434,387709
203.12444,107.98513,387713
202.88553,107.88257,387717
202.39793,107.45279,387722
201.91034,107.02302,387726
201.53139,106.49494,387730
200.92508,105.65004,387735
200.79982,105.35233,387739
200.33975,105.17999,387744
199.95256,105.17999,387748
199.45064,105.04421,387752
198.69774,104.84054,387756
198.08527,104.62294,387762
197.35031,104.361824,387767
196.74113,104.13521,387772
196.13194,103.9086,387776
195.61215,103.894936,387781
194.83246,103.87444,387786
194.05276,103.85395,387790
193.14313,103.83004,387794
192.23372,103.82,387798
191.58377,103.82,387802
190.80383,103.82,387806
189.8947,103.82,387809
188.98494,103.82,387813
188.5954,103.82001,387818
188.34908,103.806496,387823
187.95741,103.15917,387827
187.54341,102.34886,387831
187.36479,102.0022,387835
187.36479,102.0022,387871
187.36479,102.0022,387874
187.36479,102.0022,387908
187.36479,102.0022,387914
186.84482,102.0022,387918
186.1119,101.61134,387922
185.59747,101.02507,387926
185.42023,100.83487,387930
185.16885,100.48785,387934
185.18,100.09936,387938
185.18,100.09936,387943
185.18,100.09936,387947
185.18,100.09936,387952
184.70258,99.89332,387957
184.48062,99.82005,387962
184.32962,99.77568,387966
184.18,99.04931,387970
184.18,98.14686,387974
184.17998,97.64438,387979
184.17998,97.64438,387984
184.17998,97.64438,387988
184.17998,96.99441,387993
184.64406,96.96895,387997
184.99211,97.14484,388002
184.99211,97.14484,388007
184.99211,97.14484,388012
184.99211,97.14484,388017
184.73761,97.17998,388021
184.51216,97.17998,388026
184.44443,97.18407,388030
184.1759,97.42157,388034
184.18,98.45553,388038
184.18,99.465065,388042
184.17998,99.586845,388047
184.51176,99.96137,388051
185.17342,100.58607,388055
185.59854,101.06005,388060
186.2359,101.70947,388064
186.96228,102.453705,388068
187.68892,103.19766,388072
187.96141,103.476654,388114
187.96141,103.476654,388117
187.96141,103.476654,388123
187.96141,104.126625,388127
188.3007,103.96223,388131
188.9341,104.10809,388135
189.57864,103.97999,388140
190.78963,103.97999,388179
190.78963,103.97999,388182
191.40318,104.15627,388187
191.6108,104.1835,388192
191.82,104.57507,388197
191.82,104.962326,388202
191.82,104.962326,388207
191.82,104.962326,388212
192.33998,104.962326,388216
193.37679,105.026115,388221
194.41258,105.11878,388225
195.3192,105.17999,388229
195.57683,105.17999,388235
196.09673,105.18,388239
197.13637,105.18,388243
198.17555,105.17999,388248
198.95425,105.17999,388252
199.47006,105.17999,388257
199.98885,105.17999,388261
200.37502,105.17999,388266
200.58322,105.17999,388271
200.79254,105.34392,388276
200.81999,106.49349,388281
200.82002,107.26929,388286
200.82002,107.26929,388291
200.82002,107.26929,388296
201.46999,107.26929,388300
202.29875,107.58386,388305
203.09969,108.0157,388309
203.64075,108.19672,388314
203.64075,108.19672,388355
203.64075,108.19672,388360
203.64075,108.19672,388365
204.29071,108.19672,388370
204.04903,108.3499,388375
203.97449,109.12629,388380
203.8875,110.03208,388384
203.82,111.0664,388388
203.82,111.58631,388392
203.82,112.62596,388396
203.82,113.53539,388400
203.82,114.444115,388404
203.82,114.96045,388409
203.92941,115.60114,388414
204.08257,116.498116,388418
204.19199,117.13881,388423
204.1718,117.77343,388427
204.18,118.67995,388432
204.18,119.32475,388436
204.19704,119.64144,388441
204.66573,120.082535,388446
205.05788,120.423996,388451
205.05788,120.423996,388456
205.05788,120.423996,388462
205.05788,121.20396,388469
205.33408,121.00558,388473
205.31073,120.8777,388478
204.98666,120.47106,388483
204.58157,119.96276,388487
204.40225,119.8087,388493
204.1798,119.432816,388498
204.18,118.52498,388503
204.18,117.62015,388508
204.06886,116.97975,388513
203.89104,115.955124,388518
203.82002,115.4428,388523
203.81999,114.9229,388527
203.81999,113.88327,388532
203.82,113.103745,388536
203.82,112.06523,388540
203.82,111.54985,388545
203.82,110.90005,388549
203.82,109.8607,388554
203.82,108.95269,388558
203.82002,108.69493,388563
203.77388,108.314255,388568
203.21707,108.02421,388573
202.85858,107.870705,388577
202.47044,107.52468,388582
201.88826,107.00565,388587
201.51143,106.47607,388591
200.90852,105.62873,388595
200.82007,105.43016,388600
200.53679,105.16851,388605
199.89142,105.17999,388609
199.26578,105.00381,388614
198.64015,104.82762,388618
198.02866,104.60733,388623
197.29485,104.34298,388628
196.68591,104.11571,388633
196.07698,103.88844,388638
195.55713,103.87716,388642
194.64738,103.85743,388646
193.73764,103.83769,388650
192.8279,103.82,388654
192.30824,103.82001,388658
191.78827,103.82,388662
190.87834,103.82,388666
189.83875,103.82,388670
188.929,103.82001,388674
188.66927,103.8201,388679
188.4218,103.82003,388683
188.12871,103.48378,388687
187.65433,102.55835,388691
187.35493,101.981445,388696
187.35493,101.981445,388728
187.35493,101.981445,388731
187.35493,102.63142,388736
187.29594,102.37411,388741
187.26056,101.98574,388746
186.71245,101.63642,388750
185.83545,101.077515,388754
185.61621,100.93779,388758
185.40956,100.81245,388762
185.1776,100.451256,388766
185.17998,100.06286,388771
185.17998,100.06286,388776
185.17998,100.06286,388781
185.17998,100.06286,388787
184.69429,99.8772,388791
184.69429,99.8772,388830
184.69429,99.8772,388833
184.69429,99.8772,388838
184.69429,99.8772,388843
184.18982,100.28704,388848
183.98804,100.45098,388852
183.79472,100.62484,388857
183.37012,101.093155,388861
182.52063,101.89759,388900
182.52063,101.89759,388903
182.78088,102.49317,388908
182.21764,102.817535,388912
181.31644,103.33652,388916
180.97849,103.531136,388921
180.97849,103.531136,388957
180.97849,103.531136,388961
180.97849,103.531136,388966
181.62846,103.531136,388971
182.66687,103.5757,388976
183.70468,103.64224,388980
184.09393,103.66612,388985
184.7439,103.66834,388989
185.78384,103.67189,388993
186.82378,103.67544,388998
187.86372,103.678986,389003
188.11734,103.73621,389008
188.8485,104.00775,389013
189.19,104.01963,389017
189.92996,103.97999,389022
191.03554,104.02001,389058
191.03554,104.02001,389062
191.40161,104.15447,389067
191.60896,104.1829,389071
191.82,104.5708,389076
191.82002,104.95809,389080
191.82002,104.95809,389086
191.82002,104.95809,389091
192.46999,104.95809,389095
192.2449,105.14541,389100
193.0246,105.165924,389104
193.93422,105.17999,389108
194.97305,105.17999,389112
195.61877,105.17999,389117
196.13867,105.18,389121
197.17831,105.18,389126
198.08772,105.18,389130
199.12569,105.17999,389134
199.38365,105.17999,389139
200.03212,105.179985,389144
200.29002,105.17999,389148
200.61026,105.18437,389153
200.82,105.6731,389157
200.82,106.71167,389162
200.82,107.2287,389166
200.82,107.2287,389171
200.82,107.2287,389176
201.33998,107.2287,389180
202.28954,107.559364,389184
203.19743,108.06615,389188
203.6248,108.189705,389193
203.6248,108.189705,389235
203.6248,108.189705,389240
203.6248,108.189705,389246
204.27477,108.189705,389250
204.03487,108.35003,389255
203.97575,108.99731,389260
203.893,109.90349,389265
203.82,110.80968,389268
203.82002,111.0676,389273
203.81999,111.5875,389277
203.81999,112.497215,389282
203.82,113.406715,389286
203.82,114.1859,389291
203.82,114.96168,389295
203.90758,115.47423,389300
204.0608,116.371185,389304
204.19215,117.14001,389309
204.17183,117.77473,389314
204.17998,118.80944,389319
204.18,119.326004,389324
204.19757,119.642494,389326
204.66673,120.083405,389331
205.05888,120.424866,389336
205.05888,120.424866,389341
205.05888,120.424866,389346
205.05888,121.07484,389353
205.81389,121.13912,389360
205.71259,120.908066,389364
205.40163,120.81933,389369
205.04071,120.46999,389373
204.61292,119.98067,389378
204.43286,119.81424,389384
204.16704,119.50687,389390
204.18,118.73083,389395
204.18,117.95257,389399
204.18,117.69481,389405
203.89944,116.02834,389407
203.82002,115.387886,389413
203.82,114.86798,389418
203.82,113.828354,389422
203.82,113.04885,389427
203.82,112.01049,389432
203.82,111.62341,389437
203.82,110.9736,389442
203.82,110.19401,389446
203.82,109.15543,389451
203.82,108.63944,389455
203.79828,108.35489,389461
203.27332,108.04439,389465
202.79431,107.842064,389470
202.31532,107.402725,389475
201.83632,106.96338,389479
201.46454,106.43025,389483
200.94402,105.68387,389488
200.81256,105.381096,389493
200.40817,105.179375,389498
199.89232,105.17999,389503
199.24243,105.17999,389508
198.33273,105.17999,389512
197.55318,105.18,389516
196.51476,105.18,389521
196.1274,105.179985,389526
195.49957,105.01176,389531
194.7462,104.80988,389536
194.13492,104.58897,389541
193.52365,104.36805,389546
192.91463,104.141,389551
192.1838,103.86853,389556
191.53395,103.85676,389560
190.75412,103.842636,389564
189.84453,103.82616,389569
189.06473,103.82,389574
188.67506,103.8201,389578
188.42729,103.82003,389582
188.11621,103.377785,389586
188.07799,103.25354,389625
188.07799,103.25354,389629
188.07799,103.25354,389672
188.10254,103.381195,389677
188.17995,103.593155,389682
188.47227,103.832436,389686
189.38103,103.82001,389690
190.1607,103.82,389694
191.07042,103.8201,389740
191.07042,103.8201,389744
191.37721,104.06086,389748
191.5737,104.182465,389753
191.83266,104.48148,389758
191.82,104.99767,389763
191.82,104.99767,389768
191.82,104.99767,389773
191.82,104.99767,389778
191.82,104.61138,389782
191.82007,104.40179,389787
191.49051,104.16865,389792
190.78072,103.97765,389796
189.90363,103.97997,389801
189.58313,103.97998,389806
188.94055,103.882225,389811
188.68352,103.843124,389816
188.43674,103.82003,389820
187.97227,103.41272,389825
187.33594,102.76232,389830
186.60541,102.02216,389834
186.05772,101.46684,389838
185.6013,101.0041,389843
185.41814,100.81959,389848
185.17062,100.47559,389852
185.18,100.087135,389857
185.18,100.087135,389862
185.18,100.087135,389866
185.18,100.087135,389870
184.69974,99.8878,389874
184.58826,99.82093,389878
184.5367,99.8201,389882
184.45279,99.817154,389887
184.18,99.37,389891
184.18,98.59382,389895
184.18,97.58207,389900
184.18,97.58207,389905
184.18,97.58207,389911
184.18,97.062096,389916
184.2694,96.28988,389920
184.27577,95.76994,389925
184.28691,94.860054,389929
184.29646,94.080154,389934
184.30603,93.300255,389938
184.31717,92.390366,389943
184.31744,92.00039,389947
184.31807,91.09043,389951
184.31862,90.31047,389955
184.31934,89.27052,389960
184.31978,88.62055,390006
184.31978,88.62055,390009
184.31978,88.62055,390015
184.31978,88.10058,390020
183.84232,88.151596,390024
183.32266,88.16999,390028
182.28366,88.18,390032
181.24806,88.17999,390038
180.9934,88.17999,390042
180.9934,88.17999,390047
180.93283,87.40239,390051
180.842,86.23598,390055
180.82,85.717804,390061
180.79875,85.3612,390065
180.20206,85.17999,390070
179.42358,85.18,390074
178.51434,85.17999,390079
177.606,85.18,390084
176.83499,85.1799,390088
176.83499,85.1799,390093
176.83499,85.1799,390097
176.31502,85.1799,390102
175.55165,85.04961,390107
174.9156,84.915794,390111
174.27956,84.78198,390115
173.77008,84.67799,390119
173.00587,84.52202,390123
173.00587,84.52202,390171
173.00587,84.52202,390175
173.00587,84.52202,390180
173.00587,84.52202,390185
172.3686,84.39418,390189
171.8588,84.291916,390194
171.43909,84.17974,390198
170.97623,83.993706,390202
169.98672,83.97997,390207
169.57408,83.97997,390258
169.57408,83.97997,390262
169.20694,83.84846,390266
169.32188,83.979355,390270
169.15306,84.04354,390274
169.02339,84.33223,390280
169.02339,84.33223,390331
169.02339,84.33223,390336
168.24342,84.33223,390340
168.49756,84.41003,390345
169.0299,84.28922,390351
169.18497,84.01453,390354
170.05318,83.97998,390359
170.81308,83.97998,390365
171.42062,84.16971,390371
171.92671,84.27082,390376
172.55879,84.422226,390380
173.06778,84.52855,390384
173.83127,84.688034,390388
174.59547,84.84399,390393
175.10495,84.94795,390398
175.74188,85.07743,390403
176.37877,85.17998,390407
176.8986,85.17999,390412
177.80814,85.18,390416
178.84697,85.17999,390421
179.6251,85.18,390425
180.26723,85.1799,390430
180.68546,85.22416,390434
181.13577,85.69285,390438
181.8563,86.44275,390442
182.57681,87.19264,390446
183.20726,87.84881,390451
183.47745,88.13001,390456
184.11151,88.27298,390461
184.14632,88.92202,390466
184.1881,89.70086,390472
184.23683,90.609505,390477
184.28557,91.51816,390482
184.30646,91.90758,390486
184.30861,92.55754,390491
184.31075,93.207504,390495
184.3142,94.247444,390500
184.3172,95.157394,390504
184.31935,95.80736,390510
184.31961,96.45733,390514
184.31989,97.10729,390518
184.17987,97.59614,390523
184.18,98.50185,390527
184.17996,99.390915,390531
184.18642,99.63666,390535
184.74515,100.178894,390540
185.2067,100.629845,390545
185.589,100.911835,390549
186.51471,101.38569,390553
186.97678,101.62415,390558
187.46486,101.80344,390562
187.83093,101.9379,390567
187.83093,101.9379,390603
187.83093,101.9379,390606
187.83093,102.58787,390611
187.54718,102.39308,390615
187.37694,102.04222,390620
186.8266,101.69642,390625
186.05612,101.21228,390629
185.61586,100.93563,390634
185.40875,100.812675,390638
185.17847,100.4495,390643
185.18,100.06111,390647
185.18,100.06111,390652
185.18,100.06111,390658
185.18,100.06111,390662
184.69383,99.876434,390666
184.69383,99.876434,390706
184.69383,99.876434,390709
184.69383,99.876434,390713
184.69383,99.876434,390718
184.08884,100.3687,390723
183.79477,100.62468,390727
183.37025,101.092995,390731
182.52074,101.89741,390766
182.52074,101.89741,390769
182.78087,102.49304,390774
182.21764,102.81744,390778
181.31647,103.33646,390782
180.97853,103.53109,390786
180.97853,103.53109,390826
180.97853,103.53109,390830
180.97853,103.53109,390836
181.6285,103.53109,390840
182.66692,103.57567,390844
183.70473,103.642235,390848
184.09398,103.66612,390852
184.61395,103.66789,390856
185.78387,103.67188,390860
186.69383,103.67499,390864
187.73376,103.678535,390868
188.11737,103.73621,390873
188.84854,104.00777,390877
189.19,104.019615,390881
189.80142,103.97999,390885
191.03555,104.02002,390922
191.03555,104.02002,390926
191.40163,104.15448,390930
191.60898,104.1829,390935
191.82,104.57084,390940
191.82,104.95814,390944
191.82,104.95814,390949
191.82,104.95814,390954
192.33998,104.95814,390958
193.24734,105.00993,390962
194.28297,105.10446,390966
195.31895,105.17999,390970
195.5766,105.17999,390975
196.22646,105.18,390980
197.39598,105.18,390985
198.4349,105.18,390989
199.34169,105.18,390994
199.98845,105.17999,390998
200.37463,105.17999,391002
200.58292,105.17999,391007
200.82324,105.583534,391012
200.82,106.622215,391017
200.82,107.26844,391021
200.82,107.26844,391027
200.82,107.26844,391032
201.46997,107.26844,391036
202.29861,107.58323,391041
203.21405,108.0766,391046
203.64044,108.19658,391052
203.64044,108.19658,391096
203.64044,108.19658,391100
203.64044,108.19658,391104
204.2904,108.19658,391109
204.05002,108.33801,391113
203.98793,108.98501,391118
203.88858,110.0202,391123
203.82,110.92586,391128
203.82,111.574524,391132
203.82,112.48423,391136
203.82,113.52363,391141
203.82,114.43233,391146
203.82,114.948845,391151
203.92891,115.58962,391156
204.08138,116.48671,391161
204.19028,117.127495,391166
204.1739,117.76329,391171
204.18,118.67045,391175
204.18,119.31547,391180
204.19331,119.6334,391184
204.75612,120.16125,391189
205.05023,120.417336,391194
205.05023,120.417336,391199
205.05023,120.417336,391205
205.05023,121.06731,391211
205.55403,121.19862,391215
206.56593,120.95911,391220
207.07317,120.84469,391225
207.07317,120.84469,391231
207.07317,120.84469,391237
207.07317,121.62465,391243
206.9022,121.68877,391248
206.35016,121.34567,391253
205.68771,120.93396,391257
205.4828,120.82007,391262
205.02661,120.45701,391267
204.5999,119.96672,391272
204.41837,119.81247,391276
204.1697,119.47091,391281
204.18,118.82297,391285
204.18,117.91499,391290
204.08894,117.14572,391294
203.91365,116.12067,391299
203.82002,115.47957,391303
203.81999,114.8297,391308
203.82,113.91999,391312
203.82,112.88072,391317
203.82,111.97242,391321
203.82,111.58588,391326
203.82,110.93607,391331
203.82,110.02658,391336
203.82,109.118,391341
203.82,108.602776,391346
203.78311,108.32873,391351
203.11479,107.98311,391356
202.87625,107.87972,391361
202.38972,107.44872,391366
201.90321,107.01773,391371
201.525,106.48914,391376
200.99548,105.749115,391380
200.7963,105.34581,391384
200.32468,105.17999,391389
199.93767,105.17999,391394
199.31067,105.008736,391399
198.68367,104.83748,391404
197.949,104.575554,391409
197.33679,104.357285,391414
196.72766,104.13049,391418
196.11855,103.90371,391422
195.46878,103.887344,391426
194.42917,103.86117,391431
193.5195,103.83826,391435
192.60985,103.82,391439
192.22026,103.82001,391443
191.57031,103.82,391448
190.53041,103.82,391452
189.6214,103.82,391456
188.71182,103.82001,391460
188.33945,103.80068,391465
188.07187,103.376274,391469
187.59671,102.451225,391473
187.35825,101.98915,391477
187.35825,101.98915,391515
187.35825,101.98915,391519
187.35825,101.98915,391551
187.35825,101.98915,391555
186.70828,101.98915,391559
185.93253,101.404076,391563
185.58867,101.01402,391567
185.41104,100.82419,391571
185.18,100.33066,391575
185.18,100.071884,391579
185.18,100.071884,391583
184.69629,99.88109,391588
184.58421,99.820045,391593
184.53342,99.820045,391597
184.42111,99.81138,391601
184.18,99.21307,391605
184.18,98.3088,391609
184.17998,97.55826,391613
184.17998,97.55826,391618
184.17998,97.55826,391623
184.17998,98.20822,391629
184.02003,99.21519,391634
184.02003,99.662315,391637
183.8946,100.28257,391641
183.8145,100.62158,391645
183.3674,101.0851,391649
182.52602,101.89801,391684
182.52602,101.89801,391687
182.73167,102.37558,391691
182.32944,102.74907,391695
181.31548,103.33264,391699
180.9786,103.52914,391703
180.9786,103.52914,391740
180.9786,103.52914,391743
180.9786,103.52914,391747
181.75858,103.52914,391752
182.66704,103.57305,391756
183.8345,103.64903,391760
184.74394,103.66474,391764
185.91386,103.66829,391768
187.08379,103.674644,391771
187.86374,103.678505,391776
188.1173,103.735954,391780
188.72656,103.96234,391785
189.19,104.01961,391790
189.67264,103.97999,391794
191.03557,104.02003,391827
191.03557,104.02003,391830
191.40163,104.15449,391835
191.609,104.18291,391839
191.82846,104.44137,391843
191.82,104.95818,391848
191.82,104.95818,391853
191.82,104.95818,391859
192.34007,104.95818,391863
193.37679,105.02293,391867
194.28293,105.10592,391871
195.31898,105.17999,391875
195.57661,105.17999,391880
196.22649,105.17999,391886
197.1362,105.17999,391890
198.04567,105.18,391895
199.08379,105.17999,391899
199.47005,105.17999,391904
200.11815,105.17999,391908
200.5832,105.17999,391913
200.82335,105.58451,391917
200.82,106.62301,391922
200.82,107.269226,391927
200.82,107.269226,391930
200.82,107.269226,391934
201.60007,107.269226,391939
202.41939,107.60027,391943
203.31807,108.12357,391947
203.62979,108.191765,391952
203.62979,108.191765,391991
203.62979,108.191765,391995
203.62979,108.191765,392001
204.40976,108.191765,392005
204.03932,108.34992,392009
203.97926,108.99711,392013
203.89519,109.903175,392017
203.82,110.93846,392022
203.82,111.717026,392027
203.81999,112.626724,392031
203.82,113.536194,392036
203.82,114.57449,392041
203.82,114.961235,392045
203.92944,115.60193,392049
204.06076,116.37075,392053
204.1921,117.13958,392058
204.16481,117.64445,392063
204.18001,118.680756,392067
204.18,119.32554,392071
204.19736,119.64211,392076
204.66637,120.083084,392081
205.0585,120.424545,392085
205.0585,120.424545,392090
205.0585,120.424545,392095
205.0585,121.07452,392101
205.56187,121.20412,392106
206.44669,120.99197,392111
206.75563,121.28727,392116
206.14919,121.05344,392122
205.66402,120.86637,392127
205.45123,120.82005,392133
204.91055,120.32373,392138
204.56921,119.93148,392143
204.38364,119.80862,392147
204.17998,119.39591,392153
204.18001,118.61824,392159
204.18,117.84054,392164
204.07097,117.07108,392168
203.92119,116.173546,392172
203.82002,115.40438,392177
203.82,114.75451,392182
203.82,113.974754,392187
203.82,113.065254,392192
203.82,112.156456,392196
203.82,111.639565,392202
203.81999,111.1197,392206
203.82,110.210144,392211
203.82,109.3012,392215
203.82,108.65524,392220
203.80418,108.36743,392225
203.17168,108.00111,392230
202.81235,107.84955,392234
202.33144,107.4123,392238
201.85054,106.975044,392243
201.47734,106.442894,392247
200.88023,105.59145,392251
200.81772,105.396324,392256
200.31485,105.17999,392261
199.92798,105.17999,392266
199.30125,105.00773,392270
198.67453,104.83546,392275
198.18488,104.66049,392279
197.32799,104.35431,392284
196.84073,104.17279,392288
196.10983,103.90052,392292
195.46005,103.88462,392296
194.55037,103.86237,392300
193.51074,103.836945,392304
192.60106,103.82001,392308
192.2115,103.8201,392313
191.56155,103.82001,392317
190.65163,103.82,392321
189.74174,103.82,392325
188.7022,103.82001,392329
188.33026,103.794136,392334
188.06819,103.36367,392338
187.5916,102.43936,392342
187.3526,101.97757,392346
187.3526,101.97757,392379
187.3526,101.97757,392382
187.3526,102.62754,392387
187.29463,102.37014,392390
187.25984,101.98171,392395
186.71124,101.63315,392399
185.94322,101.14515,392403
185.61406,100.936005,392408
185.40724,100.81221,392412
185.17506,100.57561,392416
185.18,100.10525,392420
185.18,100.10525,392424
185.18,100.10525,392429
185.18,100.10525,392434
184.70398,99.89602,392438
184.70398,99.89602,392475
184.70398,99.89602,392479
184.70398,99.89602,392483
184.70398,99.89602,392489
184.19235,100.2969,392493
183.9877,100.457245,392497
183.79292,100.62945,392502
183.36613,101.09776,392507
182.51698,101.90255,392542
182.51698,101.90255,392546
182.78078,102.496574,392550
182.21713,102.82025,392554
181.42804,103.2734,392558
180.97713,103.53234,392562
180.97713,103.53234,392599
180.97713,103.53234,392603
180.97713,103.53234,392607
181.62709,103.53234,392611
182.53584,103.56769,392615
183.70341,103.642075,392620
184.09265,103.66601,392625
184.74261,103.66824,392630
185.91255,103.672264,392635
186.9525,103.67584,392639
187.86244,103.67897,392643
188.11609,103.73608,392648
188.72543,103.96223,392652
189.18959,104.01986,392656
189.80084,103.97999,392661
191.03502,104.01958,392705
191.03502,104.01958,392709
191.40103,104.15418,392714
191.60835,104.1827,392718
191.8282,104.43986,392722
191.82002,104.9567,392727
191.82002,104.9567,392732
191.82002,104.9567,392736
192.46999,104.9567,392741
192.24522,105.14482,392746
192.89496,105.16202,392751
193.93451,105.18,392756
194.97331,105.18,392760
195.61902,105.179985,392765
196.39885,105.18,392770
197.3085,105.18,392775
198.2179,105.17999,392780
199.25522,105.17999,392785
200.0324,105.18,392789
200.2903,105.179985,392793
200.61052,105.184456,392798
200.82336,105.54405,392803
200.82,106.453064,392807
200.82,107.22961,392811
200.82,107.22961,392817
200.82,107.22961,392822
201.47006,107.22961,392827
202.52002,107.64527,392832
203.18886,108.04633,392837
203.61342,108.18545,392842
203.61342,108.18545,392889
203.61342,108.18545,392894
203.61342,108.18545,392900
204.39337,108.18545,392905
204.0247,108.3505,392910
203.95636,109.127464,392915
203.87663,110.03392,392919
203.82,110.810875,392924
203.82,111.06879,392929
203.81999,111.588684,392934
203.81999,112.62834,392938
203.82,113.53778,392943
203.81999,114.316795,392947
203.82,114.96279,392953
203.9295,115.60347,392959
204.06091,116.372284,392963
204.19232,117.14109,392969
204.17188,117.7759,392974
204.18,118.68238,392979
204.18,119.327126,392983
204.19803,119.643456,392989
204.66768,120.08418,392994
205.0598,120.42566,392999
205.0598,120.42566,393004
205.0598,120.42566,393011
205.0598,120.94563,393016
205.6877,121.16764,393021
206.57289,120.95747,393027
206.75603,121.283844,393033
206.94005,121.77017,393038
207.26207,122.62124,393043
207.88864,122.79409,393049
208.01395,122.82867,393084
208.01395,122.82867,393088
208.01395,122.82867,393133
208.01395,122.82867,393138
208.01395,123.34864,393144
208.01395,124.1286,393189
208.01395,124.1286,393194
207.83514,124.31734,393199
207.37708,124.563385,393205
206.99466,124.486916,393210
206.88551,124.99531,393216
206.82002,125.3766,393221
206.82002,125.58444,393227
206.61095,125.81403,393232
206.10014,125.820015,393238
206.10014,125.820015,393244
206.10014,125.820015,393250
206.10014,126.33999,393256
205.97514,126.63568,393263
205.85472,126.684616,393269
205.32356,126.82001,393274
204.67525,126.82001,393279
204.67525,126.82001,393286
204.67525,126.82001,393292
204.15527,126.82001,393297
204.00485,126.75007,393302
204.125,126.24416,393307
204.17998,125.99121,393312
204.17998,125.99121,393318
203.81192,125.862274,393323
203.2934,125.823616,393328
202.64798,125.82001,393333
202.43912,125.82001,393338
202.17175,125.46622,393343
202.18,124.69332,393348
202.18,124.69332,393354
202.18,124.69332,393361
202.18,124.04335,393367
202.77086,124.05416,393373
203.00722,124.16248,393379
203.00722,124.16248,393384
203.15045,123.66263,393390
203.29669,123.204025,393394
203.40067,122.577896,393400
203.4597,121.66986,393405
203.50363,121.021385,393411
203.63876,120.79927,393416
203.8255,120.36707,393422
204.01648,119.94767,393426
204.02003,119.17712,393431
204.02,118.65852,393436
203.98375,117.88184,393441
203.91711,117.104744,393445
203.84239,116.19786,393450
203.82,115.422714,393455
203.82,115.422714,393462
203.82,115.422714,393467
203.82,114.90274,393473
203.82,113.992966,393478
203.81999,113.08347,393483
203.82,112.174644,393488
203.82,111.65754,393494
203.82,111.00772,393499
203.82,110.098206,393504
203.82,109.320145,393542
203.82,109.320145,393546
203.82,108.67388,393551
203.76163,108.29697,393555
203.05853,108.06495,393561
201.79274,107.76936,393566
201.03462,107.5861,393570
201.03462,107.5861,393576
201.03462,107.5861,393581
201.03462,106.93613,393586
200.88063,105.91469,393590
200.82002,105.6621,393595
200.79732,105.34764,393600
200.3289,105.17999,393605
199.94183,105.17999,393609
199.94183,105.17999,393614
199.94183,105.17999,393619
199.29187,105.17999,393625
198.3821,105.17999,393629
197.47263,105.17999,393634
196.56398,105.1799,393639
196.0482,105.17999,393644
195.42267,105.003456,393649
194.79713,104.82691,393653
194.30797,104.65057,393657
193.57423,104.38607,393662
193.57423,104.38607,393705
193.57423,104.38607,393709
193.57423,104.38607,393714
193.05426,104.38607,393719
192.17688,103.95606,393724
191.65927,104.005615,393728
190.83946,103.96758,393732
189.84013,103.97998,393736
189.32039,103.97998,393741
189.05591,104.16169,393779
189.05591,104.16169,393783
189.19284,104.01801,393788
189.19284,104.01801,393793
189.19284,104.01801,393797
188.67287,104.01801,393802
188.23846,103.89584,393806
187.58948,103.8601,393810
186.42131,103.795746,393815
185.90213,103.76715,393853
185.938,103.11817,393857
185.3471,103.24289,393861
184.50981,103.59921,393865
183.73003,103.61584,393869
182.69032,103.63799,393873
181.6506,103.66016,393877
181.0008,103.67401,393881
180.7481,103.73514,393885
180.16629,103.82001,393890
179.2567,103.82001,393893
178.21683,103.82001,393897
177.17712,103.82001,393901
176.91737,103.82001,393906
176.39742,103.82,393910
175.3575,103.82001,393915
174.44762,103.82,393919
173.53781,103.82001,393923
173.01828,103.8201,393928
172.3696,103.86107,393932
171.33173,103.92662,393936
170.81377,103.97232,393940
170.81377,103.97232,393945
170.81377,103.97232,393949
170.2945,103.97232,393953
170.29404,103.987755,393957
170.81314,103.95774,393961
170.81314,103.95774,393965
170.81314,103.95774,394006
170.81314,103.95774,394011
171.33311,103.95774,394015
171.75627,104.2156,394020
171.82,104.69049,394024
171.82,104.949554,394029
171.82,104.949554,394034
171.82,104.949554,394039
172.34007,104.949554,394043
172.73006,104.949554,394048
173.2486,104.988075,394052
174.28569,105.06511,394056
175.32278,105.14215,394060
176.22963,105.17999,394064
177.00812,105.18,394068
177.91777,105.17999,394072
178.95705,105.18,394076
179.9946,105.17999,394081
180.58353,105.17999,394086
180.79602,105.34986,394090
180.82,106.373024,394094
180.82,107.28092,394099
180.82,107.28092,394104
180.82,107.28092,394109
181.33998,107.28092,394113
181.84605,107.0483,394118
181.84605,107.0483,394156
181.84605,107.0483,394159
181.84605,107.0483,394165
182.49603,107.0483,394169
182.99394,106.40736,394174
183.10187,105.76641,394178
183.72041,105.56674,394182
184.58636,105.2872,394186
185.32861,105.04759,394191
185.91388,104.7649,394195
186.96736,104.25605,394200
187.9038,103.803734,394204
188.16377,103.80177,394208
188.78047,104.00709,394213
189.19841,104.01496,394217
189.68422,103.97998,394221
191.0458,104.029434,394259
191.0458,104.029434,394263
191.29068,104.11679,394267
191.61319,104.1843,394271
191.82002,104.580635,394276
191.82,104.96782,394281
191.82,104.96782,394286
191.82,104.96782,394292
192.34007,104.96782,394296
193.377,105.030365,394301
194.28351,105.10939,394305
195.19028,105.17999,394310
195.57735,105.17999,394315
196.22722,105.17999,394320
197.26685,105.17999,394325
198.04633,105.18,394329
199.08452,105.18,394334
199.47076,105.179985,394339
200.11887,105.17999,394344
200.58374,105.17999,394349
200.83089,105.456566,394354
200.82,106.62482,394359
200.82,107.27085,394364
200.82,107.27085,394370
200.82,107.27085,394375
201.46997,107.27085,394379
202.41275,107.64786,394384
203.32915,108.13941,394389
203.64096,108.19683,394394
203.64096,108.19683,394438
203.64096,108.19683,394443
203.64096,108.19683,394448
204.29092,108.19683,394453
204.05048,108.338036,394459
203.98828,108.985016,394463
203.91367,109.7614,394468
203.82,110.79658,394473
203.82,111.0546,394479
203.82,111.70448,394484
203.81999,112.484245,394489
203.82,113.65349,394494
203.82,114.43233,394498
203.82,114.948845,394503
203.90714,115.461464,394507
204.0596,116.35856,394512
204.19028,117.127495,394516
204.18001,118.02293,394520
204.18,118.79876,394525
204.18,119.31547,394530
204.1933,119.6334,394535
204.56006,119.99051,394540
205.05023,120.417336,394544
205.05023,120.417336,394550
205.05023,120.417336,394555
205.05023,121.06731,394562
205.56108,121.100296,394566
206.45662,120.93907,394571
207.09674,120.82635,394578
207.09674,120.82635,394584
206.44707,120.82,394589
205.66904,120.82001,394594
205.45041,120.82001,394598
204.9952,120.42082,394603
204.56845,119.930565,394609
204.38278,119.80854,394614
204.16739,119.52211,394620
204.18,118.74631,394625
204.18,117.83877,394630
204.09271,117.19749,394635
203.94263,116.299995,394640
203.82002,115.40267,394645
203.82,114.7528,394650
203.82,113.71321,394655
203.82,112.80386,394661
203.82,111.766594,394666
203.82,111.2481,394670
203.82,110.208626,394675
203.82,109.429504,394680
203.82,108.6538,394685
203.80367,108.36625,394690
203.40956,108.10141,394694
202.81067,107.84884,394698
202.32994,107.4114,394703
201.84921,106.97396,394708
201.47615,106.44172,394714
200.87924,105.590126,394719
200.81728,105.3949,394724
200.31146,105.17999,394729
199.92462,105.17999,394735
199.298,105.00737,394740
198.67137,104.834755,394744
198.05936,104.6159,394749
197.44734,104.39705,394753
196.71588,104.12634,394758
196.10681,103.89941,394762
195.45705,103.88368,394767
194.54735,103.86166,394772
193.63766,103.83964,394776
192.72798,103.82001,394781
192.20847,103.82001,394786
191.55852,103.82001,394790
190.51866,103.82,394794
189.60915,103.82001,394799
188.69958,103.82001,394803
188.32785,103.79221,394807
187.94751,103.129616,394812
187.5303,102.320946,394815
187.35106,101.9746,394819
187.35106,101.9746,394855
187.35106,101.9746,394859
187.35106,101.9746,394896
187.35106,101.9746,394901
186.7011,101.9746,394905
185.91273,101.46102,394909
185.51437,100.94745,394913
185.42746,100.85078,394918
185.16753,100.513374,394922
185.18,100.12478,394927
185.18,100.12478,394932
185.18,100.12478,394937
185.18,100.12478,394941
184.70866,99.905174,394945
184.48877,99.82005,394949
184.36131,99.7916,394953
184.18,99.13485,394957
184.18,98.23101,394961
184.18,97.603615,394965
184.18,97.603615,394970
184.18,97.603615,394975
184.18,98.253586,394980
184.02003,99.136444,394984
184.02003,99.69319,394988
183.93307,100.188576,394992
183.80185,100.64994,394997
183.34114,101.10778,395001
182.5977,101.83497,395037
182.5977,101.83497,395041
182.7557,102.33035,395045
182.11908,102.84302,395049
181.33624,103.306786,395053
180.89148,103.57614,395057
180.89148,103.57614,395090
180.89148,103.57614,395094
180.89148,103.57614,395099
181.67143,103.57614,395104
182.71059,103.61126,395108
183.61969,103.65061,395112
184.00934,103.66696,395117
184.6593,103.669,395121
185.95923,103.67308,395126
186.99916,103.676346,395130
187.90912,103.67921,395134
188.16158,103.741325,395138
188.76907,103.972404,395143
189.16817,104.03334,395148
189.89575,103.97999,395152
191.00124,103.99765,395185
191.00124,103.99765,395189
191.36528,104.137505,395193
191.57661,104.17995,395197
191.83276,104.4885,395202
191.82,105.00458,395205
191.82,105.00458,395209
191.82,105.00458,395214
192.33998,105.00458,395218
193.37761,105.06472,395222
194.2852,105.13032,395226
195.32228,105.17999,395231
195.57988,105.17999,395235
196.09978,105.17999,395239
197.00949,105.18,395243
198.0488,105.17999,395247
198.95726,105.17999,395251
199.47302,105.17999,395255
199.99179,105.17999,395259
200.32756,105.17998,395264
200.64381,105.19821,395268
200.82506,105.63562,395272
200.82,106.54455,395276
200.82,107.31958,395281
200.82,107.31958,395286
200.82,107.31958,395291
201.47006,107.31958,395295
202.42447,107.64191,395300
203.33629,108.14178,395304
203.64713,108.19991,395309
203.64713,108.19991,395347
203.64713,108.19991,395349
203.64713,108.19991,395355
204.2971,108.19991,395359
204.05586,108.3383,395363
203.99252,108.98518,395368
203.89119,110.02018,395373
203.82,110.92569,395377
203.82,111.70432,395382
203.81999,112.48408,395386
203.82,113.393616,395390
203.82,114.690346,395394
203.82,114.94785,395398
203.9071,115.46048,395403
204.08127,116.48574,395407
204.19014,117.126526,395412
204.1742,117.762535,395417
204.18,118.6697,395422
204.18,119.31474,395427
204.19302,119.63277,395432
204.55946,119.989975,395437
205.04964,120.41681,395442
205.04964,120.41681,395447
205.04964,120.41681,395453
205.04964,121.06678,395459
205.27623,121.00937,395463
205.27107,120.87948,395469
204.87772,120.36206,395473
204.563,119.948135,395478
204.38274,119.80478,395482
204.18,119.39187,395487
204.18,118.61425,395492
204.18,117.70791,395497
204.0941,117.195076,395501
203.94382,116.29762,395506
203.82002,115.4005,395510
203.81999,114.88059,395515
203.81999,114.10082,395519
203.82,113.19132,395524
203.81999,112.282326,395528
203.82,111.63576,395532
203.82,110.98594,395537
203.81999,110.07643,395541
203.82,109.03824,395545
203.82002,108.6516,395550
203.80289,108.36449,395554
203.28725,108.04983,395559
202.80814,107.84777,395563
202.32767,107.41004,395568
201.8472,106.97231,395572
201.47433,106.439926,395576
200.87775,105.58812,395581
200.81659,105.39273,395586
200.30632,105.17999,395591
199.91957,105.17999,395596
199.39967,105.17999,395600
198.48996,105.18,395604
197.45065,105.17999,395609
196.54211,105.17999,395613
196.0268,105.17999,395618
195.40193,105.001076,395622
194.77708,104.82215,395627
194.16595,104.60084,395631
193.55482,104.379524,395635
192.94579,104.15252,395640
192.21494,103.88012,395644
191.69508,103.8692,395648
190.78532,103.8501,395653
189.87631,103.83099,395657
188.83667,103.82,395662
188.33461,103.79737,395666
188.33461,103.79737,395671
188.33461,103.79737,395675
187.68463,103.79737,395679
186.6453,103.769226,395683
185.73605,103.73353,395687
184.69684,103.69426,395692
183.91698,103.68856,395696
182.74704,103.68585,395700
181.70709,103.68277,395703
180.92714,103.68057,395707
180.68826,103.76126,395711
179.95027,103.82,395715
179.04059,103.82,395718
177.87074,103.82,395722
176.83144,103.82,395727
176.31148,103.82,395731
175.27156,103.82,395735
174.49165,103.82,395739
173.45187,103.82,395743
173.06223,103.8201,395747
172.4135,103.860146,395752
171.63501,103.9082,395756
171.37552,103.92422,395760
170.72798,103.98027,395765
170.72798,103.98027,395770
170.72798,103.98027,395775
170.07841,103.98027,395779
170.27986,103.99095,395783
170.79887,103.95947,395787
170.92863,103.9516,395790
170.92863,103.9516,395831
170.92863,103.9516,395835
171.5786,103.9516,395840
171.8049,104.2094,395844
171.81999,104.848465,395849
171.82,104.97778,395854
171.82,104.97778,395859
172.44789,105.14578,395863
173.22342,105.17999,395867
174.1332,105.17999,395871
175.17244,105.17999,395876
176.33841,105.17999,395880
176.9883,105.18,395884
178.15782,105.18,395888
179.06711,105.18,395892
180.23209,105.17999,395896
180.67009,105.21215,395900
180.82,105.83305,395904
180.82,106.74236,395908
180.82,107.26085,395913
180.82,107.26085,395917
180.82,107.26085,395922
180.82,106.61088,395928
180.82,105.7024,395932
181.13892,105.2917,395936
181.7767,104.47029,395940
182.1233,103.92045,395944
182.74716,102.93072,395948
182.9887,102.32729,395952
183.37512,101.36181,395956
183.52003,100.999756,395960
183.52003,100.999756,395997
183.52003,100.999756,396000
183.52003,100.999756,396005
184.3,100.999756,396009
184.09015,100.74943,396013
183.86145,100.126976,396017
184.0295,99.81496,396021
184.02,98.78166,396025
183.97488,97.87807,396029
183.8518,96.71465,396034
183.82,96.19759,396038
183.82,96.19759,396043
183.82,96.19759,396048
183.82,95.67762,396053
183.87598,94.63968,396057
183.93971,93.731964,396062
183.99435,92.95392,396067
184.049,92.17587,396071
184.12184,91.13848,396076
184.16743,90.49011,396080
184.24036,89.45273,396085
184.28595,88.80436,396118
184.28595,88.80436,396122
184.30417,88.54501,396127
183.936,88.41641,396132
183.53711,88.168304,396137
182.49953,88.17999,396141
181.33333,88.17999,396146
181.07692,88.17999,396151
181.07692,88.17999,396157
181.07692,88.17999,396162
181.07692,87.53002,396168
180.95103,86.5003,396173
180.82648,85.730354,396177
180.75682,85.2926,396182
180.08519,85.17999,396187
179.04694,85.18,396191
178.00845,85.17999,396196
177.10252,85.17999,396200
176.848,85.17999,396205
176.848,85.17999,396210
176.20274,85.10194,396214
175.55748,85.02388,396218
174.91919,84.90124,396223
174.2809,84.7786,396228
173.77118,84.67582,396232
173.0066,84.52166,396237
173.0066,84.52166,396275
173.0066,84.52166,396279
173.0066,84.52166,396284
173.0066,84.52166,396290
172.3693,84.39404,396294
171.85944,84.291954,396299
171.3099,84.17999,396304
170.73735,83.97997,396308
169.57451,83.97998,396342
169.57451,83.97998,396346
169.20735,83.84854,396351
169.32214,83.979324,396355
169.19298,84.018166,396359
169.02332,84.33137,396364
169.02332,84.33137,396402
169.02332,84.33137,396407
168.37335,84.33137,396411
168.15143,83.8393,396416
168.16638,83.31954,396421
168.18,82.41002,396426
168.18,81.63098,396430
168.17998,80.9852,396435
168.17998,80.9852,396439
167.53217,80.93234,396443
166.75479,80.86891,396447
165.71948,80.82001,396452
165.35329,80.80794,396456
164.70355,80.790565,396460
163.79393,80.76626,396465
163.26231,81.1402,396469
162.30539,81.81331,396474
161.82672,82.25105,396478
161.26822,82.79549,396482
160.9351,83.35361,396486
160.81967,83.55934,396491
160.65231,83.794235,396495
160.413,83.82001,396500
159.76321,83.82,396504
158.85379,83.82001,396509
157.94583,83.82,396513
157.68837,83.8201,396517
157.16847,83.82,396521
156.25876,83.82,396525
155.21954,83.82001,396529
154.18158,83.82001,396534
153.7956,83.82001,396538
153.14572,83.82,396542
152.23604,83.82,396546
151.32661,83.82,396551
150.28949,83.82001,396555
150.03177,83.82001,396591
150.03177,83.82001,396595
150.03177,83.82001,396598
150.03177,83.82001,396633
150.03177,83.82001,396638
149.5118,83.82001,396642
149.0744,84.12456,396646
149.02174,84.27523,396650
149.02174,84.27523,396655
148.63249,83.93048,396660
148.44315,83.82007,396665
148.26915,83.73187,396669
148.18,82.906494,396673
148.18,81.73925,396678
148.18,80.96797,396682
148.18,80.96797,396688
148.18,80.96797,396693
148.18,81.61794,396698
148.18,82.65661,396703
148.18,83.30064,396708
148.18576,83.61143,396713
148.56187,83.82023,396717
149.46828,83.820015,396721
149.97778,83.91959,396725
150.86507,83.97998,396729
151.35164,84.13213,396734
151.7388,84.26875,396738
151.82,84.859825,396742
151.82,84.98966,396747
151.82,84.98966,396752
152.4626,85.08726,396756
153.36053,85.179985,396760
154.01031,85.17999,396765
154.91982,85.18,396769
155.95853,85.17999,396774
156.99382,85.17999,396778
157.8975,85.18,396782
158.8067,85.18,396786
159.84424,85.17999,396790
160.35835,85.17999,396794
160.67462,85.21509,396798
160.86302,85.75649,396802
161.00864,86.65465,396807
161.16045,87.55185,396811
161.247,88.06457,396816
161.247,88.06457,396820
161.247,88.06457,396825
161.89697,88.06457,396829
162.34035,87.416794,396833
162.45174,86.513985,396836
162.52376,85.99902,396841
162.70398,85.37454,396845
162.99232,84.37537,396850
163.24464,83.50109,396854
163.31892,82.855385,396859
163.42293,81.95139,396863
163.51208,81.176544,396867
163.52693,81.0474,396907
163.52693,81.0474,396911
163.52693,81.0474,396916
164.0469,81.0474,396920
163.8709,80.76406,396924
163.85716,80.12897,396929
164.02,79.45438,396933
164.02,78.42993,396937
163.873,77.53718,396941
163.82,77.0266,396946
163.82,77.0266,396951
163.82,77.0266,396956
163.82,76.37664,396961
163.82,75.467026,396966
163.82,74.42833,396971
163.82,73.65074,396975
163.82,73.13934,396979
163.81999,72.6195,396984
163.82,71.839874,396988
163.82,70.800934,396993
163.82,69.8932,396998
163.82,69.37915,397003
163.82,68.73406,397008
163.77098,68.30846,397012
163.2466,68.17828,397017
162.33713,68.17999,397022
161.55876,68.17999,397026
161.55876,68.17999,397032
161.55876,68.17999,397037
161.55876,67.66002,397043
161.30571,66.67136,397048
160.96727,65.82675,397053
160.82005,65.47478,397058
160.82005,65.47478,397093
160.82005,65.47478,397097
160.82005,65.47478,397104
160.82005,64.824814,397110
160.80757,65.08465,397114
160.98589,65.83873,397119
161.48007,66.58306,397123
161.90169,67.077736,397128
162.3299,67.372696,397132
163.18634,67.962616,397137
163.59525,68.17994,397142
163.83043,68.529564,397147
163.82,68.91256,397154
163.82,68.91256,397160
163.82,69.562355,397164
163.82,70.34194,397168
163.82,71.510544,397173
163.82,72.28814,397177
163.82,72.67346,397183
163.81999,73.19331,397187
163.82,74.10284,397191
163.82,75.01189,397196
163.82,75.79044,397200
163.82,76.56296,397204
163.81999,77.2124,397209
163.88548,78.084915,397213
164.02002,78.786255,397217
164.02002,79.66826,397222
163.82004,80.383255,397226
163.82004,80.583824,397231
163.3724,81.00388,397235
162.53882,81.625656,397239
162.2269,81.859726,397243
161.76173,82.31369,397247
161.29657,82.767654,397252
160.95757,83.32221,397255
160.82,83.52814,397259
160.75084,83.70807,397264
159.95789,83.82,397268
159.04892,83.82,397272
158.26997,83.82001,397276
157.62505,83.82001,397280
156.97519,83.82,397284
156.06549,83.82,397288
155.15607,83.82001,397293
154.2476,83.82001,397297
153.86057,83.82001,397301
153.21068,83.82001,397305
152.30098,83.82,397309
151.39153,83.82,397313
150.35371,83.82,397318
149.9675,83.820015,397323
149.44807,83.82001,397327
148.6724,83.82001,397331
148.45853,83.82001,397336
148.24922,83.71193,397340
148.18,82.734566,397344
148.18,81.696846,397348
148.17998,81.052536,397352
148.17998,81.052536,397387
148.17998,81.052536,397391
147.40002,81.052536,397395
147.31548,81.47334,397400
147.58139,82.06643,397404
148.00684,83.015366,397409
148.16638,83.371216,397414
148.16638,83.371216,397451
148.16638,83.371216,397455
148.16638,83.371216,397460
148.16638,84.02119,397465
148.78415,84.07914,397469
149.52512,83.8367,397473
149.52512,83.8367,397511
149.52512,83.8367,397514
149.52512,83.8367,397520
150.1751,83.8367,397524
151.05077,84.02238,397528
151.41502,84.16164,397532
151.70294,84.23728,397536
152.27505,84.545715,397540
153.07603,84.97752,397544
153.41931,85.16259,397548
153.41931,85.16259,397553
153.41931,85.16259,397558
154.06927,85.16259,397562
154.97887,85.18,397566
155.88797,85.18,397570
156.79526,85.17999,397574
157.18002,85.17999,397578
157.69983,85.18,397582
158.73898,85.17999,397587
159.51761,85.1799,397591
160.41853,85.17999,397595
160.62706,85.189606,397600
160.85208,85.66036,397604
161.01596,86.68715,397608
161.18849,87.712685,397613
161.23135,87.96912,397618
161.23135,87.96912,397623
161.23135,87.96912,397628
161.75133,87.96912,397632
162.18214,87.20809,397637
162.40514,86.32602,397641
162.50476,85.948975,397646
162.69206,85.326584,397650
162.95428,84.45523,397654
163.25397,83.4594,397659
163.31255,82.94273,397663
163.42969,81.9094,397668
163.5322,81.00524,397672
163.5322,81.00524,397716
163.5322,81.00524,397720
163.5322,81.00524,397726
164.31216,81.00524,397731
163.97064,80.75898,397736
163.93283,80.110115,397741
164.02,79.168175,397745
164.02,78.27206,397750
163.82187,77.25129,397755
163.82,76.99719,397760
163.82,76.99719,397765
163.81999,76.3474,397770
163.82,75.308075,397774
163.82,74.399216,397778
163.82,73.49261,397782
163.82,73.236534,397787
163.81999,72.456795,397792
163.81999,71.54734,397797
163.82,70.63834,397801
163.82,69.86047,397806
163.82002,69.3473,397810
163.82,68.70278,397816
163.81393,68.3849,397821
163.44113,68.17988,397826
162.66162,68.18,397830
161.88231,68.17999,397835
161.49396,68.17999,397840
161.49396,68.17999,397846
161.49396,68.17999,397852
161.49396,67.53003,397857
161.26445,66.66194,397862
160.99402,65.930374,397866
160.9047,65.68622,397871
160.82004,65.45871,397876
160.82004,65.45871,397922
160.82004,65.45871,397927
160.82004,65.45871,397934
160.82004,64.80875,397941
160.80473,65.19855,397947
160.98358,65.823425,397952
161.39053,66.470695,397957
161.89366,67.06668,397961
162.42812,67.43659,397966
163.06944,67.88048,397970
163.3901,68.10242,397976
163.58685,68.17994,397981
163.81313,68.38737,397986
163.82,68.891945,397991
163.82,69.41179,397996
163.82,70.321335,398001
163.82,71.36025,398007
164.01334,70.99909,398011
164.12935,70.62676,398016
164.04376,71.13965,398020
163.91539,71.90897,398025
163.82,72.67766,398030
163.82,73.32745,398035
163.81999,74.23696,398040
163.82,75.14604,398045
163.82,76.18287,398049
163.82002,76.56696,398054
163.88757,77.08253,398058
164.02266,78.11366,398063
164.12396,78.88683,398067
164.17998,79.402405,398072
164.17998,79.402405,398078
164.17998,79.402405,398083
164.17998,79.402405,398117
164.17998,79.402405,398123
164.17998,80.05237,398129
163.85379,80.5261,398133
163.80415,80.61651,398138
163.56543,80.8273,398142
162.01775,80.82002,398177
162.01775,80.82002,398181
161.50171,80.82001,398186
161.34155,81.449936,398191
161.11734,82.33183,398195
160.86108,83.339714,398200
160.82004,83.56144,398204
160.82004,83.56144,398243
160.82004,83.56144,398246
160.82004,83.56144,398252
161.47002,83.56144,398256
161.4618,83.22704,398260
161.6471,82.53573,398265
161.87772,82.22125,398270
162.46655,81.70978,398275
163.15353,81.11306,398279
163.34982,80.942566,398283
163.54149,80.82007,398288
163.76114,80.702866,398292
164.01985,79.94201,398297
164.02002,79.31559,398301
164.04066,78.54847,398306
164.05305,78.15868,398311
164.1648,77.650856,398316
164.17995,77.43,398321
164.49754,77.16772,398326
164.88583,77.17999,398330
164.88583,77.17999,398335
164.88583,77.17999,398341
164.88583,76.53002,398348
164.94478,75.75342,398352
165.0694,74.59014,398357
165.16397,73.68512,398362
165.18,73.169624,398367
165.18,72.64973,398372
165.18,71.74003,398376
165.18,70.830605,398381
165.18,70.05153,398385
165.17998,69.40484,398391
165.18,68.88643,398396
165.18,68.41597,398402
165.33913,68.21049,398406
166.35628,68.17999,398411
167.3956,68.17999,398416
168.04344,68.17999,398421
168.04344,68.17999,398427
168.04344,68.17999,398433
167.39348,68.17999,398439
167.24684,67.539986,398443
166.84999,67.025246,398448
166.37376,66.407555,398453
165.79382,65.886,398458
165.31055,65.45137,398508
165.31055,65.45137,398513
165.31055,65.45137,398519
164.66058,65.45137,398524
164.52966,65.95507,398528
164.70703,66.84702,398533
164.89174,67.87043,398538
165.05528,68.76557,398543
164.97745,69.53549,398548
164.86156,70.306786,398553
164.72942,71.20709,398558
164.5773,72.10415,398563
164.41869,73.000175,398568
164.23804,74.024315,398573
164.12326,74.66406,398578
163.93959,75.68767,398583
163.82,76.58199,398587
163.90486,77.2264,398592
164.02364,78.12857,398596
164.1424,79.03045,398601
164.18,79.4171,398605
164.1921,79.637596,398610
164.54399,80.02021,398614
164.98647,80.49631,398618
165.20801,80.631065,398623
165.54346,81.006546,398627
166.20428,81.632065,398632
166.86136,82.261566,398636
167.51901,82.89046,398641
168.08267,83.42955,398646
168.18848,83.61798,398651
168.73442,83.820015,398656
169.2489,83.89542,398660
170.1484,83.97998,398664
170.90573,83.97998,398668
171.39305,84.16002,398672
171.67542,84.218475,398677
171.82,84.72914,398682
171.82,84.98812,398687
171.82,84.98812,398693
171.82,84.98812,398699
172.60007,84.98812,398704
172.91556,85.094666,398709
172.45828,84.847145,398713
172.001,84.599625,398718
171.81123,84.4252,398723
171.58504,84.17758,398727
170.78542,83.96354,398732
169.75244,83.85394,398736
169.23659,83.820015,398741
168.71945,83.82001,398746
168.39868,83.81842,398751
168.39868,83.81842,398757
168.39868,83.81842,398762
167.74872,83.81842,398767
167.15514,83.26059,398771
166.57576,82.398026,398775
166.12483,81.761635,398779
165.60117,81.01746,398784
165.29434,80.77676,398789
164.85541,80.29738,398794
164.59206,80.00975,398799
164.41254,79.82169,398805
164.2032,79.67896,398810
164.2032,79.67896,398816
164.2032,79.67896,398821
164.2032,79.67896,398826
164.2032,79.67896,398865
164.2032,79.67896,398870
164.2032,80.198944,398875
163.94444,80.61418,398880
163.82289,80.66028,398885
163.34962,80.82295,398891
162.05852,80.82001,398930
162.05852,80.82001,398933
161.54184,80.82001,398938
161.40688,81.32216,398942
161.17067,82.20092,398946
160.90073,83.20522,398951
160.82005,83.553314,398955
160.82005,83.553314,398988
160.82005,83.553314,398993
160.82005,83.553314,398998
161.34003,83.553314,399003
161.27953,83.143845,399008
161.5674,82.71083,399012
161.92725,82.16956,399017
162.51764,81.65988,399022
163.10803,81.15019,399027
163.40321,80.89535,399033
163.49876,80.82007,399037
163.793,80.657326,399042
164.0048,79.98078,399047
164.02,79.24129,399052
164.03998,78.59163,399057
164.05196,78.20183,399063
164.15862,77.69291,399067
164.19356,77.36126,399072
164.5245,77.17044,399077
164.91266,77.17999,399082
164.91266,77.17999,399089
164.91266,77.17999,399094
164.91266,76.66002,399100
164.96529,75.88273,399105
165.05168,74.97689,399110
165.1241,74.2003,399115
165.18,73.42382,399119
165.18001,72.51709,399125
165.18,71.4775,399130
165.18,70.56815,399136
165.18,69.78953,399140
165.18,69.40223,399145
165.18,68.883835,399150
165.18,68.41391,399156
165.45435,68.169365,399161
166.2339,68.18,399167
167.14354,68.17999,399172
167.92212,68.18,399177
168.0511,68.1799,399182
168.0511,68.1799,399187
167.64534,67.67215,399192
167.48303,67.46905,399198
167.11325,67.10349,399203
166.55856,66.55516,399207
165.97803,66.034546,399213
165.29471,65.43365,399255
165.29471,65.43365,399262
165.29471,65.43365,399270
164.77473,65.43365,399276
164.62851,65.94102,399283
164.75969,66.70935,399288
164.89339,67.60942,399293
165.02841,68.5093,399300
165.08626,68.89497,399305
164.98792,69.53745,399311
164.88957,70.17994,399316
164.77158,70.95093,399321
164.6929,71.46491,399326
164.57924,72.104866,399332
164.44284,72.8728,399337
164.2837,73.76874,399342
164.1463,74.5365,399346
163.96255,75.56009,399351
163.82,76.45573,399356
163.90698,77.22647,399362
164.00888,77.99975,399366
164.10962,78.77288,399371
164.17998,79.417404,399376
164.19221,79.63789,399381
164.54433,80.02035,399386
164.98671,80.49653,399391
165.20802,80.6311,399396
165.6388,81.095,399401
166.29837,81.72183,399406
166.8617,82.26128,399411
167.61313,82.98021,399416
168.08275,83.42955,399420
168.18845,83.618,399426
168.60628,83.820015,399431
169.24866,83.89715,399435
170.14804,83.97998,399439
171.02846,84.01758,399444
171.39189,84.15901,399449
171.67453,84.21786,399454
171.82,84.727264,399459
171.82,84.98625,399464
171.82,84.98625,399470
171.82,84.98625,399475
171.82,84.98625,399481
171.82,84.727394,399485
171.81915,84.39776,399490
171.39102,84.15635,399495
170.6003,83.94853,399499
169.69626,83.84885,399504
169.18105,83.82001,399508
168.66463,83.82001,399513
168.34969,83.79843,399518
168.34969,83.79843,399523
168.34969,83.79843,399529
167.69972,83.79843,399534
167.11038,83.23809,399538
166.53781,82.37097,399543
166.0926,81.73057,399548
165.5743,80.98265,399552
165.36673,80.826096,399558
164.83188,80.25841,399563
164.56445,79.974556,399568
164.38017,79.79737,399573
164.17001,79.660164,399578
164.17001,79.660164,399584
164.17001,79.660164,399589
164.17001,79.660164,399593
164.17001,79.660164,399631
164.17001,79.660164,399635
164.17001,80.310135,399641
163.91197,80.66845,399646
163.78616,80.70118,399652
163.24754,80.82001,399657
162.083,80.82001,399700
162.083,80.82001,399705
161.56601,80.82001,399710
161.35742,81.571556,399715
161.11406,82.448364,399719
160.87071,83.32517,399724
160.82005,83.548225,399729
160.82005,83.548225,399768
160.82005,83.548225,399773
160.82005,83.548225,399778
161.47002,83.548225,399783
161.26973,83.08931,399787
161.64499,82.55861,399792
161.87015,82.24019,399796
162.45685,81.72627,399801
163.04356,81.21236,399806
163.33691,80.9554,399810
163.5283,80.82007,399815
163.73471,80.7308,399820
163.89784,80.10879,399824
164.02,79.232,399829
164.04012,78.582344,399834
164.05219,78.19255,399840
164.1599,77.68386,399844
164.19763,77.35295,399850
164.54245,77.17473,399855
164.9305,77.17999,399860
164.9305,77.17999,399866
164.9305,77.17999,399871
164.9305,76.53003,399877
165.00787,75.49393,399882
165.09218,74.5879,399887
165.17438,73.681656,399892
165.18,73.16601,399898
165.18,72.516136,399903
165.18001,71.606445,399908
165.18,70.8269,399912
165.18,69.78848,399918
165.18,69.40119,399923
165.18,68.8828,399928
165.17998,68.41309,399934
165.45717,68.16901,399939
166.36641,68.18,399944
167.14609,68.18,399949
168.05362,68.18,399954
168.05362,68.1799,399959
168.05362,68.1799,399964
167.53365,68.1799,399969
167.29185,67.53019,399974
166.88203,67.02571,399980
166.39024,66.420334,399985
165.90657,65.98614,399990
165.32619,65.465096,400034
165.32619,65.465096,400038
165.32619,65.465096,400045
164.67621,65.465096,400050
164.57527,66.09531,400055
164.7475,66.98822,400059
164.9474,68.140945,400064
165.08282,68.90906,400069
164.98479,69.55159,400075
164.84752,70.45113,400080
164.71024,71.35067,400085
164.57655,72.11906,400090
164.41737,73.01498,400094
164.25839,73.910934,400099
164.12079,74.678665,400104
163.96,75.5743,400109
163.82222,76.341995,400113
163.91042,77.23993,400118
164.02943,78.14205,400122
164.14572,79.04417,400127
164.18,79.43094,400132
164.19873,79.65109,400137
164.64178,80.12666,400141
164.90761,80.41201,400147
165.20993,80.638565,400152
165.55084,81.01344,400156
166.30438,81.730125,400161
166.96208,82.35897,400166
167.71399,83.07739,400171
168.08994,83.436615,400175
168.18968,83.62573,400180
168.4932,83.833,400184
169.39162,83.92144,400188
170.28989,83.97998,400192
171.28224,84.11888,400196
171.68414,84.22442,400200
171.82,84.74742,400205
171.82,85.00631,400210
171.82,85.00631,400215
171.82,85.00631,400221
172.59998,85.00631,400225
173.37859,85.043755,400230
173.00542,85.17998,400234
172.44104,84.8576,400238
171.98953,84.599686,400242
171.8106,84.42091,400247
171.44467,84.159645,400251
171.34245,84.16306,400255
171.25468,84.06717,400260
170.78165,83.97752,400265
170.78165,83.97752,400269
170.9098,83.95574,400273
170.9098,83.95574,400278
170.9098,83.95574,400320
170.9098,83.95574,400324
171.42978,83.95574,400329
171.73387,84.21196,400333
171.82,84.6697,400338
171.82,85.05795,400343
171.82,85.05795,400349
171.82,85.05795,400354
171.82,85.05795,400359
171.82,84.66981,400364
171.82005,84.44763,400368
171.65291,84.2057,400373
170.95976,83.987045,400377
170.09001,83.97997,400382
169.5638,83.97997,400420
169.5638,83.97997,400424
169.19737,83.84648,400429
169.31534,83.98016,400433
169.18268,84.02395,400438
169.02354,84.273254,400442
169.02354,84.273254,400482
169.02354,84.273254,400487
168.37358,84.273254,400492
168.16397,83.78557,400496
168.17703,83.265755,400500
168.18,82.48613,400504
168.18,81.447655,400509
168.18,81.060165,400513
168.18,81.060165,400519
168.18,81.060165,400523
167.66002,81.060165,400527
166.75766,80.96109,400531
165.85793,80.82515,400536
165.4901,80.820015,400541
165.18146,80.598045,400546
165.18,80.08479,400551
165.18,80.08479,400556
165.18,80.08479,400562
164.66002,80.08479,400566
164.24222,79.8263,400571
164.18,79.22034,400575
164.18,78.31085,400580
164.18,77.66248,400585
164.18,77.66248,400590
164.18,77.66248,400595
164.18,77.14251,400599
164.79173,77.10214,400604
164.91408,77.146065,400610
164.91408,77.146065,400616
164.98056,77.034355,400621
165.03012,76.25597,400626
165.07968,75.477585,400631
165.14577,74.439735,400636
165.18,73.66143,400640
165.18,73.14613,400644
165.18,72.62623,400648
165.18,71.84646,400652
165.18001,70.80703,400657
165.18,69.76885,400662
165.18,69.38179,400666
165.18,68.734566,400671
165.18118,68.39704,400676
165.38783,68.18649,400680
166.29128,68.18,400685
167.20084,68.18,400690
167.9791,68.17999,400694
167.9791,68.17999,400699
167.9791,68.17999,400704
167.32913,68.17999,400708
167.25516,67.42254,400713
166.83249,66.92878,400718
166.4098,66.43501,400724
165.92561,66.00142,400729
165.34457,65.4811,400777
165.34457,65.4811,400782
165.34457,65.4811,400788
164.8246,65.4811,400792
164.69916,66.11699,400797
164.83653,67.015915,400801
164.95721,67.91783,400805
165.07932,68.81956,400810
164.98505,69.46265,400814
164.85306,70.36298,400819
164.72107,71.26331,400823
164.61157,71.903946,400828
164.43102,72.92809,400833
164.25066,73.952286,400838
164.13594,74.59205,400842
163.95238,75.61567,400847
163.82,76.383385,400851
163.90512,77.15542,400856
164.00473,77.928986,400860
164.13599,78.95993,400865
164.18,79.346794,400869
164.21745,79.68038,400873
164.66275,80.15384,400878
164.92993,80.43792,400883
165.22118,80.66569,400888
165.67369,81.1256,400892
166.426,81.8436,400897
167.13393,81.81589,400902
167.41014,82.25643,400906
167.96257,83.13752,400910
168.10068,83.357796,400915
168.17995,83.56116,400920
168.17995,83.56116,400925
168.17995,83.56116,400930
168.17995,84.21112,400935
168.62192,84.124535,400940
169.31862,83.94176,400944
170.35771,83.9327,400948
170.87761,83.92404,400953
170.87761,83.92404,400956
170.87761,83.92404,400997
170.87761,83.92404,401002
171.39758,83.92404,401007
171.71349,84.17795,401011
171.82,84.74464,401016
171.82002,85.00355,401020
171.82002,85.00355,401025
171.82002,85.00355,401031
171.82002,85.00355,401035
171.82,84.7446,401040
171.82,84.4114,401044
171.64357,84.20061,401048
170.84093,83.96646,401053
169.79276,83.97997,401094
169.79276,83.97997,401099
169.16434,83.82003,401104
169.2942,83.98419,401108
169.1521,84.044266,401112
169.03612,84.00226,401117
169.03612,84.00226,401160
169.03612,84.00226,401164
169.03612,84.00226,401169
168.51614,84.00226,401173
168.16,83.87675,401177
168.17668,83.227,401182
168.18,82.31805,401186
168.18,81.280205,401190
168.18,81.022575,401195
168.18,81.022575,401200
168.18,81.022575,401205
167.66,81.022575,401209
166.75589,80.9357,401213
165.72502,80.820015,401218
165.49333,80.820015,401223
165.23897,80.701996,401227
165.17998,80.098946,401232
165.17998,80.098946,401237
165.17998,80.098946,401242
164.66,80.098946,401246
164.30855,79.855576,401251
164.18,79.324165,401256
164.18,78.4147,401261
164.18,77.63661,401266
164.18,77.63661,401271
164.18,77.63661,401276
164.18,76.98664,401281
164.75552,77.02871,401286
164.99315,77.13253,401291
164.99315,77.13253,401296
164.99315,77.13253,401301
164.99315,76.48256,401308
165.04535,75.57471,401313
165.12396,74.53774,401318
165.17998,73.50076,401323
165.18,73.242935,401329
165.18,72.593056,401333
165.18001,71.55342,401339
165.18,70.64404,401344
165.18,69.73568,401349
165.17998,69.34908,401353
165.18,68.70219,401358
165.1883,68.37609,401363
165.57599,68.17827,401369
166.48534,68.18,401374
167.39478,68.18,401379
168.04263,68.1799,401384
168.04263,68.1799,401390
168.04263,68.1799,401394
167.39267,68.1799,401399
167.2466,67.53999,401403
166.92915,67.12816,401408
166.37364,66.40745,401413
165.89037,65.972824,401417
165.31044,65.45126,401460
165.31044,65.45126,401465
165.31044,65.45126,401472
164.79047,65.45126,401477
164.64236,65.95906,401481
164.79564,66.85523,401486
164.92328,67.75618,401491
165.03467,68.528145,401495
165.09032,68.91414,401500
164.9904,69.55638,401505
164.83052,70.58396,401510
164.69063,71.4831,401515
164.57674,72.12301,401520
164.41731,73.01889,401524
164.25787,73.91477,401529
164.12021,74.68248,401534
163.95938,75.57812,401538
163.82,76.47375,401542
163.88997,77.11525,401547
164.00948,78.01732,401552
164.12794,78.91912,401556
164.17996,79.43466,401561
164.20067,79.65461,401566
164.64406,80.12986,401571
164.9101,80.41501,401575
165.21115,80.64166,401580
165.74406,81.193535,401586
165.6024,80.96932,401590
165.6024,80.96932,401595
165.28032,80.74944,401600
164.75002,80.1775,401606
164.57326,79.986855,401611
164.39229,79.80139,401616
164.18115,79.670555,401621
164.18115,79.670555,401625
164.18115,79.670555,401630
164.18115,79.670555,401634
164.18115,79.670555,401677
164.18115,79.670555,401683
164.18115,80.19053,401689
163.92297,80.61115,401694
163.8027,80.66047,401699
163.33107,80.82,401704
162.03975,80.820015,401745
162.03975,80.820015,401750
161.52336,80.82001,401755
161.35857,81.44874,401759
161.12787,82.328964,401763
160.89717,83.20919,401767
160.82004,83.55711,401772
160.82004,83.55711,401813
160.82004,83.55711,401817
160.82004,83.55711,401822
161.34001,83.55711,401826
161.27307,83.094864,401831
161.57138,82.668976,401835
161.8697,82.243095,401840
162.35826,81.814415,401844
163.04225,81.21427,401849
163.3354,80.95707,401854
163.52672,80.82007,401859
163.83069,80.53597,401864
164.03336,79.86367,401868
164.02002,79.23756,401873
164.04004,78.5879,401877
164.05205,78.198105,401882
164.15912,77.68928,401888
164.19516,77.35789,401893
164.66139,77.17999,401898
164.91994,77.17999,401903
164.91994,77.17999,401909
164.9805,77.064964,401914
165.0133,76.54603,401919
165.07071,75.637886,401923
165.12813,74.729744,401928
165.18,73.8216,401933
165.17998,73.175995,401938
165.18,72.65609,401943
165.18,71.87631,401947
165.18,70.96677,401952
165.18,70.057755,401957
165.18,69.41099,401962
165.18,68.892555,401967
165.17995,68.42086,401972
165.32698,68.21823,401978
166.20932,68.17999,401984
166.98892,68.17999,401989
168.02664,68.18,401993
168.02664,68.1799,401999
168.02664,68.1799,402003
167.37668,68.1799,402008
167.2411,67.541954,402013
166.84608,67.0258,402019
166.45105,66.50964,402024
166.0691,66.15681,402029
165.30524,65.451126,402096
165.30524,65.451126,402103
165.30524,65.451126,402110
164.65527,65.451126,402116
164.55748,66.08053,402121
164.74084,66.97098,402126
164.87567,67.7392,402131
165.03423,68.63523,402137
164.99371,69.40408,402142
164.87692,70.1752,402147
164.76572,70.9472,402152
164.69147,71.46184,402157
164.60088,71.97386,402162
164.46501,72.741905,402167
164.32915,73.50994,402172
164.23857,74.02196,402177
164.1008,74.78966,402182
163.96301,75.55735,402188
163.82002,76.452995,402193
163.90692,77.2238,402198
164.04225,78.254906,402203
164.17648,79.28588,402208
164.19104,79.63529,402213
164.63017,80.11395,402219
164.98451,80.49449,402224
165.2065,80.62983,402229
165.54282,81.00507,402234
166.20253,81.631775,402239
166.86006,82.260796,402244
167.5178,82.88959,402249
168.08159,83.428566,402254
168.1884,83.616905,402259
168.60417,83.820015,402264
169.24658,83.89709,402268
170.14606,83.97998,402273
171.02771,84.01618,402278
171.39091,84.158226,402284
171.67378,84.217354,402288
171.82,84.7257,402293
171.82,84.984695,402298
171.82,84.984695,402304
171.82,84.984695,402311
172.47006,84.984695,402316
172.73006,84.984695,402320
172.27086,84.74075,402324
172.04126,84.61878,402328
171.79253,84.352615,402332
171.2922,84.13795,402336
171.07974,84.071075,402341
170.75502,83.97999,402346
170.75502,83.97999,402350
170.88329,83.95891,402356
170.88329,83.95891,402360
170.88329,83.95891,402412
170.88329,83.95891,402417
171.53326,83.95891,402422
171.78664,84.21881,402427
171.82,84.71296,402431
171.82,84.97201,402437
171.82,84.97201,402442
171.82,84.97201,402448
171.82,84.97201,402452
171.82,84.495415,402457
171.48416,84.1689,402462
170.9098,83.97215,402467
170.15324,83.97997,402472
169.60239,83.97997,402527
169.60239,83.97997,402533
169.23344,83.85364,402538
169.29472,83.96828,402543
169.15598,84.04141,402548
169.02293,84.32642,402554
169.02293,84.32642,402617
169.02293,84.32642,402622
168.50296,84.32642,402627
168.15227,83.83478,402631
168.1671,83.31502,402636
168.18,82.5354,402641
168.18,81.62643,402646
168.18,80.98072,402650
168.18,80.98072,402655
168.18,80.98072,402661
167.52994,80.98072,402666
166.49557,80.887535,402671
165.7214,80.82001,402677
165.49022,80.82001,402682
165.2964,80.75621,402687
165.18,80.085304,402692
165.18,80.085304,402698
165.18,80.085304,402705
164.53003,80.085304,402710
164.30621,79.842834,402716
164.18001,79.30914,402721
164.18,78.26989,402726
164.18,77.62181,402730
164.18,77.62181,402736
164.18,77.62181,402740
164.18,77.10184,402746
164.783,77.08443,402750
165.02945,77.16551,402755
165.02945,77.16551,402760
165.06071,77.03933,402765
165.08925,76.38999,402769
165.12921,75.48091,402773
165.16916,74.57184,402778
165.18,73.6632,402782
165.17998,73.14786,402787
165.18,72.497986,402792
165.18,71.71824,402797
165.18,70.80874,402803
165.18,69.89996,402808
165.17998,69.38328,402813
165.18,68.736046,402820
165.18076,68.39854,402826
165.50662,68.16791,402831
166.41588,68.18,402836
167.32542,68.17999,402840
167.97383,68.1799,402846
167.97383,68.1799,402851
167.97383,68.1799,402857
167.45386,68.1799,402861
167.26678,67.534035,402867
166.9444,67.12607,402872
166.3802,66.41213,402878
165.8967,65.97776,402884
165.31648,65.45652,402932
165.31648,65.45652,402937
165.31648,65.45652,402943
164.79651,65.45652,402948
164.58414,66.08176,402952
164.73767,66.84524,402956
164.93016,67.99922,402961
165.08215,68.89639,402965
165.00418,69.41049,402970
164.86774,70.31016,402974
164.7313,71.20982,402980
164.57785,72.10668,402984
164.4187,73.00261,402988
164.2377,74.02669,402992
164.14586,74.53848,402997
163.98512,75.43413,403002
163.84735,76.20183,403007
163.82,76.584305,403011
163.90492,77.22871,403016
164.04077,78.25974,403020
164.14264,79.032715,403024
164.17998,79.41936,403029
164.19312,79.63983,403035
164.54655,80.02122,403039
164.98836,80.49794,403044
165.20912,80.63353,403049
165.6409,81.09742,403054
166.3005,81.72423,403059
167.0631,81.797066,403064
166.51346,81.45015,403068
165.74396,80.96447,403073
165.28894,80.74579,403077
164.93283,80.3669,403081
164.5767,79.988014,403086
164.39537,79.802475,403091
164.15901,79.38036,403095
164.02298,78.48087,403099
163.8947,77.58732,403103
163.82,77.07713,403107
163.82,76.42732,403112
163.82,75.51782,403116
163.82,74.73856,403120
163.82,73.701035,403124
163.82002,73.18784,403129
163.82,72.538055,403133
163.81999,71.49869,403138
163.81999,70.719475,403142
163.82,69.68285,403146
163.82,69.30054,403151
163.82,68.65706,403155
163.79576,68.34449,403160
163.38335,67.842125,403165
162.72348,67.03834,403170
162.1461,66.33502,403174
161.56873,65.63171,403179
161.41373,64.780876,403184
161.38635,63.871708,403188
161.33984,62.8328,403192
161.30081,61.923687,403197
161.28253,61.01401,403201
161.28253,61.01401,403251
161.28253,61.01401,403255
161.28253,61.01401,403263
161.28253,61.01401,403268
161.28175,61.144,403274
161.15665,61.781815,403278
160.98149,62.67475,403283
160.85637,63.31256,403287
160.82004,63.54154,403293
160.82004,63.54154,403342
160.82004,63.54154,403346
160.82004,63.54154,403352
161.34001,63.54154,403357
161.48233,64.18076,403361
161.3176,65.07568,403366
161.6195,65.49903,403370
162.14786,66.23988,403375
162.60072,66.8749,403379
163.05359,67.50992,403384
163.43098,68.0391,403388
163.60762,68.194016,403393
163.60762,68.194016,403456
163.60762,68.194016,403461
163.60762,68.194016,403466
164.2576,68.194016,403472
164.01494,68.32717,403477
163.82002,68.94126,403482
163.81999,70.1107,403489
163.82,71.01981,403494
163.82,72.0579,403497
163.82002,72.70142,403501
163.81999,73.35122,403507
163.81999,74.13081,403511
163.82,75.04,403516
163.82,75.818504,403521
163.82,76.590096,403526
163.82,77.23954,403531
163.82,78.018364,403536
164.02002,78.44719,403540
164.02,79.33685,403545
163.96245,80.068016,403550
163.82004,80.41769,403556
163.82004,80.41769,403562
163.82004,80.41769,403567
163.82004,81.06765,403573
163.82004,81.71762,403620
163.82004,81.71762,403624
164.31659,81.871925,403629
163.93388,82.39728,403634
163.47464,83.0277,403638
162.9326,83.38639,403642
162.06535,83.96028,403688
162.06535,83.96028,403692
161.63173,84.24724,403697
162.173,84.33794,403701
163.34169,84.39045,403706
164.25047,84.43658,403711
164.89964,84.468994,403716
165.5496,84.47076,403720
166.45955,84.47322,403725
167.4995,84.476036,403729
168.27945,84.47815,403733
168.66943,84.47921,403738
169.0299,84.29937,403743
169.06163,84.15561,403747
169.82478,83.97998,403751
170.83807,83.97998,403756
171.32231,84.12698,403761
171.706,84.24002,403765
171.82,84.79259,403770
171.82,85.0512,403774
171.82,85.0512,403780
172.4558,85.17998,403784
173.10225,85.17999,403788
174.01178,85.18,403792
174.79108,85.18,403797
175.95822,85.17999,403802
176.34372,85.17999,403807
177.12346,85.18,403813
178.29248,85.17999,403817
179.33046,85.18,403821
180.23279,85.17999,403826
180.66136,85.20765,403831
181.11435,85.673294,403836
181.74496,86.32929,403840
182.46596,87.078735,403844
183.0968,87.73453,403848
183.45728,88.10926,403853
183.45728,88.10926,403905
183.45728,88.10926,403909
183.45728,88.10926,403914
184.10724,88.10926,403919
184.75722,88.10926,403978
184.75722,88.10926,403984
184.75722,88.10926,403990
185.27719,88.10926,403996
185.24507,87.528625,404001
185.45279,87.05194,404007
185.58092,86.82745,404011
185.8099,86.62138,404017
185.82,85.985245,404022
