posx,posz,time
202.0,102.0,4824
202.0,102.0,4903
202.36209,101.855156,4911
202.03436,102.25885,4917
201.78856,102.561615,4923
201.42589,102.93423,4930
200.88187,103.49314,4937
200.88187,103.49314,5008
200.88187,103.49314,5014
200.88187,103.49314,5021
201.40184,103.49314,5030
201.66058,104.013115,5036
201.93304,104.455986,5043
202.34175,105.120285,5049
202.63596,105.69926,5056
202.97626,106.40106,5062
203.26033,106.985664,5068
203.43079,107.336426,5074
203.58194,107.83394,5081
203.69531,108.207085,5146
203.69531,108.207085,5150
203.69531,108.207085,5180
203.69531,108.207085,5186
203.05879,108.179886,5193
203.2784,107.741135,5198
203.83371,107.193596,5204
204.38593,106.64279,5209
205.03061,106.00061,5215
205.58318,105.45013,5221
206.22781,104.80791,5227
206.78036,104.25744,5232
207.14874,103.89045,5238
207.36716,103.567375,5243
207.80397,102.92121,5249
207.93925,102.28548,5255
207.93925,102.28548,5320
207.93925,102.28548,5325
207.93925,101.7655,5333
207.9397,102.28548,5340
208.06743,102.91953,5346
208.17998,103.4236,5427
208.17998,103.4236,5515
208.17998,103.4236,5526
208.17998,103.4236,5535
208.17998,103.94357,5543
208.82587,104.00083,5551
209.34369,103.95416,5559
209.99062,103.90042,5567
210.63835,103.846634,5576
210.89745,103.82512,5584
210.89745,103.82512,5594
210.89745,103.82512,5601
211.41742,103.82512,5609
211.7043,104.18215,5616
211.82518,104.61518,5623
211.82,105.00475,5631
211.82,105.00475,5639
211.82,105.00475,5648
211.82,105.00475,5655
211.82,104.61517,5664
211.81973,104.393326,5673
211.63567,104.19624,5681
211.14333,104.17168,5687
210.8055,103.97107,5694
210.17107,103.97998,5700
209.59406,103.97998,5706
209.33008,103.97998,5712
208.89667,104.40857,5720
208.62222,104.85022,5728
208.30159,105.24065,5736
208.07742,105.68259,5743
207.74738,106.53057,5751
207.51042,107.1358,5758
206.9938,107.48092,5764
206.29271,107.82266,5772
205.70891,108.10838,5779
205.40338,108.18122,5786
205.40338,108.18122,5879
205.40338,108.18122,5887
205.40338,108.18122,5894
204.8834,108.18122,5901
204.84747,108.69262,5907
204.94945,109.33449,5913
205.04788,109.97696,5920
205.14641,110.61941,5927
205.18,111.13146,5934
205.1219,111.51709,5940
205.0251,112.15981,5946
204.94766,112.67399,5954
204.85086,113.3167,5962
204.79277,113.70234,5971
204.73734,114.088356,5979
204.6634,114.60305,5988
204.571,115.246414,5998
204.51555,115.63243,6007
204.49242,116.02172,6015
204.46155,116.54078,6024
204.4384,116.93008,6035
204.34082,117.17105,6045
204.18445,117.39333,6052
204.18,118.16871,6060
204.18,118.81393,6067
204.18,119.20204,6074
204.19943,119.646225,6082
204.19943,119.646225,6092
204.19943,119.646225,6102
204.19943,120.1662,6110
203.98558,120.44404,6117
203.77036,120.69761,6125
203.77036,120.69761,6216
203.77036,120.69761,6224
203.77036,120.69761,6232
203.77036,121.21758,6239
203.61296,120.99077,6246
203.27579,121.386604,6254
202.93861,121.78244,6260
202.77002,121.980354,6267
202.62036,122.34048,6273
202.32101,123.06071,6280
202.26653,123.70069,6288
202.26193,124.22065,6364
202.26193,124.22065,6370
202.26193,124.22065,6378
201.74196,124.22065,6384
201.98135,124.34568,6392
202.06723,124.72609,6399
202.17998,125.35996,6406
202.20872,125.66109,6414
202.49487,125.91712,6421
203.00658,126.317894,6427
203.3136,126.55836,6434
203.3136,126.55836,6444
203.3136,126.55836,6454
203.3136,127.07833,6462
203.79851,127.02059,6469
204.16219,126.8798,6476
204.94032,126.82652,6484
204.68134,126.82001,6492
204.29323,126.80569,6499
203.77643,126.74841,6507
203.46288,126.51652,6516
203.04483,126.20733,6525
202.62677,125.89813,6533
202.43164,125.82006,6542
202.27905,125.74164,6551
202.18,125.3108,6560
202.17998,124.79496,6569
202.18,124.14818,6579
202.18,123.628204,6585
202.2886,123.253654,6591
202.50584,122.50456,6598
202.81326,121.936066,6604
203.15227,121.38151,6611
203.42348,120.93787,6619
203.61436,120.80728,6626
203.78574,120.66766,6634
203.8568,120.13186,6642
204.03084,119.88698,6649
204.02003,119.30178,6656
204.08347,118.69347,6665
204.16277,118.048355,6672
204.17998,117.66199,6679
204.20274,117.34754,6687
204.29927,116.83661,6695
204.41992,116.19794,6702
204.51945,115.555725,6711
204.61398,114.91267,6719
204.70857,114.269615,6728
204.80539,113.758736,6738
204.9022,113.247856,6746
205.02324,112.60926,6756
205.16847,111.84293,6762
205.18,111.19541,6768
205.18,110.54582,6774
205.18,109.89651,6780
205.18,109.11868,6787
205.18,108.60696,6793
205.18,108.408806,6803
205.32506,108.046814,6812
205.4754,107.68698,6818
205.72598,107.08726,6826
205.97658,106.48753,6832
206.26385,105.90451,6837
206.55115,105.32148,6842
206.8959,104.62184,6848
207.1832,104.03882,6855
207.5021,103.472755,6861
207.82893,102.910934,6868
207.90091,102.52765,6874
207.9489,102.27213,6935
207.9489,102.27213,6941
207.94373,102.53207,6949
208.08185,103.03336,6954
208.17998,103.40933,6960
208.17998,103.40933,7035
208.17998,103.40933,7041
208.17998,103.40933,7050
207.79,103.40933,7057
207.56349,103.496414,7063
207.378,103.839455,7070
207.00702,104.52554,7077
206.69788,105.09728,7084
206.38873,105.66902,7090
206.20325,106.01207,7097
205.99516,106.488594,7104
205.68304,107.20338,7111
205.52698,107.56077,7193
205.52698,107.56077,7200
205.52698,107.56077,7209
205.007,107.56077,7216
205.20883,107.961105,7223
205.28032,108.19068,7229
205.17613,108.62246,7237
205.18,109.142,7244
205.18,109.92116,7253
205.18,110.44002,7262
205.18,111.08396,7272
205.18,111.60382,7281
205.18001,112.123634,7290
205.18001,112.64337,7297
205.18,113.29289,7306
205.18,113.812256,7315
205.18,114.46046,7321
205.18,114.9736,7329
205.18001,115.49317,7335
205.18001,116.14214,7342
205.18,116.65993,7349
205.18,117.04289,7357
205.18,117.04289,7366
205.18,117.04289,7374
205.18,117.04289,7382
205.18,117.04289,7390
205.18,116.653336,7398
205.18,116.00494,7405
205.18,115.49019,7413
205.18001,114.97034,7420
205.18,114.45054,7427
205.18,113.80088,7434
205.18001,113.15141,7441
205.18,112.632126,7448
205.18,112.11366,7455
205.18,111.60011,7462
205.18,111.08034,7469
205.18,110.56067,7476
205.18,109.91134,7483
205.18,109.26285,7490
205.18,108.74743,7497
205.21742,108.32544,7504
205.36026,107.96256,7511
205.5106,107.60273,7518
205.76118,107.003006,7525
205.96165,106.523224,7532
206.2485,105.93998,7539
206.53535,105.356735,7545
206.8222,104.77349,7552
207.10905,104.19025,7559
207.22379,103.95695,7567
207.48434,103.50696,7573
207.81003,102.94448,7580
207.91255,102.434715,7587
207.96382,102.17983,7660
207.96382,102.17983,7665
207.95238,102.43957,7671
208.07753,102.94425,7678
208.17998,103.44894,7759
208.17998,103.44894,7848
208.17998,103.44894,7857
208.17998,103.44894,7866
208.17998,103.96891,7873
208.69618,104.03642,7881
209.343,103.97287,7887
209.85986,103.924736,7894
210.50703,103.864494,7901
210.89534,103.828354,7909
210.89534,103.828354,7918
210.89534,103.828354,7928
211.41531,103.828354,7936
211.70403,104.18458,7944
211.82513,104.61714,7950
211.82,105.006714,7956
211.82,105.006714,7966
211.82,105.006714,7977
211.82,105.006714,7985
211.82,104.617134,7994
211.82,104.39512,8002
211.52167,104.16759,8010
211.09058,104.08039,8017
210.68906,103.97998,8025
210.05801,103.97998,8031
209.60246,103.97998,8038
209.33363,103.97998,8046
208.96909,104.293526,8053
208.62564,104.84534,8060
208.30634,105.23842,8068
208.08078,105.676765,8075
207.84462,106.28232,8082
207.60764,106.88754,8089
207.46545,107.25068,8096
206.99823,107.47889,8104
206.41422,107.764145,8112
205.83018,108.04941,8120
205.40826,108.17995,8128
205.40826,108.17995,8222
205.40826,108.17995,8230
205.40826,108.17995,8238
204.88829,108.17995,8245
204.85156,108.69148,8252
204.97467,109.46157,8258
205.07114,110.10434,8266
205.1678,110.74708,8273
205.17998,111.130714,8280
205.10255,111.64489,8288
205.00578,112.28761,8295
204.90901,112.930336,8302
204.81223,113.57306,8308
204.719,114.2163,8315
204.64507,114.730995,8322
204.55264,115.37436,8328
204.51567,115.6317,8336
204.49251,116.020996,8344
204.4539,116.669815,8352
204.43846,116.929344,8360
204.34097,117.17036,8369
204.1699,117.518654,8376
204.18,118.167786,8384
204.18,118.68485,8391
204.18,119.32954,8398
204.19905,119.64546,8406
204.19905,119.64546,8415
203.98175,120.11786,8423
203.87311,120.35406,8432
203.80046,120.642975,8441
203.41214,120.96516,8448
202.35016,121.71483,8552
202.35016,121.71483,8561
202.47316,121.94387,8569
202.01688,122.19321,8577
201.4465,122.50487,8585
200.9902,122.7542,8592
200.85364,123.25592,8599
200.82002,123.592476,8605
200.82002,123.592476,8703
200.82002,123.592476,8713
200.82002,123.592476,8725
201.34,123.592476,8734
201.65945,124.076706,8741
201.85236,124.55957,8751
202.09348,125.163155,8758
202.17996,125.59193,8768
202.2983,125.760994,8776
202.77441,125.82001,8784
203.29059,125.82001,8793
203.29059,125.82001,8803
203.29059,125.82001,8810
203.29059,126.209984,8817
203.7921,126.47733,8825
204.1527,126.622406,8835
204.1527,126.622406,8845
204.33557,126.78795,8853
204.83476,126.82,8860
205.35329,126.8201,8870
205.35329,126.8201,8880
205.35329,126.8201,8888
205.74327,126.8201,8895
206.00325,126.8201,8905
206.20639,126.487206,8913
206.54497,125.93238,8920
206.82742,125.56461,8929
206.82,124.91649,8936
206.82,124.484474,8942
206.81479,124.38638,8949
206.46162,124.02034,8957
205.98027,123.58358,8966
205.80504,123.40088,8974
205.67686,123.18938,8983
205.58777,122.80971,8993
205.49867,122.430046,9002
205.4802,121.9104,9011
205.4617,121.390755,9019
205.44785,121.00102,9026
205.3927,120.8833,9038
205.13742,120.58849,9047
204.71193,120.097145,9055
204.35008,119.80006,9064
204.15268,119.63087,9072
204.15268,119.63087,9079
204.15268,119.63087,9086
204.15268,119.63087,9091
204.15268,119.63087,9197
204.15268,119.63087,9206
204.15268,120.15084,9214
203.95093,120.44481,9221
203.76195,120.70659,9228
203.76195,120.70659,9330
203.76195,120.70659,9341
203.76195,120.70659,9351
203.82,120.22836,9358
204.01912,119.93964,9366
204.02003,119.46488,9377
204.06416,118.96653,9383
204.12292,118.44988,9389
204.18,117.67569,9396
204.19687,117.35895,9403
204.51663,117.16881,9410
205.03261,117.17999,9417
205.03261,117.17999,9425
205.03261,117.17999,9433
205.03261,117.17999,9440
204.64606,117.17999,9448
204.43343,117.17999,9458
204.28777,117.25136,9465
204.18001,117.80504,9472
204.18001,118.453636,9479
204.18,118.839714,9485
204.18,119.3558,9493
204.18,119.56806,9501
204.40648,119.84665,9509
204.79633,120.190735,9517
205.0887,120.4488,9525
205.19409,120.63702,9533
205.45604,120.92325,9542
205.90948,121.388916,9550
206.3627,121.85481,9558
206.72528,122.22752,9565
207.1785,122.69341,9572
207.2019,123.21285,9580
207.2546,124.38161,9672
207.2546,124.38161,9681
207.51065,124.426674,9691
207.40527,124.50279,9702
207.01712,124.46502,9711
206.90028,124.971695,9721
206.82002,125.3517,9729
206.82002,125.56476,9737
206.653,125.79457,9745
206.15344,125.82001,9753
206.02528,125.82001,9762
206.02528,125.82001,9772
205.881,126.319565,9779
205.82005,126.55192,9787
205.82005,126.55192,9795
205.6941,126.76741,9803
205.07928,126.82001,9811
204.69055,126.82001,9818
204.69055,126.82001,9830
204.69055,126.82001,9837
204.30057,126.82001,9848
204.17058,126.82001,9858
204.17688,126.3084,9865
204.18,126.050575,9873
204.18,126.050575,9881
204.18,126.050575,9889
204.18,126.57056,9896
204.18,126.70055,9905
204.18,126.70055,9913
204.46857,126.83081,9921
205.24728,126.82,9928
205.76605,126.8091,9934
206.41501,126.772766,9942
206.93417,126.743774,9950
207.31653,126.439384,9959
207.65329,126.04319,9966
208.07423,125.54795,9973
208.20764,125.3472,9981
208.57576,124.9882,9988
208.96544,124.64392,9995
209.02992,124.32725,10004
209.02994,124.296585,10012
209.03194,124.26217,10020
209.0574,124.165184,10029
209.28195,123.97376,10037
209.79297,123.97998,10044
211.09035,124.07291,10141
211.09035,124.07291,10149
211.09035,124.07291,10158
211.48033,124.07291,10168
211.67,124.18839,10176
211.8238,124.57612,10183
211.82,124.96574,10191
211.82,124.96574,10203
211.82,124.96574,10215
212.34007,124.96574,10224
212.85808,125.00483,10233
213.37552,125.056076,10240
214.02237,125.119774,10247
214.6692,125.17999,10255
215.18842,125.17999,10262
215.83832,125.18,10269
215.44919,125.17999,10276
214.81168,125.069664,10283
214.17561,124.93594,10293
213.66661,124.829704,10304
213.03036,124.69687,10314
212.52136,124.5906,10323
212.01236,124.48433,10332
211.78667,124.355286,10343
211.58769,124.178856,10351
211.1131,124.11077,10359
210.77194,123.979996,10368
210.26692,123.979996,10377
209.78946,123.979996,10386
209.29845,123.92087,10394
208.78448,123.84203,10403
208.33934,123.79609,10410
208.2444,123.70729,10419
207.95961,123.44088,10427
207.57986,123.08567,10435
207.31458,122.79983,10442
206.87244,122.32342,10448
206.43028,121.847015,10457
206.07657,121.46589,10466
205.72284,121.08477,10475
205.45215,120.816895,10484
205.16818,120.618774,10492
204.74123,120.128716,10501
204.38316,119.807625,10509
204.17598,119.65724,10520
204.17598,119.65724,10529
204.17598,119.65724,10536
204.17598,119.65724,10543
204.17598,119.65724,10667
204.17598,119.65724,10678
204.17598,120.177216,10688
203.96338,120.45685,10696
203.75749,120.71334,10702
203.75749,120.71334,10796
203.75749,120.71334,10806
203.75749,120.71334,10814
204.27747,120.71334,10821
204.26674,120.34964,10828
204.0322,119.74347,10837
204.02003,119.19661,10844
204.08392,118.68058,10852
204.14781,118.16454,10862
204.17998,117.64932,10869
204.17998,117.43605,10877
204.26593,117.26962,10886
204.71004,117.17999,10892
204.96796,117.17999,10898
204.96796,117.17999,10904
204.96796,117.17999,10911
204.96796,117.17999,10918
204.71005,117.17999,10925
204.3898,117.18435,10932
204.22223,117.32044,10941
204.18001,117.942245,10949
204.18,118.46098,10960
204.18,118.84612,10969
204.18,119.23401,10978
204.18,119.573074,10986
204.50894,119.93643,10995
204.89862,120.28071,11004
205.19743,120.64478,11014
205.55495,121.02144,11022
206.00789,121.4876,11028
206.37012,121.86064,11035
206.82292,122.32693,11045
207.18517,122.69996,11054
207.20212,123.08957,11061
207.25859,124.388275,11158
207.25859,124.388275,11163
207.51521,124.42998,11169
207.93088,124.11756,11174
208.1387,123.96136,11181
208.64468,124.08116,11187
209.08064,124.12567,11193
209.4507,123.97998,11199
210.97633,123.99397,11273
210.97633,123.99397,11279
210.97633,123.99397,11287
211.4963,123.99397,11294
211.72064,124.23624,11301
211.82,124.68248,11309
211.82,124.94222,11320
211.82,124.94222,11330
211.82,124.94222,11339
211.82,124.94222,11346
211.82,124.682526,11352
211.82,124.45632,11358
211.66399,124.212166,11364
211.10492,124.09929,11373
210.7451,123.97997,11379
209.9962,123.97997,11385
209.50543,123.97997,11391
208.99347,123.88901,11397
208.60951,123.82078,11404
208.29045,124.04502,11411
207.86504,124.34401,11418
207.51299,124.51177,11425
207.01329,124.49088,11432
206.89551,124.997345,11440
206.82002,125.37718,11448
206.82002,125.58489,11455
206.60995,125.81439,11462
206.09895,125.820015,11469
206.09895,125.820015,11478
206.09895,125.820015,11485
206.09895,126.33999,11493
205.8757,126.6032,11500
205.8757,126.6032,11511
205.61113,126.81419,11519
204.96614,126.82,11527
204.70709,126.82001,11534
204.70709,126.82001,11544
204.70709,126.82001,11553
204.31712,126.82001,11561
204.18712,126.82001,11569
204.17905,126.312,11576
204.18,126.054085,11583
204.18,126.054085,11592
204.18,126.054085,11600
203.66002,126.054085,11607
203.028,125.91864,11614
202.65147,125.82002,11621
202.14627,125.75545,11628
201.51668,125.59402,11635
201.013,125.46487,11642
200.7867,125.33688,11650
200.42545,125.1783,11659
199.9072,125.1799,11667
199.9072,125.1799,11675
199.94963,124.9234,11683
200.18141,124.45795,11691
200.37906,124.12176,11697
200.60342,123.803604,11704
200.82861,123.55751,11712
200.82,123.17027,11719
201.20934,122.82561,11727
201.696,122.39477,11735
202.27998,121.87776,11743
202.66931,121.53309,11751
203.15598,121.10226,11761
203.45583,120.85291,11770
203.75655,120.70665,11778
203.82,120.23399,11785
203.82002,120.37334,11792
204.0633,119.91377,11800
204.07426,119.67883,11808
204.07426,119.67883,11815
204.07426,119.67883,11820
204.07426,119.67883,11921
204.07426,119.67883,11930
204.07426,120.06882,11940
203.91394,120.40347,11947
203.78156,120.675385,11955
203.48494,120.91836,11962
202.31873,121.74578,12055
202.31873,121.74578,12065
202.46007,121.96399,12076
202.0023,122.21063,12086
201.54456,122.457275,12093
200.97235,122.76557,12100
200.87617,123.14351,12106
200.82004,123.59531,12114
200.82004,123.59531,12217
200.82004,123.59531,12225
200.82004,123.59531,12234
201.47002,123.59531,12241
201.72157,123.96586,12248
201.88565,124.45927,12255
202.09157,125.07575,12264
202.17393,125.32235,12273
202.19293,125.63009,12283
202.48483,125.83268,12292
202.8738,125.82001,12301
203.26082,125.82001,12308
203.26082,125.82001,12317
203.26082,125.82001,12329
203.26082,126.33998,12338
203.76338,126.473434,12348
204.1238,126.62238,12358
204.238,126.68382,12368
204.62415,126.82636,12375
205.2729,126.82001,12384
205.40204,126.82001,12392
205.40204,126.82001,12400
205.92126,126.7987,12406
206.44046,126.770294,12412
207.08946,126.734795,12418
207.42201,126.335075,12425
207.83772,125.83543,12432
208.004,125.63557,12439
208.17844,125.44278,12446
208.48906,125.07201,12453
208.97424,124.63951,12460
209.02994,124.325714,12468
209.04764,124.18321,12475
209.4846,123.96486,12483
210.77812,123.838036,12572
210.77812,123.838036,12581
210.9069,123.82031,12589
211.22731,124.04263,12597
211.64864,124.19952,12606
211.82013,124.55102,12614
211.8201,124.94069,12622
211.8201,124.94069,12631
211.8201,124.94069,12641
212.21008,124.94069,12648
212.85718,124.99529,12655
213.37439,125.048805,12663
214.02095,125.11526,12671
214.66751,125.17999,12678
215.3167,125.18,12686
215.9666,125.17999,12694
216.61649,125.18,12703
217.11238,125.18,12711
217.76212,125.18,12718
218.41127,125.17999,12725
219.06064,125.18,12733
219.71027,125.17999,12742
220.35863,125.17999,12749
220.68883,125.22265,12758
221.21043,125.610374,12767
221.62943,125.9183,12776
222.04837,126.22628,12786
222.46733,126.53426,12796
222.46733,126.53426,12806
222.46733,126.53426,12816
222.9873,126.53426,12825
223.5797,126.29643,12833
224.15982,126.00335,12842
224.7405,125.71132,12849
225.0889,125.536095,12857
225.46596,125.43658,12865
226.0944,125.2707,12873
226.72285,125.10482,12878
227.22809,125.16122,12884
227.98721,125.34035,12892
228.23769,125.27069,12901
228.64124,124.94278,12910
229.03017,124.616066,12917
229.02992,124.40591,12924
229.02992,124.328735,12932
229.02992,124.30177,12940
229.03119,124.26973,12948
229.04837,124.188896,12956
229.29144,123.972435,12963
229.90262,123.97997,12970
230.28497,123.97997,12977
230.78886,123.97997,12985
230.66959,123.885345,12992
230.66959,123.885345,12999
230.66959,123.885345,13006
230.66959,123.885345,13013
230.66959,123.885345,13115
230.66959,123.885345,13126
230.15042,123.885345,13135
229.69917,123.97994,13143
229.41278,123.97994,13151
229.28574,123.98505,13157
229.29138,123.98295,13163
228.91156,123.894485,13170
228.65836,123.83551,13178
228.43964,123.820045,13186
228.26767,123.73254,13193
228.18,123.15824,13201
228.18,123.15824,13207
228.18,123.15824,13215
228.18,123.678215,13222
228.18,123.808205,13229
228.56274,123.83554,13236
229.2124,123.82001,13243
229.86081,123.82001,13251
230.11981,123.82001,13258
230.61824,123.96816,13265
231.22737,124.093376,13273
231.65466,124.20379,13281
231.82538,124.4267,13289
231.82,124.94523,13296
231.82,124.94523,13304
231.82,124.94523,13312
232.33998,124.94523,13321
232.82022,124.77372,13330
233.17046,124.6022,13338
233.55637,124.546,13346
234.0709,124.471054,13353
234.7141,124.37738,13360
235.22864,124.30244,13366
235.7401,124.208725,13373
236.37943,124.09158,13380
237.01875,123.97444,13388
237.65807,123.85731,13395
238.17587,123.82781,13403
238.82571,123.82,13410
239.47545,123.82,13418
240.12462,123.82001,13426
240.58725,123.82001,13434
241.12198,123.45855,13441
241.64821,123.07705,13448
241.75345,123.00074,13456
241.75345,123.00074,13465
241.4303,123.219055,13473
240.89172,123.58291,13482
240.45874,123.82548,13489
239.80891,123.82,13498
239.28912,123.82,13505
238.76958,123.82,13512
238.3807,123.8201,13520
237.86076,123.82,13528
237.21085,123.82,13536
236.69093,123.82001,13543
236.04108,123.82,13551
235.52127,123.82,13559
234.87186,123.82,13565
234.48329,123.8201,13571
233.96335,123.82,13578
233.31345,123.82,13585
232.79353,123.8201,13594
232.27365,123.82,13603
231.62389,123.82,13611
230.97453,123.82001,13620
230.58643,123.82001,13629
230.06705,123.82,13638
229.28748,123.82001,13643
228.63942,123.82001,13649
228.42258,123.82001,13656
228.07442,123.644295,13663
227.37811,123.292885,13670
226.79785,123.00004,13677
226.2781,122.98474,13685
225.75836,122.96944,13692
225.10867,122.95032,13699
224.32904,122.92737,13707
223.67937,122.90824,13715
223.02968,122.889114,13722
222.53427,123.047066,13728
222.03886,123.20501,13735
221.41962,123.40244,13743
221.04805,123.520905,13750
220.82564,123.65553,13757
220.60664,123.81566,13763
219.95998,123.82,13770
219.31091,123.82,13778
218.7915,123.82,13785
218.1416,123.82,13793
217.36176,123.82,13800
216.71194,123.82001,13807
216.06226,123.82001,13815
215.41336,123.82,13823
214.76416,123.82,13830
214.24423,123.82,13837
213.59435,123.82001,13845
213.07446,123.82,13852
212.4247,123.82,13858
212.41254,123.87503,13865
212.41254,123.87503,13872
211.89415,123.834404,13879
211.50551,123.82001,13889
211.12164,123.888725,13898
210.73776,123.95744,13906
210.73776,123.95744,13914
210.98047,123.864265,13922
210.98047,123.864265,13928
210.98047,123.864265,14023
210.98047,123.864265,14033
211.37045,123.864265,14041
211.68045,124.21022,14048
211.82599,124.608345,14057
211.82,124.99788,14066
211.82,124.99788,14074
211.82,124.99788,14082
211.82,124.99788,14091
211.82,124.73812,14101
211.82004,124.40406,14111
211.57112,124.17461,14119
211.13437,124.14938,14126
210.87971,123.967636,14134
210.24748,123.97997,14145
209.77234,123.97997,14154
209.39812,123.97997,14163
208.9898,124.26848,14172
208.49883,125.03461,14263
208.49883,125.03461,14271
208.49883,125.03461,14279
207.97885,125.03461,14286
207.70401,125.534,14293
207.52293,126.15823,14301
207.4143,126.532776,14310
206.8992,126.603745,14319
206.25531,126.69246,14327
205.86899,126.74569,14334
205.53098,126.834335,14341
204.75246,126.82001,14348
204.6234,126.82001,14355
204.6234,126.82001,14363
204.6234,126.82001,14372
204.10342,126.82001,14380
204.06854,126.441795,14386
204.16365,126.06359,14394
204.16365,126.06359,14402
204.16365,126.06359,14412
203.64368,126.06359,14420
203.01332,125.92211,14428
202.63806,125.82003,14437
202.43143,125.82003,14445
202.21783,125.67288,14453
202.18,125.0514,14461
202.18,124.66746,14470
202.18,124.66746,14565
202.18,124.66746,14574
202.18,124.66746,14584
202.18,124.147484,14594
202.68639,124.135574,14601
202.93958,124.17998,14610
202.93958,124.17998,14622
202.93958,124.17998,14631
202.93958,123.66,14639
203.2859,123.14215,14646
203.40282,122.5261,14653
203.44557,121.87755,14660
203.49834,121.09937,14668
203.66377,120.77777,14675
203.82254,120.43004,14681
204.00002,119.98687,14686
204.02003,119.30143,14692
204.02,118.690735,14697
203.98409,117.91386,14705
203.94028,117.39574,14711
203.8765,116.618385,14717
203.82,115.84104,14722
203.82,115.45409,14728
203.82,115.45409,14735
203.82,115.45409,14745
203.82,115.06411,14753
203.82,114.41424,14759
203.82,113.76445,14766
203.82,113.11478,14773
203.81999,112.46538,14780
203.82,111.8173,14787
203.82,111.038605,14793
203.82,110.259,14799
203.81999,109.479744,14806
203.82,108.831924,14812
203.77853,108.32147,14818
203.35513,108.13047,14824
202.72202,107.983536,14830
202.0895,107.834,14836
201.33041,107.65472,14843
200.95087,107.56508,14850
200.95087,107.56508,14859
200.95087,107.56508,14867
200.95087,107.045105,14874
200.86856,106.27038,14881
200.82,105.62666,14888
200.82,105.4181,14895
200.62343,105.19094,14902
199.98538,105.17999,14981
199.98538,105.17999,14988
199.98538,105.17999,14996
199.46541,105.17999,15002
198.81555,105.17999,15008
198.16579,105.17999,15015
197.51613,105.18,15021
197.98671,104.93121,15028
198.48703,104.96811,15034
199.2475,105.14142,15041
200.02266,105.17999,15048
200.28065,105.17999,15054
200.60141,105.18161,15061
200.91524,105.54549,15068
201.24966,106.10282,15074
201.58408,106.66016,15081
201.93689,107.042114,15088
202.37791,107.51957,15094
202.91336,107.88028,15100
203.36061,108.14549,15108
203.56819,108.17995,15115
203.81116,108.38238,15122
203.83264,108.50384,15129
203.81999,109.02364,15136
203.81999,109.5434,15142
203.82,110.19285,15148
203.82,110.97034,15155
203.82,111.48875,15161
203.82,112.26854,15168
203.82,113.04823,15176
203.82,113.69783,15183
203.82,114.21723,15190
203.82,114.86446,15198
203.91,115.504555,15206
203.99828,116.016975,15214
204.08656,116.5294,15223
204.17484,117.04183,15233
204.16986,117.67742,15240
204.18001,118.19662,15247
204.18,118.8411,15255
204.17998,119.35716,15260
204.17998,119.35716,15268
204.17998,119.35716,15274
204.17998,119.35716,15381
204.17998,119.35716,15389
204.17998,119.87714,15397
204.56013,119.920135,15403
205.067,119.82002,15409
205.067,119.82002,15420
205.067,119.82002,15429
205.067,120.34,15438
205.20573,120.64999,15447
205.53221,120.82628,15456
206.1819,120.82,15464
206.83116,120.82,15473
207.09013,120.8201,15479
207.09013,120.8201,15487
207.09013,120.8201,15497
207.09013,121.21008,15505
207.34209,121.40418,15513
207.65271,121.82118,15521
207.95992,122.39199,15529
208.07468,122.62528,15537
208.14099,123.14101,15545
208.17413,123.39887,15644
208.17413,123.39887,15745
208.17413,123.39887,15754
208.17413,123.39887,15762
208.17413,123.918846,15771
208.56174,124.00584,15780
209.07956,123.958916,15788
209.59685,123.91525,15795
210.76263,123.82001,15895
210.76263,123.82001,15905
210.89209,123.82001,15912
211.21414,124.03993,15919
211.63718,124.19395,15927
211.81776,124.39912,15936
211.82,124.91688,15944
211.82,124.91688,15955
211.82,124.91688,15964
211.82,124.91688,15975
211.82,124.553955,15983
211.64682,124.20256,15990
211.12889,124.13584,15997
210.71553,123.97998,16003
210.08916,123.97998,16010
209.4929,123.97998,16018
209.10907,123.911,16025
208.59729,123.82002,16031
208.2798,124.04647,16039
207.85646,124.348404,16046
207.38698,124.57192,16053
207.00536,124.49162,16060
206.91959,124.872055,16067
206.82002,125.3793,16075
206.82002,125.586525,16083
206.6996,125.763,16091
206.09473,125.82001,16099
206.09473,125.82001,16109
206.09473,125.82001,16118
206.09473,126.33998,16126
205.87207,126.6042,16134
205.87207,126.6042,16144
205.60687,126.81576,16152
204.96101,126.82,16160
204.70198,126.8201,16170
204.70198,126.8201,16180
204.70198,126.8201,16190
204.182,126.8201,16200
204.05202,126.8201,16208
204.14279,126.30811,16215
204.17998,126.05212,16226
204.17998,126.05212,16237
204.17998,126.05212,16248
203.79001,126.05212,16257
203.15433,125.93104,16264
202.64865,125.82002,16271
202.43965,125.82002,16280
202.2923,125.752266,16289
202.17998,125.33862,16295
202.18,124.69519,16303
202.18,124.17522,16312
202.18,123.65524,16321
202.28676,123.28017,16330
202.46474,122.65504,16337
202.69707,122.1933,16345
203.02423,121.631676,16353
203.28581,121.18229,16363
203.61356,120.80163,16373
203.78648,120.66647,16382
203.82,120.16907,16393
204.00044,119.986,16402
204.02003,119.520256,16410
204.02003,119.20835,16419
204.06764,118.82129,16429
204.13112,118.30521,16437
204.17873,117.918144,16446
204.17998,117.66081,16456
204.20326,117.34659,16464
204.54504,117.174644,16471
205.06056,117.17999,16477
205.06056,117.17999,16485
205.06056,117.17999,16492
205.06056,117.17999,16500
204.67361,117.17999,16510
204.35716,117.19772,16517
204.35716,117.19772,16526
204.16867,117.508995,16534
204.18,118.15813,16543
204.18,118.67534,16552
204.18,119.193214,16559
204.18,119.32167,16566
204.18,119.32167,16573
204.18,119.32167,16666
204.18,119.32167,16676
204.18,119.841644,16685
204.5627,119.89664,16693
205.07297,119.82002,16700
205.07297,119.82002,16708
205.07297,119.82002,16716
205.07297,120.34,16726
205.20499,120.65185,16733
205.40642,120.82013,16740
206.05531,120.82,16748
206.57492,120.82001,16754
207.09346,120.82001,16762
207.09346,120.82001,16771
207.09346,120.82001,16779
207.09346,121.209984,16788
207.3453,121.404495,16796
207.5775,121.71782,16803
207.8097,122.03114,16811
208.02692,122.50357,16820
208.14389,123.13786,16828
208.17523,123.39595,16929
208.17523,123.39595,17033
208.17523,123.39595,17040
208.17523,123.39595,17049
208.17523,123.785934,17058
208.69403,123.88119,17066
209.21342,123.85748,17073
209.86209,123.8322,17081
210.90036,123.82001,17164
210.90036,123.82001,17171
210.90036,123.82001,17179
211.42033,123.82001,17186
211.69601,124.181755,17194
211.82526,124.60534,17203
211.8201,124.99489,17211
211.8201,124.99489,17218
211.8201,124.99489,17225
211.8201,124.99489,17233
211.82,124.73513,17241
211.82,124.502045,17248
211.7356,124.27053,17255
211.43356,124.17469,17262
211.1323,124.14426,17271
210.73721,123.97997,17280
210.10979,123.97997,17288
209.65712,123.97997,17296
209.05643,123.893745,17305
208.67184,123.82908,17312
208.34476,124.04143,17320
207.90862,124.32456,17328
207.4389,124.54757,17337
207.05373,124.486534,17346
206.91882,124.98871,17353
206.82002,125.36533,17361
206.82002,125.57562,17368
206.6299,125.806206,17376
205.99576,125.82001,17383
205.99576,125.82001,17389
205.99576,125.82001,17396
205.99576,126.46998,17403
205.87424,126.64616,17409
205.87424,126.64616,17416
205.53172,126.8319,17423
204.92859,126.82,17431
204.66972,126.820015,17439
204.66972,126.820015,17448
204.66972,126.820015,17457
204.27974,126.820015,17462
204.14975,126.820015,17468
204.18,126.301956,17475
204.17998,126.04411,17483
204.17998,126.04411,17491
204.17998,126.04411,17500
203.79,126.04411,17509
203.15358,125.92618,17517
202.64716,125.82002,17524
202.43848,125.82002,17530
202.22868,125.68828,17536
202.17998,124.94661,17543
202.18,124.691025,17550
202.18,124.30105,17557
202.18,123.65108,17564
202.28705,123.276085,17572
202.50116,122.526085,17581
202.73915,122.06768,17587
203.1436,121.40077,17592
203.41318,120.95615,17598
203.60057,120.80821,17605
203.81967,120.59499,17612
203.84422,120.13694,17618
204.02002,119.67901,17627
204.02002,119.236404,17634
204.08531,118.6422,17641
204.16692,117.997375,17648
204.18,117.6118,17656
204.18,117.40663,17663
204.40498,117.180466,17670
205.0476,117.17999,17678
205.0476,117.17999,17687
205.0476,117.17999,17695
205.0476,117.17999,17705
204.66084,117.17999,17712
204.3466,117.20325,17719
204.3466,117.20325,17726
204.1742,117.53589,17735
204.18,118.055275,17743
204.18,118.701836,17751
204.18,119.217834,17757
204.18,119.346085,17764
204.18,119.346085,17771
204.18,119.346085,17886
204.18,119.346085,17895
204.18,119.86606,17905
204.56099,119.91277,17912
205.06897,119.82002,17919
205.06897,119.82002,17930
205.06897,119.82002,17940
205.06897,120.34,17948
205.2055,120.650604,17955
205.40453,120.81954,17963
206.05313,120.82,17969
206.57275,120.82001,17977
207.0913,120.82,17984
207.0913,120.8201,17993
207.0913,120.8201,18000
207.0913,121.21008,18009
207.35124,121.47477,18017
207.67766,121.87952,18026
207.9309,122.33089,18033
208.10251,122.681076,18042
208.14365,123.06888,18049
208.17108,123.327415,18149
208.17108,123.327415,18265
208.17108,123.327415,18275
208.17108,123.327415,18285
208.17108,123.84739,18295
208.68909,123.93218,18303
209.2079,123.898,18311
209.85588,123.85962,18319
210.8936,123.82001,18430
210.8936,123.82001,18441
210.8936,123.82001,18453
211.28357,123.82001,18459
211.61986,124.15096,18469
211.82152,124.662285,18479
211.82,124.922035,18488
211.82,124.922035,18498
211.82,124.922035,18509
211.82,124.922035,18521
211.82,124.55862,18531
211.73073,124.26536,18541
211.42337,124.17741,18551
211.13087,124.14071,18561
210.7273,123.97997,18568
210.22342,123.97997,18576
209.64972,123.97997,18583
209.05049,123.89332,18592
208.66597,123.82833,18603
208.33958,124.04176,18612
207.90439,124.32634,18622
207.43472,124.54947,18631
207.04977,124.487015,18642
206.94983,124.86397,18651
206.82002,125.36658,18660
206.82002,125.5766,18669
206.71397,125.750565,18676
206.12093,125.82001,18685
205.99313,125.82001,18695
205.99313,125.82001,18705
205.8994,126.198555,18714
205.82005,126.44211,18722
205.82004,126.55397,18733
205.75322,126.70716,18742
205.33159,126.82,18749
204.68321,126.82001,18757
204.68321,126.82001,18765
204.68321,126.82001,18775
204.16324,126.82001,18784
204.03325,126.82001,18793
204.1079,126.43723,18801
204.17998,126.05447,18808
204.17998,126.05447,18818
204.17998,126.05447,18828
203.79,126.05447,18837
203.2809,125.96297,18845
202.77545,125.840965,18852
202.43999,125.82002,18861
202.2929,125.7527,18870
202.18,125.21041,18877
202.18,124.69643,18885
202.18,124.30645,18893
202.18,123.65648,18901
202.32225,123.15635,18912
202.46451,122.65621,18923
202.76233,122.08218,18932
203.02396,121.63282,18941
203.28539,121.18334,18950
203.61906,120.79842,18958
203.83087,120.542885,18967
203.86282,120.12942,18976
204.02002,119.747665,18985
204.02002,119.2887,18993
204.08383,118.6828,19002
204.1636,118.03774,19010
204.18,117.6515,19022
204.18,117.437805,19033
204.26358,117.27224,19042
204.70499,117.17999,19050
204.96295,117.17999,19058
204.96295,117.17999,19067
204.96295,117.17999,19076
204.96295,117.17999,19086
204.7051,117.17999,19097
204.38518,117.18593,19104
204.14772,117.5415,19112
204.11516,117.66735,19118
204.16225,118.18519,19125
204.17998,118.82968,19132
204.18,119.21769,19138
204.18,119.34594,19145
204.18,119.34594,19152
204.18,119.34594,19254
204.18,119.34594,19263
204.18,119.86591,19270
204.68799,119.88494,19277
205.06898,119.82002,19288
205.06898,119.82002,19297
205.06898,119.82002,19309
205.06898,120.21001,19317
205.19514,120.637596,19325
205.49622,120.83218,19332
206.14589,120.82,19339
206.66544,120.82,19346
207.05434,120.8201,19354
207.05434,120.8201,19361
207.05434,120.8201,19371
207.05434,121.34007,19380
207.44426,121.47667,19390
207.7356,121.90737,19400
207.96925,122.370316,19408
208.07648,122.60716,19417
208.12462,122.994156,19426
208.17278,123.38116,19533
208.17278,123.38116,19643
208.17278,123.38116,19653
208.17278,123.38116,19662
208.17278,123.77113,19670
208.69174,123.86891,19678
209.34117,123.8434,19686
209.85997,123.82573,19694
210.8983,123.82001,19799
210.8983,123.82001,19808
210.8983,123.82001,19816
211.41827,123.82001,19825
211.69498,124.181335,19833
211.82524,124.60371,19841
211.82,124.99326,19850
211.82,124.99326,19861
211.82,124.99326,19871
211.82,124.99326,19881
211.8201,124.733505,19889
211.82004,124.50061,19898
211.73422,124.26904,19907
211.43062,124.17542,19915
211.10246,124.09579,19924
210.6073,123.97997,19931
210.10722,123.97997,19939
209.56757,123.97997,19946
208.98892,123.88864,19954
208.605,123.820145,19963
208.18044,124.12032,19971
207.862,124.34546,19980
207.50995,124.51323,19989
206.99243,124.46269,20000
206.91301,124.8445,20009
206.82002,125.35357,20017
206.82002,125.56626,20026
206.72842,125.736496,20034
206.27824,125.82001,20043
206.02115,125.82001,20053
206.02115,125.82001,20063
205.8793,126.32027,20071
205.82005,126.55293,20080
205.82005,126.55293,20092
205.75456,126.705376,20100
205.3353,126.82015,20108
204.68689,126.82001,20118
204.68689,126.82001,20128
204.68689,126.82001,20141
204.16692,126.82001,20151
204.03693,126.82001,20162
204.11029,126.43699,20171
204.18,126.05398,20178
204.18,126.05398,20187
204.18,126.05398,20198
203.66002,126.05398,20206
203.15349,125.95242,20214
202.65146,125.82002,20222
202.44185,125.82002,20229
202.29608,125.75508,20238
202.18,125.34684,20245
202.18,124.70319,20254
202.18,124.05323,20262
202.18,123.663246,20270
202.32166,123.16294,20279
202.49873,122.53756,20287
202.73584,122.07871,20293
203.00464,121.633606,20300
203.34056,121.07718,20308
203.59311,120.80899,20316
203.75851,120.7044,20323
203.83627,120.14015,20331
204.01872,119.94088,20339
204.02002,119.355316,20349
204.06644,118.86781,20356
204.1438,118.222466,20364
204.18,117.706604,20371
204.18544,117.38657,20380
204.34149,117.208595,20388
204.83972,117.17999,20396
204.96841,117.17999,20403
204.96841,117.17999,20411
204.71051,117.17999,20420
204.39023,117.1842,20430
204.17561,117.42164,20441
204.18,118.070915,20452
204.18,118.58836,20460
204.18,119.36102,20466
204.18,119.57222,20472
204.50829,119.9356,20479
204.9953,120.36604,20485
205.19582,120.64107,20492
205.46022,120.92603,20500
205.91344,121.39191,20507
206.36649,121.85796,20514
206.72893,122.230804,20522
207.18198,122.69686,20531
207.56767,123.04558,20538
208.0498,123.481476,20546
208.28125,123.7443,20553
208.86572,123.82001,20561
209.38553,123.82,20568
210.16518,123.82,20576
209.91188,123.89241,20583
210.30038,123.858505,20590
210.94768,123.82001,20597
211.46762,123.82,20605
211.98755,123.82,20612
212.63744,123.82,20620
213.28728,123.82,20627
213.93698,123.82001,20635
214.5861,123.82,20642
215.21706,123.957535,20649
215.71852,124.095055,20657
216.0946,124.1982,20666
216.58386,124.374275,20677
217.19542,124.59438,20686
217.68321,124.77446,20693
218.29234,125.00123,20699
218.65782,125.13728,20706
219.17734,125.15919,20714
219.82672,125.18,20721
220.34529,125.18,20728
220.86002,125.10616,20736
221.5034,125.01399,20743
221.76077,124.97713,20751
222.24924,124.79888,20759
222.85982,124.576065,20766
223.59251,124.30869,20773
224.18158,124.03536,20780
224.76608,123.751076,20788
225.35077,123.46718,20796
225.93546,123.183266,20803
226.28625,123.01292,20811
226.78424,123.16256,20819
227.40671,123.3496,20826
228.02917,123.53665,20835
228.23517,123.68227,20845
228.48454,123.832535,20852
229.13425,123.82,20861
229.65349,123.82,20868
230.17175,123.82001,20875
230.17175,123.82001,20883
230.17175,123.82001,20889
230.17175,123.82001,20983
230.17175,123.82001,20992
229.65178,123.82001,21001
229.3778,123.979904,21007
229.18791,124.02105,21014
229.28374,123.9845,21022
228.77776,123.8647,21031
228.43375,123.820045,21039
228.25949,123.72463,21048
228.18,123.14238,21056
228.18,123.14238,21067
228.18,123.14238,21075
228.18,123.66235,21083
228.18,123.79235,21093
228.55583,123.82878,21101
229.20555,123.82,21109
229.85402,123.82001,21119
230.11305,123.82001,21128
230.61166,123.96761,21135
231.10161,124.03721,21142
231.33896,124.14331,21151
231.64851,124.20049,21159
231.82416,124.54376,21167
231.82002,124.932526,21177
231.82002,124.932526,21188
231.82002,124.932526,21199
232.20999,124.932526,21207
232.81956,124.73158,21215
233.17924,124.58087,21222
233.69441,124.510254,21232
234.20956,124.43964,21240
234.72472,124.36902,21246
235.23988,124.2984,21254
235.7514,124.20503,21262
236.26292,124.111664,21271
236.90233,123.99496,21279
237.41385,123.90159,21289
237.79749,123.831566,21297
238.31738,123.822,21307
238.83725,123.82001,21317
239.35706,123.82,21326
239.87662,123.82,21336
240.3947,123.820015,21344
240.82594,123.6664,21351
241.24815,123.362915,21358
241.67038,123.059425,21366
241.67038,123.059425,21374
241.67038,123.059425,21383
241.67038,123.5794,21390
241.15154,123.743614,21397
240.8921,123.76073,21406
240.54387,123.83571,21414
240.02408,123.822464,21421
239.37431,123.82,21428
238.59512,123.82001,21436
238.33623,123.82001,21444
237.94626,123.82,21452
237.29636,123.82,21460
236.77643,123.82,21468
236.25653,123.82001,21475
235.60675,123.82,21483
235.0871,123.82001,21491
234.56827,123.82001,21498
234.04927,123.82,21505
233.52934,123.82,21513
232.87944,123.82001,21521
232.2296,123.82,21529
231.57986,123.82,21536
231.06033,123.82001,21543
230.6716,123.82001,21551
230.28249,123.82,21559
229.63274,123.82001,21566
228.9834,123.82,21575
228.72429,123.8201,21583
228.39474,123.81828,21591
227.9318,123.581535,21599
227.46886,123.34478,21606
227.0059,123.10803,21613
226.77443,122.989655,21623
226.25464,122.9756,21632
225.73486,122.96154,21641
225.21507,122.94748,21649
224.56534,122.92991,21657
223.91562,122.91234,21667
223.39583,122.89828,21678
223.006,122.88773,21688
222.63487,123.00755,21698
222.01636,123.20726,21705
221.52153,123.36703,21712
221.0267,123.526794,21720
220.806,123.6642,21728
220.57762,123.82441,21736
219.92793,123.82001,21744
219.27896,123.82,21751
218.75967,123.82,21759
218.23975,123.82,21767
217.58984,123.82001,21775
217.06995,123.82001,21782
216.42017,123.82,21790
215.77065,123.82,21797
216.07724,124.10273,21804
216.07724,124.10273,21813
215.70486,123.98687,21821
215.3325,123.87101,21828
214.94261,123.86242,21835
214.2928,123.848114,21843
213.77295,123.83666,21851
213.12314,123.82235,21861
212.73326,123.82,21870
212.08363,123.82001,21879
211.56468,123.82001,21889
210.92485,123.91826,21899
210.7972,123.94282,21909
210.91772,123.8941,21916
210.91772,123.8941,21924
210.91772,123.8941,22032
210.91772,123.8941,22044
211.4377,123.8941,22053
211.7204,124.25294,22061
211.82,124.696045,22069
211.82,124.95577,22079
211.82,124.95577,22089
211.82,124.95577,22099
211.82,124.95577,22108
211.82,124.69605,22115
211.82005,124.46787,22123
211.68361,124.22493,22132
211.1358,124.15293,22141
210.88919,123.96872,22150
210.50764,123.97998,22158
209.89342,123.97998,22165
209.51297,123.97998,22171
209.25914,123.98225,22180
208.86743,124.4444,22188
208.52159,124.99471,22268
208.52159,124.99471,22274
208.52159,124.99471,22282
207.87161,124.99471,22290
208.03378,125.25303,22297
207.87102,125.60742,22305
207.65398,126.07993,22311
207.49121,126.43432,22319
206.85205,126.55239,22327
206.2129,126.67046,22333
205.8294,126.7413,22339
205.36728,126.82332,22345
204.71872,126.82001,22350
204.71872,126.82001,22356
204.71872,126.82001,22362
204.06876,126.82001,22367
204.04373,126.74333,22373
204.17094,126.10594,22379
204.17998,125.97846,22385
204.17998,125.97846,22391
203.80975,125.85591,22397
203.42072,125.82867,22402
202.64565,125.8201,22408
202.43732,125.82005,22414
202.22682,125.68576,22419
202.18,125.07138,22424
202.18,124.68692,22431
202.18,124.68692,22540
202.18,124.68692,22548
202.18,124.68692,22557
202.18,124.16695,22565
202.6884,124.14599,22574
202.94261,124.17998,22582
202.94261,124.17998,22592
202.94261,124.17998,22601
202.94261,123.66,22608
203.28792,123.14126,22616
203.40422,122.524956,22624
203.44649,121.87637,22632
203.48996,121.22786,22640
203.64404,120.869606,22649
203.83063,120.54551,22657
203.86192,120.12978,22663
204.02003,119.75,22670
204.02002,119.20037,22677
204.02,118.68176,22688
204.008,118.163734,22697
203.96371,117.64565,22705
203.92058,117.12747,22714
203.86661,116.479744,22720
203.82344,115.96157,22727
203.82,115.44519,22734
203.82,115.44519,22745
203.82,115.44519,22754
203.82,114.92521,22762
203.82,114.40531,22770
203.82,113.88547,22778
203.82,113.23576,22787
203.82,112.71615,22795
203.82,112.06724,22803
203.82,111.55181,22812
203.82,111.03196,22822
203.82,110.51216,22830
203.82,109.86257,22837
203.82,109.21352,22845
203.82,108.696655,22852
203.77486,108.31573,22860
203.34537,108.12744,22869
202.71223,107.98059,22877
202.07964,107.8313,22885
201.44704,107.68207,22893
200.94095,107.56269,22900
200.94095,107.56269,22908
200.94095,107.56269,22915
200.94095,107.04271,22922
200.87251,106.26727,22928
200.82,105.62391,22936
200.82,105.41595,22945
200.61867,105.18896,22954
199.97949,105.179985,23038
199.97949,105.179985,23044
199.97949,105.179985,23053
200.62946,105.179985,23062
200.75945,105.179985,23070
201.01396,105.633415,23079
201.33209,106.2002,23086
201.58661,106.653625,23093
201.93782,107.03706,23100
202.37683,107.516365,23106
202.91151,107.87805,23113
203.35841,108.14388,23120
203.56628,108.17994,23127
203.69453,108.23913,23134
203.82,108.75633,23141
203.82,109.53561,23148
203.82,110.0552,23153
203.82,110.70399,23159
203.82,111.09113,23166
203.82,111.481064,23172
203.81999,112.260864,23179
203.82,112.91063,23186
203.81999,113.43037,23193
203.82,114.07979,23201
203.82,114.59859,23208
203.82002,114.98495,23215
203.81999,115.37488,23223
203.82,115.89475,23230
203.81999,116.544556,23237
203.82,117.19424,23246
203.82,117.8437,23256
203.97473,118.17145,23264
204.02003,118.71178,23272
204.02,119.3267,23280
204.02,119.831604,23287
203.87425,120.31646,23294
203.76373,120.701065,23301
203.18967,120.95062,23309
202.57622,121.16543,23316
201.96294,121.380684,23325
201.5256,121.66196,23336
201.1976,121.87291,23342
201.1976,121.87291,23426
201.1976,121.87291,23434
201.1976,121.87291,23526
201.49997,121.626625,23533
201.85963,121.475876,23539
202.57898,121.17439,23547
203.17842,120.92315,23554
203.62132,120.81277,23562
203.62132,120.81277,23660
203.62132,120.81277,23669
203.62132,120.81277,23679
204.0113,120.81277,23687
204.03197,120.30442,23695
204.02003,119.73039,23704
204.02003,119.187935,23714
204.02003,119.187935,23725
204.02003,119.187935,23736
204.02003,118.66796,23746
204.09532,118.15532,23755
204.18,117.64513,23764
204.18,117.43268,23773
204.34831,117.2047,23781
204.97751,117.17999,23790
204.97751,117.17999,23801
204.97751,117.17999,23810
204.97751,117.17999,23819
204.71953,117.17999,23827
204.39876,117.181564,23836
204.23419,117.30449,23843
204.18,118.0462,23851
204.18,118.563934,23860
204.17998,119.210655,23869
204.20317,119.65324,23877
204.57939,120.00662,23887
204.97133,120.34832,23897
205.19232,120.61954,23903
205.52898,121.0041,23911
205.89267,121.37571,23918
206.3465,121.841,23925
206.80035,122.306274,23934
207.16344,122.67849,23943
207.18869,123.197845,23951
207.24553,124.36641,24045
207.24553,124.36641,24053
207.50017,124.418846,24060
207.39706,124.498,24068
207.00868,124.46264,24076
206.92397,124.84331,24083
206.82002,125.35086,24092
206.82002,125.56409,24101
206.65443,125.79378,24110
206.15533,125.82001,24119
206.02716,125.82001,24130
206.02716,125.82001,24137
205.88176,126.31924,24145
205.82004,126.55145,24155
205.82004,126.55145,24166
205.75644,126.70282,24175
205.2108,126.82001,24185
204.69225,126.82,24192
204.69225,126.8201,24200
204.69225,126.8201,24209
204.30226,126.8201,24220
204.17227,126.8201,24229
204.17696,126.308754,24237
204.17998,126.05093,24247
204.17998,126.05093,24257
204.17998,126.05093,24270
204.17998,126.5709,24281
204.17998,126.7009,24291
204.17998,126.7009,24300
204.59886,126.825096,24309
205.11815,126.82001,24316
205.37698,126.82001,24325
205.7665,126.808846,24332
206.41547,126.77266,24341
206.93463,126.74371,24350
207.31694,126.439285,24357
207.65363,126.04304,24365
207.99031,125.64678,24374
208.2077,125.346924,24382
208.47865,125.07409,24389
208.96573,124.643715,24396
209.02992,124.30396,24404
209.03188,124.26281,24410
209.07841,124.124084,24416
209.5298,123.97997,24423
210.94008,123.98177,24524
210.94008,123.98177,24532
211.04276,123.90206,24541
211.36069,124.12791,24549
211.67151,124.213005,24559
211.82584,124.59674,24567
211.81999,124.986305,24576
211.8201,124.986305,24586
211.8201,124.986305,24597
212.34007,124.986305,24607
212.85838,125.02226,24616
213.37622,125.0694,24625
213.89407,125.11627,24635
214.5414,125.174866,24645
214.8001,125.17999,24656
214.8001,125.17999,24666
214.8001,125.17999,24676
215.32007,125.17999,24684
215.92899,124.97751,24691
216.53073,124.73185,24698
217.13315,124.487816,24706
217.73555,124.24373,24714
218.21745,124.048454,24722
218.69937,123.85318,24730
219.21898,123.83338,24739
219.86842,123.82001,24747
220.38673,123.82,24754
220.60648,123.81954,24762
220.96283,123.661125,24771
221.55676,123.3971,24779
222.15068,123.13307,24789
222.50703,122.97466,24798
222.89691,122.96555,24806
223.5467,122.95038,24815
224.06654,122.93823,24825
224.58636,122.926094,24834
224.97624,122.91699,24843
225.62604,122.90181,24850
226.27582,122.886635,24857
226.76456,123.06414,24865
227.37549,123.28602,24872
227.86423,123.463524,24879
228.20662,123.646095,24888
228.52394,123.828545,24896
229.17365,123.82001,24903
229.82298,123.82,24910
230.21112,123.820015,24919
230.21112,123.820015,24927
230.21112,123.820015,24935
230.21112,123.820015,25046
230.21112,123.820015,25056
229.69115,123.820015,25065
229.49213,123.9799,25073
229.3272,123.979904,25082
229.19803,124.01557,25090
229.2598,123.99057,25099
228.75543,123.864105,25108
228.41585,123.82005,25120
228.18427,123.60617,25129
228.18,123.09595,25138
228.18,123.09595,25151
228.18,123.09595,25160
228.18,123.61592,25169
228.18,123.74592,25178
228.6456,123.82288,25188
229.16537,123.82,25196
229.81418,123.82,25204
230.2024,123.820015,25214
230.57437,123.93712,25221
231.30328,124.13321,25229
231.62602,124.19016,25237
231.83241,124.49308,25245
231.82,125.01101,25252
231.82,125.01101,25261
231.82,125.01101,25270
232.34007,125.01101,25279
232.81047,124.820724,25286
233.15088,124.63044,25293
233.53618,124.57019,25300
234.17834,124.46978,25305
234.94894,124.34929,25312
235.33424,124.28904,25320
235.8455,124.19426,25328
236.35677,124.09947,25335
236.99583,123.980995,25341
237.63492,123.86251,25348
238.15265,123.83216,25356
238.67252,123.82152,25364
239.3223,123.82,25372
239.84189,123.82,25378
240.36024,123.82001,25385
240.69582,123.77017,25396
241.11636,123.46437,25403
241.53691,123.15856,25413
241.74718,123.00566,25423
241.74718,123.00566,25431
241.3162,123.29657,25438
240.77747,123.6602,25445
240.43982,123.82084,25452
239.79008,123.82,25462
239.14038,123.82001,25470
238.49138,123.82001,25477
237.97205,123.82,25485
237.32213,123.82,25494
236.67224,123.82,25504
236.15236,123.82001,25513
235.50258,123.82,25520
234.983,123.82001,25528
234.46475,123.82,25535
233.9448,123.82001,25543
233.29489,123.82,25551
232.775,123.82,25558
232.25513,123.82001,25565
231.60538,123.82001,25573
230.95605,123.82001,25581
230.69698,123.82001,25591
230.1777,123.82,25599
229.52798,123.82,25606
229.00854,123.82001,25613
228.60594,123.82001,25620
228.39474,123.81828,25627
227.9318,123.581535,25636
227.3531,123.28559,25643
226.77441,122.98965,25651
226.25464,122.97559,25658
225.6049,122.95802,25665
225.08513,122.94396,25673
224.4354,122.92639,25681
223.78566,122.90882,25689
223.26588,122.89476,25697
223.00598,122.88773,25705
222.51117,123.0475,25714
222.01634,123.20727,25721
221.39783,123.406975,25729
221.0267,123.526794,25736
220.806,123.66421,25743
220.44768,123.821014,25751
219.92793,123.82001,25761
219.40858,123.82,25769
219.14963,123.8201,25778
218.75966,123.82001,25787
218.10976,123.82001,25794
217.58984,123.82,25801
216.93999,123.82,25808
216.29022,123.82,25817
215.77065,123.82,25826
215.2525,123.82,25833
214.73256,123.82,25840
214.08266,123.82,25847
214.47209,123.82001,25855
214.73122,123.82001,25863
215.12119,123.82,25871
215.64111,123.82,25879
216.16104,123.82,25887
216.8109,123.82,25896
217.4607,123.82,25903
217.98038,123.82,25911
218.62868,123.82,25917
219.14853,123.82001,25926
219.66823,123.82,25937
220.31683,123.82,25947
220.65504,123.79908,25956
221.01132,123.6405,25965
221.48637,123.42907,25973
221.96141,123.21763,25980
222.43646,123.006195,25988
222.95619,122.99029,25996
223.47592,122.97438,26003
224.12558,122.9545,26010
224.64531,122.93859,26017
225.29498,122.91871,26024
225.81471,122.90281,26032
226.33444,122.8869,26039
226.69969,123.02358,26047
227.30843,123.25139,26054
227.91716,123.47919,26060
228.23218,123.680626,26068
228.47916,123.832405,26076
229.12886,123.82001,26085
229.64845,123.82,26095
230.16676,123.82001,26106
230.55672,123.82001,26114
231.20663,123.82,26121
231.8565,123.82,26129
232.50635,123.82,26137
233.15605,123.82,26145
233.80511,123.82,26153
234.32451,123.82,26162
234.97443,123.82,26171
235.49434,123.82,26180
236.01424,123.82001,26187
236.66403,123.82001,26195
237.18372,123.82001,26203
237.83199,123.82001,26211
238.22192,123.82,26219
238.87177,123.82,26226
239.52147,123.82001,26236
240.17052,123.82001,26243
240.63412,123.80855,26251
240.81432,123.61039,26260
240.82,123.0974,26267
240.82,122.44756,26276
240.82,121.927795,26283
240.82,121.27858,26290
240.82,121.01977,26380
240.82,121.01977,26389
240.82,121.01977,26399
240.82,121.40975,26409
240.81999,122.05938,26417
240.82,122.578094,26427
240.82,122.96766,26436
240.82,123.35623,26445
240.82,123.57742,26453
240.82,123.57742,26577
240.82,123.57742,26588
240.82,123.57742,26599
240.82,124.0974,26608
240.43628,124.15783,26615
239.79485,124.05305,26623
239.15295,123.95087,26629
238.63945,123.869095,26637
238.3827,123.82821,26646
237.99275,123.82367,26653
237.47281,123.82,26660
236.8229,123.82,26667
236.30301,123.82,26674
235.65321,123.82,26682
235.13353,123.82001,26690
234.48526,123.82001,26697
233.97124,123.8984,26706
233.58571,123.957184,26712
232.94318,124.05517,26720
232.55765,124.11396,26729
231.9151,124.211945,26737
231.43858,124.17887,26745
231.11029,124.10873,26754
230.84308,123.9799,26765
230.54332,123.97994,26858
230.54332,123.97994,26869
230.54332,123.97994,26879
230.02412,123.97994,26886
229.5976,123.97994,26893
229.34175,123.97994,26901
229.18198,124.02449,26910
229.27505,123.986465,26919
228.89597,123.89493,26928
228.43391,123.820045,26937
228.25972,123.72486,26947
228.18,123.27133,26955
228.18,123.14284,26966
228.18,123.14284,26977
227.79504,123.08038,26986
227.15347,122.97629,26996
226.76852,122.91383,27002
226.24857,122.909485,27012
225.7286,122.905136,27020
225.20865,122.900795,27027
224.55872,122.89536,27036
223.90877,122.88993,27044
223.25882,122.8845,27052
222.99884,122.882324,27059
222.50453,123.04366,27068
222.01022,123.204994,27076
221.39233,123.40667,27084
221.02159,123.52767,27091
220.80145,123.665985,27099
220.5711,123.825935,27108
219.92142,123.82,27116
219.27248,123.82001,27123
218.62321,123.82,27131
217.97331,123.82,27138
217.32343,123.82001,27145
216.80356,123.82,27152
216.15382,123.82,27160
215.50468,123.82001,27167
214.85522,123.82,27174
214.3353,123.82,27181
213.68541,123.82,27189
213.16553,123.82,27200
212.64569,123.82001,27207
212.126,123.82,27216
211.6069,123.82001,27224
211.09615,123.90141,27232
210.46143,123.97998,27242
209.85132,123.97998,27251
209.49254,123.97998,27261
209.13885,124.04229,27270
208.7828,124.584526,27278
208.50443,125.023705,27379
208.50443,125.023705,27389
208.50443,125.023705,27398
207.98445,125.023705,27406
207.70894,125.5229,27414
207.56343,126.0221,27423
207.41792,126.5213,27430
206.90324,126.59535,27437
206.38857,126.6694,27444
205.8739,126.74346,27451
205.40791,126.82762,27460
204.7592,126.82,27468
204.63011,126.8201,27478
204.63011,126.8201,27490
204.63011,126.8201,27500
204.24013,126.8201,27509
204.17336,126.303986,27519
204.18,126.046295,27529
204.18,126.046295,27539
203.70296,125.83937,27547
203.31375,125.82001,27555
202.7961,125.82001,27564
202.45493,125.82001,27572
202.16333,125.54679,27582
201.96996,125.06411,27591
201.87328,124.82277,27603
201.87328,124.82277,27711
201.48401,124.8464,27718
201.57101,124.74981,27726
201.9267,124.589874,27733
202.10646,124.0202,27742
202.15237,123.632935,27752
202.2672,123.26024,27761
202.45856,122.63908,27770
202.69528,122.17914,27777
203.02542,121.61926,27785
203.28941,121.17128,27793
203.62114,120.800224,27801
203.8313,120.539055,27808
203.82513,120.4092,27818
204.05779,119.94418,27827
204.07262,119.70537,27836
204.07262,119.70537,27845
204.07262,119.70537,27853
204.07262,119.70537,27962
204.07262,119.70537,27971
204.07262,120.22534,27983
203.81961,120.59051,27992
203.36885,120.99457,27999
202.406,121.65918,28102
202.406,121.65918,28111
202.49675,121.90282,28119
202.04358,122.15779,28127
201.59041,122.412766,28133
201.02396,122.73148,28140
200.87276,123.22899,28146
200.78764,123.67036,28153
200.78764,123.67036,28250
200.78764,123.67036,28261
200.78764,123.67036,28269
201.30762,123.67036,28277
201.59047,124.02913,28283
201.84772,124.62603,28290
202.05399,125.10333,28298
202.15714,125.34199,28305
202.19972,125.64474,28313
202.52101,125.83014,28323
203.03929,125.82001,28332
203.29643,125.82001,28340
203.29643,125.82001,28352
203.6972,126.1513,28361
203.99777,126.39977,28368
204.1883,126.57289,28376
204.1883,126.57289,28387
204.2736,126.73836,28396
204.7294,126.820175,28404
205.2484,126.82001,28413
205.37764,126.82001,28423
205.37764,126.82001,28435
205.76715,126.808136,28444
206.28633,126.7794,28453
206.80551,126.75068,28463
207.06511,126.73631,28472
207.40169,126.33998,28482
207.73828,125.94365,28492
208.07487,125.54732,28499
208.2078,125.34645,28505
208.4792,125.07381,28514
208.86882,124.72946,28522
209.02994,124.41037,28531
209.02994,124.34035,28538
209.02994,124.323204,28547
209.02994,124.30665,28554
209.02994,124.29643,28561
209.03203,124.26146,28567
209.0583,124.16306,28574
209.41602,123.97717,28582
210.93906,123.98259,28693
210.93906,123.98259,28702
211.04173,123.90287,28712
211.35997,124.12829,28721
211.67099,124.21266,28729
211.83115,124.465805,28737
211.82,124.98525,28744
211.82,124.98525,28754
211.82,124.98525,28761
212.21008,124.98525,28768
212.72853,125.01972,28776
213.37605,125.07602,28784
214.0236,125.13205,28791
214.67114,125.17999,28799
215.19034,125.17999,28807
215.71027,125.18,28815
216.36017,125.17999,28822
216.88005,125.17999,28829
217.52985,125.18,28836
218.17932,125.17999,28842
218.56825,125.17999,28847
219.0881,125.18,28855
219.73773,125.18,28864
220.25668,125.18,28875
220.80975,125.32656,28885
221.22705,125.6366,28893
221.64792,125.94194,28902
222.17395,126.32371,28909
222.48958,126.55277,28916
222.48958,126.55277,28925
222.48958,126.55277,28935
223.00955,126.55277,28943
223.47646,126.32393,28952
224.06009,126.03788,28960
224.64374,125.75183,28969
225.11064,125.522995,28979
225.61385,125.39202,28989
226.24286,125.2283,29000
226.87187,125.06458,29011
227.25064,125.15744,29021
227.75566,125.28125,29030
228.13817,125.26829,29038
228.55647,124.959435,29047
228.97478,124.65058,29055
229.02992,124.38099,29064
229.02992,124.322464,29072
229.02992,124.29796,29082
229.02995,124.29353,29094
228.50998,124.29353,29103
228.4651,124.037445,29112
228.34615,123.806274,29123
227.88455,123.566895,29131
227.42296,123.327515,29139
226.84596,123.02829,29147
226.2106,122.96514,29154
225.5608,122.95098,29161
224.78108,122.93144,29170
224.26128,122.918465,29179
223.61151,122.90225,29187
223.09169,122.889275,29196
222.59192,123.00977,29205
222.09819,123.1729,29212
221.3573,123.41665,29222
220.98685,123.53852,29231
220.87827,123.60999,29239
220.6149,123.81277,29246
220.09981,123.82001,29255
219.58026,123.82001,29263
219.19133,123.8201,29271
218.80136,123.82,29279
218.28143,123.82,29286
217.63153,123.82,29293
216.98167,123.82001,29299
216.33191,123.82001,29306
215.68248,123.82001,29313
215.29385,123.82001,29321
214.90388,123.82001,29328
214.25398,123.82,29335
213.6041,123.82001,29342
213.08421,123.82,29349
212.43445,123.82,29356
211.7851,123.82001,29365
211.39688,123.82001,29374
210.87697,123.82,29380
210.22739,123.82,29387
209.70757,123.82,29394
209.0581,123.82001,29403
208.66928,123.82001,29414
208.35338,123.80343,29422
208.25816,123.71493,29433
207.97253,123.44941,29443
207.49649,123.006874,29453
207.14372,122.62487,29461
206.70274,122.14737,29469
206.34998,121.76537,29477
205.99721,121.38337,29486
205.64442,121.00137,29493
205.46417,120.8181,29502
205.17868,120.63287,29512
204.75229,120.14231,29523
204.58173,119.94608,29535
204.39784,119.810104,29544
204.1879,119.67086,29554
204.1879,119.67086,29562
204.1879,119.67086,29569
204.1879,119.67086,29575
204.1879,119.67086,29669
204.1879,119.67086,29675
204.1879,120.32083,29681
203.9424,120.53641,29688
203.76926,120.68747,29696
203.36543,121.00561,29703
202.30493,121.75737,29763
202.30493,121.75737,29768
202.45375,121.97054,29775
201.99564,122.21652,29782
201.30847,122.585495,29788
200.96489,122.76998,29794
200.84027,123.274796,29801
200.81642,123.61072,29810
200.81642,123.61072,29884
200.81642,123.61072,29892
200.81642,123.61072,29901
201.3364,123.61072,29909
201.65834,124.09396,29917
201.90175,124.69663,29924
202.09717,125.17849,29931
202.18411,125.60634,29939
202.42557,125.82526,29948
202.94426,125.82001,29957
203.33012,125.82001,29966
203.33012,125.82001,29977
203.33012,125.82001,29986
203.33012,126.209984,29996
203.7051,126.447136,30005
203.95506,126.51858,30013
204.18785,126.63436,30021
204.18785,126.63436,30031
204.374,126.808075,30040
205.01546,126.82001,30048
205.40382,126.82001,30057
205.40382,126.82001,30068
205.40382,126.82001,30078
205.9238,126.82001,30085
206.44264,126.79023,30092
207.0907,126.740616,30100
207.4222,126.34,30108
207.75368,125.939384,30116
208.00229,125.63893,30124
208.17638,125.44583,30132
208.38791,125.16017,30140
208.87357,124.72821,30148
209.02992,124.36057,30156
209.02992,124.31268,30162
209.02992,124.29902,30169
209.03098,124.27251,30176
209.05574,124.1696,30185
209.38698,123.96971,30193
210.91943,123.97998,30277
210.91943,123.97998,30285
211.02528,123.904526,30294
211.45303,124.17995,30302
211.79681,124.350105,30310
211.82,124.85604,30317
211.82,124.98584,30325
211.82,124.98584,30336
212.3387,125.02355,30344
212.85732,125.061264,30351
213.63521,125.117836,30358
214.15382,125.15555,30364
214.80157,125.17999,30371
215.32152,125.18,30378
215.84145,125.17999,30385
216.49133,125.18,30393
217.14117,125.17999,30400
217.7909,125.17999,30407
218.43997,125.18,30414
218.95932,125.17999,30421
219.60901,125.18,30429
220.1283,125.18,30436
220.69136,125.225204,30444
221.21071,125.6156,30452
221.63042,125.922554,30460
222.1549,126.30643,30468
222.4696,126.53675,30477
222.4696,126.53675,30488
222.4696,126.53675,30499
222.85959,126.53675,30509
223.34007,126.36573,30517
223.80896,126.140976,30525
224.3957,125.86138,30534
224.98247,125.58177,30543
225.47734,125.42809,30552
226.10634,125.26431,30559
226.73528,125.10032,30568
227.11774,125.17648,30576
227.75519,125.303444,30583
228.1375,125.277214,30593
228.5543,124.96634,30602
228.86691,124.733185,30610
229.02992,124.37971,30618
229.02992,124.315926,30625
229.02992,124.29755,30632
229.03271,124.25555,30640
229.09029,124.10631,30648
229.54796,123.979965,30654
229.52768,123.979965,30665
229.1439,123.91068,30672
228.6322,123.820015,30679
228.41678,123.820015,30688
227.95287,123.58516,30696
227.48895,123.350296,30704
226.90907,123.05672,30712
226.27316,122.99094,30721
225.7534,122.976524,30730
225.2337,122.95992,30739
224.84392,122.947525,30746
224.19427,122.92687,30755
223.54463,122.90622,30762
223.02493,122.889694,30772
222.65341,123.00829,30779
222.03424,123.20596,30788
221.5389,123.364105,30796
221.04355,123.52224,30803
220.82146,123.657394,30810
220.47244,123.82753,30819
219.82281,123.82,30827
219.30368,123.82,30834
218.65433,123.82,30841
218.1344,123.82001,30849
217.4845,123.82,30856
216.83466,123.82,30864
216.18492,123.82001,30873
215.66544,123.82001,30883
215.27692,123.82001,30890
214.75697,123.82,30898
214.23705,123.82001,30905
213.71715,123.82001,30913
213.06729,123.82,30921
212.54747,123.82001,30929
212.02783,123.82001,30936
211.50908,123.82001,30946
210.98915,123.82,30954
210.46965,123.82,30964
209.9498,123.82,30973
209.43005,123.82,30981
208.9107,123.82,30991
208.65172,123.8201,30998
208.33484,123.79345,31006
207.86055,123.34903,31014
207.57597,123.082375,31022
207.18648,123.06294,31029
206.53732,123.03055,31036
205.88817,122.99816,31042
205.239,122.96577,31049
204.58984,122.93338,31056
203.94069,122.900986,31063
203.36304,122.63026,31071
202.80325,122.29994,31079
202.38327,121.99337,31086
201.8583,121.610146,31093
201.50323,121.77142,31100
201.26653,121.878944,31193
201.26653,121.878944,31201
201.26653,121.878944,31301
201.45361,121.69842,31310
201.92877,121.48723,31317
202.5227,121.22324,31324
203.11665,120.95926,31332
203.56476,120.82005,31340
203.56476,120.82005,31439
203.56476,120.82005,31450
203.56476,120.82005,31458
204.08473,120.82005,31466
204.08603,120.31625,31473
204.03775,119.83973,31480
204.02003,119.26472,31487
204.02003,119.179726,31496
204.02003,119.179726,31506
204.0684,118.792755,31512
204.14902,118.147804,31521
204.18,117.63285,31529
204.18,117.422935,31536
204.36938,117.194115,31543
204.87622,117.17999,31552
205.00465,117.17999,31563
205.00465,117.17999,31573
204.6186,117.17999,31581
204.41183,117.17999,31590
204.25284,117.2831,31599
204.18,117.87575,31607
204.18,118.52374,31614
204.18,118.78133,31623
204.18,119.169624,31632
204.18704,119.617905,31640
204.44809,119.891785,31649
204.83994,120.23358,31657
205.03586,120.40449,31668
205.22096,120.68622,31676
205.49321,120.96543,31684
205.85622,121.33773,31692
206.30997,121.80309,31700
206.67297,122.175385,31709
207.21748,122.733826,31718
207.23141,123.12356,31727
207.27786,124.42266,31820
207.27786,124.42266,31829
207.40735,124.43411,31838
207.31516,124.52576,31847
207.05821,124.48607,31855
206.92145,124.98773,31863
206.82002,125.36398,31871
206.82002,125.574554,31879
206.7169,125.74787,31887
206.25534,125.82001,31895
205.99861,125.82001,31905
205.99861,125.82001,31916
205.8703,126.3239,31925
205.82004,126.44107,31936
205.82004,126.55302,31947
205.75446,126.705536,31955
205.20511,126.82001,31965
204.68657,126.82001,31971
204.68657,126.82001,31979
204.68657,126.82001,31988
204.2966,126.82001,31996
204.1666,126.82001,32005
204.16373,126.43623,32013
204.18,126.04921,32021
204.18,126.04921,32032
204.18,126.04921,32041
204.18,126.56918,32052
204.18,126.69918,32061
204.18,126.69918,32071
204.4668,126.830734,32078
205.11594,126.82001,32086
205.37479,126.82001,32096
205.76428,126.81033,32103
206.41322,126.7736,32111
206.93236,126.7442,32120
207.31491,126.43988,32127
207.73619,125.94492,32136
208.07321,125.54896,32146
208.20737,125.3484,32154
208.47699,125.07502,32163
208.9642,124.644806,32170
209.02994,124.362114,32178
209.02994,124.31668,32185
209.02994,124.30215,32193
209.03029,124.2834,32201
209.03557,124.23792,32208
209.14078,124.04817,32215
209.71317,123.97998,32222
211.00917,124.00696,32329
211.00917,124.00696,32339
211.00917,124.00696,32349
211.39915,124.00696,32357
211.66663,124.22676,32366
211.83171,124.46851,32375
211.82,124.987946,32382
211.82,124.987946,32392
211.82,124.987946,32400
212.20999,124.987946,32407
212.98766,125.03676,32415
213.11708,125.048965,32424
212.7631,124.8853,32432
212.29114,124.667076,32440
212.05515,124.55797,32448
211.84064,124.41108,32457
211.68684,124.227325,32465
211.13652,124.15471,32473
210.84363,123.9799,32482
210.83939,123.9799,32490
210.20844,123.97998,32496
209.63832,123.97998,32503
209.16963,123.9145,32512
208.65704,123.82719,32520
208.34064,123.79682,32528
208.24568,123.708046,32537
207.86584,123.35293,32544
207.58098,123.08659,32552
207.31567,122.800766,32559
206.8735,122.32439,32567
206.43132,121.84801,32574
206.07758,121.4669,32582
205.6354,120.990524,32588
205.45392,120.81715,32597
205.08426,120.522865,32606
204.7428,120.13072,32616
204.38504,119.807846,32624
204.17735,119.65912,32631
204.17735,119.65912,32640
204.17735,119.65912,32650
204.17735,119.65912,32659
204.17735,119.65912,32767
204.17735,119.65912,32775
204.17735,120.049095,32783
203.90277,120.45601,32792
203.74644,120.72208,32802
203.74644,120.72208,32905
203.74644,120.72208,32916
203.74644,120.72208,32926
204.13643,120.72208,32935
204.15399,120.348656,32943
204.0201,119.845215,32953
204.0201,119.843704,32962
204.0201,119.84176,32970
204.0201,119.45171,32977
204.06496,118.93433,32985
204.12468,118.4178,32993
204.18,117.77227,33001
204.18,117.43187,33009
204.35005,117.20375,33018
204.85117,117.17999,33027
204.97978,117.17999,33039
204.97978,117.17999,33050
204.72179,117.17999,33060
204.40091,117.18097,33068
204.23721,117.30074,33076
204.18,117.77985,33082
204.17998,118.42851,33089
204.18,118.81447,33097
204.18,119.330956,33106
204.19966,119.64666,33114
204.57278,120.00141,33123
204.96487,120.34293,33131
205.19165,120.61334,33142
205.43155,120.906555,33151
205.88632,121.370926,33161
206.2496,121.74294,33172
206.6129,122.11495,33181
206.97618,122.48697,33190
207.15784,122.67297,33201
207.18378,123.1923,33209
207.24214,124.36079,33313
207.24214,124.36079,33323
207.49623,124.41584,33332
207.39401,124.49615,33342
207.00555,124.46175,33351
206.89403,124.96962,33361
206.82002,125.350525,33369
206.82002,125.56381,33378
206.73175,125.732994,33387
206.28511,125.82001,33395
206.02791,125.82001,33402
206.02791,125.82001,33412
205.88206,126.31911,33421
205.82005,126.55127,33431
205.82005,126.55127,33440
205.75668,126.70249,33447
205.21149,126.82001,33454
204.69292,126.82,33463
204.69292,126.8201,33473
204.69292,126.8201,33480
204.17294,126.8201,33487
204.04295,126.8201,33497
204.11421,126.43668,33504
204.17998,126.05327,33512
204.17998,126.05327,33523
204.17998,126.05327,33532
204.17998,126.57324,33541
204.17998,126.57324,33550
204.21544,126.67493,33560
204.59149,126.825356,33570
204.98105,126.82001,33578
205.36966,126.82001,33587
205.75906,126.81251,33594
206.27818,126.78251,33602
206.92706,126.74501,33610
207.31021,126.441055,33617
207.73251,125.94697,33624
208.07034,125.55169,33631
208.20665,125.35168,33641
208.4733,125.07715,33648
208.9608,124.64727,33655
209.02994,124.363304,33664
209.02994,124.31736,33672
209.02994,124.30509,33681
209.02995,124.29432,33689
209.03152,124.26668,33698
209.04977,124.1846,33707
209.22563,123.992714,33715
209.72345,123.97998,33724
211.03975,124.02525,33826
211.03975,124.02525,33834
211.03975,124.02525,33844
211.55972,124.02525,33851
211.69374,124.244896,33861
211.82315,124.65509,33870
211.82,124.914825,33879
211.82,124.914825,33887
211.82,124.914825,33897
212.34007,124.914825,33906
212.98593,124.98782,33914
213.1151,125.002426,33923
212.63701,124.79796,33932
212.15892,124.5935,33940
211.82375,124.39718,33948
211.56071,124.17238,33956
211.13274,124.145355,33963
210.7408,123.97997,33970
210.23647,123.97998,33976
209.6598,123.97998,33986
209.18678,123.91542,33995
208.674,123.829346,34002
208.26358,123.717575,34010
208.16824,123.6292,34020
207.7869,123.27572,34028
207.5009,123.010605,34036
207.14804,122.628685,34044
206.70695,122.15129,34053
206.3541,121.76937,34062
205.91302,121.29198,34069
205.64838,121.00554,34078
205.46935,120.818596,34084
205.09833,120.54058,34093
204.75726,120.1481,34101
204.58672,119.95186,34111
204.4035,119.81074,34118
204.19276,119.67598,34126
204.19276,119.67598,34136
204.19276,119.67598,34143
204.19276,119.67598,34152
204.19276,119.67598,34254
204.19276,119.67598,34262
204.19276,120.19595,34270
203.97311,120.46504,34278
203.75528,120.716835,34286
203.75528,120.716835,34392
203.75528,120.716835,34403
203.75528,120.716835,34414
204.14526,120.716835,34422
204.12253,120.2198,34429
204.0201,119.84238,34437
204.0201,119.83982,34444
204.02002,119.47499,34452
204.02002,119.177666,34459
204.06845,118.79071,34466
204.14915,118.14577,34472
204.18,117.63086,34480
204.18,117.421364,34489
204.3728,117.19259,34496
205.00893,117.17999,34504
205.00893,117.17999,34513
205.00893,117.17999,34522
205.00893,117.17999,34531
204.6228,117.17999,34539
204.41508,117.17999,34546
204.19919,117.35879,34553
204.18,117.86546,34562
204.18,118.51357,34569
204.18,118.77127,34582
204.18,119.15962,34590
204.18385,119.60866,34597
204.53813,119.969055,34605
205.02751,120.3968,34615
205.21538,120.677895,34623
205.48747,120.957275,34632
205.94095,121.422905,34639
206.39442,121.88854,34646
206.8479,122.35417,34653
207.2107,122.726685,34660
207.23012,123.24629,34667
207.2544,123.895805,34674
207.27383,124.41542,34681
207.29811,125.06493,34687
207.31755,125.58454,34695
207.34183,126.234055,34703
207.35155,126.49386,34711
207.35155,126.49386,34719
206.96678,126.55744,34726
206.32552,126.66341,34734
205.8125,126.748184,34743
205.47314,126.82382,34751
204.9538,126.82001,34760
204.69481,126.82001,34768
204.57025,126.82001,34777
204.46207,126.82001,34786
204.24617,126.71033,34793
204.18,126.24343,34800
204.18,125.98625,34810
204.18,125.98625,34821
204.18,126.37282,34827
204.18,126.48823,34836
204.18,126.588615,34844
204.29552,126.75887,34851
204.9023,126.82,34858
205.42032,126.82001,34866
205.93953,126.798485,34874
206.58852,126.76263,34882
207.1077,126.73394,34889
207.35477,126.432205,34896
207.76656,125.92933,34906
208.01363,125.6276,34915
208.1868,125.43411,34926
208.49927,125.06825,34935
208.88628,124.72098,34943
209.02994,124.356865,34951
209.02994,124.31068,34959
209.02994,124.29748,34968
209.03157,124.26576,34976
209.05168,124.179756,34984
209.35204,123.96639,34993
209.86375,123.97998,35000
211.0479,124.03247,35104
211.0479,124.03247,35114
211.0479,124.03247,35124
211.56787,124.03247,35133
211.72948,124.15856,35141
211.82455,124.61687,35148
211.82,125.00641,35155
211.82,125.00641,35166
211.82,125.00641,35179
212.20999,125.00641,35187
212.85828,125.04825,35196
213.37663,125.089264,35202
214.0246,125.14019,35210
214.67255,125.17999,35218
215.19173,125.17999,35225
215.84164,125.18,35233
216.36156,125.18,35240
216.88144,125.18,35249
217.53123,125.18,35256
217.57138,124.923035,35266
217.22678,124.74045,35274
216.76732,124.49701,35283
216.53758,124.37529,35291
216.53758,124.37529,35300
216.17519,124.23124,35309
215.57118,123.99115,35316
215.32959,123.89511,35323
214.80981,123.88062,35332
214.1601,123.86251,35339
213.64032,123.84802,35346
212.99062,123.82991,35354
212.211,123.82,35364
211.82144,123.82,35372
211.43294,123.820015,35381
210.92238,123.91851,35389
210.79474,123.94314,35399
210.91533,123.89459,35407
210.91533,123.89459,35415
210.91533,123.89459,35531
210.91533,123.89459,35542
211.30531,123.89459,35550
211.65167,124.21817,35558
211.82318,124.56749,35566
211.82,124.95712,35575
211.82,124.95712,35582
211.82,124.95712,35592
211.82,124.95712,35603
211.82,124.6974,35612
211.82005,124.46903,35621
211.7516,124.28926,35629
211.47005,124.16834,35639
211.13744,124.156944,35648
210.90073,123.970474,35657
210.26814,123.97997,35668
209.79056,123.97997,35675
209.32954,123.97997,35682
208.9958,124.243805,35688
208.51031,125.01343,35783
208.51031,125.01343,35791
208.51031,125.01343,35800
207.99034,125.01343,35808
207.75063,125.38765,35816
207.56776,126.01137,35826
207.42148,126.51034,35834
207.03578,126.56807,35840
206.39299,126.66428,35847
205.87874,126.741264,35855
205.41455,126.827095,35862
204.76581,126.82001,35869
204.63667,126.82001,35881
204.63667,126.82001,35890
204.63667,126.82001,35900
204.2467,126.82001,35906
204.10756,126.31427,35912
204.16797,126.0614,35920
204.16797,126.0614,35926
204.16797,126.0614,35933
203.77798,126.0614,35941
203.1435,125.935524,35950
202.63898,125.82002,35958
202.43214,125.82002,35968
202.27985,125.7423,35977
202.18,125.18288,35986
202.18,124.66963,35995
202.18,124.66963,36106
202.18,124.66963,36115
202.18,124.66963,36125
202.18,124.27965,36135
202.69534,124.17999,36142
202.95128,124.17999,36153
202.95128,124.17999,36165
202.95128,124.17999,36176
202.95128,123.79001,36183
203.25761,123.23986,36194
203.29898,122.85208,36202
203.35413,122.33504,36211
203.42307,121.688736,36220
203.492,121.042435,36230
203.6267,120.82006,36237
203.8312,120.54017,36245
203.90971,120.09773,36253
204.02003,119.74524,36260
204.02003,119.197296,36267
204.02,118.678696,36274
204.008,118.16067,36281
203.9529,117.51305,36287
203.90971,116.994865,36294
203.85568,116.347145,36302
203.82002,115.69957,36311
203.82,115.44218,36320
203.82,115.44218,36328
203.82,115.44218,36335
203.82,114.9222,36341
203.81999,114.402306,36347
203.82,113.6226,36354
203.82,112.97295,36361
203.82,112.32368,36369
203.82,111.676636,36378
203.81999,111.15902,36387
203.82,110.50928,36394
203.82,109.85969,36402
203.82,109.21063,36411
203.82002,108.6938,36420
203.77324,108.31329,36427
203.4683,108.15353,36434
202.83504,108.00718,36439
202.20229,107.858574,36445
201.56952,107.71004,36452
201.06331,107.5912,36459
201.06331,107.5912,36467
201.06331,107.5912,36475
201.06331,107.20122,36482
200.98706,106.55878,36488
200.83455,105.79388,36495
200.7992,105.35115,36504
200.4665,105.17181,36512
199.94983,105.17999,36603
199.94983,105.17999,36609
199.94983,105.17999,36616
200.33981,105.17999,36622
200.59981,105.17999,36629
200.91411,105.54302,36637
201.31528,106.21191,36645
201.58273,106.65783,36652
201.9354,107.03993,36660
202.37622,107.517555,36667
202.7997,107.81222,36675
203.35854,108.14411,36683
203.5664,108.17995,36692
203.75403,108.29145,36701
203.82,108.887665,36708
203.81999,109.40736,36714
203.82,110.05689,36721
203.82,110.83513,36730
203.82002,111.092804,36740
203.82,111.482735,36747
203.82,112.13259,36755
203.82,112.78237,36763
203.81999,113.30215,36772
203.82,113.95165,36781
203.82,114.47073,36788
203.82,114.98662,36795
203.90852,115.499016,36802
203.99693,116.01142,36809
204.10745,116.651924,36815
204.19588,117.16432,36821
204.16815,117.67141,36828
204.18,118.19059,36836
204.18,118.83524,36842
204.18,119.3514,36848
204.18,119.56453,36854
204.40157,119.84504,36859
204.98726,120.36012,36864
205.1935,120.63364,36873
205.4524,120.92128,36880
205.90611,121.38669,36886
206.35951,121.8524,36891
206.90361,122.41124,36896
207.17566,122.69066,36901
207.68697,122.785164,36908
207.94263,122.83243,36982
207.94263,122.83243,36989
207.94263,122.83243,37087
207.94263,122.83243,37096
207.94263,123.3524,37104
207.94263,124.13236,37187
207.94263,124.13236,37196
207.86526,124.236824,37205
207.42499,124.51347,37212
207.03737,124.47064,37219
206.91124,124.97509,37227
206.82002,125.353424,37234
206.82002,125.56615,37241
206.6501,125.79617,37247
206.02148,125.82001,37253
206.02148,125.82001,37261
206.02148,125.82001,37270
206.02148,126.209984,37277
205.8477,126.53336,37284
205.79665,126.63749,37290
205.48514,126.83036,37296
204.8362,126.82001,37302
204.7068,126.82001,37310
204.7068,126.82001,37318
204.5819,126.82001,37327
204.371,126.80971,37335
204.16719,126.51181,37343
204.18,125.995735,37350
204.18,125.995735,37360
204.18,125.995735,37369
203.78992,125.995735,37375
203.1494,125.89708,37381
202.63887,125.82002,37388
202.43205,125.82002,37395
202.21875,125.67426,37401
202.18,125.18258,37407
202.18,124.66935,37414
202.18,124.66935,37422
202.18,124.66935,37429
202.18,124.149376,37435
202.68658,124.13658,37442
202.93988,124.17998,37450
202.93988,124.17998,37459
202.93988,124.17998,37470
202.93988,123.66,37479
203.19954,123.23905,37486
203.34508,122.49478,37494
203.4101,121.84808,37501
203.47662,121.20153,37508
203.61899,120.846535,37517
203.82477,120.57689,37525
203.8957,120.10833,37534
204.02003,119.65816,37543
204.02003,119.221535,37552
204.02,118.70292,37563
204.00807,118.18487,37572
203.96408,117.66676,37581
203.92123,117.14855,37590
203.86763,116.5008,37598
203.82475,115.9826,37607
203.82,115.46594,37615
203.82,115.46594,37623
203.82,115.46594,37631
203.82,114.94597,37639
203.82,114.296104,37646
203.81999,113.64633,37653
203.81999,112.99668,37661
203.82,112.347374,37669
203.82002,111.82905,37675
203.82,111.180244,37683
203.82,110.53051,37690
203.82,109.88091,37697
203.82,109.23182,37705
203.82,108.714745,37712
203.82007,108.418495,37718
203.24376,108.11631,37725
202.61093,107.96857,37731
201.97926,107.8154,37737
201.22124,107.631744,37744
200.96855,107.570526,37753
200.96855,107.570526,37761
200.91837,107.05298,37768
200.84308,106.276665,37773
200.82,105.6316,37779
200.82,105.42195,37786
200.51321,105.16727,37793
199.8684,105.17999,37874
199.8684,105.17999,37881
199.8684,105.17999,37889
199.3484,105.17999,37895
198.5686,105.18,37902
197.91887,105.18,37908
197.26929,105.17999,37914
196.49065,105.17999,37921
196.10356,105.17999,37927
195.60182,105.04347,37933
194.84923,104.83869,37940
194.35938,104.66428,37947
193.62459,104.40268,37954
193.50214,104.359085,38029
193.50214,104.359085,38035
193.50214,104.359085,38042
192.98216,104.359085,38049
192.98,104.33545,38056
193.48215,104.470375,38062
194.10986,104.63904,38069
194.72565,104.84607,38076
195.46101,105.10602,38083
196.10352,105.15493,38090
196.75331,105.16916,38098
197.40309,105.17999,38107
198.05275,105.17999,38114
198.70204,105.18,38121
199.34923,105.17999,38128
199.99588,105.17999,38134
200.38193,105.17999,38141
200.58856,105.17999,38150
200.90533,105.52953,38158
201.23985,106.08681,38166
201.50748,106.532616,38174
201.92624,107.02692,38181
202.45403,107.60118,38188
202.90004,107.86848,38196
203.34605,108.135765,38204
203.65434,108.2038,38213
203.82906,108.52762,38222
203.8207,108.65734,38231
203.82,109.177155,38240
203.81999,109.826775,38248
203.82,110.47596,38254
203.82,110.99369,38260
203.81999,111.5119,38267
203.82,112.161736,38274
203.82,112.811516,38281
203.82,113.33127,38291
203.82,113.85089,38299
203.81999,114.37013,38308
203.82,115.01508,38317
203.90945,115.527306,38328
203.99892,116.03953,38338
204.08836,116.55175,38346
204.20018,117.19203,38356
204.18,117.700195,38365
204.18,118.08968,38373
204.18,118.73656,38383
204.18,119.253944,38393
204.17998,119.25375,38403
204.17998,119.25375,38411
204.17998,119.25375,38519
204.17998,119.25375,38529
204.17998,119.77373,38537
204.17998,119.903725,38544
204.6954,119.83513,38551
204.95303,119.82001,38558
204.95303,119.82001,38568
204.95303,119.82001,38578
204.95303,120.33999,38590
205.23903,120.699036,38600
205.64642,120.82559,38608
206.16618,120.82,38616
206.81546,120.82001,38625
207.07451,120.82001,38636
207.07451,120.82001,38646
207.07451,120.82001,38654
207.07451,121.209984,38661
207.45305,121.43371,38668
207.65991,121.764305,38675
207.94948,122.34535,38683
208.11494,122.698494,38691
208.16379,123.21616,38698
208.17996,123.57316,38705
208.17996,123.57316,38803
208.17996,123.57316,38811
208.17996,123.57316,38820
208.17996,123.96314,38829
207.87013,124.329956,38835
207.52032,124.50237,38843
207.02034,124.488464,38851
206.8997,124.994255,38860
206.82002,125.3736,38867
206.82002,125.5821,38876
206.70607,125.75759,38883
206.10626,125.820015,38891
206.10626,125.820015,38899
206.10626,125.820015,38906
206.10626,126.33999,38915
205.882,126.60151,38923
205.77457,126.6747,38930
205.53062,126.83188,38936
204.88158,126.82,38943
204.62302,126.8201,38953
204.62302,126.8201,38962
204.62302,126.8201,38972
204.23303,126.8201,38981
204.16966,126.30441,38989
204.17998,126.04683,39001
204.17998,126.04683,39012
204.17998,126.04683,39024
204.17998,126.5668,39036
204.17998,126.5668,39049
204.2114,126.668915,39059
204.57834,126.82403,39068
205.22728,126.82001,39078
205.746,126.81245,39085
206.39491,126.7752,39093
206.91403,126.74551,39100
207.38377,126.344635,39108
207.80873,125.85282,39116
208.06369,125.55774,39127
208.20506,125.359055,39135
208.56287,124.996544,39144
208.95325,124.65307,39152
209.02994,124.33027,39159
209.02994,124.29591,39166
209.03105,124.2714,39174
209.04686,124.19312,39180
209.30739,123.969055,39188
209.81937,123.97998,39195
211.01636,124.00826,39282
211.01636,124.00826,39290
211.01636,124.00826,39301
211.53633,124.00826,39308
211.74323,124.256615,39315
211.82208,124.723564,39323
211.82,124.98323,39330
211.82,124.98323,39339
212.33858,125.02136,39346
212.9868,125.06902,39354
213.63501,125.11669,39364
214.1536,125.154816,39372
214.6721,125.17999,39380
215.19205,125.17999,39389
215.71196,125.17999,39399
216.36186,125.18,39407
216.88176,125.17999,39416
217.53154,125.17999,39427
217.9213,125.18,39436
218.56993,125.17999,39443
219.08977,125.18,39452
219.6095,125.18,39459
220.25835,125.17999,39467
220.81084,125.32819,39475
221.22826,125.63807,39483
221.6492,125.943306,39491
222.17534,126.324936,39500
222.49103,126.55392,39508
222.49103,126.55392,39517
222.49103,126.55392,39525
222.881,126.55392,39534
222.89809,126.61835,39541
222.45494,126.34633,39549
222.0118,126.07432,39557
221.45786,125.7343,39564
220.90393,125.39428,39572
220.55171,125.17053,39578
219.90207,125.18,39585
219.25317,125.18,39595
218.62436,125.03575,39605
218.12479,124.89151,39612
217.875,124.8194,39619
217.38573,124.64338,39627
216.89644,124.46738,39636
216.52948,124.335365,39646
216.04228,124.15371,39654
215.55507,123.972046,39662
215.31146,123.88122,39671
214.79164,123.868416,39680
214.14188,123.852425,39687
213.49211,123.836426,39695
212.84233,123.820435,39704
212.32256,123.82,39714
211.67339,123.82001,39723
211.15392,123.82,39732
210.63402,123.82,39741
210.11415,123.82,39750
209.59436,123.82,39759
209.07481,123.82,39769
208.68591,123.82001,39777
208.27039,123.73192,39785
208.17546,123.6431,39793
207.79579,123.28781,39801
207.51105,123.02135,39808
207.51105,123.02135,39919
207.51105,123.02135,39928
206.99107,123.02135,39935
206.58934,122.57803,39942
206.24077,122.02946,39949
205.89005,121.48224,39956
205.60948,121.04446,39965
205.44878,120.84009,39975
205.076,120.52084,39983
204.65157,120.02859,39992
204.38113,119.808075,39999
204.17487,119.654884,40009
204.17487,119.654884,40020
204.17487,119.654884,40027
204.17487,119.654884,40034
204.17487,119.654884,40120
204.17487,119.654884,40126
204.17487,120.17486,40133
203.96301,120.45557,40140
203.75818,120.712456,40147
203.75818,120.712456,40233
203.75818,120.712456,40240
203.75818,120.712456,40247
204.14815,120.712456,40254
204.12427,120.215775,40260
204.0201,119.83904,40266
204.02003,119.47505,40273
204.02003,119.17772,40281
204.06845,118.79076,40287
204.14915,118.14582,40294
204.17998,117.630905,40300
204.17998,117.42141,40307
204.28642,117.24913,40313
205.00882,117.17999,40320
205.00882,117.17999,40327
205.00882,117.17999,40335
205.00882,117.17999,40342
204.6227,117.17999,40349
204.41501,117.17999,40358
204.19908,117.35901,40367
204.18,118.12534,40375
204.18,118.643,40382
204.18,119.288574,40390
204.18393,119.60891,40397
204.53835,119.96927,40404
205.02774,120.397,40412
205.21552,120.67812,40420
205.5783,121.05062,40427
205.94109,121.42312,40434
206.39458,121.88874,40441
206.84807,122.35436,40448
207.21086,122.72687,40456
207.22542,123.11658,40465
207.27393,124.4156,40562
207.27393,124.4156,40573
207.40323,124.42908,40583
207.72803,124.21324,40592
208.1611,123.92545,40599
208.5376,124.02712,40605
209.07635,124.13252,40614
209.30527,123.969315,40621
209.94476,123.97998,40629
211.01476,124.00727,40729
211.01476,124.00727,40739
211.01476,124.00727,40748
211.53473,124.00727,40755
211.7423,124.25541,40765
211.82771,124.59168,40774
211.8201,124.98122,40782
211.8201,124.98122,40792
211.8201,124.98122,40802
211.8201,124.98122,40812
211.82,124.72147,40819
211.82,124.48997,40829
211.77264,124.319145,40838
211.40134,124.17997,40848
211.12935,124.1377,40857
210.84598,123.96634,40866
210.33957,123.97998,40873
209.74413,123.97998,40881
209.2581,123.919,40888
208.61613,123.820015,40894
208.18987,124.11779,40901
207.87016,124.341125,40908
207.40088,124.56505,40915
207.01811,124.490364,40921
206.89825,124.99633,40928
206.82002,125.37581,40934
206.82002,125.583824,40942
206.61226,125.81354,40950
206.10175,125.82001,40957
206.10175,125.82001,40964
206.10175,125.82001,40972
206.10175,126.20999,40979
205.9086,126.514015,40987
205.813,126.60211,40995
205.57602,126.824936,41004
205.05655,126.82,41011
204.66794,126.820015,41019
204.66794,126.820015,41029
204.66794,126.820015,41040
204.27795,126.820015,41048
204.14796,126.820015,41056
204.18,126.431496,41062
204.18,126.044174,41070
204.18,126.044174,41079
204.18,126.044174,41087
203.79001,126.044174,41094
203.1536,125.926216,41103
202.64717,125.82002,41111
202.14204,125.75529,41119
201.63844,125.625824,41126
201.00894,125.46399,41133
200.78296,125.33545,41143
200.55022,125.170235,41151
200.42044,125.17766,41160
200.5025,124.79641,41166
200.63925,124.16099,41173
200.69395,123.90682,41180
200.8135,123.61479,41188
200.82,123.10564,41196
201.21397,122.76629,41203
201.60796,122.42693,41210
202.10042,122.00275,41217
202.59288,121.57856,41225
203.08534,121.15437,41233
203.28233,120.984695,41242
203.58606,120.82006,41250
203.74513,120.71906,41257
203.80307,120.63667,41265
204.00175,120.15616,41272
204.15077,119.79577,41279
204.09174,119.679955,41286
204.09174,119.679955,41293
204.09174,119.679955,41301
204.09174,119.679955,41405
204.09174,119.679955,41414
204.09174,120.19993,41424
203.99092,120.411995,41432
203.78735,120.6708,41440
203.48975,120.91299,41448
202.32422,121.7414,41548
202.32422,121.7414,41556
202.4626,121.9615,41564
202.00497,122.208374,41572
201.54735,122.455246,41580
201.08972,122.702126,41587
200.84564,123.26739,41595
200.81885,123.60285,41605
200.81885,123.60285,41717
200.81885,123.60285,41730
200.81885,123.60285,41741
201.20883,123.60285,41750
201.50122,123.957405,41759
201.72078,124.42875,41767
201.99646,125.01736,41776
202.16188,125.370514,41784
202.21237,125.66695,41792
202.57147,125.82025,41800
203.08961,125.82001,41808
203.21835,125.82001,41817
203.21835,125.82001,41825
203.38359,126.31303,41833
203.79352,126.56361,41840
204.16212,126.690926,41847
204.56938,126.82224,41853
205.21834,126.82001,41860
205.3477,126.82001,41870
205.3477,126.82001,41878
205.47218,126.82001,41888
205.58011,126.82001,41896
205.81772,126.60141,41903
205.81999,126.083626,41911
205.82,125.95388,41920
205.82,125.95388,41933
206.32384,125.82534,41942
206.6401,125.80358,41951
206.81233,125.615425,41959
206.82,124.97333,41967
206.82,124.71557,41976
206.9493,124.702034,41984
207.44418,124.54248,41991
207.74652,124.29615,41998
208.14963,123.967705,42007
208.65594,124.08607,42015
209.06027,124.16279,42023
209.3483,123.96635,42031
209.98715,123.97998,42038
211.04547,124.030235,42131
211.04547,124.030235,42140
211.04547,124.030235,42150
211.43546,124.030235,42157
211.69943,124.249054,42164
211.82529,124.53682,42172
211.8201,124.926476,42178
211.8201,124.926476,42186
211.8201,124.926476,42196
212.34007,124.926476,42204
212.98656,124.98655,42212
213.63234,125.06021,42221
214.14899,125.11886,42229
214.79482,125.17999,42236
215.31476,125.18,42246
215.83469,125.18,42256
216.48457,125.18,42265
217.00446,125.18,42273
217.52428,125.17999,42282
218.04393,125.17999,42292
218.56271,125.17999,42301
219.08157,125.18,42309
219.6013,125.17999,42316
220.25018,125.179985,42326
220.6884,125.22234,42336
221.20903,125.611244,42344
221.7331,125.99571,42352
222.1523,126.30336,42362
222.46669,126.5341,42371
222.46669,126.5341,42380
222.46669,126.5341,42391
222.98666,126.5341,42399
223.5791,126.29636,42406
224.04314,126.06176,42413
224.50772,125.82822,42421
224.97229,125.59467,42431
225.46564,125.4373,42439
226.09407,125.271355,42449
226.72243,125.105156,42460
227.22768,125.161385,42470
227.73378,125.28068,42478
227.98683,125.34032,42489
228.23734,125.27074,42498
228.64093,124.94289,42507
229.03018,124.6162,42515
229.02992,124.362404,42525
229.02992,124.30761,42534
229.02992,124.30309,42542
228.7339,124.04922,42551
228.44214,123.816795,42560
227.97316,123.61012,42567
227.51125,123.37136,42574
226.81827,123.013405,42582
226.4285,123.00072,42590
225.9088,122.9838,42597
225.3891,122.96688,42604
224.73947,122.94573,42613
224.21977,122.92882,42622
223.57016,122.90767,42632
223.05046,122.890755,42640
222.42831,123.05416,42648
221.8122,123.26114,42657
221.3191,123.42621,42664
221.07257,123.50874,42671
220.84958,123.642395,42679
220.6437,123.79953,42686
220.13687,123.82,42694
219.61728,123.82001,42701
219.09909,123.82001,42708
218.70912,123.82,42716
218.05922,123.82,42724
217.40933,123.82,42731
216.88945,123.82,42739
216.23972,123.82,42746
215.59041,123.82001,42754
215.33134,123.82001,42763
214.94138,123.82,42771
214.42145,123.82,42778
213.77155,123.82,42786
213.1217,123.82001,42794
212.60187,123.82001,42803
211.95233,123.82,42812
211.434,123.82001,42820
211.04407,123.82,42829
210.52417,123.82,42836
210.00497,123.82,42843
209.4852,123.82,42851
208.96577,123.82001,42858
208.57755,123.82001,42864
208.26865,123.72919,42871
208.17366,123.64043,42877
207.88875,123.374146,42884
207.50885,123.019104,42892
207.2442,122.73267,42900
206.8031,122.25529,42908
206.2738,121.68243,42916
205.83272,121.20504,42923
205.56805,120.9186,42931
205.4777,120.82515,42940
205.19061,120.64762,42947
204.76451,120.15682,42955
204.59406,119.9605,42964
204.41188,119.81166,42973
204.20029,119.68325,42982
204.20029,119.68325,42990
204.20029,119.68325,42998
204.20029,119.68325,43006
204.20029,119.68325,43119
204.20029,119.68325,43127
204.20029,120.203224,43135
203.97794,120.46794,43143
203.755,120.71749,43150
203.755,120.71749,43236
203.755,120.71749,43243
203.755,120.71749,43250
204.27498,120.71749,43257
204.26501,120.35349,43264
204.03175,119.74682,43272
204.02003,119.198746,43279
204.06789,118.811714,43286
204.14766,118.16666,43293
204.18,117.651405,43300
204.18,117.43773,43307
204.33755,117.21089,43314
204.96317,117.17999,43321
204.96317,117.17999,43329
204.96317,117.17999,43337
204.96317,117.17999,43344
204.70532,117.17999,43351
204.38539,117.18586,43358
204.21669,117.32861,43364
204.18001,117.95392,43370
204.18,118.601036,43379
204.18,119.247284,43388
204.18,119.583374,43399
204.51715,119.94624,43410
204.90749,120.289764,43416
205.2018,120.65397,43426
205.47327,120.93396,43435
205.92569,121.40061,43443
206.28764,121.77393,43453
206.64958,122.147255,43462
207.01154,122.52058,43471
207.1925,122.70724,43481
207.20877,123.09688,43491
207.26299,124.39568,43595
207.26299,124.39568,43603
207.39159,124.41461,43611
207.82915,124.13368,43620
208.1573,123.92298,43628
208.53369,124.025055,43637
209.03554,124.161156,43646
209.21426,123.99805,43653
209.96336,123.97998,43661
211.02829,124.01642,43754
211.02829,124.01642,43764
211.02829,124.01642,43775
211.54826,124.01642,43783
211.82657,124.437,43790
211.82,124.95656,43798
211.82,124.95656,43807
211.82,124.95656,43815
211.82,124.95656,43824
211.82,124.69684,43833
211.82,124.468544,43840
211.68472,124.22572,43847
211.13605,124.15353,43854
210.7655,123.97998,43861
210.26045,123.97998,43868
209.67874,123.97998,43875
209.07405,123.89499,43882
208.68932,123.831245,43890
208.25047,124.110146,43898
207.92133,124.31933,43907
207.5689,124.48628,43916
207.06561,124.485054,43924
206.92581,124.985886,43931
206.82098,125.36151,43938
206.82004,125.57249,43946
206.71982,125.7451,43954
206.1321,125.82001,43962
206.00418,125.82001,43971
206.00418,125.82001,43979
205.90541,126.19727,43987
205.82005,126.439995,43997
205.82005,126.55203,44004
205.7557,126.70383,44012
205.20868,126.82001,44019
204.69014,126.82001,44027
204.69014,126.82001,44037
204.69014,126.82001,44047
204.17017,126.82001,44054
204.04016,126.82001,44063
204.11241,126.436775,44071
204.17998,126.05354,44080
204.17998,126.05354,44089
204.17998,126.05354,44097
203.66,126.05354,44104
203.02792,125.91833,44111
202.65135,125.82003,44118
202.14616,125.75545,44127
201.64249,125.62629,44134
201.01288,125.46484,44142
200.78659,125.336845,44151
200.5551,125.17101,44158
199.90706,125.17999,44166
199.25714,125.18,44175
199.38623,125.1799,44182
199.80403,124.87035,44190
200.12378,124.46032,44198
200.41338,124.02846,44208
200.57689,123.82633,44217
200.7531,123.71133,44225
200.82,123.24538,44233
201.12064,122.868706,44241
201.51283,122.52729,44250
201.80698,122.27123,44258
202.19916,121.92982,44265
202.59134,121.58841,44275
202.98354,121.246994,44283
203.37572,120.90559,44292
203.57921,120.82006,44301
203.7945,120.653015,44309
203.83119,120.54005,44316
203.98398,120.18124,44323
204.13676,119.82243,44331
204.086,119.70276,44338
204.086,119.70276,44346
204.086,119.70276,44354
204.086,119.70276,44452
204.086,119.70276,44461
204.086,120.22273,44470
203.77634,120.688545,44478
203.36353,121.001045,44486
202.41232,121.68219,44582
202.41232,121.68219,44590
202.50403,121.92547,44600
202.16193,122.1127,44610
201.70581,122.36234,44618
201.13565,122.6744,44624
200.8708,123.23443,44632
200.7847,123.6747,44643
200.7847,123.6747,44753
200.7847,123.6747,44761
200.7847,123.6747,44772
201.17468,123.6747,44780
201.53528,124.14073,44789
201.76854,124.60545,44798
202.0612,125.1858,44809
202.18407,125.60619,44817
202.4252,125.82518,44827
203.0732,125.82001,44834
203.32976,125.82001,44844
203.32976,125.82001,44856
203.6259,126.07377,44863
204.02074,126.41211,44871
204.19176,126.59109,44879
204.19176,126.59109,44889
204.39862,126.81764,44899
204.91583,126.82001,44908
205.43372,126.82001,44916
205.43372,126.82001,44927
205.43372,126.82001,44936
205.95369,126.82001,44943
206.60207,126.77938,44952
207.12045,126.73876,44959
207.44685,126.33399,44965
207.77324,125.92922,44971
208.01804,125.62564,44978
208.18744,125.430916,44987
208.59824,124.97817,44995
209.02994,124.5445,45002
209.02994,124.43211,45009
209.02994,124.38744,45016
209.02994,124.35415,45024
209.02994,124.32954,45031
209.02994,124.31135,45038
209.02994,124.29825,45045
209.03052,124.279,45053
209.04004,124.21682,45060
209.21849,123.996025,45067
209.71394,123.97998,45074
211.03317,124.01998,45181
211.03317,124.01998,45189
211.03317,124.01998,45198
211.55315,124.01998,45205
211.82785,124.44513,45216
211.81999,124.83485,45224
211.82,124.96467,45232
211.82,124.96467,45242
212.20877,124.99549,45252
212.72711,125.0366,45261
213.24547,125.0777,45271
213.76381,125.1188,45278
214.41174,125.17018,45286
214.80014,125.17999,45293
215.1901,125.18,45300
215.84001,125.18,45308
216.35992,125.18,45316
216.8798,125.18,45323
217.5296,125.17999,45331
218.04924,125.18,45339
218.56801,125.17999,45347
218.9579,125.17999,45354
219.47768,125.18,45361
220.12688,125.17999,45368
220.69011,125.22401,45377
221.2094,125.61446,45386
221.62907,125.92145,45393
222.15355,126.30536,45400
222.46823,126.535706,45408
222.46823,126.535706,45418
222.46823,126.535706,45428
222.9882,126.535706,45435
223.58043,126.297554,45443
224.16035,126.00407,45452
224.62473,125.77012,45462
225.0891,125.53616,45473
225.46616,125.436615,45483
225.9689,125.303894,45492
226.47165,125.171165,45499
226.84871,125.07162,45506
227.35478,125.19106,45514
227.98737,125.34037,45521
228.23784,125.270676,45528
228.54048,125.02473,45535
229.03017,124.61601,45543
229.02992,124.40586,45552
229.02992,124.322205,45560
229.02992,124.31631,45571
228.63943,123.97295,45579
228.44771,123.8169,45588
227.97893,123.614296,45596
227.51718,123.375206,45602
226.9399,123.076546,45609
226.30455,123.00761,45617
225.78487,122.99095,45624
225.13531,122.96738,45633
224.48578,122.94388,45642
223.96614,122.92508,45651
223.44652,122.90628,45660
222.92688,122.88748,45670
222.5571,123.01136,45679
222.06406,123.17654,45684
221.44775,123.382996,45693
221.07797,123.506874,45704
220.85468,123.64004,45714
220.5358,123.83158,45721
219.88615,123.82001,45729
219.49629,123.8201,45737
219.10783,123.82001,45746
218.71788,123.82,45754
218.19794,123.82,45763
217.54805,123.82001,45774
217.02817,123.82001,45784
216.50832,123.82,45791
215.85873,123.82,45800
215.34003,123.82001,45808
214.82008,123.82,45816
214.17017,123.82,45825
213.65027,123.82,45832
213.13037,123.82,45840
212.61055,123.82001,45848
212.09087,123.82,45856
211.57187,123.82,45865
211.05267,123.82,45874
210.40366,123.82,45883
209.8838,123.82,45892
209.36409,123.82001,45902
208.97456,123.82001,45910
208.58627,123.82001,45919
208.27562,123.739174,45929
207.80165,123.29442,45935
207.51727,123.027565,45942
206.86774,123.003586,45949
207.1209,122.92565,45956
206.60097,122.91906,45963
206.08102,122.91247,45970
205.43112,122.90423,45976
204.7812,122.89599,45983
204.26128,122.8894,45990
203.74133,122.882805,45997
203.24774,123.0463,46003
202.75414,123.20981,46010
202.38394,123.332436,46017
201.8824,123.46968,46025
201.50626,123.5726,46034
200.98663,123.591675,46042
200.75072,123.700935,46050
200.467,123.82758,46058
199.94852,123.8201,46065
199.42857,123.82,46075
198.90865,123.82,46084
198.25876,123.82,46093
197.60892,123.82001,46100
197.08911,123.82,46107
196.43974,123.82001,46115
196.0514,123.82001,46124
195.53146,123.82,46133
195.01154,123.82,46144
194.49162,123.82,46152
193.97174,123.82,46161
193.4519,123.82001,46170
192.80232,123.82001,46179
192.28369,123.82001,46186
191.77567,123.93082,46193
191.26762,124.041626,46199
190.78139,123.976326,46207
190.78139,123.976326,46216
190.78139,123.976326,46224
190.78139,123.976326,46232
190.78139,123.976326,46339
190.78139,123.976326,46348
191.30136,123.976326,46355
191.5817,124.18844,46362
191.8339,124.491615,46369
191.94951,124.99857,46376
191.94951,124.99857,46386
191.94951,124.99857,46395
191.94951,124.99857,46401
191.8242,124.629265,46408
191.82005,124.42519,46416
191.74591,124.28506,46424
191.1935,124.18,46431
190.88475,123.968185,46438
190.25291,123.97998,46444
189.67705,123.97998,46451
189.35106,123.97998,46457
189.16602,124.03379,46464
189.22742,124.002625,46472
188.87944,123.89829,46478
188.41696,123.820045,46484
188.1726,123.56232,46491
188.16539,123.1724,46499
188.16539,123.1724,46510
188.16539,123.1724,46520
187.64542,123.1724,46527
187.38037,123.67454,46535
187.23988,124.175156,46542
187.062,124.80031,46551
186.95528,125.1754,46560
186.72769,125.64293,46569
186.38632,126.344215,46577
186.15874,126.81174,46584
185.79466,127.50128,46591
185.54439,127.957054,46600
185.54439,127.957054,46692
185.54439,127.957054,46698
185.54439,127.957054,46709
185.1544,127.957054,46717
185.07114,128.47493,46724
185.11008,128.99342,46731
185.15556,129.6418,46738
185.18,130.2898,46746
185.18001,130.67976,46754
185.18001,131.45966,46761
185.18,132.10953,46768
185.18,132.75935,46776
185.18,133.27911,46783
185.18,133.92827,46790
185.18,134.18692,46798
185.18,134.18692,46808
185.18,133.66699,46817
185.18,133.14706,46824
185.18001,132.62717,46831
185.18,131.97737,46838
185.18,131.45769,46844
185.17998,130.8094,46851
185.18001,130.28952,46857
185.18,129.63976,46864
185.18,129.12018,46870
185.18,128.60213,46878
185.18361,128.38612,46887
185.44414,128.15523,46896
186.01967,127.85326,46902
186.59407,127.54906,46909
187.16849,127.244934,46916
187.74292,126.94081,46923
187.9814,126.374916,46930
188.13591,125.743576,46937
188.17995,125.402275,46944
188.63086,124.96084,46951
189.02605,124.62292,46958
189.02994,124.35941,46968
189.03783,124.22082,46977
189.22418,123.991325,46986
189.7385,123.94292,46996
190.38681,123.896416,47004
190.90543,123.858986,47012
191.42406,123.82156,47022
191.81215,123.82001,47030
192.33209,123.82,47038
192.85202,123.82,47044
193.5019,123.82001,47051
194.02272,123.82,47059
194.54253,123.82,47068
195.06213,123.82001,47076
195.58063,123.82,47084
195.9556,123.92725,47092
196.45555,124.07013,47101
196.83052,124.177284,47108
197.31999,124.352776,47116
197.93182,124.572136,47123
198.54161,124.79709,47131
199.1509,125.02344,47138
199.3946,125.113976,47149
199.78304,125.14871,47159
200.30084,125.17999,47167
200.62897,125.19028,47176
200.83243,125.47652,47185
200.82,126.12504,47193
201.15614,126.05649,47202
200.95465,125.72259,47211
200.85562,125.09229,47222
200.82262,124.573364,47232
200.78923,124.05447,47241
200.8309,123.568924,47249
200.82002,123.18162,47258
200.99593,122.83356,47268
201.2891,122.25346,47276
201.58226,121.67337,47356
201.58226,121.67337,47363
201.58226,121.67337,47445
201.58226,121.67337,47453
201.97224,121.67337,47460
202.54216,121.396164,47467
203.09206,121.04965,47474
203.31201,120.91105,47481
203.62703,120.81051,47487
203.62703,120.81051,47577
203.62703,120.81051,47584
203.62703,120.81051,47592
204.147,120.81051,47599
204.13124,120.31138,47607
204.02003,119.69833,47613
204.02003,119.16882,47621
204.02003,119.16882,47630
204.02003,119.16882,47641
204.02003,118.77885,47650
204.09657,118.13647,47656
204.17998,117.6266,47662
204.17998,117.418045,47669
204.38004,117.1895,47676
205.01791,117.17999,47683
205.01791,117.17999,47690
205.01791,117.17999,47698
205.01791,117.17999,47703
204.63162,117.17999,47709
204.42197,117.17999,47714
204.20819,117.34228,47720
204.18,117.973,47727
204.18,118.491516,47734
204.18,118.74941,47739
204.17998,119.394356,47745
204.1809,119.59888,47751
204.53006,119.96021,47758
205.01884,120.388626,47765
205.20874,120.66668,47772
205.57115,121.03954,47779
206.11478,121.59885,47784
206.65839,122.15815,47790
207.20201,122.717445,47795
207.22252,123.237015,47801
207.24815,123.88648,47808
207.27379,124.53594,47815
207.29942,125.1854,47821
207.32506,125.83486,47826
207.3507,126.48433,47833
207.3507,126.48433,47841
207.3507,126.48433,47849
206.83072,126.48433,47857
206.19835,126.600136,47864
205.82596,126.71594,47873
205.38869,126.82487,47882
204.74004,126.82001,47890
204.61105,126.82001,47899
204.39992,126.81977,47907
204.17601,126.57927,47912
204.18,126.06284,47919
204.18,126.06284,47928
204.18,126.06284,47938
204.18,126.45283,47946
204.18,126.58282,47953
204.18,126.58282,47962
204.2866,126.75099,47969
204.75562,126.82008,47977
205.27452,126.82,47985
205.79306,126.8057,47995
206.31226,126.77727,48003
206.83147,126.74888,48014
207.09106,126.734695,48024
207.42336,126.33475,48033
207.75565,125.93481,48040
208.00487,125.63485,48047
208.17924,125.44201,48055
208.39314,125.15824,48061
208.97516,124.63901,48068
209.02992,124.32555,48075
209.03,124.29134,48081
209.0352,124.239494,48089
209.1407,124.048256,48095
209.713,123.97998,48104
211.00903,124.00689,48187
211.00903,124.00689,48193
211.00903,124.00689,48201
211.39902,124.00689,48208
211.73949,124.254105,48214
211.82161,124.71757,48224
211.82,124.97725,48232
211.82,124.97725,48240
211.82,124.97725,48248
212.20999,124.97725,48256
212.72833,125.012886,48261
213.63463,125.09444,48267
214.41148,125.16383,48273
214.79968,125.17999,48279
215.31963,125.18,48287
215.96953,125.18,48295
216.61942,125.18,48302
217.26924,125.18,48310
217.78899,125.17999,48318
218.43808,125.18,48326
218.69649,125.1799,48332
218.69649,125.1799,48340
219.34625,125.18,48346
219.99565,125.17999,48353
220.38417,125.17999,48361
220.77002,125.12338,48372
221.41312,125.02903,48382
221.79897,124.97242,48389
222.28676,124.792366,48394
222.89651,124.5673,48399
223.62822,124.29722,48405
224.2168,124.022766,48412
224.684,123.79454,48419
225.26825,123.50973,48426
225.73564,123.281876,48433
226.31989,122.997055,48438
226.69194,123.11389,48443
227.43608,123.34756,48449
228.0562,123.54228,48456
228.16502,123.61339,48466
228.41617,123.82299,48476
228.89174,123.82,48484
229.41145,123.82,48492
230.06021,123.820015,48500
230.18932,123.820015,48508
230.18932,123.820015,48514
230.18932,123.820015,48588
230.18932,123.820015,48594
229.66934,123.820015,48599
229.35234,123.979904,48606
229.23387,123.99965,48614
229.30716,123.98041,48620
228.79997,123.86584,48626
228.45213,123.82005,48631
228.22293,123.68107,48637
228.18,123.06586,48643
228.18,123.06586,48649
228.18,123.06586,48655
228.18,123.58583,48660
228.18,123.84582,48666
228.82967,123.82655,48674
229.3494,123.82001,48683
229.86824,123.82,48689
230.12723,123.8201,48695
230.75002,123.979965,48701
231.35382,124.15008,48706
231.66122,124.20759,48712
231.82005,124.56966,48720
231.82,124.95833,48729
231.82,124.95833,48738
231.82,124.95833,48748
232.33998,124.95833,48757
232.9344,124.724495,48766
233.16663,124.607574,48775
233.68102,124.5316,48784
234.1954,124.455635,48794
234.70981,124.37966,48803
235.2242,124.30369,48811
235.60779,124.233345,48820
236.11923,124.13956,48827
236.63068,124.04577,48834
237.26997,123.928535,48842
237.78143,123.83475,48852
238.3013,123.82465,48861
238.82117,123.82,48870
239.34097,123.82001,48878
239.99036,123.82001,48885
240.37877,123.82001,48892
240.81339,123.67519,48900
241.3412,123.295906,48909
241.76347,122.99248,48916
241.76347,122.99248,48926
241.76347,122.99248,48937
241.76347,123.51245,48945
241.24709,123.70349,48951
240.8598,123.74928,48959
240.39137,123.82938,48968
239.74161,123.82,48978
239.22183,123.82,48987
238.70236,123.82,48995
238.31386,123.8201,49002
237.7939,123.82001,49009
237.144,123.82,49016
236.49413,123.82,49023
235.84431,123.82,49030
235.19464,123.82,49037
234.54602,123.82001,49046
234.15607,123.82,49053
233.50615,123.82,49061
232.98624,123.8201,49068
232.33638,123.82,49077
231.81656,123.82,49085
231.167,123.82,49093
230.64859,123.8201,49102
230.2591,123.82001,49111
229.73926,123.82001,49121
229.0898,123.82,49129
228.70102,123.820015,49138
228.37274,123.81043,49146
228.02579,123.632355,49154
227.44756,123.335556,49161
226.98495,123.098114,49168
226.3637,122.983055,49175
225.58405,122.96787,49185
225.06432,122.95193,49194
224.67451,122.939964,49201
224.02486,122.92003,49209
223.24525,122.89611,49216
222.9854,122.88814,49227
222.49098,123.04919,49234
221.87297,123.25049,49243
221.37857,123.41154,49251
221.00777,123.53232,49259
220.78867,123.672264,49268
220.42036,123.82586,49275
219.90065,123.82,49282
219.25177,123.82001,49292
218.60257,123.82,49303
218.08264,123.82,49311
217.56271,123.82,49317
216.91287,123.82001,49325
216.39305,123.82,49332
215.74356,123.82,49339
215.22568,123.82001,49347
214.83572,123.82,49354
213.92586,123.82,49360
214.1856,123.82001,49365
214.70445,123.82,49371
215.35349,123.82,49378
216.00339,123.82,49385
216.5233,123.82,49390
217.30309,123.82001,49395
217.95271,123.82001,49400
218.60118,123.82001,49406
219.25098,123.82,49412
220.03027,123.82,49420
220.41852,123.82001,49429
220.639,123.807274,49438
220.99522,123.648544,49447
221.47018,123.436905,49456
222.06387,123.17236,49461
222.53883,122.96072,49466
223.0587,122.95029,49472
223.70854,122.93724,49479
224.35837,122.924194,49485
225.00821,122.91115,49493
225.52808,122.90071,49502
226.17792,122.887665,49509
226.67334,123.02117,49517
227.28294,123.246635,49526
227.77074,123.42674,49532
228.01463,123.51679,49539
228.22397,123.6629,49546
228.57016,123.82421,49553
229.21988,123.82001,49560
229.86867,123.82001,49568
230.12764,123.82001,49576
230.12764,123.82001,49586
230.12764,123.82001,49595
230.12764,123.82001,49692
230.12764,123.82001,49706
229.73766,123.82001,49713
229.51509,123.979904,49721
229.36365,123.97991,49729
229.20938,124.009964,49737
229.31421,123.97953,49748
228.93358,123.8946,49756
228.67984,123.83798,49763
228.45781,123.820045,49772
228.29501,123.75538,49780
228.18,123.211555,49788
228.18,123.08364,49796
228.18,123.08364,49805
228.18,123.341225,49813
228.20714,123.66219,49819
228.55626,123.82136,49826
229.20598,123.82,49834
229.72467,123.82,49841
230.11348,123.8201,49848
230.61208,123.96764,49857
231.3394,124.1435,49865
231.64891,124.20069,49872
231.82256,124.41536,49879
231.82,124.93337,49886
231.82,124.93337,49895
231.82,124.93337,49904
232.20999,124.93337,49912
232.81943,124.73211,49920
233.17902,124.58117,49928
233.69415,124.51049,49937
234.33809,124.42215,49944
234.98203,124.3338,49952
235.23961,124.29847,49959
235.75113,124.20509,49967
236.26265,124.111725,49974
236.90205,123.99501,49982
237.41357,123.90164,49991
237.79721,123.83161,49999
238.18713,123.82443,50008
238.707,123.82,50018
239.22684,123.82,50029
239.74649,123.82,50036
240.39442,123.82,50042
240.82564,123.6665,50049
241.35344,123.28718,50057
241.67012,123.05958,50065
241.67012,123.05958,50072
241.67012,123.05958,50081
241.67012,123.44956,50089
241.15903,123.675285,50096
240.90349,123.72315,50105
240.58934,123.82338,50114
239.93954,123.82,50122
239.41972,123.82,50128
238.90009,123.82,50135
238.38136,123.82,50144
237.86142,123.82,50152
237.21152,123.82,50161
236.6916,123.82,50172
236.17172,123.82,50181
235.6519,123.82001,50191
235.26212,123.82001,50200
234.74281,123.82001,50207
234.48398,123.82001,50219
234.09401,123.82001,50229
233.57408,123.82,50238
233.05415,123.82,50247
232.53426,123.82,50257
232.14435,123.82,50265
231.62456,123.82001,50274
230.97522,123.82,50284
230.5871,123.8201,50293
230.19768,123.82001,50303
229.67787,123.82001,50312
229.02849,123.82,50321
228.64008,123.8201,50327
228.42313,123.820045,50334
227.9589,123.585815,50341
227.37862,123.29303,50348
226.91438,123.0588,50355
226.2784,122.99289,50362
225.75865,122.97821,50368
224.9791,122.952896,50376
224.19954,122.92775,50383
223.54991,122.906784,50390
223.03021,122.89001,50397
222.53474,123.047745,50404
222.03926,123.205475,50412
221.41992,123.40264,50420
221.04832,123.52094,50427
220.82585,123.655495,50435
220.47995,123.82927,50444
219.96024,123.82001,50452
219.31117,123.82,50458
218.6618,123.82,50466
218.14186,123.82001,50474
217.49197,123.82,50481
216.84213,123.82,50491
216.1924,123.82001,50499
216.19382,124.04447,50506
216.71129,123.99352,50513
217.35812,123.92984,50520
217.8756,123.87889,50528
218.39307,123.82794,50534
219.0423,123.82,50541
219.56204,123.82001,50548
220.21104,123.82001,50556
220.6753,123.786285,50566
221.15067,123.575584,50574
221.74487,123.3122,50581
222.22025,123.1015,50588
222.45793,122.99615,50596
222.9777,122.98143,50604
223.49747,122.96671,50611
224.14717,122.94832,50618
224.79688,122.929924,50625
225.31665,122.91521,50632
225.96635,122.896805,50641
226.35617,122.885765,50648
226.72083,123.024025,50655
227.32858,123.25445,50663
228.05788,123.53095,50673
228.165,123.604614,50683
228.30196,123.76373,50690
228.91289,123.82,50698
229.56247,123.82001,50706
230.21025,123.82001,50713
230.73018,123.82,50720
231.3801,123.82001,50727
231.9,123.82,50734
232.54984,123.82001,50741
233.06961,123.82001,50748
233.71887,123.82001,50759
233.97781,123.82001,50769
234.49774,123.82,50776
235.14766,123.82,50783
235.79755,123.82,50790
236.44737,123.82,50798
236.96713,123.82,50805
237.61627,123.82001,50812
238.13571,123.82,50818
238.78555,123.82001,50825
239.30536,123.82,50834
239.82498,123.82,50843
240.34344,123.82,50852
240.56668,123.820045,50861
240.74762,123.71782,50871
240.82,123.12293,50882
240.81999,122.73302,50892
240.81999,122.21318,50902
240.82,121.69349,50911
240.82,121.045105,50917
240.82,121.045105,51021
240.82,121.045105,51030
241.21008,121.045105,51039
241.2406,121.28531,51048
241.09631,121.78487,51055
240.95201,122.28442,51062
240.8438,122.65908,51070
240.82,123.17782,51078
240.80544,123.64088,51087
240.80544,123.64088,51198
240.80544,123.64088,51208
240.80544,123.64088,51220
240.80544,124.03085,51228
240.29178,124.08004,51235
239.64801,123.9907,51244
239.13268,123.921455,51254
238.74615,123.869514,51261
238.35965,123.820015,51270
237.9697,123.82,51278
237.3198,123.82,51285
236.6699,123.82,51293
236.02007,123.82001,51301
235.37033,123.82,51307
234.72115,123.82,51314
234.206,123.87817,51320
233.56294,123.972786,51326
232.91983,124.06688,51333
232.2767,124.16098,51342
231.89084,124.21744,51349
231.40518,124.1735,51356
231.06262,124.054344,51363
230.72154,123.97994,51369
230.54243,123.97994,51458
230.54243,123.97994,51465
230.54243,123.97994,51473
230.15323,123.97994,51481
229.60555,123.97995,51488
229.34378,123.97995,51497
229.25708,123.99197,51503
229.29669,123.98201,51510
228.79,123.86526,51519
228.44382,123.82005,51527
228.27368,123.73801,51535
228.18,123.169586,51542
228.18,123.169586,51550
228.18,123.169586,51558
227.66002,123.169586,51566
227.03177,123.02084,51573
226.3873,122.97586,51580
225.86748,122.96342,51587
225.21774,122.94611,51596
224.69795,122.93236,51605
224.17816,122.9186,51613
223.52843,122.9014,51620
223.00862,122.88764,51626
222.51376,123.04725,51633
221.89517,123.246765,51642
221.27658,123.44628,51649
221.02914,123.526085,51656
220.80824,123.66318,51664
220.45111,123.82021,51673
219.93137,123.82,51681
219.54178,123.8201,51690
219.15305,123.82001,51698
218.63309,123.82001,51705
217.98318,123.82,51712
217.3333,123.82001,51720
216.81343,123.82,51729
216.29364,123.82001,51738
215.77406,123.82,51748
215.25589,123.82001,51755
214.86592,123.82001,51763
214.21602,123.82,51770
213.6961,123.82001,51777
213.17621,123.82,51784
212.52643,123.82,51791
212.0068,123.82,51798
211.48816,123.8201,51807
210.97935,123.927284,51815
210.3458,123.97997,51822
209.8605,123.97997,51829
209.49677,123.97997,51837
209.14365,124.03852,51844
208.855,124.468346,51852
208.50778,125.0178,51941
208.50778,125.0178,51951
208.50778,125.0178,51962
207.98781,125.0178,51969
207.71185,125.51687,51976
207.52942,126.14071,51983
207.41995,126.51501,51990
206.90552,126.59074,51999
206.39108,126.66647,52007
205.87666,126.7422,52016
205.54156,126.83355,52026
204.89252,126.82,52033
204.63387,126.8201,52041
204.63387,126.8201,52050
204.63387,126.8201,52060
204.24388,126.8201,52067
204.17531,126.303764,52078
204.18,126.04603,52085
204.18,126.04603,52095
203.7029,125.839264,52104
203.18399,125.82001,52113
202.66785,125.82001,52122
202.45486,125.82001,52130
202.21162,125.667366,52137
201.96991,125.06401,52145
201.87323,124.82267,52154
201.87323,124.82267,52261
201.48398,124.84636,52268
201.57098,124.74979,52278
201.92667,124.58987,52285
202.10646,124.020195,52293
202.15237,123.63293,52300
202.26718,123.26024,52307
202.42027,122.763306,52314
202.5351,122.39061,52320
202.80637,121.94701,52326
203.07762,121.503395,52333
203.4167,120.94889,52340
203.60562,120.8079,52347
203.77534,120.68301,52355
203.82336,120.58224,52363
204.02296,120.1021,52371
204.12276,119.86202,52379
204.08101,119.738914,52387
204.08101,119.738914,52395
204.08101,119.738914,52403
204.08101,119.738914,52502
204.08101,119.738914,52510
204.08101,120.25889,52520
203.7567,120.71517,52529
203.7567,120.71517,52619
203.7567,120.71517,52627
203.7567,120.71517,52636
204.27667,120.71517,52645
204.26622,120.35136,52654
204.03215,119.745,52663
204.02003,119.28715,52671
204.08087,118.770744,52681
204.1569,118.125244,52687
204.18,117.61046,52693
204.18,117.40561,52701
204.53448,117.1719,52709
205.05017,117.17999,52716
205.05017,117.17999,52726
205.05017,117.17999,52734
205.05017,117.17999,52741
204.66336,117.17999,52750
204.34865,117.202126,52760
204.17267,117.53079,52769
204.18001,118.05018,52778
204.18,118.56786,52787
204.18,119.085495,52794
204.18,119.549995,52802
204.5749,120.00311,52809
205.06497,120.43008,52816
205.19186,120.61535,52827
205.52496,121.000595,52834
205.88878,121.37209,52841
206.34267,121.837326,52850
206.79659,122.30254,52861
207.1597,122.67471,52868
207.18542,123.19405,52876
207.24327,124.36256,52963
207.24327,124.36256,52971
207.49754,124.41681,52979
207.39502,124.496735,52990
207.00659,124.46203,52999
206.92259,124.84286,53007
206.82002,125.350624,53015
206.82002,125.563896,53023
206.73164,125.733116,53031
206.02768,125.82001,53038
206.02768,125.82001,53048
206.02768,125.82001,53058
206.02768,126.33998,53065
205.92215,126.54587,53073
205.81938,126.62549,53081
205.64394,126.79955,53088
205.13759,126.82,53095
204.61957,126.82001,53103
204.61957,126.82001,53112
204.61957,126.82001,53122
204.0996,126.82001,53129
204.07043,126.73796,53138
204.13705,126.353714,53147
204.18,125.96957,53154
204.18,125.96957,53163
204.18,125.96957,53173
204.18,126.35954,53179
204.18,126.48954,53188
204.18,126.58975,53197
204.38997,126.81459,53206
205.03528,126.82001,53214
205.4235,126.82001,53220
205.94269,126.79845,53228
206.46187,126.76971,53237
206.98105,126.740974,53248
207.3575,126.431725,53257
207.7686,125.928276,53264
208.01527,125.62621,53272
208.18715,125.43239,53280
208.50041,125.066444,53287
208.98438,124.63258,53295
209.02994,124.32347,53303
209.03009,124.28847,53311
209.0339,124.247284,53318
209.11797,124.07091,53326
209.78984,123.97998,53335
210.9614,123.98633,53436
210.9614,123.98633,53446
211.05972,123.9013,53452
211.48016,124.17994,53459
211.81885,124.402145,53466
211.82,124.92044,53473
211.82,124.92044,53480
211.82,124.92044,53486
212.33998,124.92044,53492
212.98633,124.981735,53500
213.63194,125.056885,53509
214.14845,125.11672,53516
214.66498,125.17655,53527
215.31404,125.18,53533
215.96394,125.18,53541
216.48386,125.18,53548
217.1337,125.18,53557
217.78342,125.17999,53565
217.76251,124.968216,53573
217.76251,124.968216,53583
218.11874,124.58944,53591
218.47498,124.21066,53599
218.74214,123.926575,53606
219.13094,123.896225,53614
219.77893,123.84565,53621
220.42622,123.82001,53628
220.64655,123.80363,53635
221.00279,123.644936,53642
221.59651,123.380455,53649
222.07149,123.16888,53657
222.54648,122.95729,53665
223.06635,122.94728,53673
223.58623,122.93727,53680
224.10611,122.92726,53688
224.62598,122.917244,53696
225.14586,122.907234,53705
225.66574,122.89722,53710
226.31558,122.884705,53720
226.68114,123.02058,53729
227.29037,123.24703,53735
227.89961,123.47348,53743
228.2263,123.66774,53751
228.45105,123.830154,53759
228.97083,123.82,53768
229.62022,123.82,53777
230.13873,123.82001,53787
230.13873,123.82001,53797
230.13873,123.82001,53805
230.13873,123.82001,53915
230.13873,123.82001,53926
229.74875,123.82001,53934
229.5209,123.9799,53943
229.33713,123.979904,53950
229.21237,124.008575,53957
229.31833,123.97909,53964
228.81067,123.866585,53972
228.46117,123.82005,53980
228.23611,123.69864,53988
228.18,123.22257,53996
228.18,123.09453,54004
228.18,123.09453,54012
228.18,123.35199,54020
228.2126,123.67073,54028
228.44576,123.82919,54036
229.09549,123.82,54044
229.8744,123.82001,54052
230.13335,123.82001,54061
230.6314,123.96941,54070
231.24144,124.10035,54078
231.66647,124.210815,54086
231.82974,124.450584,54094
231.82002,124.96891,54101
231.82002,124.96891,54109
231.82002,124.96891,54117
232.34,124.96891,54125
232.93233,124.73097,54133
233.1635,124.61201,54142
233.67776,124.53519,54150
234.3206,124.43916,54159
234.83487,124.36234,54169
235.22057,124.304726,54180
235.73201,124.21088,54188
236.24344,124.11702,54195
236.88274,123.9997,54203
237.39417,123.90585,54210
237.77774,123.835464,54219
238.2976,123.82525,54228
238.81747,123.82,54235
239.46721,123.82,54243
240.1164,123.82,54251
240.69475,123.7714,54259
241.11504,123.46524,54267
241.5356,123.15947,54274
241.7459,123.006584,54281
241.7459,123.006584,54289
241.3149,123.29748,54295
240.77681,123.66066,54305
240.43846,123.82112,54315
240.04854,123.82,54323
239.5287,123.82001,54332
239.009,123.82,54340
238.36052,123.82001,54348
237.97057,123.82,54359
237.45064,123.82,54367
236.80075,123.82,54375
236.1509,123.82,54382
235.63107,123.82001,54389
234.98154,123.82001,54397
234.4633,123.8201,54404
233.94336,123.82,54413
233.42343,123.82,54420
232.77354,123.82,54429
232.1237,123.82,54439
231.60393,123.82001,54447
230.9546,123.82001,54454
230.69553,123.82001,54465
230.30562,123.82,54474
229.65585,123.82,54481
229.0065,123.82,54490
228.61829,123.8201,54498
228.40578,123.82005,54507
227.94243,123.58407,54516
227.36325,123.28909,54523
226.89992,123.053116,54530
226.26414,122.98756,54537
225.74437,122.9736,54545
225.09473,122.95344,54554
224.44507,122.93335,54562
223.92534,122.917274,54569
223.27568,122.89719,54575
223.01582,122.889145,54582
222.64449,123.00827,54592
222.02557,123.20682,54600
221.40668,123.405365,54608
221.03534,123.5245,54616
220.8139,123.66072,54628
220.45976,123.82274,54635
219.81012,123.82,54643
219.29102,123.82,54650
218.6417,123.82,54659
218.12177,123.82,54665
217.47188,123.82,54673
216.69208,123.82001,54681
216.17232,123.82001,54690
215.65285,123.82001,54700
215.2644,123.82001,54709
214.87447,123.82,54718
214.22455,123.82,54726
214.61372,123.82001,54737
214.74315,123.82001,54748
214.3532,123.82,54756
213.70331,123.82,54764
213.18343,123.82,54771
212.53363,123.82001,54778
211.88416,123.82,54785
211.49532,123.82001,54793
211.11156,123.889404,54801
210.7278,123.95881,54809
210.7278,123.95881,54817
210.97095,123.86674,54826
210.97095,123.86674,54833
210.97095,123.86674,54942
210.97095,123.86674,54954
211.36092,123.86674,54960
211.676,124.21,54967
211.82591,124.60146,54975
211.82,124.99101,54982
211.82,124.99101,54987
211.82,124.99101,54993
211.82,124.99101,54999
211.82,124.73126,55005
211.82,124.498604,55012
211.73163,124.26629,55019
211.42522,124.17687,55028
211.05003,124.04046,55039
210.72923,123.97998,55047
210.10219,123.97998,55056
209.65115,123.97998,55066
209.30652,123.97998,55075
208.97987,124.27844,55084
208.49094,125.045876,55188
208.49094,125.045876,55197
208.49094,125.045876,55209
207.97096,125.045876,55220
207.73329,125.42069,55227
207.5897,125.92045,55235
207.44612,126.42021,55243
207.0635,126.49559,55250
206.29825,126.64636,55258
205.91563,126.72175,55265
205.46619,126.82275,55273
204.81723,126.82,55281
204.6879,126.820015,55291
204.6879,126.820015,55302
204.56355,126.820015,55313
204.45605,126.820015,55322
204.23625,126.69863,55329
204.18,126.2214,55337
204.18,125.96456,55346
204.18,125.96456,55357
203.8075,125.849106,55365
203.28862,125.82001,55372
202.64326,125.82001,55379
202.43546,125.82001,55389
202.28526,125.74676,55397
202.18,125.194016,55406
202.17998,124.68046,55415
202.17998,124.68046,55517
202.17998,124.68046,55525
202.17998,124.68046,55535
202.17998,124.160484,55543
202.68774,124.14254,55550
202.94162,124.179985,55559
202.94162,124.179985,55568
202.94162,124.179985,55577
202.94162,123.79001,55584
203.25133,123.24233,55592
203.35754,122.749,55600
203.4102,122.10117,55608
203.45326,121.582985,55613
203.49632,121.0648,55620
203.6246,120.83865,55628
203.78636,120.666565,55638
203.82,120.16927,55646
204.031,119.885666,55655
204.02003,119.40655,55664
204.02,118.78195,55670
204.00731,118.13449,55677
203.95145,117.48694,55685
203.89726,116.83923,55693
203.85387,116.321075,55700
203.82,115.80292,55707
203.82,115.416534,55715
203.82,115.416534,55724
203.82,115.416534,55732
203.82,115.02655,55741
203.81999,114.376686,55748
203.82,113.85686,55756
203.82,113.20716,55764
203.81999,112.55771,55771
203.82,111.780014,55778
203.81999,111.13147,55784
203.82,110.481735,55791
203.82,109.702286,55799
203.82,109.18315,55807
203.82,108.666695,55814
203.7573,108.29137,55821
203.30249,108.1194,55830
202.66956,107.9716,55838
202.03705,107.82198,55846
201.40453,107.67241,55855
201.02501,107.582664,55862
201.02501,107.582664,55870
201.02501,107.582664,55877
201.02501,107.06269,55883
200.93527,106.420525,55890
200.82002,105.65226,55896
200.82002,105.43843,55903
200.56102,105.17196,55910
199.91515,105.17999,55985
199.91515,105.17999,55991
199.91515,105.17999,56000
200.30513,105.17999,56006
200.63828,105.19553,56013
200.86707,105.48411,56020
201.20494,106.03935,56028
201.54283,106.59459,56034
201.80484,106.88344,56042
202.24153,107.364845,56050
202.41621,107.55741,56059
202.7479,107.76253,56064
203.3007,108.104385,56072
203.61197,108.18496,56078
203.82048,108.40815,56085
203.82,108.66545,56092
203.81999,109.05533,56101
203.82,109.70499,56110
203.82,110.35431,56117
203.82,110.87272,56124
203.82,111.39167,56132
203.82,112.04153,56140
203.82,112.69132,56148
203.82,113.21111,56157
203.82,113.86067,56166
203.81999,114.509544,56173
203.82,114.89706,56182
203.9054,115.40997,56190
203.99077,115.92289,56198
204.07616,116.43581,56204
204.18288,117.07695,56212
204.18,117.70861,56219
204.18,118.35747,56228
204.18,118.74468,56236
204.18,118.74468,56245
204.18,118.74468,56252
204.18,118.74468,56338
204.18,118.74468,56345
204.18,119.13466,56352
204.18098,119.59917,56359
204.41812,119.823326,56366
205.06238,119.82001,56373
205.06238,119.82001,56384
205.06238,119.82001,56393
205.06238,120.33998,56401
205.20619,120.648445,56408
205.52927,120.82714,56418
206.17896,120.82001,56425
206.69849,120.82001,56431
207.08722,120.82001,56438
207.08722,120.82001,56446
207.08722,120.82001,56455
207.08722,121.33998,56463
207.34717,121.47468,56471
207.59302,121.7774,56480
207.75693,121.97921,56489
207.98643,122.4458,56498
208.1212,123.07662,56505
208.15991,123.33372,56604
208.15991,123.33372,56694
208.15991,123.33372,56702
208.15991,123.33372,56711
208.15991,123.85369,56718
208.67783,123.937454,56725
209.32632,123.89446,56735
209.84456,123.862816,56745
211.0112,123.82001,56844
211.0112,123.82001,56852
211.0112,123.82001,56860
211.40118,123.82001,56868
211.74638,124.20056,56875
211.82,124.80263,56883
211.82,124.93247,56890
211.82,124.93247,56897
211.82,124.67279,56906
211.82,124.44812,56917
211.72777,124.26231,56924
211.41737,124.17922,56932
211.09845,124.0906,56940
210.59445,123.97998,56951
210.09494,123.97998,56960
209.55981,123.97998,56971
209.04716,123.89308,56979
208.66266,123.82791,56987
208.33667,124.041954,56996
207.90202,124.327354,57004
207.43239,124.550545,57013
207.04756,124.487274,57020
206.94832,124.86441,57027
206.82002,125.36726,57036
206.82002,125.57714,57044
206.71321,125.751274,57050
206.11946,125.820015,57056
205.9917,125.820015,57064
205.9917,125.820015,57071
205.86758,126.32496,57079
205.82004,126.44238,57088
205.82004,126.554214,57097
205.7529,126.707596,57105
205.20082,126.82001,57114
204.68233,126.82001,57122
204.68233,126.82001,57131
204.68233,126.82001,57141
204.29234,126.82001,57150
204.16235,126.82001,57160
204.16856,126.43399,57169
204.18,126.04685,57177
204.18,126.04685,57187
204.18,126.04685,57195
203.66002,126.04685,57202
203.02716,125.91452,57210
202.65002,125.82002,57217
202.44072,125.82002,57224
202.23238,125.6931,57234
202.17998,125.21317,57243
202.18,124.69912,57252
202.18,124.30914,57262
202.18,123.78917,57271
202.32202,123.15897,57281
202.46404,122.65877,57289
202.76161,122.08462,57297
203.02306,121.635155,57305
203.28432,121.18557,57312
203.61102,120.80217,57320
203.82733,120.56531,57329
203.85506,120.13256,57338
204.03021,119.89153,57345
204.02003,119.30619,57352
204.0675,118.826126,57361
204.13081,118.31002,57369
204.18,117.66556,57376
204.20116,117.35045,57386
204.40881,117.17938,57394
205.05193,117.17999,57401
205.05193,117.17999,57408
205.05193,117.17999,57415
205.05193,116.66002,57423
205.05193,116.53002,57435
204.79265,116.82133,57443
204.86838,116.715675,57452
204.61493,117.012054,57460
204.43661,117.18553,57467
204.29216,117.24796,57474
204.18,117.92555,57481
204.18,118.31478,57489
204.17998,118.82991,57497
204.18,119.34616,57506
204.18,119.34616,57514
204.18,119.34616,57522
204.18,119.34616,57616
204.18,119.34616,57624
204.18,119.866135,57631
204.56097,119.91283,57640
205.06895,119.82002,57650
205.06895,119.82002,57659
205.06895,119.82002,57668
205.06895,120.21001,57676
205.2055,120.650604,57682
205.53333,120.82591,57689
206.18303,120.82,57696
206.8323,120.82001,57704
207.09126,120.82001,57711
207.09126,120.82001,57719
207.09126,120.82001,57728
207.09126,121.209984,57734
207.34319,121.40426,57744
207.65344,121.82152,57752
207.96037,122.39249,57760
208.07506,122.62581,57769
208.1412,123.14156,57779
208.17427,123.39944,57877
208.17427,123.39944,57965
208.17427,123.39944,57972
208.17427,123.39944,57983
208.17427,123.78942,57991
208.69305,123.88408,58000
209.3423,123.85463,58007
209.99088,123.8286,58014
210.89923,123.82001,58105
210.89923,123.82001,58112
210.89923,123.82001,58120
211.4192,123.82001,58127
211.69545,124.181526,58136
211.83057,124.47456,58143
211.82,124.99401,58153
211.82,124.99401,58164
211.82,124.99401,58173
211.82,124.99401,58181
211.8201,124.73425,58189
211.82004,124.501274,58198
211.73486,124.26974,58206
211.43198,124.17507,58214
211.13208,124.1437,58221
210.73566,123.97997,58230
210.1083,123.97997,58238
209.56825,123.97997,58247
209.18369,123.91525,58255
208.67091,123.82896,58261
208.23494,124.11232,58268
207.90794,124.32484,58275
207.43823,124.547874,58282
207.0531,124.48662,58290
206.91846,124.98885,58299
206.82002,125.36553,58308
206.82002,125.57578,58318
206.62956,125.80636,58327
206.12314,125.82001,58336
205.99533,125.82001,58344
205.99533,125.82001,58353
205.90059,126.19831,58360
205.82004,126.441696,58368
205.82004,126.5536,58378
205.75371,126.70652,58386
205.20305,126.82001,58394
204.68452,126.820015,58405
204.68452,126.820015,58414
204.68452,126.820015,58424
204.29456,126.820015,58432
204.16455,126.820015,58441
204.18,126.30589,58450
204.18,126.04801,58459
204.18,126.04801,58468
204.18,126.04801,58478
203.66002,126.04801,58487
203.0273,125.91518,58494
202.65027,125.82003,58501
202.44092,125.82003,58507
202.23268,125.69348,58514
202.18,125.213844,58520
202.18,124.69977,58528
202.18,124.179794,58538
202.18,123.78982,58544
202.28647,123.28466,58551
202.4994,122.53433,58560
202.73677,122.07561,58569
203.0058,121.63064,58576
203.34203,121.074394,58583
203.59521,120.808754,58590
203.81502,120.60867,58596
203.88138,120.11799,58603
204.03224,119.81955,58611
204.02003,119.348976,58622
204.08209,118.73326,58632
204.15968,118.087944,58641
204.18,117.701195,58652
204.18723,117.38158,58660
204.4633,117.168495,58667
204.98004,117.17999,58675
204.98004,117.17999,58683
204.98004,117.17999,58691
204.98004,117.17999,58699
204.72205,117.17999,58706
204.40115,117.1809,58714
204.18742,117.385704,58722
204.1549,117.511566,58732
204.18,118.03074,58741
204.18,118.67767,58750
204.18,119.19553,58758
204.18,119.323975,58765
204.18,119.323975,58773
204.18,119.323975,58856
204.18,119.323975,58865
204.18,119.71395,58873
204.69801,119.82001,58879
204.95602,119.82001,58886
204.95602,119.82001,58897
204.95602,119.82001,58907
204.95602,120.20999,58916
205.1927,120.609985,58926
205.3233,120.77979,58934
205.94702,120.82,58941
206.59657,120.82,58950
207.11496,120.82001,58959
207.11496,120.82001,58967
207.11496,120.82001,58978
207.11496,121.33998,58987
207.3749,121.47493,58996
207.61343,121.783455,59003
207.77245,121.98914,59011
207.94118,122.34073,59021
208.10992,122.692314,59030
208.14844,123.08039,59038
208.1741,123.3391,59131
208.1741,123.3391,59238
208.1741,123.3391,59248
208.1741,123.3391,59256
208.1741,123.85908,59265
208.56247,123.95367,59272
209.21085,123.90861,59280
209.8586,123.86674,59287
210.89604,123.82001,59383
210.89604,123.82001,59391
210.89604,123.82001,59400
211.41602,123.82001,59409
211.69385,124.18088,59418
211.8305,124.472015,59425
211.82,124.991455,59432
211.82,124.991455,59443
211.82,124.991455,59454
211.82,124.991455,59465
211.82,124.7317,59476
211.82,124.49899,59485
211.7807,124.3328,59493
211.42638,124.17655,59503
211.1012,124.09412,59512
210.73038,123.97998,59523
210.2264,123.97998,59531
209.75397,123.97998,59541
209.13835,123.89922,59549
208.62468,123.820015,59556
208.30402,124.041954,59563
207.87645,124.33787,59571
207.40723,124.56193,59579
207.02399,124.48973,59587
206.93222,124.86876,59595
206.82002,125.37412,59603
206.82002,125.58251,59610
206.70547,125.75811,59618
206.10518,125.82001,59627
206.10518,125.82001,59638
206.10518,125.82001,59647
206.10518,126.20999,59656
205.91133,126.51324,59664
205.81544,126.60102,59672
205.68224,126.77626,59679
205.06041,126.82001,59686
204.6718,126.82001,59694
204.6718,126.82001,59705
204.6718,126.82001,59717
204.15182,126.82001,59726
204.02182,126.82001,59735
204.10045,126.438034,59744
204.17906,126.05605,59752
204.17906,126.05605,59762
204.17906,126.05605,59772
203.78908,126.05605,59780
203.1538,125.93335,59789
202.64851,125.82002,59795
202.43954,125.82002,59802
202.23041,125.69055,59810
202.18,125.07945,59817
202.18,124.6948,59825
202.18,124.304825,59832
202.18,123.654854,59840
202.2868,123.279785,59848
202.4292,122.77969,59855
202.53601,122.404625,59863
202.73804,122.07105,59870
203.07475,121.51511,59879
203.34413,121.07034,59888
203.59825,120.80843,59895
203.76573,120.69569,59902
203.84181,120.13792,59910
204.03107,119.80915,59918
204.02003,119.34017,59926
204.06677,118.85475,59934
204.16026,118.080414,59942
204.18,117.693726,59949
204.18985,117.37478,59957
204.47937,117.16739,59965
204.60881,117.17943,59973
204.40439,117.179985,59981
204.18753,117.38469,59989
204.18,117.898674,59997
204.18,118.28794,60004
204.18,118.80373,60012
204.18,119.191895,60020
204.19525,119.637665,60027
204.56407,119.99407,60036
205.05428,120.420876,60044
205.19069,120.60487,60053
205.51541,120.99114,60063
206.0609,121.548615,60071
206.42403,121.92079,60078
206.87796,122.38599,60088
207.15031,122.6651,60099
207.53552,123.01436,60108
207.82445,123.2763,60116
208.01997,123.4476,60125
208.2056,123.626045,60135
208.46504,123.83178,60145
209.1147,123.82001,60156
209.5044,123.82001,60165
210.02417,123.82,60174
209.90144,123.88136,60182
209.90144,123.88136,60190
209.90144,123.88136,60308
209.90144,123.88136,60318
209.38147,123.88136,60327
209.04662,124.17239,60336
208.48833,125.049774,60433
208.48833,125.049774,60442
208.48833,125.049774,60450
208.09834,125.049774,60458
207.79039,125.538345,60465
207.56795,126.14906,60473
207.43448,126.515495,60480
206.91995,126.5905,60488
206.40541,126.665504,60495
205.89087,126.74051,60505
205.42688,126.82608,60515
204.90764,126.82001,60524
204.6489,126.82001,60535
204.6489,126.82001,60546
204.6489,126.82001,60557
204.25891,126.82001,60567
204.17998,126.302864,60575
204.18,126.045006,60585
204.18,126.045006,60595
204.18,126.045006,60605
203.66002,126.045006,60613
203.28026,125.95629,60620
202.64734,125.82002,60627
202.43863,125.82002,60633
202.29057,125.75092,60640
202.18,125.20537,60647
202.18,124.691505,60655
202.18,124.691505,60749
202.18,124.691505,60757
202.18,124.691505,60765
202.18,124.17153,60774
202.56165,124.12171,60783
202.9433,124.17998,60791
202.9433,124.17998,60800
202.9433,124.17998,60809
202.9433,123.79,60818
203.17514,123.34642,60825
203.40698,123.03284,60833
203.42653,122.64335,60840
203.45908,121.9942,60847
203.49164,121.34505,60855
203.50467,121.08539,60864
203.6257,120.85529,60872
203.8265,120.569336,60880
203.85367,120.133125,60886
204.02364,119.77265,60893
204.02003,119.21609,60900
204.02,118.82705,60909
204.00748,118.179436,60917
203.96303,117.66138,60925
203.90964,117.0136,60933
203.85619,116.36584,60940
203.82,115.718185,60949
203.82,115.46058,60958
203.82,115.46058,60968
203.82,115.46058,60978
203.82,114.940605,60984
203.82,114.42071,60992
203.81999,113.77092,61000
203.82,113.12124,61008
203.82,112.471825,61015
203.82,111.823715,61022
203.82,111.17494,61029
203.82,110.525215,61037
203.81999,109.74575,61045
203.82,109.22654,61055
203.82,108.709526,61064
203.78189,108.32694,61072
203.49144,108.16076,61080
202.85825,108.01419,61088
202.2256,107.865135,61097
201.4664,107.686356,61105
200.96028,107.56716,61114
200.96028,107.56716,61122
200.96028,107.56716,61128
200.96028,107.04719,61135
200.89133,106.40181,61142
200.82,105.62959,61148
200.82,105.42039,61157
200.71428,105.24985,61164
199.99171,105.17999,61170
199.86406,105.17999,61246
199.86406,105.17999,61251
199.86406,105.17999,61260
199.34409,105.17999,61268
198.8242,105.17999,61276
198.17442,105.18,61284
197.52477,105.18,61291
196.87541,105.17999,61298
196.22775,105.17999,61304
195.59766,105.04312,61310
194.97061,104.872025,61316
194.35541,104.66325,61322
193.74315,104.44506,61329
193.49826,104.35778,61413
193.49826,104.35778,61421
193.49826,104.35778,61428
194.14822,104.35778,61435
194.4274,104.57071,61442
194.8973,104.79334,61449
195.48466,105.07164,61458
195.9921,105.132385,61466
196.64182,105.149826,61474
197.29149,105.16917,61480
197.94116,105.18,61487
198.72034,105.17999,61496
199.23854,105.18,61504
199.8842,105.18,61511
200.27176,105.179985,61518
200.59354,105.179985,61526
200.84244,105.424034,61533
201.17683,105.981384,61539
201.44437,106.42726,61545
201.85725,106.926865,61552
202.37628,107.50906,61559
202.90874,107.87349,61565
203.35469,108.14088,61571
203.56302,108.17994,61578
203.80286,108.36393,61585
203.83289,108.47985,61592
203.81999,108.999664,61599
203.82,109.64934,61605
203.82,110.42848,61611
203.82,111.075165,61617
203.81999,111.59507,61623
203.81999,112.37486,61631
203.82,113.024605,61637
203.82,113.54432,61644
203.82,114.19364,61650
203.82,114.96929,61657
203.88588,115.35367,61664
203.99567,115.99429,61671
204.10545,116.634926,61676
204.19328,117.14743,61682
204.16528,117.652985,61688
204.18,118.30184,61694
204.18,118.81729,61701
204.18,119.33374,61707
204.18,119.33374,61713
204.18,119.33374,61719
204.18,119.33374,61787
204.18,119.33374,61794
204.18,119.853714,61800
204.68915,119.878235,61806
205.07103,119.82002,61813
205.07103,119.82002,61820
205.07103,119.82002,61827
205.07103,120.21001,61834
205.20523,120.65125,61841
205.53448,120.82551,61847
206.18419,120.82,61853
206.7037,120.82,61860
207.0924,120.8201,61866
207.0924,120.8201,61874
207.0924,120.8201,61883
207.0924,121.34007,61890
207.35236,121.47478,61897
207.67839,121.87983,61903
207.98854,122.448105,61909
208.12236,123.07915,61916
208.16069,123.336296,61996
208.16069,123.336296,62072
208.16069,123.336296,62078
208.16069,123.336296,62085
208.16069,123.85627,62091
208.67857,123.93959,62097
209.32704,123.89604,62104
209.97499,123.855965,62111
211.01184,123.82001,62191
211.01184,123.82001,62198
211.01184,123.82001,62206
211.53181,123.82001,62215
211.74666,124.200645,62223
211.82,124.67299,62229
211.82,124.93274,62236
211.82,124.93274,62243
211.82,124.93274,62251
211.82,124.93274,62259
211.82002,124.4593,62264
211.6691,124.2153,62270
211.1339,124.148224,62276
210.62524,123.97998,62282
210.00314,123.97998,62289
209.50877,123.97998,62295
209.12477,123.91195,62302
208.61276,123.821236,62309
208.29326,124.04484,62316
207.86723,124.342964,62323
207.39784,124.56665,62329
207.01532,124.49069,62336
206.89665,124.99695,62343
206.82002,125.37664,62350
206.82002,125.584465,62357
206.70262,125.760506,62364
206.10007,125.82001,62369
206.10007,125.82001,62376
206.10007,125.82001,62385
206.10007,126.33998,62394
205.87666,126.60294,62401
205.87666,126.60294,62409
205.61223,126.813774,62418
205.09726,126.82001,62428
204.70845,126.8201,62436
204.70845,126.8201,62443
204.70845,126.8201,62451
204.18848,126.8201,62458
204.05849,126.8201,62467
204.1243,126.435715,62474
204.17998,126.05132,62482
204.17998,126.05132,62490
204.17998,126.05132,62498
203.66,126.05132,62505
203.02766,125.91706,62511
202.65091,125.82003,62518
202.44142,125.82003,62525
202.23354,125.69459,62532
202.18,125.08647,62538
202.18,124.70167,62545
202.18,124.181694,62552
202.18,123.66172,62560
202.28633,123.28652,62568
202.4636,122.66119,62575
202.53448,122.41106,62583
202.80338,121.96601,62590
203.13951,121.409706,62598
203.40842,120.96466,62605
203.59402,120.80889,62613
203.81389,120.61169,62620
203.92809,120.0821,62627
204.02003,119.57991,62633
204.02003,119.17028,62639
204.10107,118.52538,62646
204.18,117.88049,62653
204.18,117.42376,62660
204.36758,117.19494,62666
204.87393,117.17999,62671
205.0024,117.17999,62678
205.0024,117.17999,62685
205.0527,116.79327,62692
205.15334,116.01983,62700
205.06352,116.26605,62706
205.06352,116.26605,62715
204.77687,116.699875,62721
204.56187,117.025246,62728
204.39075,117.196594,62736
204.17406,117.42817,62745
204.18,118.07744,62754
204.17998,118.59564,62764
204.18,119.24197,62772
204.17998,119.24206,62778
204.17998,119.24206,62784
204.17998,119.24206,62868
204.17998,119.24206,62876
204.17998,119.63204,62884
204.17998,119.89203,62890
204.82513,119.820015,62897
204.95392,119.820015,62904
204.95392,119.820015,62910
205.14386,120.304054,62917
205.19104,120.62819,62923
205.471,120.83207,62930
206.25056,120.82,62937
206.8997,120.82,62943
207.15826,120.820015,62951
207.15826,120.820015,62958
207.46483,121.24,62966
207.69144,121.70799,62975
207.80475,121.94199,62983
208.00667,122.421165,62990
208.12665,123.05626,62998
208.1614,123.31392,63083
208.1614,123.31392,63173
208.1614,123.31392,63179
208.1614,123.31392,63187
208.1614,123.703896,63195
208.68095,123.82001,63201
209.3307,123.82,63207
210.11038,123.82001,63214
210.9043,123.8201,63297
210.9043,123.8201,63305
210.9043,123.8201,63312
211.29428,123.8201,63319
211.70319,124.2502,63326
211.82,124.802864,63333
211.82,124.93271,63340
211.82,124.93271,63348
211.82,124.67303,63354
211.82,124.44832,63360
211.65005,124.20427,63367
211.12947,124.137276,63374
210.84691,123.96631,63380
210.2159,123.97998,63386
209.55858,123.97998,63393
208.98271,123.888145,63401
208.59886,123.82002,63408
208.17528,124.121605,63416
207.85759,124.347786,63424
207.38814,124.57135,63431
207.00641,124.49152,63441
206.9203,124.87188,63452
206.82002,125.37902,63460
206.82002,125.58631,63468
206.6069,125.81551,63476
206.09528,125.82001,63485
206.09528,125.82001,63495
206.09528,125.82001,63504
206.09528,126.33998,63513
205.87254,126.60407,63520
205.87254,126.60407,63528
205.60742,126.81557,63534
204.96167,126.82001,63541
204.70264,126.82001,63549
204.70264,126.82001,63557
204.70264,126.82001,63565
204.31265,126.82001,63572
204.18266,126.82001,63578
204.1783,126.31072,63584
204.17998,126.05284,63591
204.17998,126.05284,63600
204.17998,126.05284,63608
203.66,126.05284,63615
202.90231,125.8842,63622
202.44987,125.820045,63628
202.24846,125.712166,63634
202.18,125.11913,63641
202.18,124.73368,63649
202.18,124.21371,63656
202.18,123.69373,63662
202.319,123.19269,63669
202.52753,122.44112,63676
202.79422,121.99474,63682
203.12758,121.436775,63689
203.39427,120.9904,63696
203.5741,120.81174,63702
203.72853,120.735016,63709
203.82,120.16291,63715
204.0201,119.84354,63722
204.0201,119.84091,63728
204.0201,119.83664,63735
204.02007,119.07228,63742
204.09442,118.42765,63749
204.17998,117.78436,63755
204.18,117.44153,63761
204.32956,117.21588,63767
204.95229,117.17999,63774
204.95229,117.17999,63781
204.95229,117.17999,63787
204.95229,116.66002,63794
205.06949,116.02343,63800
205.17998,115.3908,63807
205.18,114.870964,63814
205.18,114.99543,63820
205.01323,115.48794,63827
204.80478,116.10357,63833
204.59633,116.71921,63840
204.51294,116.96546,63847
204.3791,117.18835,63854
204.16986,117.45126,63861
204.18,118.10048,63868
204.18,118.74709,63876
204.18,119.26438,63885
204.18028,119.59659,63895
204.4305,119.8724,63902
204.91913,120.301,63908
205.20859,120.666695,63914
205.48041,120.946335,63920
205.93344,121.4124,63925
206.47708,121.97168,63932
206.93011,122.43775,63939
207.20193,122.717384,63948
207.49152,122.97859,63956
207.97417,123.413925,63962
208.07068,123.50099,63968
208.16722,123.58806,63974
208.3434,123.792076,63980
209.10272,123.82001,63986
209.75237,123.82001,63992
210.40193,123.82,63998
210.92053,123.8201,64005
210.92053,123.8201,64010
210.92053,123.8201,64093
210.92053,123.8201,64101
211.31052,123.8201,64108
211.7106,124.25658,64114
211.82,124.68717,64121
211.8201,124.94691,64129
211.8201,124.94691,64137
211.8201,124.94691,64145
211.8201,124.94691,64153
211.82,124.6872,64160
211.82,124.4603,64167
211.74196,124.27762,64174
211.44745,124.171684,64181
211.10739,124.10251,64188
210.62381,123.97997,64195
210.0018,123.97997,64201
209.50812,123.97997,64208
209.15697,124.02884,64216
208.9326,124.34144,64223
208.51733,125.001656,64308
208.51733,125.001656,64314
208.51733,125.001656,64321
207.99736,125.001656,64328
207.72012,125.50035,64335
207.53606,126.12371,64342
207.42563,126.49773,64349
206.9119,126.57803,64356
206.26973,126.67842,64363
205.88443,126.738655,64370
205.42233,126.82627,64377
204.77354,126.82001,64384
204.64438,126.82001,64394
204.64438,126.82001,64403
204.64438,126.82001,64411
204.1244,126.82001,64417
204.11177,126.31345,64423
204.17044,126.06017,64430
204.17044,126.06017,64437
204.17044,126.06017,64445
203.65047,126.06017,64452
203.01949,125.92099,64459
202.64372,125.82003,64466
202.43582,125.82003,64474
202.22446,125.68251,64480
202.18,125.06604,64486
202.18,124.68172,64492
202.18,124.68172,64568
202.18,124.68172,64575
202.18,124.68172,64582
202.18,124.16174,64591
202.68788,124.14321,64597
202.94182,124.179985,64605
202.94182,124.179985,64613
202.94182,124.179985,64620
202.94182,123.79,64627
203.2874,123.141495,64634
203.39633,122.65503,64640
203.44624,121.87668,64647
203.48985,121.22817,64654
203.66435,120.77757,64661
203.8286,120.55872,64668
203.90271,120.10319,64676
204.02003,119.63959,64682
204.02003,119.208435,64689
204.02,118.68983,64696
203.98407,117.91309,64703
203.92966,117.26541,64709
203.87646,116.61762,64715
203.82324,115.96984,64721
203.82,115.45333,64728
203.82,115.45333,64736
203.82,115.45333,64743
203.82,114.93336,64751
203.82,114.28348,64757
203.82,113.63373,64763
203.82,112.98408,64769
203.82,112.20504,64776
203.82,111.55977,64782
203.82,111.03992,64789
203.82,110.260284,64796
203.82,109.61083,64803
203.82,108.83318,64810
203.77924,108.322556,64817
203.4841,108.1582,64823
202.72394,107.98384,64830
202.0914,107.834335,64837
201.3323,107.65511,64843
200.95276,107.565506,64849
200.95276,107.565506,64855
200.95276,107.565506,64862
200.95276,107.04553,64868
200.88008,106.270676,64874
200.82,105.627846,64881
200.82,105.419014,64887
200.71228,105.248024,64894
200.1167,105.17999,64901
199.98792,105.17999,64968
199.98792,105.17999,64974
199.98792,105.17999,64980
199.33795,105.17999,64986
199.46497,105.17999,64992
199.98375,105.17999,64998
200.37003,105.17999,65005
200.57932,105.17999,65011
200.89745,105.51844,65017
201.23236,106.07548,65023
201.56728,106.632515,65030
201.91849,107.01595,65036
202.4453,107.59111,65041
202.89043,107.85988,65046
203.33556,108.12864,65051
203.64514,108.1989,65057
203.82367,108.63193,65064
203.82,108.63359,65071
203.82,109.153404,65077
203.82,109.932915,65083
203.82,110.71155,65090
203.82,111.0986,65096
203.81999,111.748474,65103
203.82,112.3983,65109
203.82,113.17796,65116
203.81999,113.827515,65123
203.82,114.34678,65129
203.82002,114.992226,65135
203.9308,115.632675,65142
204.0416,116.27313,65148
204.17455,117.04168,65155
204.17644,117.80714,65162
204.18,118.45571,65170
204.18,118.840996,65177
204.18,118.840996,65185
204.18,118.840996,65191
204.18,118.840996,65270
204.18,118.840996,65277
204.18,119.23097,65285
204.17995,119.572174,65291
204.35875,119.80079,65298
204.9911,119.82001,65304
204.9911,119.82001,65311
204.9911,119.82001,65318
204.9911,120.33998,65325
205.2324,120.69674,65331
205.50702,120.8309,65338
206.15672,120.82,65345
206.80603,120.82,65352
207.06511,120.8201,65359
207.06511,120.8201,65366
207.06511,120.8201,65373
207.06511,121.34007,65380
207.45503,121.47679,65386
207.81352,122.01896,65393
208.02644,122.49334,65400
208.14253,123.1281,65406
208.17397,123.38618,65484
208.17397,123.38618,65556
208.17397,123.38618,65563
208.17397,123.38618,65570
208.17397,123.90615,65577
208.691,123.98095,65584
209.33864,123.92659,65591
209.85617,123.88583,65597
210.89276,123.82001,65669
210.89276,123.82001,65675
210.89276,123.82001,65683
211.41273,123.82001,65690
211.6922,124.18021,65697
211.82515,124.59925,65704
211.82,124.98882,65711
211.82,124.98882,65720
211.82,124.98882,65730
211.82,124.98882,65740
211.82,124.729065,65748
211.82005,124.496666,65755
211.77869,124.32923,65761
211.41948,124.17855,65768
211.0991,124.09141,65775
210.47043,123.97997,65781
209.85947,123.97997,65788
209.49628,123.97997,65795
208.98445,123.88828,65803
208.60059,123.820015,65810
208.2827,124.04591,65816
207.85884,124.347115,65822
207.3894,124.57072,65828
207.00757,124.49142,65834
206.92108,124.87169,65840
206.82002,125.378716,65847
206.82002,125.586075,65853
206.60742,125.81533,65860
206.0959,125.82001,65866
206.0959,125.82001,65873
206.0959,125.82001,65879
206.0959,126.33998,65885
205.87308,126.60392,65891
205.87308,126.60392,65898
205.48174,126.82978,65904
204.8328,126.82001,65911
204.70341,126.82001,65918
204.70341,126.82001,65924
204.5786,126.82001,65930
204.36784,126.808365,65936
204.16728,126.50443,65943
204.18,125.98847,65949
204.18,125.98847,65955
204.18,125.98847,65962
203.79001,125.98847,65968
203.14893,125.89276,65974
202.63783,125.82002,65981
202.43126,125.82002,65987
202.21759,125.672516,65995
202.18,125.18013,66004
202.17998,124.66696,66011
202.18,124.14699,66017
202.18,123.627014,66023
202.32492,123.12765,66031
202.50609,122.50344,66038
202.81361,121.935005,66044
203.22055,121.269615,66051
203.3562,121.04781,66058
203.62648,120.79998,66066
203.83229,120.52599,66072
203.90962,120.09785,66079
204.02002,119.504944,66086
204.02002,119.19746,66092
204.06792,118.81043,66098
204.14775,118.16538,66104
204.18,117.65015,66111
204.18,117.436714,66118
204.33972,117.2096,66125
204.96606,117.17999,66132
204.96606,117.17999,66142
204.96606,117.17999,66150
204.96606,116.66002,66159
204.96606,116.53002,66170
204.96606,116.53002,66179
204.7283,116.83914,66185
204.5698,117.04522,66193
204.39027,117.193825,66199
204.1742,117.427605,66206
204.18,118.07687,66212
204.18,118.723076,66217
204.18,119.23866,66223
204.18,119.23883,66230
204.18,119.23883,66236
204.18,119.23883,66312
204.18,119.23883,66322
204.18,119.75881,66329
204.18,119.8888,66336
204.6963,119.827225,66342
204.95416,119.820015,66349
204.95416,119.820015,66356
204.95416,119.820015,66363
204.95416,120.33999,66371
205.23917,120.69964,66377
205.51758,120.82949,66384
206.4271,120.82,66390
207.07559,120.82001,66396
207.07559,120.82001,66403
207.07559,120.82001,66410
207.07559,121.33998,66417
207.33554,121.47459,66424
207.66728,121.874985,66432
207.98166,122.44071,66439
208.1186,123.071045,66446
208.15814,123.328,66528
208.15814,123.328,66607
208.15814,123.328,66613
208.15814,123.328,66620
208.15814,123.84798,66627
208.67615,123.93272,66632
209.45428,123.88075,66639
210.36203,123.82945,66715
210.36203,123.82945,66722
210.75125,123.82001,66728
211.41882,124.14095,66734
211.74364,124.2778,66740
211.82,124.87342,66747
211.82,125.0032,66754
211.82,125.0032,66761
211.82,124.74344,66768
211.82005,124.40803,66774
211.45627,124.170166,66781
211.10992,124.10608,66789
210.50626,123.97998,66796
210.0103,123.97998,66802
209.5123,123.97998,66809
209.00026,123.88954,66816
208.61621,123.82172,66822
208.0829,124.193245,66829
207.51215,124.50205,66835
207.01297,124.48799,66842
206.92496,124.867905,66851
206.82002,125.374466,66859
206.82002,125.58278,66867
206.6145,125.81267,66874
206.10448,125.82001,66880
206.10448,125.82001,66888
206.10448,125.82001,66895
206.10448,126.33998,66903
205.88045,126.60192,66911
205.77315,126.675285,66918
205.39867,126.82592,66925
204.87949,126.82,66932
204.62093,126.8201,66939
204.62093,126.8201,66946
204.62093,126.8201,66954
204.23094,126.8201,66961
204.06688,126.4421,66967
204.16281,126.0641,66975
204.16281,126.0641,66984
204.16281,126.0641,66991
203.77283,126.0641,66997
203.13873,125.93665,67004
202.63461,125.82002,67010
202.42879,125.82002,67017
202.21404,125.66703,67023
202.18,125.04322,67029
202.18,124.659515,67037
202.18,124.13954,67045
202.18,123.61957,67052
202.2892,123.24519,67058
202.50764,122.49645,67065
202.81586,121.928375,67072
203.22356,121.26345,67079
203.35945,121.04181,67085
203.6313,120.79921,67092
203.8046,120.63346,67099
203.86847,120.12576,67107
204.02003,119.7319,67115
204.02003,119.188866,67122
204.0842,118.67287,67130
204.1644,118.02787,67136
204.18,117.64176,67143
204.18,117.42999,67149
204.3541,117.2016,67156
204.98508,117.179985,67162
204.98508,117.179985,67168
204.98508,117.179985,67175
204.98508,116.66001,67182
205.09033,116.02081,67190
205.17998,115.3857,67197
205.18,114.86585,67203
205.18,114.346054,67209
205.18001,113.56655,67216
204.92418,113.73104,67222
204.92418,113.73104,67229
204.84525,114.11295,67235
204.71368,114.749466,67241
204.5821,115.38598,67247
204.52948,115.64058,67255
204.49397,116.15934,67263
204.44957,116.80779,67270
204.34085,117.17753,67277
204.1712,117.52537,67284
204.18,118.1745,67290
204.18,118.82019,67296
204.17998,119.20826,67302
204.17998,119.336586,67308
204.17998,119.336586,67314
204.17998,119.336586,67388
204.17998,119.336586,67396
204.17998,119.85656,67405
204.56166,119.90649,67411
205.07056,119.820015,67418
205.07056,119.820015,67426
205.07056,119.820015,67435
205.07056,120.21,67443
205.19531,120.637955,67449
205.49718,120.83213,67455
206.27673,120.82001,67461
206.92581,120.82,67468
207.05525,120.8201,67475
207.05525,120.8201,67483
207.31389,121.11198,67489
207.58423,121.55305,67495
207.82971,122.01142,67502
208.03363,122.48974,67508
208.14476,123.1258,67514
208.17484,123.38405,67592
208.17484,123.38405,67674
208.17484,123.38405,67681
208.17484,123.38405,67689
208.17484,124.03401,67695
208.68326,124.18498,67701
209.22467,123.99002,67707
209.87054,123.92134,67714
210.90466,123.820015,67791
210.90466,123.820015,67799
210.90466,123.820015,67808
211.42464,123.820015,67817
211.69814,124.182625,67824
211.82523,124.608734,67832
211.8201,124.99828,67837
211.8201,124.99828,67843
211.8201,124.99828,67851
211.8201,124.99828,67860
211.82,124.738525,67867
211.82,124.40435,67874
211.57162,124.17472,67882
211.10794,124.10329,67890
210.75275,123.97998,67899
210.24802,123.97998,67906
209.66887,123.97998,67913
209.19417,123.91581,67921
208.68129,123.83025,67931
208.35307,124.040886,67938
207.91547,124.321724,67945
207.5631,124.48882,67953
207.06012,124.485756,67961
206.92258,124.987206,67968
206.82002,125.3633,67977
206.82002,125.57401,67987
206.71767,125.747154,67996
206.25682,125.82001,68003
206.00006,125.82001,68014
206.00006,125.82001,68023
205.87086,126.32368,68031
205.82004,126.440796,68039
205.82004,126.552765,68049
205.69229,126.76883,68058
205.33588,126.820335,68066
204.81682,126.82001,68074
204.68748,126.82001,68082
204.68748,126.82001,68094
204.56316,126.82001,68102
204.4557,126.82001,68111
204.29944,126.75835,68122
204.18,126.349495,68128
204.18,125.963356,68138
204.18,125.963356,68148
204.18,125.963356,68161
203.65993,125.963356,68169
203.14658,125.89183,68176
202.63542,125.820015,68184
202.4294,125.820015,68192
202.27545,125.73853,68200
202.18,125.17434,68207
202.18,124.66135,68215
202.18,124.27137,68223
202.18,123.751396,68232
202.28908,123.24699,68240
202.4709,122.62297,68250
202.70561,122.1624,68257
203.03561,121.60243,68265
203.36546,121.04237,68273
203.6355,120.79744,68282
203.8085,120.62484,68290
203.8731,120.12307,68297
204.02003,119.719315,68304
204.02002,119.18115,68311
204.06836,118.794174,68319
204.14891,118.14922,68328
204.18,117.63425,68336
204.18,117.424034,68344
204.28267,117.25263,68354
204.74406,117.17999,68360
205.00165,117.17999,68368
205.00165,117.17999,68378
205.00165,117.17999,68389
205.00165,116.79001,68396
205.00165,116.66002,68405
204.63344,117.02716,68412
204.34848,117.20124,68419
204.34848,117.20124,68429
204.17256,117.5304,68436
204.18001,118.04978,68445
204.18,118.56748,68454
204.18,119.214165,68462
204.18,119.342445,68468
204.18,119.342445,68477
204.18,119.342445,68567
204.18,119.342445,68575
204.18,119.73242,68582
204.69763,119.82001,68589
204.95566,119.82001,68596
204.95566,119.82001,68605
204.95566,119.82001,68613
204.95566,120.20999,68622
205.23935,120.70044,68628
205.64896,120.82513,68635
206.29865,120.82001,68642
206.94765,120.82001,68649
207.07703,120.82001,68658
207.07703,120.82001,68665
207.33012,121.11671,68674
207.65588,121.67615,68682
207.7766,121.90642,68690
207.93213,122.26404,68697
208.08765,122.621666,68706
208.13214,123.0091,68714
208.17664,123.39654,68813
208.17664,123.39654,68919
208.17664,123.39654,68930
208.17664,123.39654,68939
208.17664,123.786514,68946
208.69543,123.88167,68952
209.34473,123.85282,68960
210.12335,123.82233,68968
210.90182,123.8201,69058
210.90182,123.8201,69066
210.90182,123.8201,69074
211.29181,123.8201,69081
211.69675,124.18214,69089
211.82526,124.6066,69098
211.82,124.99615,69108
211.82,124.99615,69116
211.82,124.99615,69124
211.82,124.99615,69134
211.8201,124.73639,69142
211.82004,124.503174,69151
211.7367,124.27172,69160
211.4359,124.174126,69171
211.10403,124.09787,69180
210.61244,123.97998,69188
210.11214,123.97998,69196
209.65898,123.97998,69203
209.05792,123.89385,69211
208.67332,123.82926,69218
208.23697,124.11204,69226
207.90968,124.32411,69234
207.55739,124.49135,69241
207.05472,124.48642,69249
206.91942,124.98848,69258
206.82004,125.36502,69267
206.82004,125.57537,69277
206.63045,125.805954,69286
206.12425,125.82001,69294
205.99643,125.82001,69301
205.99643,125.82001,69310
205.86943,126.32424,69319
205.82004,126.44149,69329
205.82004,126.553406,69339
205.6909,126.769875,69346
205.2037,126.82,69353
204.6852,126.8201,69359
204.6852,126.8201,69366
204.6852,126.8201,69375
204.16522,126.8201,69383
204.03523,126.8201,69390
204.10919,126.437195,69397
204.18,126.05429,69405
204.18,126.05429,69414
204.18,126.05429,69424
203.66002,126.05429,69432
203.15352,125.952644,69439
202.65152,125.82003,69445
202.4419,125.82003,69453
202.29617,125.755165,69462
202.18,125.21757,69469
202.18,124.703415,69476
202.18,124.31343,69482
202.18,123.66346,69489
202.28622,123.28823,69499
202.42787,122.78792,69507
202.5341,122.41269,69515
202.73569,122.07885,69524
203.00447,121.63373,69532
203.27324,121.188614,69540
203.6027,120.804535,69549
203.77267,120.68666,69556
203.84717,120.13576,69563
204.02832,119.79239,69570
204.02003,119.32608,69577
204.08276,118.71371,69586
204.16118,118.06849,69596
204.18,117.681915,69606
204.19434,117.3643,69614
204.38196,117.18877,69623
204.89139,117.17999,69631
205.0197,117.17999,69641
205.0197,117.17999,69652
204.63336,117.17999,69662
204.42334,117.17999,69669
204.17082,117.47202,69676
204.00609,118.10076,69682
204.02003,118.546906,69689
204.02003,118.86279,69698
204.02,119.375374,69706
204.0054,120.00427,69714
203.85686,120.36485,69720
203.7952,120.65321,69727
203.50839,120.89942,69735
202.98058,121.27871,69744
202.55884,121.58287,69754
202.03163,121.96303,69762
201.60988,122.26715,69771
201.18813,122.57128,69779
200.97723,122.72334,69789
200.88344,123.101875,69796
200.82089,123.354225,69805
200.7863,123.67235,69814
200.41006,123.82321,69822
200.2803,123.82001,69830
199.89197,123.82001,69838
199.37202,123.82,69846
198.8521,123.82001,69856
198.33218,123.82,69863
197.68233,123.82,69871
197.16252,123.82001,69880
196.64288,123.82,69889
196.12425,123.82001,69900
195.73428,123.82,69909
195.21434,123.82,69918
194.69443,123.82,69927
194.17453,123.82,69935
193.5247,123.82,69944
193.00497,123.82,69953
192.4857,123.82,69962
192.10248,123.89223,69970
191.59149,123.988525,69979
191.20827,124.06075,69989
190.73279,123.97814,69998
190.73279,123.97814,70009
190.73279,123.97814,70019
190.73279,123.97814,70027
190.73279,123.97814,70134
190.73279,123.97814,70144
191.25276,123.97814,70152
191.64258,124.1988,70162
191.82402,124.46838,70170
191.94257,124.97467,70178
191.94257,124.97467,70186
191.94257,124.97467,70197
191.94257,124.97467,70206
191.85855,124.72863,70216
191.82005,124.415436,70224
191.65903,124.20935,70231
191.13045,124.13967,70239
190.7269,123.97997,70246
190.22359,123.97998,70253
189.65468,123.97998,70260
189.34369,123.97998,70268
189.19821,124.01479,70274
189.27081,123.98818,70282
188.76509,123.86728,70289
188.42006,123.82005,70295
188.17378,123.56887,70302
188.16597,123.17897,70308
188.16597,123.17897,70316
188.16597,123.17897,70326
187.646,123.17897,70334
187.3804,123.68095,70341
187.23941,124.181435,70348
187.02522,124.93141,70355
186.95384,125.181404,70362
186.72598,125.648796,70368
186.44116,126.23303,70375
186.15634,126.817276,70381
185.85094,127.3909,70388
185.54039,127.96188,70395
185.54039,127.96188,70501
185.54039,127.96188,70509
185.54039,127.96188,70517
185.02042,127.96188,70525
184.96353,128.47668,70532
185.04466,129.12155,70539
185.10756,129.63771,70548
185.17049,130.15385,70557
185.18,130.67287,70565
185.18001,131.19281,70572
185.18,131.71272,70578
185.18001,132.3626,70585
185.18,133.01239,70592
185.18,133.66191,70599
185.18,134.18011,70605
185.18,134.18011,70614
185.18,134.18011,70622
185.18,133.79015,70629
185.18,133.14023,70635
185.18,132.49037,70641
185.18001,131.71068,70647
185.18,131.06146,70653
185.18,130.80264,70659
185.18,130.28276,70666
185.18001,129.50308,70673
185.18,128.85397,70681
185.18251,128.38939,70688
185.55595,128.09947,70695
186.13124,127.79704,70702
186.70529,127.49222,70709
187.39421,127.12651,70716
187.96829,126.821754,70724
188.05894,126.30974,70733
188.17223,125.66972,70743
188.17996,125.44522,70753
188.48778,125.07908,70761
188.98311,124.65824,70767
189.02994,124.33944,70773
189.04579,124.19148,70780
189.4344,123.965904,70787
190.08221,123.92276,70794
190.73038,123.874435,70801
191.24892,123.83587,70808
191.76697,123.82001,70815
192.2869,123.82,70822
192.80682,123.82001,70829
193.45671,123.82,70835
194.2365,123.82,70842
194.88615,123.82,70849
195.53477,123.82,70855
195.91055,123.92438,70861
196.53685,124.098175,70868
196.91263,124.20245,70877
197.2794,124.33501,70885
197.89067,124.55592,70893
198.13518,124.644295,70901
198.62242,124.82587,70908
199.23146,125.05284,70915
199.87071,125.1496,70923
200.38777,125.17999,70930
200.59897,125.17999,70937
200.76639,125.30507,70944
200.82,125.91677,70952
200.82002,126.433754,70960
200.82002,126.433754,70970
200.82002,126.433754,70979
200.82002,125.91378,70987
200.82002,125.65535,70998
200.81564,125.265564,71007
200.79826,124.74588,71017
200.78091,124.2262,71024
200.76788,123.83643,71033
200.82002,123.35643,71041
201.05005,122.76114,71049
201.33694,122.17791,71057
201.56631,121.71126,71150
201.56631,121.71126,71158
201.56631,121.71126,71251
201.56631,121.71126,71260
201.95628,121.71126,71268
202.52234,121.42802,71275
202.9584,121.144775,71283
203.28545,120.93234,71291
203.59787,120.82005,71297
203.59787,120.82005,71403
203.59787,120.82005,71409
203.59787,120.82005,71419
204.11784,120.82005,71428
204.14476,120.44394,71438
204.00732,119.94246,71446
204.02003,119.36343,71453
204.02003,119.17769,71461
204.02003,119.17769,71470
204.0846,118.661736,71478
204.14917,118.14579,71486
204.18,117.630875,71495
204.18,117.42138,71503
204.37276,117.1926,71514
205.0089,117.17999,71524
205.0089,117.17999,71535
205.0089,117.17999,71544
205.0089,117.17999,71553
204.62277,117.17999,71560
204.41505,117.17999,71567
204.19914,117.35885,71574
204.18,117.99538,71581
204.18,118.51366,71589
204.17998,118.77135,71597
204.18,119.1597,71606
204.18387,119.60874,71612
204.44032,119.883575,71618
204.92972,120.31131,71626
205.21542,120.67797,71634
205.4875,120.957344,71644
205.941,121.42297,71654
206.30377,121.79548,71665
206.75726,122.26111,71675
207.21074,122.72674,71685
207.23016,123.246346,71693
207.24959,123.76596,71703
207.26901,124.28557,71709
207.29329,124.93508,71716
207.31757,125.584595,71726
207.33699,126.10421,71736
207.35155,126.49392,71742
207.35155,126.49392,71751
207.35155,126.49392,71761
206.83157,126.49392,71769
206.32457,126.593636,71776
205.82188,126.72659,71785
205.5029,126.830086,71795
204.98358,126.82,71804
204.72447,126.82001,71814
204.5991,126.82001,71822
204.3879,126.81608,71832
204.20982,126.66059,71840
204.18,126.03466,71847
204.18,126.03466,71855
204.18,126.03466,71863
204.18,126.554634,71875
204.18,126.68462,71887
204.18,126.68462,71899
204.44708,126.828835,71908
204.96654,126.82001,71914
205.35522,126.82001,71921
205.87444,126.80512,71928
206.39355,126.77537,71935
207.04245,126.73819,71943
207.49007,126.31922,71950
207.88734,125.80481,71958
208.04626,125.599045,71968
208.19328,125.399254,71977
208.42845,125.11902,71985
208.91537,124.688484,71993
209.02992,124.34328,72001
209.02992,124.30594,72008
209.02994,124.29546,72016
209.03119,124.26987,72022
209.06396,124.150795,72029
209.45284,123.97998,72039
210.96779,123.99159,72130
210.96779,123.99159,72138
210.96779,123.99159,72147
211.48776,123.99159,72156
211.71565,124.232445,72163
211.82,124.803955,72173
211.82,124.9338,72180
211.82,124.9338,72189
212.33795,124.979836,72198
212.85588,125.02587,72205
213.5033,125.08341,72212
214.02122,125.12945,72221
214.79788,125.17999,72228
215.18785,125.18,72236
215.83777,125.18,72245
216.35768,125.18,72253
217.00752,125.18,72260
217.42006,124.911125,72267
217.42006,124.911125,72275
217.83109,124.59267,72283
218.24213,124.2742,72290
218.65317,123.955734,72298
219.0416,123.92103,72307
219.55951,123.87475,72316
220.07742,123.828476,72324
220.33629,123.82001,72334
220.67192,123.78865,72345
221.02838,123.63049,72353
221.62251,123.366905,72360
222.21663,123.10332,72367
222.45427,122.99789,72375
222.8441,122.98669,72384
223.49379,122.96803,72391
224.01355,122.95311,72397
224.66325,122.934456,72405
225.31296,122.9158,72413
225.83272,122.90088,72424
226.35248,122.885956,72431
226.8388,123.06994,72440
227.44673,123.29991,72447
228.05466,123.529884,72454
228.16193,123.603325,72461
228.39053,123.81474,72469
228.9063,123.82,72478
229.55591,123.82001,72486
230.20375,123.82001,72493
230.20375,123.82001,72501
230.20375,123.82001,72510
230.20375,123.82001,72610
230.20375,123.82001,72620
229.68378,123.82001,72629
229.4887,123.9799,72637
229.35135,123.979904,72645
229.15839,124.0399,72653
229.20493,124.01245,72662
228.7369,123.86403,72673
228.40147,123.82005,72680
228.22104,123.678276,72688
228.18,123.189224,72696
228.18,123.061615,72706
228.18,123.061615,72715
228.18,123.31943,72723
228.19698,123.64366,72732
228.51077,123.83091,72739
229.03052,123.82,72747
229.6795,123.82,72753
230.19756,123.8201,72761
230.6937,123.97572,72770
231.17944,124.08153,72781
231.61203,124.185005,72790
231.79494,124.34719,72799
231.82,124.84979,72806
231.82002,124.979034,72816
231.82002,124.979034,72825
232.33983,124.96635,72834
232.81396,124.75287,72843
233.16957,124.59276,72852
233.5557,124.53809,72861
234.07054,124.4652,72870
234.58537,124.39232,72880
235.10022,124.31943,72887
235.61249,124.23071,72894
236.37971,124.09037,72901
237.01912,123.973656,72910
237.53064,123.88028,72921
237.78639,123.833595,72931
238.1763,123.826164,72941
238.82614,123.82001,72949
239.47588,123.82,72957
240.12505,123.82,72964
240.70126,123.76329,72971
241.12215,123.457954,72978
241.64853,123.07665,72985
241.7538,123.00039,72998
241.7538,123.00039,73006
241.32295,123.291504,73014
240.7844,123.655396,73022
240.58394,123.82292,73029
239.93431,123.82,73037
239.41449,123.82001,73044
238.76501,123.82,73052
238.37616,123.82001,73059
237.98619,123.82,73066
237.33627,123.82,73072
236.68639,123.82,73078
236.1665,123.82001,73085
235.51672,123.82,73092
234.86731,123.82,73100
234.47878,123.8201,73111
234.0888,123.82,73120
233.56888,123.82,73128
232.91899,123.82,73138
232.3991,123.82,73146
232.0092,123.82,73155
231.48944,123.82,73164
230.97003,123.82001,73172
230.7109,123.82001,73181
230.3215,123.82,73189
229.67174,123.82001,73198
229.28201,123.82,73206
228.634,123.82,73213
228.41823,123.820045,73222
227.95425,123.58533,73229
227.49026,123.35061,73237
226.9103,123.057205,73244
226.27437,122.991394,73251
225.75462,122.97691,73260
225.23491,122.96025,73268
224.7152,122.94367,73278
224.1955,122.927086,73288
223.67578,122.9105,73296
223.02614,122.88976,73306
222.53078,123.04781,73314
221.91156,123.24537,73322
221.29234,123.44292,73330
221.04465,123.52194,73339
220.82246,123.65696,73348
220.60202,123.817276,73358
220.08437,123.82001,73368
219.56483,123.82001,73378
219.17598,123.82001,73385
218.65604,123.82,73392
217.87616,123.82001,73399
217.22629,123.82,73406
216.44655,123.82,73412
215.79701,123.82,73418
215.27867,123.82001,73424
214.75873,123.82001,73431
214.75812,123.82001,73438
214.75812,123.82001,73446
215.27809,123.82001,73453
215.92802,123.82,73459
216.70787,123.82,73466
217.35768,123.82,73473
218.13713,123.82001,73480
218.65538,123.82001,73486
219.17522,123.82,73492
219.69492,123.82,73498
220.34337,123.820015,73504
220.67767,123.78457,73511
221.1531,123.574,73517
221.74739,123.310776,73524
222.34167,123.04756,73531
222.98044,122.98752,73537
223.63014,122.96949,73544
224.27982,122.94959,73550
224.92947,122.92976,73556
225.57915,122.909935,73562
226.2288,122.89011,73569
226.72313,123.0251,73575
227.33084,123.25561,73581
227.93866,123.485855,73588
228.16724,123.6057,73595
228.3046,123.76588,73602
228.91762,123.82,73608
229.56656,123.82,73614
230.08533,123.82001,73622
230.2143,123.82001,73629
230.2143,123.82001,73637
230.2143,123.82001,73733
230.2143,123.82001,73739
229.69432,123.82001,73745
229.49364,123.9799,73752
229.3277,123.979904,73759
229.1608,124.038185,73765
229.18301,124.02474,73771
228.71541,123.86445,73778
228.39058,123.81696,73784
228.20981,123.660614,73790
228.18,123.16456,73796
228.18,123.16456,73803
228.18,123.16456,73811
228.18,123.68453,73817
228.18,123.94452,73824
228.69855,123.90609,73831
229.2171,123.86766,73837
229.86465,123.82001,73844
230.12364,123.82001,73850
230.62196,123.96851,73858
231.23137,124.09525,73865
231.65808,124.205734,73871
231.82683,124.43354,73878
231.82002,124.95201,73884
231.82002,124.95201,73891
231.82002,124.95201,73899
232.20999,124.95201,73906
232.81645,124.74378,73912
233.1738,124.58761,73919
233.56003,124.533676,73926
234.20375,124.44379,73933
234.84747,124.353905,73941
235.2337,124.29997,73948
235.74521,124.20653,73956
236.3846,124.08972,73962
236.8961,123.99628,73969
237.53549,123.87947,73976
237.79124,123.83275,73983
238.31113,123.82298,73990
238.831,123.82,73998
239.48073,123.82,74005
240.00018,123.82001,74011
240.38852,123.82001,74017
240.81908,123.66861,74025
241.34747,123.29011,74032
241.6645,123.06301,74039
241.6645,123.06301,74047
241.6645,123.06301,74056
241.6645,123.58299,74063
241.14555,123.74565,74070
240.88608,123.761986,74077
240.40674,123.83167,74085
239.88695,123.82,74093
239.23721,123.82,74101
238.58797,123.82001,74109
238.3291,123.82001,74117
237.93915,123.82001,74125
237.28923,123.82,74132
236.63934,123.82,74139
236.11946,123.82,74147
235.46971,123.82,74155
234.95015,123.82001,74162
234.43219,123.82001,74169
233.91225,123.82,74177
233.39232,123.82,74185
232.74243,123.82001,74193
232.22256,123.82,74202
231.57281,123.82,74210
230.92355,123.82,74218
230.66461,123.820015,74226
230.2747,123.82,74236
229.62495,123.82001,74245
228.97563,123.82001,74253
228.71655,123.82001,74262
228.38731,123.81589,74270
227.9245,123.57886,74279
227.4617,123.34183,74287
226.8832,123.04553,74294
226.24756,122.98069,74301
225.72775,122.96769,74307
225.07806,122.948685,74314
224.55832,122.93355,74321
223.90862,122.91463,74329
223.25893,122.8957,74336
222.99905,122.88812,74345
222.38068,123.0883,74353
221.88599,123.24844,74363
221.39128,123.408585,74372
221.02026,123.528694,74381
220.80006,123.66694,74390
220.5684,123.82651,74399
220.04865,123.82,74408
219.3994,123.82001,74418
219.14047,123.82001,74427
218.62053,123.82,74436
217.97063,123.82001,74444
217.32074,123.82,74452
216.80087,123.82,74458
216.15115,123.82,74464
215.50201,123.82,74472
215.24344,123.8201,74480
215.24344,123.8201,74490
214.7235,123.82,74498
214.20357,123.82,74506
213.55368,123.82,74514
212.90384,123.82001,74521
212.25415,123.82001,74528
211.73477,123.82,74535
211.47578,123.82001,74544
210.96445,123.91433,74553
210.70877,123.961494,74565
210.70877,123.961494,74573
210.95264,123.87139,74579
210.95264,123.87139,74586
210.95264,123.87139,74688
210.95264,123.87139,74698
211.34262,123.87139,74706
211.6672,124.20935,74714
211.8252,124.58735,74721
211.8201,124.97694,74729
211.8201,124.97694,74736
211.8201,124.97694,74744
211.8201,124.97694,74752
211.82,124.71719,74760
211.82005,124.48622,74767
211.7691,124.31361,74777
211.39146,124.17998,74786
211.127,124.13339,74795
210.83353,123.9669,74804
210.20302,123.97997,74815
209.73386,123.97997,74824
209.36787,123.97997,74833
208.96014,124.300865,74842
208.54384,124.96043,74951
208.54384,124.96043,74961
208.54384,124.96043,74970
208.15385,124.96043,74979
207.8862,125.3253,74987
207.70265,125.811806,74996
207.5191,126.2983,75003
206.96278,126.5191,75010
206.45235,126.61827,75017
205.81432,126.74223,75024
205.48003,126.8261,75034
204.9607,126.82001,75043
204.70168,126.82001,75052
204.70168,126.82001,75064
204.70168,126.82001,75077
204.31169,126.82001,75086
204.1817,126.82001,75097
204.1636,126.43967,75105
204.18,126.05261,75111
204.18,126.05261,75123
204.18,126.05261,75132
203.53003,126.05261,75140
203.027,125.93891,75149
202.65396,125.82521,75158
202.44437,125.82005,75166
202.23857,125.70081,75174
202.18,125.22698,75182
202.17998,124.71261,75190
202.17998,124.71261,75293
202.17998,124.71261,75301
202.17998,124.71261,75311
202.17998,124.192635,75320
202.69083,124.159584,75327
202.94603,124.179985,75334
202.94603,124.179985,75342
202.94603,124.179985,75351
202.94603,123.79,75358
203.25421,123.241196,75366
203.36916,122.617905,75373
203.42151,121.970055,75380
203.47511,121.3223,75388
203.49655,121.0632,75395
203.62508,120.837204,75404
203.82893,120.556694,75411
203.85805,120.131355,75418
204.01999,119.75984,75425
204.02003,119.298645,75431
204.02,118.688446,75438
203.99603,118.04101,75445
203.94135,117.39336,75453
203.8878,116.74559,75460
203.83424,116.09784,75468
203.82,115.451805,75475
203.82,115.451805,75486
203.82,115.451805,75496
203.82,114.93183,75504
203.82,114.281975,75510
203.82,113.63221,75517
203.82,112.98257,75524
203.82,112.333275,75530
203.82,111.81501,75536
203.82,111.166275,75542
203.81999,110.386604,75549
203.82,109.737076,75557
203.82,109.08825,75565
203.82,108.700966,75573
203.77727,108.31944,75579
203.35172,108.12936,75586
202.59166,107.95448,75593
201.95926,107.80437,75601
201.45332,107.684395,75609
200.94737,107.56443,75617
200.94737,107.56443,75627
200.94737,107.56443,75636
200.94737,106.91446,75643
200.87663,106.269325,75650
200.82002,105.62624,75657
200.82002,105.41777,75666
200.6227,105.190636,75674
199.98448,105.17999,75760
199.98448,105.17999,75766
199.98448,105.17999,75774
200.50446,105.17999,75781
200.63445,105.17999,75789
200.8697,105.47052,75798
201.27121,106.1392,75804
201.53888,106.584984,75811
201.88737,106.970894,75818
202.323,107.45327,75824
202.85167,107.824356,75830
203.29321,108.09896,75836
203.60371,108.1823,75843
203.75899,108.296974,75851
203.82,108.899345,75861
203.82,109.548965,75868
203.82,110.19841,75877
203.82,110.717316,75885
203.82,111.1043,75891
203.82,111.49423,75897
203.81999,112.14408,75903
203.82,112.79387,75909
203.82,113.44354,75916
203.81999,114.09296,75923
203.82,114.61172,75933
203.82,114.99783,75941
203.90884,115.51016,75949
203.99768,116.02249,75957
204.10872,116.6629,75966
204.19756,117.17524,75974
204.17178,117.68317,75983
204.18,118.20237,75991
204.18,118.71891,76000
204.18,119.23457,76010
204.18,119.57352,76019
204.50928,119.93686,76028
204.89899,120.281105,76037
205.19763,120.64523,76045
205.55544,121.021706,76053
205.91779,121.39464,76062
206.37056,121.86096,76069
206.82333,122.32728,76076
207.18555,122.70033,76084
207.47487,122.96184,76091
207.95705,123.39768,76098
208.05348,123.484856,76107
208.14992,123.57202,76117
208.2991,123.76086,76125
208.77426,123.82224,76132
209.2941,123.82,76139
209.94331,123.82,76147
210.46289,123.82001,76154
210.9811,123.82001,76161
210.9811,123.82001,76171
210.9811,123.82001,76275
210.9811,123.82001,76285
211.37108,123.82001,76292
211.67044,124.17129,76300
211.82626,124.43351,76308
211.82,124.82325,76315
211.8201,124.95308,76325
211.8201,124.95308,76335
211.82,124.693375,76341
211.82,124.46557,76348
211.67973,124.22225,76356
211.06895,124.0579,76364
210.64377,123.97999,76375
210.14241,123.97999,76383
209.5908,123.97999,76390
209.16855,124.021255,76400
208.87155,124.437675,76410
208.52576,124.98802,76513
208.52576,124.98802,76523
208.52576,124.98802,76534
208.13577,124.98802,76542
207.82413,125.475235,76549
207.64246,125.96244,76557
207.4608,126.449646,76564
206.949,126.5415,76573
206.43721,126.63334,76581
205.92542,126.72518,76589
205.60146,126.82063,76598
204.95308,126.82001,76607
204.69409,126.82001,76615
204.69409,126.82001,76625
204.69409,126.82001,76635
204.17412,126.82001,76643
204.04411,126.82001,76653
204.13861,126.30869,76660
204.17998,126.05303,76667
204.17998,126.05303,76677
204.17998,126.05303,76686
203.79,126.05303,76696
203.2808,125.96195,76704
202.77522,125.840515,76713
202.43977,125.82003,76723
202.2308,125.69108,76731
202.18,125.209656,76740
202.18,124.695694,76749
202.18,124.695694,76858
202.18,124.695694,76867
202.18,124.695694,76878
202.18,124.17572,76886
202.56195,124.12442,76895
202.94391,124.17998,76902
202.94391,124.17998,76910
202.94391,124.17998,76919
202.94391,123.78999,76927
203.25282,123.24174,76934
203.35866,122.74824,76941
203.41098,122.10039,76949
203.46445,121.45262,76955
203.49655,121.063965,76963
203.62492,120.83788,76972
203.78693,120.665665,76979
203.85774,120.13148,76986
204.02,119.76069,76993
204.02003,119.20735,77000
204.02,118.81831,77008
204.00745,118.17071,77015
203.96288,117.65266,77022
203.90933,117.0049,77030
203.85574,116.35715,77037
203.82,115.70952,77044
203.82,115.45201,77054
203.82,115.45201,77064
203.82,115.45201,77074
203.82,115.062035,77081
203.82,114.28219,77088
203.82,113.762375,77096
203.82,113.11269,77102
203.81999,112.46329,77108
203.82,111.81522,77117
203.82,111.16649,77126
203.81999,110.51675,77136
203.82,109.86716,77143
203.82,109.21809,77150
203.82,108.70117,77157
203.81816,108.40732,77164
203.3536,108.13453,77172
202.72038,107.98833,77179
201.96179,107.80702,77187
201.3296,107.65604,77194
200.95029,107.565445,77201
200.95029,107.565445,77209
200.95029,107.565445,77219
200.95029,107.04547,77226
200.88466,106.39966,77235
200.82,105.75493,77243
200.82,105.418335,77251
200.71129,105.24713,77257
200.1148,105.17999,77263
199.98604,105.17999,77348
199.98604,105.17999,77356
199.98604,105.17999,77364
200.50601,105.17999,77370
200.636,105.17999,77377
200.93753,105.58353,77383
201.27213,106.14075,77389
201.53981,106.58653,77396
201.88838,106.97236,77403
202.32411,107.45464,77410
202.74251,107.75692,77416
203.29459,108.099945,77423
203.60524,108.18277,77431
203.814,108.389336,77440
203.83167,108.51308,77448
203.81999,109.03288,77455
203.82,109.682556,77462
203.82,110.3319,77469
203.82,110.9795,77477
203.82,111.6278,77486
203.82,112.27763,77495
203.81999,112.797455,77503
203.82,113.317215,77511
203.81999,113.836845,77519
203.82,114.48577,77528
203.82,115.00135,77537
203.90897,115.51366,77546
203.99792,116.02597,77554
204.08688,116.53828,77563
204.17584,117.05058,77573
204.16695,117.55695,77581
204.18,118.20601,77590
204.18,118.72248,77598
204.18,119.238075,77607
204.18,119.238266,77615
204.18,119.238266,77627
204.18,119.238266,77728
204.18,119.238266,77735
204.18,119.75824,77742
204.18,119.88823,77750
204.69633,119.82692,77758
204.9542,119.82001,77768
204.9542,119.82001,77776
204.9542,119.82001,77784
204.9542,120.33998,77791
205.19798,120.69031,77798
205.46603,120.83112,77806
206.11574,120.82,77813
206.63531,120.82001,77819
207.15341,120.82001,77826
207.15341,120.82001,77836
207.15341,120.82001,77845
207.15341,121.33998,77853
207.41333,121.47533,77861
207.71689,121.8975,77869
207.94633,122.36411,77877
208.06105,122.59742,77886
208.13243,123.11247,77893
208.16812,123.369995,77996
208.16812,123.369995,78110
208.16812,123.369995,78118
208.16812,123.369995,78128
208.16812,123.88997,78138
208.68546,123.96755,78146
209.20374,123.926155,78154
209.85115,123.87875,78161
210.88814,123.82001,78245
210.88814,123.82001,78253
210.88814,123.82001,78264
211.27812,123.82001,78271
211.6953,124.243904,78280
211.82796,124.526794,78289
211.82,124.91643,78299
211.82,124.91643,78308
211.82,124.91643,78317
211.82,124.91643,78326
211.82,124.55354,78335
211.64618,124.202225,78344
211.14874,124.18,78352
210.84036,123.96652,78361
210.2096,123.97998,78369
209.6392,123.97998,78378
209.17032,123.914536,78386
208.65771,123.82727,78394
208.33234,124.042244,78401
207.89848,124.328865,78408
207.4289,124.55214,78415
207.04428,124.487656,78425
206.91331,124.99087,78436
206.82002,125.36828,78448
206.82002,125.577934,78457
206.62494,125.80839,78465
206.11734,125.82001,78471
205.98961,125.82001,78478
205.98961,125.82001,78490
205.86678,126.325264,78499
205.82005,126.44277,78507
205.82005,126.554565,78516
205.68839,126.771774,78524
205.19958,126.82001,78532
204.68109,126.82001,78541
204.68109,126.82001,78551
204.68109,126.82001,78562
204.16112,126.82001,78570
204.03113,126.82001,78581
204.10652,126.43738,78590
204.17998,126.054756,78597
204.17998,126.054756,78606
204.17998,126.054756,78616
203.79,126.054756,78624
203.15457,125.93264,78633
202.64914,125.82002,78640
202.44003,125.82002,78648
202.23122,125.69161,78657
202.17998,124.952286,78664
202.17998,124.69659,78673
202.18,124.30661,78683
202.18,123.65664,78693
202.32224,123.1565,78702
202.4645,122.656364,78712
202.76227,122.08232,78720
203.08925,121.520584,78727
203.41603,120.95874,78734
203.6021,120.807335,78742
203.77107,120.6888,78750
203.88991,120.11238,78758
204.02003,119.67374,78765
204.02003,119.232605,78771
204.08542,118.63939,78777
204.1508,118.12354,78784
204.18,117.60906,78792
204.18,117.40455,78801
204.31143,117.22848,78808
204.92484,117.17999,78816
205.0528,117.17999,78824
205.0528,117.17999,78834
205.0528,117.17999,78841
205.0528,117.17999,78848
204.66594,117.17999,78855
204.35077,117.201,78863
204.35077,117.201,78875
204.17136,117.52544,78882
204.18,118.17457,78889
204.18,118.81965,78896
204.18,119.33606,78906
204.18,119.33606,78917
204.18,119.33606,78927
204.18,119.33606,79032
204.18,119.33606,79041
204.18,119.85603,79049
204.56169,119.90614,79057
205.07065,119.82002,79067
205.07065,119.82002,79077
205.07065,119.82002,79085
205.07065,120.34,79093
205.20529,120.65113,79101
205.53427,120.82558,79108
206.18398,120.82001,79115
206.83324,120.82001,79122
207.09221,120.82001,79132
207.09221,120.82001,79142
207.09221,120.82001,79152
207.09221,121.33998,79160
207.35214,121.474724,79167
207.59673,121.77848,79175
207.75977,121.98099,79185
207.98845,122.447975,79194
208.1223,123.07901,79201
208.16066,123.33616,79293
208.16066,123.33616,79389
208.16066,123.33616,79399
208.16066,123.33616,79409
208.16066,123.85613,79417
208.67853,123.939476,79424
209.327,123.89596,79433
209.97495,123.85585,79442
211.01181,123.8201,79546
211.01181,123.8201,79555
211.01181,123.8201,79564
211.53178,123.8201,79572
211.74666,124.20073,79579
211.82,124.673065,79588
211.82,124.932816,79598
211.82,124.932816,79609
211.82,124.932816,79619
211.82,124.932816,79628
211.82,124.56842,79635
211.74088,124.27639,79642
211.44504,124.17216,79649
211.1067,124.10153,79657
210.62144,123.97998,79665
210.12074,123.97998,79672
209.57631,123.97998,79679
208.99507,123.88914,79686
208.61108,123.821,79693
208.18538,124.119576,79700
207.8661,124.343506,79707
207.3967,124.56719,79715
207.01427,124.49079,79722
206.92561,124.87056,79730
206.82002,125.37692,79737
206.82002,125.58469,79744
206.7023,125.76077,79751
206.0995,125.82001,79757
206.0995,125.82001,79765
206.0995,125.82001,79776
206.0995,126.20999,79786
205.90681,126.51453,79794
205.81142,126.60283,79802
205.57347,126.82552,79809
204.92427,126.82,79818
204.66544,126.8201,79825
204.66544,126.8201,79836
204.66544,126.8201,79847
204.27545,126.8201,79855
204.14546,126.8201,79864
204.18,126.431656,79872
204.18,126.044334,79878
204.18,126.044334,79888
204.18,126.044334,79899
203.65993,126.044334,79908
203.15259,125.94589,79916
202.64944,125.82002,79924
202.44028,125.82002,79933
202.23161,125.69212,79941
202.18,125.08218,79948
202.17998,124.697464,79956
202.17998,124.30749,79964
202.18,123.78751,79972
202.28662,123.282394,79981
202.42879,122.782234,79989
202.53542,122.40712,79998
202.8046,121.96225,80005
203.07379,121.51738,80012
203.41028,120.96129,80019
203.59662,120.80861,80027
203.8163,120.6051,80034
203.88313,120.11687,80040
204.02003,119.692055,80048
204.02003,119.16526,80055
204.08505,118.64937,80063
204.16632,118.0045,80072
204.18,117.6188,80082
204.18,117.41199,80092
204.39328,117.184395,80101
204.90576,117.17999,80111
205.03394,117.17999,80119
205.03394,117.17999,80128
204.64737,117.17999,80136
204.43448,117.17999,80143
204.22757,117.31305,80150
204.18001,117.80118,80156
204.18,118.44979,80165
204.18,118.83523,80173
204.18,119.35139,80182
204.18,119.56452,80191
204.49918,119.93089,80198
204.98724,120.36012,80206
205.1935,120.63363,80213
205.5434,121.01411,80220
205.90637,121.38641,80228
206.3597,121.8522,80236
206.72235,122.22483,80245
207.08502,122.59746,80252
207.55916,122.76151,80259
207.94264,122.83241,80266
207.94264,122.83241,80358
207.94264,122.83241,80366
207.94264,122.83241,80460
207.94264,122.83241,80468
207.94264,123.2224,80477
207.94264,124.13235,80576
207.94264,124.13235,80584
207.86528,124.23682,80592
207.425,124.513466,80600
207.03738,124.47064,80607
206.91125,124.97508,80614
206.82002,125.35342,80621
206.82002,125.56614,80630
206.7286,125.73632,80638
206.14963,125.82001,80645
206.0215,125.82001,80652
206.0215,125.82001,80662
205.91496,126.19515,80672
205.82005,126.55284,80679
205.82005,126.55284,80687
205.75467,126.70523,80695
205.20573,126.82,80703
204.6872,126.82001,80710
204.6872,126.82001,80719
204.6872,126.82001,80728
204.29723,126.82001,80736
204.16722,126.82001,80745
204.17772,126.30744,80754
204.18,126.04961,80762
204.18,126.04961,80773
204.18,126.04961,80783
203.66002,126.04961,80791
203.02748,125.916084,80799
202.65057,125.82002,80809
202.44116,125.82002,80821
202.2331,125.694016,80830
202.18,125.21478,80841
202.17998,124.7007,80849
202.17998,124.7007,80856
202.17998,124.7007,80867
202.17998,124.310715,80874
202.5623,124.127655,80880
202.94461,124.17998,80886
202.94461,124.17998,80896
202.94461,124.17998,80906
202.94461,123.66,80915
203.2031,123.238,80924
203.33582,122.62277,80931
203.3985,121.975845,80938
203.47734,121.19988,80945
203.61969,120.84495,80953
203.77922,120.677414,80961
203.85196,120.13381,80969
204.02502,119.77774,80980
204.02003,119.31388,80987
204.02,118.70108,80995
203.99612,118.05363,81002
203.95325,117.53542,81010
203.91037,117.01722,81018
203.8675,116.499016,81028
203.8246,115.98082,81036
203.82,115.46418,81045
203.82,115.46418,81058
203.82,115.46418,81068
203.82,115.074196,81076
203.81999,114.55429,81084
203.82,114.03444,81093
203.82,113.384705,81100
203.82,112.86503,81108
203.82,112.215866,81117
203.82,111.57037,81125
203.82,111.050514,81134
203.81999,110.40079,81143
203.82,109.751236,81153
203.82,109.23202,81161
203.82002,108.71494,81170
203.82002,108.41863,81178
203.37155,108.14122,81185
202.73845,107.994606,81193
202.10643,107.8429,81201
201.47438,107.69132,81207
200.96875,107.57006,81214
200.96875,107.57006,81223
200.96875,107.57006,81233
200.96875,107.05009,81240
200.89708,106.40508,81247
200.82,105.633286,81253
200.82,105.42329,81260
200.63487,105.19609,81268
199.87207,105.17999,81353
199.87207,105.17999,81359
199.87207,105.17999,81367
199.3521,105.17999,81374
198.57227,105.17999,81380
197.92255,105.18,81386
197.14308,105.17999,81393
196.62392,105.17999,81399
196.10718,105.17999,81405
195.60536,105.04377,81412
194.97809,104.87349,81419
194.48521,104.708725,81425
193.87285,104.49089,81431
193.50542,104.36018,81504
193.50542,104.36018,81511
193.99162,104.54451,81518
194.35628,104.682755,81525
194.84305,104.86557,81531
195.57321,105.13979,81538
195.96309,105.14931,81544
196.74281,105.168335,81550
197.3926,105.17999,81557
198.04225,105.18,81562
198.69156,105.18,81568
199.33885,105.179985,81575
199.98566,105.17999,81581
200.37189,105.17999,81587
200.58078,105.17999,81597
200.83177,105.40876,81603
201.23358,106.07726,81610
201.5684,106.634346,81616
201.91972,107.01769,81623
202.44669,107.59271,81630
202.89195,107.861244,81636
203.33722,108.129776,81643
203.64664,108.199646,81650
203.83212,108.506386,81658
203.8234,108.636086,81666
203.82,109.15591,81673
203.82,109.67563,81680
203.82,110.32499,81689
203.82,110.97264,81698
203.82,111.620995,81708
203.81999,112.14088,81717
203.82,112.790665,81724
203.82,113.310425,81732
203.82,113.830055,81740
203.82,114.34932,81748
203.82,114.99471,81756
203.90874,115.50706,81763
204.01964,116.1475,81770
204.13054,116.78793,81777
204.19708,117.172195,81786
204.16399,117.5501,81795
204.18,118.19912,81805
204.18,118.84354,81812
204.17998,119.35955,81819
204.17998,119.35955,81827
204.17998,119.35955,81834
204.17998,119.35955,81941
204.17998,119.35955,81952
204.17998,119.749535,81960
204.6968,119.82233,81968
204.95477,119.82001,81976
204.95477,119.82001,81985
204.95477,119.82001,81996
204.95477,120.33998,82005
205.23924,120.69996,82012
205.51817,120.82936,82019
206.16788,120.82001,82027
206.81718,120.82,82035
207.07622,120.82001,82044
207.07622,120.82001,82054
207.07622,120.82001,82064
207.07622,121.20999,82072
207.4547,121.433975,82080
207.72987,121.87517,82089
207.9583,122.34128,82095
208.11794,122.69709,82102
208.165,123.21493,82110
208.17996,123.572205,82117
208.17996,123.572205,82220
208.17996,123.572205,82229
208.17996,123.572205,82239
208.17996,124.09218,82248
207.947,124.3376,82255
207.4702,124.54504,82263
206.97408,124.496826,82271
206.89847,124.87941,82278
206.82,125.38952,82286
206.82,125.59436,82297
206.68794,125.77204,82306
206.07501,125.82001,82315
206.07501,125.82001,82326
206.07501,125.82001,82338
206.07501,126.33998,82350
205.88765,126.52023,82359
205.79979,126.612595,82369
205.65639,126.79285,82376
204.89467,126.82,82384
204.63602,126.8201,82391
204.63602,126.8201,82401
204.63602,126.8201,82413
204.24603,126.8201,82422
204.16133,126.432755,82431
204.18,126.045876,82442
204.18,126.045876,82452
204.18,126.045876,82462
204.18,126.56585,82469
204.18,126.69585,82477
204.18,126.69585,82486
204.5923,126.82479,82494
205.11159,126.82001,82501
205.37045,126.82001,82509
205.88965,126.80489,82517
206.40875,126.77492,82525
206.92787,126.74494,82533
207.31093,126.44092,82541
207.64862,126.04553,82550
207.98633,125.65015,82559
208.20674,125.351204,82568
208.57133,124.99085,82578
208.9613,124.64691,82589
209.02992,124.36314,82597
209.02992,124.31407,82607
209.02992,124.302536,82615
209.03023,124.28464,82622
209.03877,124.22261,82629
209.19058,124.011086,82637
209.67657,123.97998,82647
210.99736,123.99844,82747
210.99736,123.99844,82752
210.99736,123.99844,82760
211.51733,123.99844,82769
211.73228,124.244156,82777
211.82036,124.70134,82786
211.8201,124.96105,82795
211.8201,124.96105,82804
211.8201,124.96105,82813
212.21008,124.96105,82819
212.85757,125.01171,82828
213.37517,125.06136,82837
214.0222,125.12301,82844
214.7985,125.17999,82852
215.31844,125.17999,82860
215.83836,125.18,82866
216.48825,125.17999,82873
217.13808,125.18,82880
217.7878,125.17999,82887
218.43689,125.17999,82893
219.08519,125.18,82901
219.60492,125.17999,82909
220.1242,125.17999,82918
220.5746,125.17999,82926
221.10489,125.5322,82936
221.62819,125.917694,82945
222.0472,126.22559,82956
222.4662,126.5335,82965
222.57095,126.61048,82977
222.57095,126.61048,82987
222.14752,126.30869,82996
221.61823,125.93145,83004
221.08894,125.554214,83012
220.77136,125.32788,83020
220.40704,125.172554,83027
219.88734,125.18,83035
219.36783,125.17999,83042
218.73608,125.04512,83050
218.2339,124.91025,83058
217.85727,124.80909,83065
217.49002,124.67791,83074
216.87793,124.45928,83082
216.51067,124.32811,83091
216.14525,124.19192,83100
215.5362,123.96493,83110
215.29259,123.87414,83119
214.77275,123.862175,83129
214.25291,123.85022,83139
213.60312,123.83527,83147
212.95332,123.82033,83155
212.43352,123.82001,83162
211.78416,123.82001,83169
211.39597,123.82001,83177
210.87605,123.82,83185
210.22647,123.82,83193
209.57672,123.82,83200
208.92741,123.82001,83207
208.66837,123.82001,83216
208.35239,123.80295,83222
208.2572,123.71442,83233
207.87645,123.360306,83242
207.49568,123.00619,83252
207.49568,123.00619,83363
207.49568,123.00619,83371
207.1057,123.00619,83378
206.68716,122.57362,83384
206.31761,122.03897,83391
205.9459,121.505775,83399
205.57422,120.972565,83408
205.40039,120.806946,83417
205.0373,120.47258,83426
204.69682,120.07957,83434
204.43208,119.81403,83441
204.21959,119.699165,83452
204.21959,119.699165,83461
204.21959,119.699165,83470
204.21959,119.699165,83478
204.21959,119.699165,83570
204.21959,119.699165,83577
204.21959,120.21914,83584
203.99138,120.473694,83591
203.75601,120.71704,83597
203.75601,120.71704,83692
203.75601,120.71704,83700
203.75601,120.71704,83710
204.27599,120.71704,83719
204.26581,120.35313,83726
204.03218,119.7466,83735
204.02003,119.288414,83743
204.0679,118.811584,83752
204.14767,118.16653,83761
204.18,117.651276,83769
204.17993,117.43762,83776
204.26381,117.27198,83784
204.83473,117.17999,83791
204.96344,117.17999,83798
204.96344,117.17999,83805
204.70558,117.17999,83815
204.38564,117.185776,83823
204.17284,117.433784,83830
204.18,117.95324,83837
204.18,118.60034,83845
204.18,119.246605,83854
204.18,119.57487,83862
204.51033,119.93818,83870
204.99759,120.36834,83877
205.19698,120.64369,83884
205.46304,120.9277,83891
205.91609,121.393745,83899
206.27841,121.7667,83907
206.64075,122.139656,83914
207.09366,122.60584,83921
207.19215,123.08898,83928
207.21854,124.38864,84024
207.21854,124.38864,84031
207.47571,124.42676,84040
207.89864,124.124275,84048
208.21585,123.89741,84056
208.71303,124.049644,84066
209.07527,124.13432,84074
209.30083,123.970024,84082
209.94041,123.97998,84090
211.10378,124.088615,84196
211.10378,124.088615,84207
211.10378,124.088615,84219
211.49376,124.088615,84227
211.68256,124.21762,84236
211.82605,124.61723,84246
211.82,125.00675,84251
211.82,125.00675,84258
211.82,125.00675,84268
211.82,125.00675,84276
211.82,124.74698,84283
211.82,124.4107,84292
211.68018,124.22259,84299
211.13509,124.15113,84306
210.75865,123.97998,84314
210.13022,123.97998,84323
209.6734,123.97998,84331
209.06966,123.894684,84339
208.68495,123.83071,84348
208.35632,124.04067,84356
207.91814,124.320625,84366
207.56575,124.48766,84375
207.06262,124.485435,84383
206.92406,124.9866,84392
206.82013,125.36249,84401
206.82004,125.57336,84411
206.7186,125.74627,84420
206.12975,125.82001,84429
206.00185,125.82001,84437
206.00185,125.82001,84447
205.87157,126.3234,84455
205.82004,126.44045,84465
205.82004,126.55245,84475
205.75517,126.70456,84482
205.20715,126.82001,84489
204.68861,126.82001,84496
204.68861,126.82001,84504
204.68861,126.82001,84513
204.29863,126.82001,84520
204.16864,126.82001,84531
204.17686,126.308105,84540
204.18,126.050285,84548
204.18,126.050285,84559
204.18,126.050285,84567
203.66002,126.050285,84577
203.15417,125.929924,84586
202.64832,125.82002,84596
202.26907,125.78768,84603
201.51364,125.593605,84612
201.01003,125.464226,84622
200.78395,125.33583,84632
200.55154,125.17045,84641
200.03271,125.17999,84650
199.5136,125.18,84659
198.86368,125.18,84670
198.5808,124.91156,84679
198.85252,124.631836,84688
199.21483,124.25886,84696
199.48656,123.97913,84703
199.99811,123.88597,84711
200.38177,123.820015,84722
200.59428,123.820015,84731
200.77455,123.684586,84739
200.82,123.19913,84746
201.22403,122.74403,84754
201.62091,122.40815,84763
202.01561,122.06965,84770
202.41039,121.731224,84776
202.90384,121.3082,84783
203.29861,120.96977,84791
203.60088,120.81958,84799
203.81783,120.600685,84806
203.8284,120.47324,84815
204.046,120.001,84823
204.06743,119.75719,84831
204.06743,119.75719,84840
204.06743,119.75719,84849
204.06743,119.75719,84856
204.06743,119.75719,84960
204.06743,119.75719,84968
204.06743,120.27716,84976
203.79382,120.63979,84984
203.52284,120.89022,84991
202.35182,121.71085,85085
202.35182,121.71085,85095
202.47339,121.940674,85104
202.13142,122.12814,85114
201.5615,122.4406,85124
201.10553,122.69056,85131
200.85442,123.254616,85138
200.82005,123.591385,85147
200.82005,123.591385,85257
200.82005,123.591385,85265
200.82005,123.591385,85275
201.34003,123.591385,85283
201.65938,124.07566,85291
201.85155,124.55882,85298
202.09293,125.1623,85305
202.17995,125.59126,85313
202.29727,125.76013,85321
202.90211,125.82001,85330
203.28874,125.82001,85338
203.28874,125.82001,85348
203.28874,125.82001,85359
203.28874,126.33998,85368
203.80392,126.5404,85377
204.17583,126.65017,85383
204.17583,126.65017,85392
204.3921,126.81518,85400
205.03773,126.82,85409
205.42592,126.8201,85417
205.42592,126.8201,85429
205.42592,126.8201,85443
205.8159,126.8201,85454
206.3349,126.79256,85463
206.85358,126.755844,85473
207.11292,126.73749,85483
207.35889,126.43486,85493
207.68684,126.03135,85501
208.0148,125.627846,85508
208.18684,125.433876,85515
208.49942,125.06801,85524
208.9832,124.63395,85532
209.02994,124.35677,85540
209.02994,124.31062,85549
209.02994,124.29742,85557
209.03072,124.27605,85567
209.04105,124.21328,85575
209.22552,123.992775,85583
209.8509,123.97998,85591
211.03958,124.0251,85691
211.03958,124.0251,85700
211.03958,124.0251,85713
211.55956,124.0251,85721
211.69357,124.244774,85731
211.82323,124.654724,85740
211.82,124.91447,85749
211.82,124.91447,85758
211.82,124.91447,85770
212.34007,124.91447,85778
212.98627,124.976974,85787
213.6317,125.053604,85795
214.14809,125.11462,85802
214.66447,125.17562,85809
215.31352,125.18,85818
215.83345,125.18,85826
216.48334,125.18,85834
217.13318,125.18,85842
217.65295,125.17999,85850
218.3023,125.18,85857
218.69046,125.179985,85865
219.21028,125.18,85873
219.72997,125.17999,85881
220.3782,125.18,85890
220.80762,125.320045,85899
221.33061,125.70589,85906
221.85562,126.08906,85913
222.38062,126.47227,85923
222.48561,126.54891,85935
222.48561,126.54891,85946
222.84808,126.40507,85954
223.33139,126.21327,85963
223.8147,126.02148,85972
224.29802,125.82968,85982
224.78133,125.637886,85991
225.02298,125.541985,86001
225.52641,125.41187,86008
226.1557,125.24923,86015
226.78499,125.086586,86022
227.41405,125.18503,86029
228.04306,125.34874,86035
228.16608,125.306725,86042
228.47174,125.06454,86049
228.8793,124.74163,86055
229.02992,124.385605,86062
229.02992,124.304794,86069
229.03061,124.27729,86078
229.04181,124.210175,86085
229.10602,124.09082,86094
228.76605,123.92099,86103
228.4388,123.82005,86114
228.08588,123.663216,86122
227.39203,123.30695,86129
226.92941,123.069565,86136
226.42383,123.00387,86143
225.77419,122.98376,86151
225.1246,122.961624,86159
224.475,122.939575,86167
223.95534,122.921936,86173
223.30574,122.89988,86181
222.91599,122.88665,86191
222.42325,123.052765,86200
221.93053,123.21887,86211
221.4378,123.38498,86220
221.06825,123.50956,86229
220.84564,123.64387,86237
220.5203,123.8324,86246
220.00058,123.82,86255
219.35143,123.82001,86263
218.70195,123.82,86270
218.18202,123.82,86278
217.53214,123.82001,86287
216.88228,123.82,86297
216.4924,123.82,86306
215.9727,123.82,86314
215.45358,123.82001,86321
214.80424,123.82001,86329
214.28432,123.82,86337
213.63443,123.82,86344
212.98459,123.82,86353
212.4648,123.82,86361
211.9452,123.82,86371
211.42694,123.8201,86379
210.90703,123.82,86387
210.38748,123.82,86397
209.86765,123.82001,86405
209.21806,123.82,86411
208.69926,123.82001,86418
208.26434,123.71974,86426
208.16908,123.631294,86436
207.78806,123.27747,86444
207.50227,123.012115,86452
207.14941,122.630196,86461
206.79655,122.248276,86468
206.35548,121.770874,86474
205.9144,121.29348,86480
205.64977,121.007034,86487
205.46994,120.81926,86496
205.18404,120.63935,86505
204.75774,120.14872,86515
204.58722,119.95246,86524
204.40407,119.8108,86535
204.19325,119.67649,86543
204.19325,119.67649,86554
204.19325,119.67649,86563
204.19325,119.67649,86572
204.19325,119.67649,86667
204.19325,119.67649,86675
204.19325,120.196465,86683
203.97342,120.46525,86691
203.75523,120.7169,86698
203.75523,120.7169,86800
203.75523,120.7169,86812
203.75523,120.7169,86823
204.14522,120.7169,86832
204.16068,120.34412,86840
204.0201,119.84296,86847
204.0201,119.840004,86853
204.0201,119.836266,86860
204.02005,119.19323,86866
204.08904,118.54786,86872
204.18,117.77479,86879
204.18,117.433876,86886
204.34576,117.20612,86893
204.97414,117.17999,86900
204.97414,117.17999,86910
204.97414,117.17999,86918
204.97414,117.17999,86928
204.71617,117.17999,86939
204.39557,117.1825,86947
204.22983,117.31007,86956
204.18001,117.926056,86965
204.18,118.315285,86973
204.18,118.83041,86980
204.18,119.21841,86987
204.18,119.5607,86994
204.49435,119.92838,87005
204.88525,120.27127,87012
205.19455,120.63175,87019
205.44981,120.92093,87028
205.81282,121.29322,87036
206.17583,121.66551,87043
206.62958,122.13088,87051
206.99258,122.503174,87060
207.17407,122.689316,87071
207.19205,123.07889,87080
207.25195,124.37744,87188
207.25195,124.37744,87197
207.50763,124.42455,87208
207.92584,124.11556,87218
208.13493,123.96106,87227
208.76749,124.110535,87235
209.06897,124.145294,87243
209.2738,123.97574,87252
209.9113,123.97998,87261
211.08372,124.0658,87365
211.08372,124.0658,87372
211.08372,124.0658,87384
211.47371,124.0658,87391
211.6641,124.180916,87400
211.82182,124.56198,87409
211.82,124.95163,87418
211.82,124.95163,87428
211.82,124.95163,87437
211.82,124.95163,87448
211.8201,124.69192,87457
211.82004,124.46433,87465
211.74646,124.28293,87473
211.45778,124.16993,87482
211.11037,124.1067,87490
210.76135,123.97997,87498
210.1328,123.97998,87506
209.5843,123.97998,87513
209.00078,123.88959,87521
208.61674,123.821785,87529
208.19,124.11887,87539
207.86993,124.34169,87546
207.51788,124.50945,87554
207.0178,124.49046,87561
206.89807,124.99646,87569
206.82002,125.37596,87578
206.82002,125.58394,87586
206.61201,125.81363,87594
206.10143,125.82001,87601
206.10143,125.82001,87610
206.10143,125.82001,87619
206.10143,126.20999,87628
205.90836,126.514084,87636
205.81279,126.60221,87642
205.57567,126.82502,87649
204.92647,126.82001,87655
204.6676,126.82001,87663
204.6676,126.82001,87672
204.6676,126.82001,87683
204.27762,126.82001,87691
204.01764,126.82001,87698
204.12439,126.311104,87705
204.17776,126.056656,87713
204.17776,126.056656,87721
204.17776,126.056656,87731
203.78778,126.056656,87738
203.15259,125.933586,87747
202.64738,125.82002,87753
202.14224,125.755295,87763
201.63864,125.62585,87770
201.00914,125.464035,87778
201.00914,125.464035,87788
201.1587,125.103874,87796
201.44318,124.83711,87804
202.01622,124.54405,87812
202.0899,124.02933,87820
202.14517,123.64328,87827
202.2995,123.146736,87836
202.53099,122.401924,87844
202.8017,121.95797,87853
203.14008,121.40303,87860
203.41078,120.95908,87868
203.5977,120.80861,87877
203.81726,120.60236,87885
203.82883,120.475235,87894
204.04585,120.002716,87902
204.06735,119.75878,87911
204.06735,119.75878,87920
204.06735,119.75878,87927
204.06735,119.75878,87935
204.06735,119.75878,88040
204.06735,119.75878,88047
204.06735,120.278755,88057
203.79332,120.64093,88065
203.52176,120.891304,88076
202.35078,121.71197,88189
202.35078,121.71197,88198
202.47296,121.94145,88207
202.13095,122.128845,88215
201.67494,122.37869,88223
201.10493,122.69101,88232
200.88829,123.1297,88239
200.82005,123.58366,88246
200.82005,123.58366,88352
200.82005,123.58366,88360
200.82005,123.58366,88369
201.21004,123.58366,88376
201.55438,124.05739,88385
201.82697,124.64743,88395
202.04596,125.11904,88405
202.15546,125.35485,88414
202.20503,125.65469,88422
202.41568,125.82266,88430
202.93376,125.82001,88438
203.31982,125.82001,88446
203.31982,125.82001,88458
203.31982,125.82001,88467
203.31982,126.209984,88477
203.8202,126.48138,88485
204.17876,126.63116,88494
204.17876,126.63116,88505
204.48257,126.83243,88514
205.00195,126.82001,88522
205.39043,126.82001,88529
205.39043,126.82001,88537
205.39043,126.82001,88547
205.9104,126.82001,88555
206.55888,126.78071,88562
207.07736,126.74142,88569
207.41109,126.34266,88577
207.82823,125.844215,88585
208.07852,125.54515,88592
208.1669,125.44983,88600
208.47859,125.07516,88609
208.86804,124.73061,88617
209.02994,124.36192,88626
209.0524,124.17041,88634
209.38107,123.96873,88643
210.80432,123.833244,88746
210.80432,123.833244,88754
210.93315,123.820015,88761
211.25035,124.04688,88771
211.6674,124.21032,88780
211.83049,124.458466,88789
211.82,124.977936,88797
211.82,124.977936,88805
211.82,124.977936,88814
212.21008,124.977936,88821
212.85788,125.02532,88828
213.37578,125.071754,88836
214.02318,125.129425,88843
214.5411,125.17555,88849
214.79982,125.179985,88858
215.31976,125.18,88867
215.96968,125.18,88873
216.61955,125.18,88880
217.26938,125.18,88887
217.78914,125.18,88895
218.30855,125.17999,88903
218.56769,125.17999,88912
219.08754,125.18,88921
219.60727,125.18,88928
220.25613,125.18,88937
220.80937,125.32602,88945
221.22664,125.6361,88952
221.75269,126.017845,88960
222.1735,126.323296,88968
222.48909,126.55238,88977
222.48909,126.55238,88985
222.48909,126.55238,88995
222.87907,126.55238,89004
223.4743,126.32019,89010
224.05817,126.03461,89017
224.52573,125.80707,89024
225.11015,125.522644,89033
225.7392,125.35907,89041
226.36824,125.19549,89049
226.87148,125.06462,89059
227.25026,125.15745,89068
227.75528,125.28121,89077
228.1378,125.268295,89086
228.45157,125.0367,89094
228.86992,124.727905,89103
229.02992,124.4262,89111
229.02992,124.33887,89118
229.02992,124.31296,89128
229.02994,124.29526,89136
229.03192,124.262215,89146
229.07657,124.127716,89154
229.36389,123.966576,89163
229.48886,123.97997,89175
229.10553,123.90826,89184
228.7222,123.83654,89193
228.39429,123.818146,89202
228.04709,123.640564,89211
227.58415,123.40379,89219
227.00548,123.107834,89225
226.774,122.98945,89233
226.25421,122.97542,89242
225.73444,122.96138,89251
225.21465,122.94735,89262
224.69487,122.93332,89271
224.04514,122.91577,89281
223.3954,122.89823,89289
223.00557,122.8877,89297
222.63446,123.00755,89304
222.01595,123.207306,89311
221.39743,123.40705,89319
221.02632,123.5269,89329
220.80565,123.66436,89338
220.5771,123.82455,89346
219.92741,123.82001,89354
219.27844,123.82,89362
218.62915,123.82,89371
218.10924,123.82001,89380
217.45935,123.82001,89387
216.80951,123.82001,89396
216.15977,123.82,89405
215.51062,123.82,89413
214.99113,123.82001,89421
214.34123,123.82,89429
213.8213,123.82,89437
213.3014,123.82,89444
212.78156,123.82001,89451
212.13191,123.82001,89458
211.48341,123.82,89465
210.9635,123.82,89472
210.3142,123.82,89482
209.79437,123.82,89491
209.14482,123.82001,89501
208.62642,123.82001,89510
208.21588,123.6869,89517
208.12129,123.597725,89525
207.74295,123.241035,89533
207.55377,123.06268,89543
207.20049,122.68117,89551
206.8472,122.299644,89560
206.40558,121.82275,89568
206.05229,121.44122,89577
205.699,121.0597,89586
205.42606,120.81432,89597
205.14857,120.58958,89607
204.80545,120.19889,89615
204.54811,119.90587,89624
204.35925,119.804214,89634
204.16084,119.6362,89643
204.16084,119.6362,89652
204.16084,119.6362,89661
204.16084,119.6362,89672
204.16084,119.6362,89785
204.16084,119.6362,89793
204.16084,120.026184,89801
203.89944,120.44559,89811
203.75371,120.71368,89818
203.75371,120.71368,89933
203.75371,120.71368,89942
203.75371,120.71368,89952
204.27368,120.71368,89959
204.21703,120.228355,89967
204.02003,119.5032,89975
204.02003,119.196266,89985
204.06795,118.80924,89994
204.13185,118.29321,90003
204.18,117.64898,90012
204.18,117.435776,90023
204.3417,117.208435,90032
204.96873,117.17999,90040
204.96873,117.17999,90050
204.96873,117.17999,90059
204.96873,117.17999,90068
204.71083,117.17999,90076
204.39053,117.18411,90085
204.22316,117.319115,90095
204.18,117.940315,90103
204.18,118.58757,90113
204.18,118.97657,90121
204.17998,119.36296,90129
204.17998,119.57375,90138
204.41203,119.85104,90144
204.8992,120.28132,90152
205.19649,120.64259,90160
205.46184,120.927025,90169
205.91496,121.393,90179
206.27733,121.76591,90186
206.63971,122.1388,90195
207.09268,122.60493,90202
207.19395,123.21802,90209
207.21796,124.38771,90306
207.21796,124.38771,90314
207.47507,124.42627,90322
207.37381,124.5078,90329
206.98619,124.46498,90337
206.90866,124.847176,90345
206.82002,125.356766,90352
206.82002,125.568825,90361
206.72491,125.74008,90370
206.27113,125.82001,90377
206.01413,125.82001,90387
206.01413,125.82001,90398
205.87646,126.32143,90405
205.82004,126.43802,90415
205.82004,126.55023,90424
205.758,126.700676,90432
205.21535,126.82,90440
204.69676,126.8201,90448
204.69676,126.8201,90455
204.69676,126.8201,90465
204.17679,126.8201,90474
204.0468,126.8201,90481
204.14001,126.30855,90488
204.17998,126.05277,90495
204.17998,126.05277,90506
204.17998,126.05277,90517
204.17998,126.57275,90527
204.17998,126.70274,90537
204.17998,126.70274,90547
204.47134,126.830925,90555
205.12048,126.82001,90562
205.3793,126.82001,90569
205.89854,126.798965,90577
206.41776,126.770905,90585
207.06679,126.73584,90592
207.40315,126.33932,90601
207.82362,125.84367,90608
208.0759,125.54628,90616
208.20808,125.34523,90624
208.57797,124.98696,90634
208.96748,124.642494,90643
209.02994,124.36101,90651
209.02994,124.334465,90661
209.02994,124.31829,90671
209.02994,124.30593,90678
209.03,124.291466,90685
209.03517,124.239716,90693
209.14044,124.04848,90702
209.5854,123.97998,90711
211.00922,124.007,90818
211.00922,124.007,90826
211.00922,124.007,90836
211.3992,124.007,90846
211.66663,124.226746,90855
211.82625,124.59838,90864
211.82,124.98794,90873
211.82,124.98794,90883
211.82,124.98794,90894
212.21008,124.98794,90903
212.72856,125.02202,90912
213.37614,125.077675,90922
213.89423,125.121994,90930
213.50963,125.05527,90938
213.12404,124.99692,90948
212.64473,124.79531,90956
212.04561,124.543304,90965
211.8292,124.39924,90974
211.66812,124.21477,90982
211.17726,124.17999,90990
210.9785,123.99489,90999
210.48685,123.97997,91008
209.8744,123.97997,91017
209.50339,123.97997,91024
208.99147,123.88885,91032
208.60753,123.820496,91040
208.295,123.760666,91048
208.20038,123.67154,91059
207.82187,123.315025,91067
207.53798,123.04764,91076
207.27315,122.761375,91085
206.92001,122.3797,91093
206.5669,121.998024,91102
206.21378,121.61635,91109
205.77237,121.13925,91116
205.40968,120.81274,91125
205.13217,120.57688,91134
204.79047,120.18495,91140
204.61961,119.98898,91150
204.44066,119.81515,91159
204.22812,119.705185,91167
204.22812,119.705185,91177
204.22812,119.705185,91186
204.22812,119.705185,91194
204.22812,119.705185,91299
204.22812,119.705185,91308
204.22812,120.09516,91317
203.9237,120.46891,91326
203.80106,120.64134,91334
203.41371,120.963715,91343
202.35161,121.71325,91442
202.35161,121.71325,91450
202.47374,121.942764,91459
202.01753,122.19225,91468
201.44728,122.50413,91475
200.99107,122.753624,91482
200.85413,123.25524,91490
200.82002,123.59148,91498
200.82002,123.59148,91616
200.82002,123.59148,91626
200.82002,123.59148,91636
201.34001,123.59148,91645
201.65936,124.075745,91652
201.89983,124.679596,91659
202.14122,125.28307,91665
202.18263,125.60162,91672
202.3144,125.77358,91680
202.80223,125.82001,91689
203.31789,125.82001,91698
203.31789,125.82001,91708
203.31789,125.82001,91718
203.31789,126.33998,91727
203.70404,126.52443,91735
203.96149,126.56073,91744
204.0822,126.60897,91752
204.19818,126.66769,91762
204.43637,126.827354,91770
204.95584,126.82001,91779
205.34459,126.82001,91790
205.34459,126.82001,91802
205.34459,126.82001,91813
205.86456,126.82001,91820
205.99457,126.82001,91827
205.90068,126.30857,91837
205.85374,126.05286,91846
205.85374,126.05286,91853
205.85374,126.05286,91864
206.24373,126.05286,91872
206.63118,125.79853,91880
206.8071,125.62796,91887
206.82,124.98901,91894
206.82,124.7311,91904
206.94856,124.71178,91914
207.44159,124.546585,91924
207.7436,124.299866,91933
208.1463,123.97091,91942
208.5263,124.05853,91951
209.03299,124.17537,91959
209.2364,123.98813,91968
209.73842,123.97998,91976
211.04935,124.03382,92069
211.04935,124.03382,92075
211.04935,124.03382,92082
211.56932,124.03382,92090
211.73059,124.159996,92101
211.82443,124.61933,92111
211.82,125.00886,92120
211.82,125.00886,92128
211.82,125.00886,92139
212.20999,125.00886,92148
212.8583,125.050224,92155
213.5063,125.10084,92163
214.02472,125.14111,92173
214.54312,125.17999,92180
215.19264,125.18,92189
215.84254,125.18,92197
216.36247,125.18,92205
217.01231,125.18,92214
217.66208,125.18,92220
218.18163,125.18,92227
218.57054,125.17999,92234
219.0904,125.17999,92242
219.61012,125.18,92250
220.25897,125.18,92257
220.81122,125.32882,92265
221.22868,125.63863,92272
221.64967,125.943825,92279
222.17584,126.32539,92285
222.49155,126.55434,92292
222.49155,126.55434,92302
222.49155,126.55434,92313
222.88153,126.55434,92324
223.36026,126.3798,92333
223.82687,126.15036,92342
224.29402,125.922,92351
224.76115,125.69363,92359
225.11151,125.522354,92369
225.61475,125.39147,92378
226.11798,125.2606,92386
226.62122,125.12972,92394
226.87283,125.06428,92404
227.25156,125.15728,92409
227.88278,125.31228,92416
228.139,125.268265,92434
228.139,125.268265,92442
227.76189,125.168976,92450
227.38475,125.0697,92457
227.00067,125.13727,92464
226.36053,125.24989,92471
225.7204,125.36251,92478
225.181,125.067,92487
224.66566,124.670906,92496
224.3563,124.43347,92504
223.87146,124.00228,92513
223.40614,123.54848,92521
223.0337,123.18563,92528
222.55238,123.05783,92537
222.035,123.00591,92545
221.51772,122.95317,92554
221.00043,122.90043,92562
221.00043,122.90043,92646
221.00043,122.90043,92655
221.00043,122.90043,92761
221.00043,122.90043,92769
221.00043,123.4204,92777
220.88913,123.61757,92786
220.88913,123.61757,92885
220.88913,123.61757,92892
220.88913,123.61757,92900
221.2791,123.61757,92909
221.74898,123.42634,92915
222.31543,123.10762,92923
222.8186,123.034904,92931
223.46806,123.009735,92938
224.11746,122.98242,92945
224.76685,122.95519,92953
225.28638,122.93341,92962
225.93576,122.90617,92970
226.32541,122.88984,92978
226.69104,123.02546,92987
227.30045,123.251495,92994
227.90984,123.47754,93003
228.236,123.68201,93012
228.61469,123.82807,93021
229.13446,123.82,93030
229.78351,123.82001,93039
230.17198,123.82001,93047
230.6689,123.973114,93056
231.27684,124.12771,93064
231.69559,124.23195,93071
231.69559,124.23195,93080
231.69559,124.23195,93089
232.08557,124.23195,93096
232.72289,124.11795,93103
233.23038,124.00472,93110
233.86482,123.86351,93118
234.38168,123.83289,93125
235.03159,123.82437,93133
235.55151,123.82,93140
236.20135,123.82001,93147
236.72118,123.82001,93155
237.37068,123.82001,93162
237.88863,123.820015,93170
238.27856,123.82001,93178
238.9284,123.82,93187
239.5781,123.82001,93196
240.0974,123.82,93205
240.35625,123.820015,93215
240.69254,123.77375,93223
241.11288,123.46768,93232
241.53323,123.16161,93241
241.74341,123.008575,93251
241.74341,123.008575,93262
241.42012,123.226685,93272
240.88132,123.5902,93279
240.67303,123.781906,93290
240.17963,123.82,93299
239.65979,123.82,93308
239.14005,123.82,93317
238.75043,123.82,93325
238.36165,123.8201,93334
237.9717,123.82,93343
237.32178,123.82,93351
236.67189,123.82,93360
236.15201,123.82001,93369
235.63217,123.82001,93378
235.1125,123.82001,93387
234.4644,123.82,93394
234.07443,123.82,93403
233.5545,123.82,93412
233.03458,123.82001,93422
232.51468,123.82001,93433
231.99483,123.82,93441
231.47508,123.82,93449
230.95569,123.82,93459
230.69661,123.820015,93467
230.30731,123.82,93477
229.78749,123.82001,93485
229.26784,123.82,93494
228.61996,123.820015,93501
228.40707,123.820015,93512
228.05951,123.64313,93521
227.5961,123.40729,93528
227.13269,123.17145,93535
226.78513,122.994576,93545
226.3953,122.98358,93554
225.87553,122.96893,93562
225.35576,122.954285,93570
224.70605,122.935974,93577
224.05635,122.91766,93584
223.40663,122.89935,93594
223.01682,122.88836,93602
222.6455,123.00756,93611
222.02663,123.20622,93620
221.53154,123.36516,93628
221.03645,123.52409,93636
220.81494,123.6602,93645
220.5911,123.82075,93653
220.07176,123.82,93660
219.42247,123.82001,93669
219.16344,123.82001,93681
218.5135,123.82,93690
218.64232,123.82001,93699
219.03221,123.82,93708
219.55197,123.82,93715
220.07135,123.82001,93725
220.3304,123.82001,93735
220.66696,123.79193,93741
221.14217,123.58085,93747
221.61737,123.36977,93754
222.09258,123.15869,93762
222.44897,123.00038,93770
222.96872,122.98516,93779
223.48848,122.96994,93788
224.13817,122.95091,93798
224.65791,122.93569,93809
225.17767,122.92048,93818
225.69742,122.90526,93826
226.21718,122.89004,93835
226.71176,123.02447,93840
227.31996,123.253716,93848
227.68495,123.39109,93857
228.04993,123.528465,93866
228.2355,123.68871,93875
228.49608,123.83212,93885
229.01584,123.82,93894
229.66537,123.82001,93903
230.18355,123.82001,93911
230.5735,123.82,93920
231.09341,123.82,93932
231.61334,123.82,93941
232.2632,123.82,93951
232.65309,123.82001,93961
233.30273,123.82,93969
233.82187,123.82,93976
234.34122,123.82,93983
234.86116,123.82,93990
235.38107,123.82001,93997
236.03093,123.82,94005
236.68073,123.82,94013
237.33026,123.82,94020
237.84856,123.82001,94028
238.23848,123.82,94034
238.88832,123.82001,94041
239.4081,123.82001,94048
240.05739,123.82001,94056
240.31642,123.82001,94064
240.64919,123.8013,94072
240.82373,123.453094,94079
240.82,123.065056,94087
240.82,122.67515,94096
240.81999,122.02538,94103
240.82,121.505806,94109
240.82,120.98771,94118
240.82,120.98771,94220
240.82,120.98771,94230
241.34007,120.98771,94238
241.26222,121.31769,94245
241.10886,121.81453,94253
240.91716,122.435585,94263
240.87154,122.82288,94272
240.82,123.33929,94281
240.82,123.56318,94292
240.82,123.56318,94424
240.82,123.56318,94433
240.82,123.56318,94441
240.82,123.953156,94450
240.30428,124.01697,94460
239.6582,123.94611,94467
239.14108,123.8917,94474
238.49469,123.823654,94482
237.84546,123.82,94488
237.19554,123.82,94495
236.54567,123.82,94503
235.89583,123.82,94510
235.24614,123.82001,94518
234.59732,123.82001,94525
233.95445,123.90068,94532
233.312,123.99914,94539
232.92645,124.05788,94548
232.41241,124.13621,94557
231.89838,124.21453,94565
231.4117,124.17403,94576
231.06508,124.0566,94587
230.72685,123.979935,94597
230.4862,123.979935,94704
230.4862,123.979935,94711
230.4862,123.979935,94719
229.96623,123.979935,94728
229.56189,123.979935,94735
229.3522,123.97994,94746
229.23372,123.99971,94755
229.30698,123.98044,94764
228.79979,123.86582,94772
228.45198,123.820045,94781
228.2859,123.748314,94790
228.18,123.32186,94798
228.18,123.06538,94809
228.18,123.06538,94815
227.66339,123.00626,94822
227.01764,122.932365,94831
226.4985,122.91559,94839
225.84857,122.90987,94847
225.19862,122.90365,94858
224.67868,122.89869,94868
224.15872,122.89372,94877
223.63878,122.88876,94887
223.11882,122.883804,94893
222.49536,123.04645,94902
221.87764,123.24861,94911
221.38329,123.409805,94920
221.01251,123.5307,94929
220.79305,123.67008,94938
220.4276,123.82482,94946
219.77797,123.82001,94952
219.12968,123.82001,94960
218.73972,123.82,94967
218.0898,123.82,94975
217.43991,123.82,94983
216.92003,123.82,94990
216.27026,123.82,94997
215.62093,123.82,95005
215.23274,123.820015,95013
214.7128,123.82,95022
214.0629,123.82,95031
213.54298,123.82,95038
212.89314,123.82,95044
212.24345,123.82001,95052
211.5945,123.82001,95061
210.95677,123.92913,95069
210.3239,123.97997,95077
209.84056,123.97997,95086
209.48778,123.97997,95094
209.13358,124.04663,95102
208.85011,124.482124,95109
208.50087,125.03029,95221
208.50087,125.03029,95230
208.50087,125.03029,95240
207.9809,125.03029,95246
207.70584,125.52962,95254
207.56076,126.028946,95261
207.4157,126.528275,95270
207.0295,126.58241,95280
206.51456,126.654594,95287
205.87088,126.74482,95296
205.40376,126.827866,95305
204.88458,126.82001,95314
204.62599,126.82001,95324
204.62599,126.82001,95334
204.62599,126.82001,95343
204.10602,126.82001,95351
204.17122,126.30413,95360
204.18,126.04651,95369
204.18,126.04651,95380
204.18,126.04651,95391
203.53001,126.04651,95400
203.40002,126.04651,95411
203.83421,126.33261,95420
204.14818,126.563934,95427
204.21513,126.65662,95438
204.4299,126.82628,95446
205.07916,126.82001,95455
205.33818,126.82001,95466
205.46294,126.82001,95475
205.67973,126.78304,95484
205.94028,126.49288,95494
206.28769,126.10599,95505
206.6468,125.801544,95514
206.817,125.60272,95523
206.82,125.08734,95532
206.82,124.7003,95538
206.9679,124.2018,95546
207.11577,123.70329,95553
207.30061,123.08017,95560
207.30061,123.08017,95656
207.30061,123.08017,95736
207.30061,123.08017,95745
207.30061,123.08017,95845
207.30061,123.08017,95855
207.30061,123.60014,95864
207.69019,123.74813,95873
208.07974,123.76613,95882
208.43079,123.83161,95892
208.95062,123.82031,95900
209.59958,123.82,95908
210.63832,123.82001,96003
210.63832,123.82001,96010
210.89742,123.82001,96017
211.21887,124.04081,96024
211.64133,124.19588,96031
211.82024,124.40699,96038
211.8201,124.92569,96046
211.8201,124.92569,96056
211.8201,124.92569,96067
211.8201,124.92569,96076
211.82002,124.56194,96083
211.65923,124.20936,96091
211.16554,124.18,96098
210.85652,123.9663,96105
210.22514,123.97998,96112
209.65105,123.97998,96119
209.17973,123.91505,96128
208.66702,123.82847,96137
208.3405,124.0417,96145
207.90515,124.32603,96154
207.55289,124.493355,96163
207.05048,124.48693,96172
206.95032,124.86383,96181
206.82002,125.366356,96190
206.82002,125.57643,96200
206.62817,125.80698,96208
205.9936,125.820015,96216
205.9936,125.820015,96226
205.9936,125.820015,96235
205.9936,126.33999,96244
205.89195,126.55101,96252
205.79251,126.63474,96259
205.61339,126.81333,96267
204.9689,126.82,96276
204.70985,126.8201,96286
204.70985,126.8201,96295
204.70985,126.8201,96306
204.31987,126.8201,96312
204.18988,126.8201,96321
204.17955,126.31299,96330
204.17998,126.05505,96341
204.17998,126.05505,96351
204.17998,126.05505,96361
203.66,126.05505,96370
203.15358,125.95316,96378
202.65167,125.82002,96385
202.44202,125.82002,96394
202.29639,125.75531,96402
202.18,125.218,96409
202.18,124.703835,96416
202.18,124.703835,96426
202.18,124.703835,96435
202.18,124.18386,96444
202.69003,124.15496,96452
202.94505,124.179985,96462
202.94505,124.179985,96472
202.94505,124.179985,96483
202.94505,123.79,96493
203.25357,123.24145,96500
203.36871,122.618225,96509
203.41136,122.100006,96517
203.454,121.58179,96526
203.49666,121.06356,96535
203.62506,120.8375,96545
203.78722,120.66523,96553
203.82,120.1674,96561
204.03123,119.88395,96569
204.02005,119.29864,96580
204.02,118.90956,96588
204.02,118.26185,96597
203.96327,117.61438,96606
203.9197,117.09624,96612
203.86516,116.44856,96621
203.82152,115.93042,96630
203.82,115.414536,96638
203.82,115.414536,96647
203.82,115.414536,96655
203.82,114.89456,96662
203.82,114.244705,96671
203.82,113.85482,96678
203.82,113.07521,96686
203.82,112.55567,96693
203.82,111.77799,96700
203.82,111.129456,96707
203.81999,110.3498,96714
203.81999,109.70029,96720
203.82,109.05156,96727
203.82,108.664734,96734
203.7561,108.28987,96742
203.29977,108.11927,96750
202.66687,107.97131,96758
201.9079,107.79165,96766
202.30136,107.76063,96773
202.93903,107.63471,96779
203.32161,107.559166,96786
203.69661,107.19896,96792
204.16534,106.748695,96799
204.72784,106.20838,96806
205.19658,105.75811,96812
205.75908,105.2178,96819
206.22781,104.76753,96825
206.97781,104.04712,96902
207.16531,103.86701,96910
207.45634,103.43611,96919
207.82013,102.897484,96929
207.9223,102.38765,96936
207.94786,102.26019,97020
207.94786,102.26019,97026
207.94342,102.52014,97033
208.08034,103.02176,97040
208.17998,103.39798,97049
208.17998,103.39798,97135
208.17998,103.39798,97144
208.17998,103.39798,97156
207.66,103.39798,97165
207.3608,103.749344,97172
207.06577,104.328445,97178
206.7678,104.90609,97184
206.46992,105.48378,97191
206.17204,106.06147,97199
205.96625,106.53899,97209
205.76044,107.016495,97216
205.55463,107.494,97225
205.55463,107.494,97322
205.55463,107.494,97329
205.55463,107.494,97337
205.16466,107.494,97346
205.20782,107.916466,97354
205.27591,108.15184,97360
205.17734,108.586555,97368
205.18001,109.10611,97376
205.18,109.625656,97383
205.18,110.144905,97391
205.18,110.663185,97399
205.18,111.174835,97406
205.18,111.56473,97415
205.18,112.21447,97421
205.18,112.73419,97427
205.18,113.38365,97434
205.18,114.0327,97443
205.18,114.67982,97452
205.17998,114.93566,97461
205.17998,114.93566,97471
205.17998,114.93566,97480
205.17998,115.325645,97488
205.17998,115.455635,97496
205.18001,115.06574,97503
205.18,114.41599,97510
205.18,113.896255,97519
205.18001,113.376625,97527
205.18001,112.85718,97536
205.18,112.20866,97545
205.18,111.693146,97551
205.18001,111.047,97559
205.18,110.39747,97568
205.18001,109.87803,97576
205.18001,109.48877,97583
205.18,108.8425,97590
205.18137,108.40287,97597
205.18137,108.40287,97603
205.18137,108.40287,97694
205.18137,108.40287,97701
205.18137,107.7529,97707
205.3321,107.98258,97716
205.83905,107.866936,97724
206.47275,107.72239,97733
207.10643,107.577835,97741
207.34149,107.11402,97750
207.57654,106.65021,97758
207.87036,106.07044,97767
208.10541,105.60663,97858
208.10541,105.60663,97865
208.10541,105.60663,97873
208.10541,105.60663,97884
208.10541,105.086655,97892
208.19548,104.57723,97901
208.3156,104.07132,97908
208.2973,103.94261,97916
208.14784,103.445,97925
208.00455,102.94516,97934
208.00204,102.42519,97943
208.00142,102.2952,98031
208.00142,102.2952,98038
207.98282,102.42386,98044
208.09486,102.93162,98053
208.17998,103.43938,98140
208.17998,103.43938,98240
208.17998,103.43938,98246
208.17998,103.43938,98254
208.17998,103.95935,98262
208.69638,104.02848,98271
209.21391,103.97853,98279
209.73096,103.93203,98287
210.37831,103.87385,98295
210.89621,103.8273,98306
210.89621,103.8273,98316
210.89621,103.8273,98324
211.41618,103.8273,98334
211.7042,104.18383,98343
211.82516,104.61663,98350
211.82,105.0062,98359
211.82,105.0062,98370
211.82,105.0062,98381
211.82,105.0062,98389
211.82,104.61662,98397
211.82005,104.394714,98406
211.52097,104.16754,98414
211.0903,104.08006,98423
210.56046,103.97998,98430
209.93513,103.97998,98437
209.60187,103.97998,98445
209.33337,103.97998,98454
209.0375,104.18349,98462
208.76277,104.624954,98470
208.48802,105.066414,98479
208.30911,105.23341,98488
208.08441,105.67289,98497
207.89516,106.157196,98503
207.65758,106.76219,98509
207.46753,107.24618,98515
207.11734,107.41782,98520
206.41699,107.76111,98527
205.83336,108.04718,98534
205.41032,108.17995,98542
205.41032,108.17995,98630
205.41032,108.17995,98637
205.41032,108.17995,98647
204.89035,108.17995,98655
204.8533,108.69154,98664
204.95386,109.33363,98673
205.03154,109.84778,98681
205.1092,110.361916,98691
205.17998,110.87605,98699
205.1041,111.518715,98707
205.01152,112.16205,98713
204.91946,112.805466,98721
204.84581,113.3202,98728
204.79057,113.706245,98736
204.71703,114.22099,98746
204.64348,114.73574,98755
204.56995,115.25049,98765
204.51479,115.63655,98772
204.4841,116.15562,98781
204.4534,116.67468,98789
204.43806,116.93422,98799
204.3399,117.174965,98807
204.17107,117.52484,98814
204.18,118.17397,98823
204.18,118.69095,98830
204.18,119.20714,98838
204.20163,119.650406,98846
204.20163,119.650406,98857
204.20163,119.650406,98868
204.20163,120.17038,98877
203.98648,120.446335,98886
203.76938,120.699066,98896
203.76938,120.699066,98989
203.76938,120.699066,98997
203.76938,120.699066,99009
203.76938,121.08905,99020
203.36765,121.549164,99028
202.86548,121.961815,99036
202.61052,122.40241,99042
202.35297,122.999176,99049
202.28923,123.508316,99057
202.26884,124.15797,99176
202.26884,124.15797,99183
202.26884,124.15797,99192
201.87886,124.15797,99200
201.92474,124.64729,99208
202.10063,125.13662,99215
202.21371,125.669044,99224
202.60577,126.003586,99232
203.01506,126.32431,99240
203.322,126.56485,99248
203.322,126.56485,99257
203.322,126.56485,99266
203.322,126.954834,99274
203.6846,127.07123,99281
204.16803,126.87977,99289
204.68678,126.844124,99298
205.20549,126.82001,99306
205.45761,126.82001,99318
205.45761,126.82001,99330
205.45761,126.82001,99342
205.8476,126.82001,99350
206.18568,126.49019,99358
206.53253,125.9405,99366
206.76938,125.69118,99374
206.82,125.20691,99382
206.82,124.69041,99390
206.8172,124.39449,99399
206.46854,124.02744,99407
206.0837,123.67777,99415
205.8071,123.40898,99423
205.68333,123.197044,99432
205.56235,122.691345,99441
205.50185,122.4385,99449
205.48245,121.918884,99457
205.45824,121.26937,99464
205.36566,120.89473,99472
205.03276,120.495285,99480
204.69987,120.09584,99487
204.44049,119.81479,99495
204.19894,119.640686,99503
204.18,119.27061,99510
204.18,118.88086,99517
204.18001,118.23176,99523
204.18,117.71468,99533
204.18294,117.39416,99541
204.25801,117.01147,99550
204.38315,116.37366,99560
204.4332,116.11854,99570
204.49054,115.732796,99579
204.56699,115.218475,99588
204.64343,114.70415,99599
204.71988,114.18983,99606
204.81737,113.67907,99613
204.93922,113.04063,99621
205.06108,112.40218,99629
205.17998,111.76374,99639
205.18,111.24396,99648
205.18,110.72426,99656
205.18,110.074844,99663
205.18,109.42601,99671
205.18,108.78052,99678
205.20277,108.34935,99685
205.34839,107.98757,99692
205.5492,107.507935,99699
205.85039,106.788475,99708
206.00098,106.42875,99716
206.17383,106.07916,99726
206.46188,105.49651,99734
206.74995,104.91387,99740
207.03802,104.33123,99747
207.26848,103.86511,99755
207.53151,103.41657,99764
207.79454,102.96803,99772
207.8755,102.58655,99778
207.95648,102.20507,99860
207.95648,102.20507,99866
207.94817,102.46492,99872
208.07742,102.968575,99878
208.17998,103.47223,99885
208.17998,103.47223,99963
208.17998,103.47223,99969
208.17998,103.47223,99976
207.79001,103.47223,99983
207.41245,103.92948,99991
207.08995,104.49375,99997
206.69942,105.1689,100004
206.30894,105.844086,100011
206.03235,106.43162,100017
205.71475,107.144,100023
205.5559,107.50015,100030
205.5559,107.50015,100103
205.5559,107.50015,100109
205.5559,107.50015,100116
205.03592,107.50015,100123
205.21027,107.92176,100129
205.27765,108.15686,100135
205.17706,108.589966,100142
205.18001,109.36912,100148
205.18,110.01833,100153
205.18,110.79551,100159
205.18,111.17789,100165
205.18,111.69773,100171
205.18,112.34745,100177
205.18,112.99705,100182
205.18001,113.77621,100188
205.18,114.4245,100194
205.17998,114.9386,100200
205.17998,114.9386,100207
205.17998,114.9386,100216
205.17998,115.45857,100224
205.18,115.462746,100231
205.18,114.81295,100238
205.18001,114.16324,100244
205.18,113.38381,100250
205.18,112.73458,100256
205.18,111.957214,100262
205.18,111.57369,100268
205.18,111.053925,100275
205.18001,110.40438,100281
205.18,109.755165,100286
205.18,109.107155,100292
205.18,108.721565,100299
205.18,108.40897,100305
205.32503,108.04697,100312
205.52548,107.567184,100318
205.77606,106.96746,100324
205.97652,106.48768,100330
206.14888,106.13786,100337
206.49364,105.438225,100344
206.78091,104.855194,100351
207.12567,104.15556,100358
207.24059,103.92235,100365
207.50203,103.472885,100372
207.82886,102.911064,100378
207.94885,102.27227,100385
207.94885,102.27227,100455
207.94885,102.27227,100461
207.94885,101.6223,100467
207.94885,100.972336,100472
208.02306,101.61806,100478
208.09726,102.26377,100484
208.18,103.038635,100490
208.18,103.423325,100571
208.18,103.423325,100650
208.18,103.423325,100658
208.18,103.423325,100665
208.18,104.073296,100673
208.56532,104.143265,100680
209.2865,103.96885,100685
209.9336,103.91371,100690
210.71043,103.843956,100697
210.96938,103.8207,100705
210.96938,103.8207,100714
211.30176,104.02469,100722
211.62117,104.18807,100729
211.82645,104.62078,100736
211.82,105.01032,100743
211.82,105.01032,100750
211.82,105.01032,100759
211.82,105.01032,100768
211.82,104.620735,100775
211.82,104.398094,100782
211.52687,104.16789,100790
211.09271,104.08295,100797
210.69527,103.97998,100804
210.06395,103.97998,100811
209.52213,103.97998,100818
209.29724,103.98177,100825
208.9711,104.28568,100831
208.62885,104.83824,100838
208.31226,105.235794,100846
208.08513,105.669655,100855
207.84856,106.27504,100863
207.61111,106.88008,100870
207.46866,107.24311,100877
207.11865,107.4151,100885
206.53531,107.70176,100892
205.8353,108.045746,100898
205.41194,108.17995,100904
205.41194,108.17995,100994
205.41194,108.17995,101001
205.41194,108.17995,101008
204.89197,108.17995,101015
204.87784,108.8195,101022
204.9773,109.46176,101029
205.07298,110.104645,101036
205.16875,110.74752,101043
205.18,111.13117,101050
205.12192,111.51681,101057
205.02512,112.15952,101063
204.92833,112.802246,101070
204.83153,113.44496,101078
204.7381,114.08818,101087
204.66397,114.602844,101094
204.5713,115.24617,101101
204.5157,115.632164,101110
204.4848,116.15122,101119
204.4539,116.67027,101126
204.43845,116.9298,101132
204.34088,117.17079,101138
204.18457,117.39303,101144
204.18,118.03858,101150
204.18,118.6854,101157
204.18,119.33008,101164
204.19926,119.645935,101172
204.19926,119.645935,101180
203.9818,120.11825,101187
203.87306,120.35441,101194
203.80032,120.643265,101199
203.41188,120.96542,101206
202.3499,121.71511,101283
202.3499,121.71511,101289
202.47307,121.94407,101298
202.01675,122.193375,101305
201.44637,122.505005,101314
200.99005,122.75431,101322
200.88768,123.130615,101330
200.82005,123.58442,101341
200.82005,123.58442,101434
200.82005,123.58442,101443
200.82005,123.58442,101452
201.34003,123.58442,101460
201.6587,124.06895,101469
201.80289,124.43129,101477
202.04321,125.0352,101484
202.17996,125.397545,101493
202.1809,125.59544,101503
202.39876,125.81757,101512
202.91428,125.82001,101522
203.3007,125.82001,101531
203.3007,125.82001,101543
203.3007,125.82001,101554
203.3007,126.209984,101563
203.78093,126.409386,101573
204.12459,126.59373,101583
204.22672,126.667336,101594
204.71683,126.82001,101603
204.71725,126.82001,101612
204.19977,126.79245,101621
203.81198,126.751114,101630
203.39049,126.44663,101640
202.969,126.14214,101649
202.65286,125.91378,101656
202.45473,125.82007,101665
202.31917,125.77068,101673
202.18,125.26801,101681
202.18,124.75284,101689
202.18,124.106926,101697
202.18,123.58695,101704
202.32872,123.0887,101712
202.51463,122.46589,101722
202.71437,122.13094,101729
203.04727,121.5727,101737
203.38017,121.01445,101746
203.55582,120.82278,101755
203.69386,120.76214,101762
203.75607,120.7072,101771
203.91724,120.35369,101779
204.16747,119.75382,101786
204.16747,119.75382,101794
204.16747,119.75382,101800
204.16747,119.75382,101806
204.16747,119.75382,101899
204.16747,119.75382,101907
204.16747,120.273796,101914
203.93323,120.51658,101921
203.77895,120.67739,101929
203.3768,120.99593,101936
202.31628,121.7477,102036
202.31628,121.7477,102046
202.45894,121.965065,102052
202.00113,122.21161,102060
201.42886,122.51979,102069
200.97105,122.766335,102077
200.87534,123.14439,102084
200.82005,123.59605,102091
200.82005,123.59605,102194
200.82005,123.59605,102202
200.82005,123.59605,102212
201.21004,123.59605,102222
201.55563,124.06921,102233
201.77458,124.54083,102240
201.99466,125.01194,102248
202.1597,125.36527,102256
202.20985,125.66294,102267
202.56287,125.82,102276
203.20984,125.82001,102283
203.33746,125.82001,102291
203.33746,125.82001,102302
203.73088,126.16001,102310
204.02594,126.41501,102317
204.19246,126.59525,102324
204.19246,126.59525,102334
204.40901,126.82093,102342
204.92784,126.82001,102350
205.31673,126.8201,102356
205.31673,126.8201,102365
205.31673,126.8201,102377
205.8367,126.8201,102384
205.96669,126.8201,102392
205.88593,126.306435,102400
205.84554,126.04961,102408
205.84554,126.04961,102416
205.84554,126.04961,102426
206.36551,126.04961,102435
206.62308,125.823074,102445
206.8309,125.54272,102453
206.82,124.89475,102460
206.94614,124.73404,102470
207.31265,124.60081,102479
207.83662,124.22635,102487
208.13797,123.97881,102495
208.52713,123.953545,102504
209.046,123.91985,102514
209.56425,123.88616,102521
210.73172,123.82001,102627
210.73172,123.82001,102637
210.99034,123.82001,102645
211.29997,124.0571,102655
211.70354,124.2378,102664
211.82495,124.533775,102673
211.82,124.92345,102681
211.82,124.92345,102689
211.82,124.92345,102698
212.33998,124.92345,102706
212.8573,124.96896,102714
213.37384,125.028625,102722
213.89041,125.08796,102730
214.40698,125.147285,102739
214.79442,125.17999,102748
215.18439,125.17999,102755
215.70432,125.18,102762
216.35422,125.17999,102770
216.8741,125.18,102778
217.65381,125.18,102785
218.17337,125.18,102793
218.6913,125.18,102800
219.08119,125.18,102808
219.73082,125.17999,102818
220.2498,125.18,102826
220.80489,125.31994,102835
221.22176,125.63054,102845
221.64233,125.93629,102854
222.06287,126.24211,102862
222.4834,126.547935,102868
222.4834,126.547935,102875
222.4834,126.547935,102883
223.00337,126.547935,102890
223.59383,126.30638,102898
224.28725,125.94931,102906
224.7499,125.71195,102912
225.09686,125.53394,102919
225.47394,125.434425,102926
226.10239,125.26856,102933
226.73083,125.10271,102940
227.36227,125.19034,102948
227.86801,125.31114,102955
228.11946,125.305695,102963
228.53365,124.99132,102971
228.94781,124.67695,102978
229.02992,124.35325,102986
229.02992,124.30325,102994
229.02992,124.29915,103002
228.73296,124.04638,103010
228.4405,123.81679,103020
227.9715,123.60882,103027
227.50952,123.37017,103034
226.93196,123.07202,103043
226.42653,123.005875,103052
225.90686,122.98823,103061
225.38718,122.97058,103071
224.86751,122.95293,103080
224.34784,122.93528,103089
223.82816,122.91763,103098
223.30849,122.89999,103107
222.91873,122.88675,103118
222.54913,123.01117,103128
222.05634,123.17706,103135
221.56352,123.342964,103146
221.07072,123.50886,103153
220.84795,123.642876,103162
220.64192,123.80045,103170
220.13449,123.82,103179
219.6149,123.82,103187
219.09673,123.82,103196
218.70677,123.82,103204
218.18684,123.82001,103211
217.53694,123.82,103218
216.8871,123.82001,103226
216.23735,123.82,103236
215.71782,123.82001,103242
215.32901,123.82001,103250
214.93904,123.82,103260
214.28914,123.82,103270
213.8992,123.82,103279
213.3793,123.82,103288
212.85944,123.82,103296
212.33966,123.82001,103306
211.82019,123.82,103314
211.4317,123.82001,103323
211.04176,123.82,103332
210.52188,123.82,103341
210.00203,123.82,103352
209.48227,123.82,103360
208.83316,123.82001,103367
208.41173,123.82001,103376
208.302,123.76827,103389
208.01828,123.500725,103398
207.5454,123.05481,103408
207.1922,122.6732,103419
206.839,122.29159,103430
206.48581,121.90997,103438
206.13263,121.528366,103447
205.69113,121.051346,103456
205.4183,120.81389,103467
205.05511,120.48581,103477
204.71269,120.0945,103485
204.3496,119.7998,103494
204.15224,119.630554,103503
204.15224,119.630554,103514
204.15224,119.630554,103521
204.15224,119.630554,103529
204.15224,119.630554,103627
204.15224,119.630554,103636
204.15224,120.15053,103643
203.95065,120.4447,103651
203.76196,120.70655,103659
203.76196,120.70655,103763
203.76196,120.70655,103772
203.76196,120.70655,103782
203.825,120.35811,103790
203.97754,120.02509,103797
204.02003,119.46482,103805
204.06418,118.96648,103813
204.12292,118.44983,103820
204.18,117.80407,103827
204.1969,117.35889,103835
204.39232,117.184814,103843
205.03275,117.17999,103851
205.03275,117.17999,103861
205.03275,117.17999,103869
205.03275,117.17999,103878
204.6462,117.17999,103886
204.43353,117.17999,103894
204.22598,117.315186,103903
204.18,117.80463,103909
204.18,118.45323,103916
204.18,118.838585,103925
204.18,119.35468,103934
204.18,119.56717,103945
204.40517,119.846344,103956
204.89272,120.276184,103965
205.196,120.6392,103974
205.54878,121.01844,103982
205.91159,121.390915,103988
206.36478,121.85684,103996
206.81796,122.322754,104004
207.18053,122.69548,104012
207.20369,123.214935,104022
207.25581,124.38371,104131
207.25581,124.38371,104138
207.51204,124.42772,104147
207.40637,124.50344,104156
207.01826,124.46535,104164
206.95958,124.71862,104173
206.82002,125.351814,104183
206.82002,125.56485,104192
206.65282,125.794685,104200
206.15318,125.82001,104208
206.02502,125.82001,104215
206.02502,125.82001,104223
205.91692,126.1947,104231
205.82004,126.55198,104238
205.82004,126.55198,104246
205.69397,126.76752,104255
205.20888,126.82001,104266
204.69032,126.82001,104274
204.69032,126.82001,104283
204.69032,126.82001,104295
204.17035,126.82001,104305
204.17035,126.82001,104316
204.16202,126.4375,104326
204.18,126.05054,104336
204.18,126.05054,104345
204.18,126.05054,104356
204.18,126.57051,104368
204.18,126.70051,104379
204.18,126.70051,104389
204.4685,126.83082,104396
205.11765,126.82001,104403
205.37648,126.82001,104412
205.766,126.80917,104421
206.28516,126.78013,104430
206.80432,126.75108,104440
207.0639,126.73656,104450
207.40067,126.34037,104461
207.73743,125.94418,104472
208.07419,125.548,104481
208.20761,125.34725,104490
208.5757,124.98823,104501
208.86797,124.73003,104509
209.02994,124.41076,104518
209.02994,124.34534,104526
209.02994,124.32709,104534
209.02994,124.3126,104542
209.02994,124.301445,104549
209.03038,124.281425,104557
209.03821,124.22452,104565
209.12372,124.06472,104571
209.67677,123.97998,104578
210.97542,123.99127,104670
210.97542,123.99127,104677
210.97542,123.99127,104687
211.49539,123.99127,104696
211.64142,124.206375,104707
211.82104,124.54306,104713
211.8201,124.93275,104719
211.8201,124.93275,104727
211.8201,124.93275,104736
212.34007,124.93275,104744
212.98671,124.991554,104752
213.63266,125.06366,104760
213.24648,125.00904,104767
212.63802,124.79094,104775
212.0385,124.53987,104783
211.74953,124.27799,104792
211.36423,123.92883,104799
211.36423,123.92883,104808
210.84601,123.971504,104817
210.71645,123.97999,104826
210.9567,123.88062,104834
210.9567,123.88062,104843
210.9567,123.88062,104951
210.9567,123.88062,104961
211.47667,123.88062,104970
211.73407,124.249214,104978
211.8208,124.707664,104985
211.82,124.96737,104993
211.82,124.96737,105004
211.82,124.96737,105016
211.82,124.96737,105028
211.82,124.70764,105037
211.82,124.47788,105046
211.76088,124.30155,105055
211.49356,124.16678,105066
211.12006,124.12157,105075
210.6731,123.97997,105084
210.17116,123.97998,105090
209.61092,123.97998,105097
209.18416,124.01168,105105
208.88362,124.42017,105112
208.5373,124.97019,105211
208.5373,124.97019,105219
208.5373,124.97019,105228
208.14731,124.97019,105236
207.88019,125.33526,105243
207.65161,125.94371,105251
207.46877,126.43048,105259
207.08557,126.50292,105267
206.44691,126.62366,105274
205.80826,126.7444,105281
205.34193,126.82001,105289
204.6935,126.82001,105296
204.6935,126.82001,105303
204.6935,126.82001,105314
204.30351,126.82001,105323
204.17352,126.82001,105334
204.17706,126.30885,105343
204.18,126.051025,105349
204.18,126.051025,105358
204.18,126.051025,105369
203.66002,126.051025,105375
203.02765,125.91689,105386
202.65086,125.82002,105398
202.44139,125.82002,105409
202.29529,125.75449,105418
202.18,125.21562,105427
202.17998,124.701515,105438
202.17998,124.701515,105562
202.17998,124.701515,105570
202.17998,124.701515,105577
202.17998,124.31154,105585
202.6898,124.15373,105595
202.94473,124.179985,105604
202.94473,124.179985,105614
202.94473,124.179985,105624
202.94473,123.79,105633
203.25336,123.24153,105641
203.35905,122.74798,105649
203.40057,122.22967,105656
203.44327,121.71145,105664
203.48595,121.19323,105673
203.62503,120.837616,105682
203.78714,120.66535,105690
203.8579,120.13142,105700
204.01999,119.760284,105708
204.02003,119.29907,105715
204.02,118.81834,105721
204.02,118.300156,105728
203.96446,117.65257,105735
203.91049,117.00485,105742
203.85649,116.35713,105748
203.82,115.83896,105756
203.82,115.45203,105764
203.82,115.45203,105775
203.82,115.45203,105785
203.82,115.06205,105792
203.82,114.41218,105800
203.82,113.63247,105808
203.81999,112.98284,105816
203.82,112.33355,105823
203.82,111.68641,105830
203.82,111.16654,105838
203.82,110.646736,105847
203.82,109.867226,105855
203.81999,109.21816,105863
203.81999,108.70125,105871
203.77742,108.3197,105878
203.47928,108.156654,105884
202.71909,107.98233,105890
202.08652,107.83294,105897
201.32741,107.653854,105904
200.94785,107.56431,105912
200.94785,107.56431,105920
200.94785,107.56431,105928
200.94785,107.044334,105936
200.87692,106.26923,105943
200.82,105.75412,105949
200.82,105.41771,105955
200.71036,105.24631,105961
199.98431,105.17999,105967
199.98431,105.17999,106046
199.98431,105.17999,106056
200.3743,105.17999,106064
200.50429,105.17999,106072
200.60027,105.18129,106080
200.98412,105.250145,106088
201.62387,105.36491,106094
202.26363,105.47967,106101
202.89813,105.38523,106109
203.65898,105.213684,106116
204.29346,105.07262,106124
204.54724,105.01619,106132
204.8995,104.848854,106141
206.07368,104.29106,106236
206.54335,104.06794,106245
207.01302,103.844826,106253
207.65039,103.7936,106262
208.17035,103.79816,106269
208.5496,103.83621,106278
209.1995,103.826485,106287
209.8486,103.82,106296
210.36848,103.82,106306
210.88817,103.82001,106315
210.88817,103.82001,106322
210.88817,103.82001,106413
210.88817,103.82001,106422
211.40814,103.82001,106430
211.69861,104.17544,106438
211.82524,104.602264,106447
211.82,104.99186,106456
211.82,104.99186,106466
211.82,104.99186,106475
211.82,104.99186,106482
211.82,104.6023,106490
211.81535,104.38003,106498
211.61516,104.187584,106504
211.11717,104.11638,106512
210.77644,103.97989,106519
209.57329,103.97998,106606
209.57329,103.97998,106612
209.57329,103.97998,106619
209.18332,103.97998,106625
209.02998,104.45177,106632
209.11673,104.94818,106640
209.11673,104.94818,106650
209.11673,104.94818,106658
208.59676,104.94818,106668
208.33879,105.17449,106677
208.17328,105.530464,106686
208.18,106.180336,106695
208.18,106.700226,106704
208.18,107.21988,106713
208.18,107.21988,106721
208.18,107.21988,106733
207.66002,107.21988,106742
207.064,107.450516,106750
206.59666,107.67849,106757
205.89502,108.019104,106767
205.66113,108.132645,106776
205.45456,108.17994,106784
205.45456,108.17994,106872
205.45456,108.17994,106879
205.45456,108.17994,106888
204.93459,108.17994,106897
204.86908,108.56455,106906
204.96161,109.207855,106915
205.05081,109.85168,106921
205.12224,110.366714,106927
205.18,111.1367,106934
205.1218,111.522316,106942
205.02483,112.16501,106950
204.94724,112.67916,106958
204.85025,113.32185,106967
204.79207,113.707466,106975
204.73662,114.09348,106984
204.6442,114.73685,106992
204.55179,115.38021,107000
204.51482,115.63756,107008
204.4841,116.156624,107015
204.45338,116.67569,107021
204.43802,116.93522,107029
204.3397,117.1759,107037
204.17136,117.52607,107045
204.18,118.04544,107052
204.18,118.69216,107060
204.18,119.33666,107067
204.20213,119.65137,107074
204.20213,119.65137,107084
204.03738,120.004845,107091
203.87263,120.358315,107098
203.79875,120.64645,107105
203.30264,121.04331,107112
202.34695,121.71816,107211
202.34695,121.71816,107220
202.47188,121.946175,107229
202.0154,122.195175,107238
201.55893,122.44418,107245
200.98833,122.75544,107252
200.85263,123.25739,107260
200.82002,123.59368,107268
200.82002,123.59368,107338
200.82002,123.59368,107346
200.82002,123.59368,107354
201.34,123.59368,107362
201.65956,124.077866,107370
201.90025,124.681625,107378
202.14188,125.28501,107386
202.18321,125.603516,107393
202.41856,125.82352,107401
202.93698,125.82001,107409
203.32298,125.82001,107418
203.32298,125.82001,107427
203.32298,125.82001,107436
203.32298,126.209984,107443
203.82324,126.48183,107450
204.18155,126.63213,107458
204.18155,126.63213,107467
204.48671,126.83243,107474
205.00607,126.82,107481
205.39453,126.820015,107489
205.39453,126.820015,107501
205.39453,126.820015,107513
205.9145,126.820015,107523
206.56291,126.77515,107533
207.08165,126.73925,107543
206.69182,126.750114,107550
206.0421,126.76823,107558
205.55666,126.83469,107566
204.90761,126.82001,107571
204.38963,126.82001,107577
203.74391,126.74574,107584
203.36385,126.65837,107593
202.73041,126.51274,107604
202.47704,126.45449,107614
201.99889,126.250145,107622
201.52075,126.04579,107631
201.22345,125.79342,107641
200.92615,125.54104,107650
200.79665,125.35192,107658
200.587,125.17803,107665
200.06865,125.17999,107671
199.41939,125.18,107679
198.76947,125.18,107685
198.1196,125.18,107692
197.59973,125.17999,107699
196.95,125.17999,107705
196.30086,125.17999,107712
195.66974,125.04302,107719
195.04274,124.87181,107727
194.79193,124.80332,107738
194.42493,124.67144,107747
193.9356,124.49559,107756
193.56859,124.36371,107765
193.56859,124.36371,107775
193.2031,124.2277,107783
192.59393,124.001015,107793
192.22844,123.865005,107802
191.71773,123.9627,107811
191.20702,124.0604,107818
190.86078,123.96611,107826
190.73135,123.97827,107835
190.73135,123.97827,107843
190.73135,123.97827,107850
190.73135,123.97827,107950
190.73135,123.97827,107960
191.12134,123.97827,107967
191.35002,124.062874,107977
191.63661,124.19582,107987
191.84967,124.58638,107997
191.9397,124.96583,108007
191.9397,124.96583,108016
191.9397,124.96583,108026
191.9397,124.96583,108034
191.85562,124.71981,108044
191.82005,124.40913,108052
191.6435,124.200676,108061
191.1457,124.17741,108067
190.84653,123.96631,108076
190.34055,123.97998,108083
189.85751,123.97998,108091
189.50645,123.97998,108097
189.31871,123.980064,108106
189.16354,124.03545,108115
189.19533,124.01808,108122
188.72224,123.86763,108128
188.38266,123.815186,108135
188.17188,123.49062,108143
188.16429,123.100716,108150
188.16429,123.100716,108157
188.16429,123.100716,108165
187.64432,123.100716,108173
187.38426,123.60416,108180
187.21346,124.23127,108188
187.0406,124.85783,108196
186.93689,125.233765,108207
186.76477,125.58371,108216
186.47792,126.166954,108223
186.19107,126.7502,108229
186.07632,126.9835,108237
185.8268,127.43969,108245
185.5149,128.00993,108253
185.5149,128.00993,108343
185.5149,128.00993,108351
185.5149,128.00993,108364
186.03487,128.00993,108372
186.47937,127.74012,108382
187.03499,127.40286,108389
187.5906,127.065605,108396
187.92398,126.86325,108403
188.02708,126.3536,108410
188.13017,125.84395,108418
188.1844,125.38383,108426
188.44873,125.11355,108435
188.84468,124.776505,108442
189.02989,124.60871,108452
189.02992,124.39458,108459
189.03137,124.26033,108466
189.20973,123.99808,108473
189.71936,123.94231,108480
190.3677,123.896515,108490
190.88637,123.85949,108497
191.53468,123.82001,108505
192.18413,123.82,108515
192.70404,123.82,108525
193.22395,123.82,108534
193.87381,123.82,108541
194.52359,123.82,108548
195.17305,123.82,108555
195.56181,123.8201,108564
195.93712,123.926056,108576
196.43753,124.06733,108585
196.93796,124.20861,108593
197.30447,124.34182,108603
197.79317,124.51944,108611
198.1597,124.65266,108618
198.52505,124.789,108624
199.134,125.01625,108632
199.49937,125.152596,108641
200.01834,125.17999,108649
200.27745,125.17999,108658
200.60693,125.182236,108667
200.77666,125.31876,108676
200.82,125.93939,108683
200.82,126.456085,108691
200.82,126.456085,108704
200.82,126.456085,108713
201.33998,126.456085,108721
201.98564,126.52289,108729
202.50137,126.58924,108736
203.14604,126.67199,108744
203.7933,126.72994,108751
204.18205,126.76099,108758
204.53166,126.82309,108766
205.18074,126.82,108774
205.43568,126.820015,108782
205.65558,126.798805,108790
206.0059,126.41742,108798
206.34792,126.02575,108807
206.43343,125.92784,108816
206.43343,125.92784,108827
206.61946,125.80841,108835
206.8311,125.54083,108843
206.82,124.76401,108851
206.82002,124.636185,108945
206.82002,124.636185,109044
206.82002,124.636185,109053
206.82002,124.11621,109062
206.3654,123.73386,109072
206.02443,123.544586,109081
205.81674,123.388176,109090
205.49821,123.17426,109100
204.98369,123.09929,109108
205.36409,123.17998,109116
204.85086,123.09649,109124
204.20934,122.992134,109132
203.8244,122.92952,109142
203.3245,123.07255,109152
202.6996,123.251335,109159
202.44965,123.322845,109166
202.07281,123.4233,109173
201.44478,123.59073,109181
201.05484,123.59601,109188
200.81241,123.68994,109195
200.40541,123.823,109202
199.88734,123.82001,109209
199.49738,123.82,109219
198.97746,123.82001,109227
198.45753,123.82001,109234
197.8077,123.82,109242
197.1579,123.82,109248
196.63828,123.82,109256
196.24904,123.82001,109265
195.7291,123.82001,109272
195.0792,123.82,109279
194.55928,123.82,109287
194.03938,123.82,109295
193.51955,123.82,109302
192.86993,123.82001,109310
192.35101,123.82001,109317
191.84174,123.90711,109322
191.20818,124.05229,109329
190.72676,123.97755,109337
190.72676,123.97755,109348
190.72676,123.97755,109357
190.72676,123.97755,109364
190.72676,123.97755,109455
190.72676,123.97755,109464
191.24673,123.97755,109472
191.6377,124.19701,109480
191.82057,124.46169,109489
191.94029,124.9677,109500
191.94029,124.9677,109507
191.94029,124.9677,109516
191.94029,124.9677,109525
191.85625,124.72167,109533
191.82005,124.41045,109540
191.72394,124.26032,109547
191.13037,124.139885,109553
190.85641,123.96629,109559
190.22568,123.97997,109567
189.75612,123.97997,109576
189.43068,123.97997,109585
189.27667,123.98646,109594
189.27667,123.98646,109605
188.89708,123.897064,109613
188.64401,123.83747,109621
188.42453,123.820045,109629
188.2248,123.68573,109636
188.16698,123.18847,109642
188.16698,123.18847,109652
188.16698,123.18847,109658
187.777,123.18847,109667
187.48476,123.68248,109678
187.31691,124.174614,109686
187.10478,124.78899,109697
186.9775,125.15761,109706
186.80495,125.50734,109715
186.57489,125.973656,109723
186.34483,126.439964,109732
186.05727,127.02286,109741
185.86958,127.3647,109749
185.55678,127.93445,109756
185.4942,128.0484,109853
185.4942,128.0484,109866
185.4942,128.0484,109876
186.01418,128.0484,109885
186.5761,127.75887,109893
187.01033,127.472855,109900
187.55408,127.116776,109907
187.98907,126.83192,109913
188.07185,126.31857,109921
188.17534,125.676895,109928
188.20168,125.345375,109936
188.58388,124.99778,109944
189.02826,124.57966,109951
189.02992,124.37797,109958
189.0336,124.24317,109966
189.27124,123.97564,109973
189.78969,123.94339,109980
190.30824,123.904945,109988
190.95645,123.85707,109998
191.475,123.82001,110003
191.73396,123.82001,110010
192.25389,123.82001,110018
192.90381,123.82,110026
193.42372,123.82,110035
193.9436,123.82,110043
194.46342,123.82,110051
194.9831,123.82001,110059
195.50197,123.82001,110066
196.1298,123.967445,110072
196.75314,124.15161,110080
197.36668,124.365585,110088
197.85555,124.542725,110097
198.2222,124.675575,110105
198.70932,124.85749,110115
199.19643,125.039406,110124
199.43999,125.13036,110133
199.95836,125.17112,110140
200.34673,125.17999,110147
200.56612,125.17999,110155
200.78014,125.32376,110164
200.82,125.81684,110174
200.82002,126.3347,110182
200.82,126.46314,110189
200.82,126.46314,110197
201.33765,126.51238,110204
201.9847,126.57394,110210
202.50233,126.623184,110216
203.14937,126.68474,110223
203.7974,126.73474,110229
204.18634,126.76301,110235
204.66684,126.82001,110244
205.31546,126.82001,110253
205.44081,126.82001,110261
205.66034,126.79604,110270
205.92377,126.51028,110278
206.35167,126.021034,110285
206.43726,125.92319,110292
206.43726,125.92319,110302
206.62383,125.80803,110310
206.83202,125.53065,110318
206.82,124.88277,110326
206.82,124.62627,110418
206.82,124.62627,110513
206.82,124.62627,110522
206.82,124.23629,110531
206.3886,123.81603,110538
205.95718,123.525764,110546
205.85802,123.44171,110555
205.727,123.259865,110563
205.1219,123.12027,110571
205.37407,123.17998,110579
204.86076,123.09693,110586
204.21915,122.99312,110595
203.70584,122.910065,110603
203.33453,123.02929,110612
202.71568,123.22799,110622
202.46814,123.30747,110634
202.09215,123.41096,110642
201.59082,123.54894,110650
201.0756,123.59259,110659
200.82957,123.65416,110668
200.59946,123.817955,110675
199.95366,123.82001,110681
199.4337,123.82,110687
198.7838,123.82,110695
198.26389,123.82,110704
197.744,123.82,110712
197.22417,123.82001,110719
196.7045,123.82001,110727
196.1856,123.82001,110734
195.53653,123.82,110740
194.88663,123.82001,110747
194.23676,123.82,110755
193.58694,123.82001,110761
193.06718,123.82001,110767
192.5478,123.8201,110774
192.28876,123.82001,110781
191.90767,123.9028,110788
191.27252,124.040794,110796
190.91548,123.96641,110804
190.7859,123.97688,110811
190.7859,123.97688,110818
190.7859,123.97688,110825
190.7859,123.97688,110908
190.7859,123.97688,110919
191.17589,123.97688,110928
191.67453,124.21697,110935
191.87144,124.64381,110943
191.95636,125.02443,110951
191.95636,125.02443,110961
191.95636,125.02443,110970
191.95636,125.02443,110979
191.83215,124.654755,110985
191.82005,124.445755,110991
191.72885,124.2655,110999
191.15404,124.18,111008
190.84619,123.966324,111016
190.34021,123.97997,111023
189.74774,123.97997,111030
189.37746,123.97997,111036
189.2347,123.998764,111043
189.25302,123.99326,111050
188.62247,123.83562,111058
188.40668,123.820045,111066
188.16989,123.54084,111073
188.16405,123.1509,111081
188.16405,123.1509,111091
188.16405,123.1509,111099
187.64407,123.1509,111110
187.4141,123.52785,111120
187.24042,124.154175,111128
187.06499,124.780014,111136
186.95973,125.155525,111147
186.78976,125.506516,111156
186.56314,125.9745,111163
186.27986,126.559494,111170
186.05324,127.02748,111179
185.86588,127.36951,111188
185.49117,128.05356,111196
185.49117,128.05356,111282
185.49117,128.05356,111289
185.49117,128.05356,111298
186.01114,128.05356,111307
186.46481,127.83605,111314
187.0072,127.4779,111321
187.44168,127.192245,111327
187.98479,126.83518,111334
188.0899,126.19377,111342
188.174,125.68064,111350
188.1998,125.34877,111358
188.48135,125.08457,111366
188.97668,124.66372,111374
189.02994,124.37923,111384
189.03021,124.27402,111394
189.09824,124.09064,111402
189.65973,123.95463,111410
190.30801,123.9082,111418
190.82649,123.86889,111425
191.47461,123.82001,111431
191.73355,123.82001,111438
192.2535,123.82,111447
192.77342,123.82,111456
193.42331,123.82001,111466
193.94318,123.82,111474
194.463,123.82,111484
194.98267,123.82,111492
195.6307,123.82,111500
196.12938,123.9674,111509
196.62805,124.11469,111518
196.8774,124.18835,111530
197.24405,124.32119,111538
197.85515,124.542595,111546
198.2218,124.67543,111553
198.70892,124.857346,111559
199.31781,125.08474,111567
199.82837,125.16082,111577
200.34633,125.17999,111586
200.5658,125.17999,111598
200.71774,125.25555,111606
200.82,125.81578,111615
200.82,126.33365,111623
200.82,126.462105,111633
200.82,126.462105,111645
201.20822,126.49918,111654
201.85524,126.56098,111663
202.63167,126.63515,111671
203.2787,126.696945,111681
203.7973,126.73468,111691
204.18625,126.762985,111701
204.66675,126.82001,111710
205.18591,126.82001,111718
205.44073,126.82001,111728
205.66026,126.79609,111735
206.0093,126.41252,111743
206.35161,126.02112,111753
206.4372,125.92327,111763
206.4372,125.92327,111770
206.62375,125.80804,111781
206.832,125.530846,111789
206.82,125.012245,111799
206.82,124.62646,111901
206.82,124.62646,112003
206.82,124.62646,112012
206.82,124.62646,112024
206.82,124.23648,112033
206.49648,123.88875,112041
206.0651,123.59842,112050
205.8581,123.441795,112060
205.72714,123.25999,112069
205.1221,123.12035,112079
205.37427,123.17998,112086
204.86096,123.09694,112093
204.34767,123.01389,112100
203.70604,122.910095,112108
203.33472,123.0293,112115
202.71587,123.22797,112121
202.46832,123.30744,112128
202.09232,123.41092,112136
201.46565,123.58339,112142
200.94582,123.59563,112148
200.82974,123.65413,112156
200.47234,123.82865,112167
199.95384,123.82001,112175
199.4339,123.82,112182
198.65402,123.82001,112189
198.00415,123.82,112196
197.35434,123.82,112202
196.57489,123.82,112209
196.05672,123.82001,112215
195.53677,123.82,112222
194.88687,123.82001,112228
194.10704,123.82,112234
193.45724,123.82001,112241
192.67784,123.82001,112246
192.28902,123.82001,112252
191.7809,123.930374,112257
191.27277,124.04075,112263
190.78615,123.97691,112270
190.78615,123.97691,112278
190.78615,123.97691,112283
190.78615,123.97691,112288
190.78615,123.97691,112363
190.78615,123.97691,112371
191.30612,123.97691,112378
191.58511,124.189964,112385
191.83629,124.497765,112392
191.95123,125.004875,112398
191.95123,125.004875,112407
191.95123,125.004875,112418
191.95123,125.004875,112427
191.82619,124.63549,112434
191.82005,124.43015,112441
191.60109,124.182495,112449
191.11526,124.11408,112457
190.52731,123.97997,112466
190.03209,123.97997,112476
189.6048,123.97997,112484
189.32889,123.97997,112493
189.1773,124.02656,112502
189.26605,123.98943,112512
188.88701,123.897766,112521
188.63431,123.83666,112529
188.41643,123.82005,112538
188.21637,123.67334,112546
188.1653,123.17128,112556
188.1653,123.17128,112566
188.1653,123.17128,112575
187.64532,123.17128,112583
187.38039,123.67343,112591
187.23997,124.17408,112599
187.0622,124.79926,112609
186.95552,125.17437,112617
186.78487,125.52503,112625
186.55734,125.99258,112634
186.3298,126.46013,112642
186.10226,126.92767,112650
185.8577,127.386406,112658
185.60744,127.84219,112665
185.39131,128.16594,112672
185.39131,128.16594,112798
185.39131,128.16594,112806
185.39131,128.16594,112816
185.91129,128.16594,112824
186.36124,127.94297,112832
186.89812,127.57663,112840
187.43588,127.21157,112848
187.86609,126.91952,112856
188.06093,126.33391,112863
188.17006,125.69317,112873
188.19395,125.360405,112881
188.46992,125.09377,112890
188.86632,124.75724,112898
189.02994,124.381645,112907
189.03009,124.27623,112915
189.25208,123.980965,112921
189.77061,123.94853,112927
190.41872,123.899284,112934
191.06683,123.850395,112941
191.58534,123.82001,112947
192.23468,123.82,112954
192.88458,123.82001,112961
193.53447,123.82,112969
194.05434,123.82001,112976
194.70407,123.82,112983
195.09373,123.82,112991
195.612,123.82001,112999
195.98637,123.92924,113007
196.61032,124.11129,113014
196.85991,124.18411,113023
197.349,124.36065,113029
198.08263,124.62545,113037
198.57028,124.805916,113044
199.05743,124.98769,113052
199.42282,125.12403,113060
199.81146,125.15626,113069
200.32939,125.17999,113077
200.5517,125.17999,113085
200.75569,125.29223,113095
200.82,125.893326,113103
200.82,126.41055,113110
200.82,126.53817,113118
200.82,126.53817,113129
201.3389,126.57311,113137
201.8577,126.60805,113145
202.5062,126.65172,113152
203.1547,126.69539,113161
203.8032,126.738785,113167
204.19232,126.764786,113174
204.8025,126.82,113182
205.3212,126.8201,113187
205.44641,126.82003,113193
205.66542,126.7929,113203
205.92715,126.50468,113213
206.35562,126.01593,113224
206.44131,125.91818,113236
206.44131,125.91818,113248
206.62845,125.807655,113256
206.83258,125.52008,113263
206.82,124.87227,113271
206.82,124.74351,113366
206.82,124.74351,113374
206.82,124.74351,113383
206.82,124.35352,113390
206.82,123.44357,113478
206.82,123.44357,113487
206.30017,123.43156,113495
206.04025,123.42555,113503
205.80241,123.32054,113512
205.37778,123.15684,113519
205.37778,123.15684,113530
204.86348,123.0802,113538
204.22061,122.984406,113545
203.70633,122.90776,113552
203.21144,123.06736,113559
202.59285,123.26685,113568
202.09213,123.40703,113577
201.46623,123.58226,113585
201.07637,123.59205,113594
200.83034,123.653824,113605
200.60048,123.81762,113615
199.95485,123.82001,113622
199.5649,123.82,113629
198.78502,123.82,113638
198.2651,123.82,113645
197.61526,123.82,113654
196.96553,123.82,113661
196.31636,123.82001,113669
195.79686,123.82,113677
195.14694,123.82,113683
194.49706,123.82001,113690
193.84721,123.82001,113696
193.19746,123.82,113704
192.67793,123.82001,113712
192.28911,123.82001,113719
191.78098,123.93037,113726
191.27286,124.04073,113733
190.9158,123.96648,113740
190.78622,123.97692,113748
190.78622,123.97692,113757
190.78622,123.97692,113764
190.78622,123.97692,113851
190.78622,123.97692,113859
191.3062,123.97692,113866
191.58517,124.18999,113873
191.83633,124.49786,113880
191.95128,125.00498,113888
191.95128,125.00498,113898
191.95128,125.00498,113907
191.95128,125.00498,113916
191.82622,124.6356,113925
191.82005,124.43024,113934
191.6944,124.2338,113942
191.13803,124.15845,113951
190.78116,123.97663,113960
190.2769,123.97997,113969
189.80063,123.97997,113980
189.45546,123.97997,113988
189.29196,123.983444,113995
189.1299,124.061905,114001
189.09926,124.09937,114008
188.63712,123.878784,114015
188.42314,123.82005,114023
188.17514,123.57543,114030
188.16666,123.18554,114037
188.16666,123.18554,114046
188.16666,123.18554,114057
187.64668,123.18554,114066
187.47926,123.677826,114075
187.31184,124.17011,114085
187.10258,124.78547,114093
186.97702,125.154686,114100
186.7473,125.62117,114108
186.46017,126.20428,114116
186.23047,126.67076,114124
186.05818,127.02062,114134
185.80803,127.47646,114145
185.55788,127.93231,114154
185.49533,128.04626,114264
185.49533,128.04626,114270
185.49533,128.04626,114278
186.0153,128.04626,114287
186.57736,127.75697,114294
187.12051,127.399994,114304
187.55565,127.11533,114311
187.99078,126.83068,114320
188.07304,126.31725,114328
188.15529,125.803825,114336
188.2024,125.344086,114344
188.58517,124.99679,114352
188.98131,124.65996,114358
189.02992,124.34,114364
189.0455,124.192375,114371
189.43193,123.96616,114378
190.07976,123.92301,114384
190.72794,123.874664,114391
191.24648,123.836075,114399
191.76538,123.82001,114406
192.15535,123.82,114412
192.80525,123.82,114419
193.45515,123.82,114425
194.105,123.82001,114431
194.7547,123.82001,114438
195.40378,123.82,114444
196.0343,123.958954,114449
196.7859,124.16736,114454
197.52246,124.42295,114460
198.13376,124.64381,114466
198.74281,124.870766,114472
199.35187,125.097725,114479
199.86272,125.17015,114487
200.38062,125.17999,114494
200.59338,125.17999,114500
200.83118,125.511635,114506
200.82,126.16006,114513
200.82,126.41806,114521
200.82,126.41806,114531
200.82,126.41806,114540
201.34007,126.41806,114550
201.98442,126.49431,114558
202.62747,126.58892,114564
203.14192,126.66447,114571
203.78868,126.72692,114579
204.17729,126.75959,114587
204.6561,126.82048,114594
205.17528,126.82001,114602
205.43036,126.82001,114612
205.65053,126.80157,114620
206.00214,126.42255,114628
206.42935,125.9327,114637
206.42935,125.9327,114648
206.42935,125.9327,114659
206.94933,125.9327,114667
206.99774,125.55135,114677
206.88896,125.042885,114685
206.82002,124.66153,114810
206.82002,124.66153,114920
206.82002,124.66153,114930
206.82002,124.66153,114939
206.82002,124.141556,114946
206.31482,124.134605,114954
206.31487,124.17998,114961
206.31487,124.17998,114968
206.83484,124.17998,114975
207.05936,124.422165,114983
207.44867,124.44516,114990
207.8718,124.14295,114998
208.18916,123.916306,115005
208.7086,123.892784,115012
209.3579,123.863396,115020
210.39658,123.82001,115120
210.9152,123.82001,115128
210.9152,123.82001,115137
210.9152,123.82001,115227
210.9152,123.82001,115235
211.30519,123.82001,115242
211.70816,124.25444,115249
211.82,124.68205,115258
211.82,124.94179,115266
211.82,124.94179,115272
211.82,124.94179,115281
211.82,124.94179,115289
211.82,124.68209,115297
211.82,124.455956,115305
211.66335,124.21179,115314
211.17093,124.18,115321
210.86177,123.96643,115330
210.35495,123.97997,115338
209.98618,123.97997,115345
209.50072,123.97997,115353
209.14821,124.03509,115361
208.8577,124.462425,115369
208.51103,125.012215,115460
208.51103,125.012215,115470
208.51103,125.012215,115482
208.12105,125.012215,115489
207.81082,125.499954,115496
207.58554,126.109634,115503
207.45036,126.47544,115510
206.93744,126.56078,115519
206.42453,126.646126,115527
205.9116,126.73147,115535
205.45395,126.82094,115542
204.80502,126.82001,115549
204.67572,126.82001,115559
204.67572,126.82001,115569
204.55179,126.82001,115578
204.44559,126.82001,115587
204.28314,126.74582,115594
204.18,126.186584,115601
204.18,126.05785,115608
204.18,126.05785,115621
203.70605,125.84396,115629
203.31693,125.82001,115635
202.67104,125.82001,115641
202.45743,125.82001,115651
202.3242,125.773735,115660
202.17932,125.40856,115668
202.18,124.89166,115677
202.18,124.63747,115687
202.18,124.63747,115797
202.18,124.63747,115808
202.18,124.24748,115816
202.69514,124.179985,115823
202.95108,124.179985,115831
202.95108,124.179985,115843
202.95108,124.179985,115851
202.95108,123.66001,115858
203.29353,123.13874,115865
203.40808,122.52175,115872
203.449,121.87308,115879
203.49113,121.22448,115886
203.62065,120.8647,115895
203.77295,120.68618,115905
203.84741,120.13566,115913
204.02817,119.79164,115922
204.02003,119.325455,115930
204.02,118.93636,115938
204.02,118.418045,115946
203.98643,117.900085,115954
203.93188,117.25241,115961
203.87764,116.60471,115970
203.83424,116.086555,115978
203.82002,115.4407,115985
203.82002,115.4407,115992
203.82002,115.4407,116003
203.82002,114.92072,116011
203.82,114.400826,116018
203.82,113.75104,116025
203.82,113.101364,116033
203.82,112.58181,116042
203.82002,111.93325,116051
203.82,111.54745,116058
203.82,111.15755,116065
203.82,110.63774,116071
203.82,109.85823,116078
203.82,109.20919,116085
203.82,108.69238,116092
203.77243,108.312096,116100
203.33913,108.12571,116109
202.8325,108.00876,116117
202.19989,107.85953,116125
201.56728,107.71036,116133
201.06119,107.59102,116142
201.06119,107.59102,116151
201.06119,107.59102,116159
201.06119,107.20104,116167
200.96786,106.55951,116174
200.8279,105.79221,116182
200.7983,105.34946,116188
200.33307,105.179985,116195
199.94595,105.17999,116278
199.94595,105.17999,116286
199.94595,105.17999,116292
200.59592,105.17999,116299
200.72592,105.17999,116307
201.05275,105.741806,116314
201.3796,106.30362,116320
201.5757,106.64071,116327
201.92673,107.0243,116334
202.27777,107.4079,116340
202.78766,107.8004,116346
203.34494,108.13492,116352
203.65337,108.203255,116358
203.8174,108.3986,116365
203.81999,109.17447,116372
203.82,109.694176,116378
203.82,110.343506,116384
203.82,110.99102,116391
203.81999,111.63922,116397
203.81999,112.289055,116404
203.82,113.06873,116411
203.82,113.71832,116418
203.82,114.23771,116426
203.82,114.884735,116435
203.81999,115.40464,116443
203.82,115.92452,116451
203.81999,116.44437,116461
203.82,116.96416,116470
203.82,117.48386,116478
203.81999,118.00331,116484
203.98692,118.19015,116492
204.02003,118.630295,116500
204.02,119.125656,116508
204.02,119.6349,116516
203.95221,120.13052,116523
203.8537,120.371124,116532
203.79231,120.65833,116540
203.50322,120.90394,116548
202.97536,121.283165,116555
202.55356,121.587234,116562
202.02628,121.967285,116568
201.49901,122.347336,116574
200.97173,122.72739,116582
200.84912,123.2327,116589
200.78876,123.668655,116596
200.41783,123.82252,116605
200.28806,123.82001,116615
199.89966,123.82,116624
199.5097,123.82,116632
198.85979,123.82,116640
198.33987,123.82,116647
197.69003,123.82,116654
197.04028,123.82001,116661
196.39098,123.82,116669
196.13191,123.82001,116678
195.61197,123.82,116687
195.09203,123.82,116697
194.57211,123.82,116705
193.92226,123.82,116713
193.40244,123.82,116720
192.7529,123.82,116728
192.23457,123.82001,116735
191.72748,123.93501,116744
191.22038,124.05002,116753
190.7375,123.97605,116762
190.7375,123.97605,116774
190.7375,123.97605,116784
190.7375,123.97605,116793
190.7375,123.97605,116895
190.7375,123.97605,116908
191.12749,123.97605,116918
191.35506,124.06195,116927
191.64046,124.19763,116936
191.85225,124.59186,116944
191.94154,124.97147,116952
191.94154,124.97147,116963
191.94154,124.97147,116974
191.94154,124.97147,116987
191.85751,124.72545,116999
191.82005,124.41315,117007
191.65341,124.20609,117015
191.15154,124.18,117023
190.84375,123.96639,117031
190.2135,123.97997,117039
189.74576,123.97997,117048
189.37665,123.97997,117055
189.23386,123.99907,117062
189.28369,123.98518,117069
188.77719,123.86758,117076
188.43005,123.820045,117086
188.1788,123.59016,117094
188.16504,123.070366,117101
188.16504,123.070366,117108
188.16504,123.070366,117115
187.64507,123.070366,117122
187.3868,123.574265,117130
187.21783,124.20187,117138
187.04674,124.82892,117145
186.94408,125.20514,117152
186.71588,125.67237,117159
186.43063,126.2564,117165
186.20244,126.723625,117172
186.08835,126.95724,117180
185.83948,127.41379,117188
185.52838,127.984474,117197
185.52838,127.984474,117289
185.52838,127.984474,117299
185.52838,127.984474,117308
185.1384,127.984474,117318
185.04594,128.37263,117326
185.08893,128.89082,117334
185.13979,129.53879,117342
185.18,130.18675,117349
185.18,130.83595,117355
185.18001,131.48587,117363
185.18,132.00578,117370
185.18,132.65562,117379
185.18,133.17543,117388
185.18,133.82477,117398
185.18,134.21289,117410
185.18,134.21289,117421
185.18,134.21289,117432
185.18,133.8229,117441
185.18001,133.30298,117449
185.18001,132.6531,117459
185.18001,132.00333,117466
185.18,131.35376,117478
185.18,130.96454,117487
185.18,130.44525,117496
185.18,129.92542,117505
185.18,129.40569,117514
185.18,128.88641,117522
185.17995,128.4166,117529
185.52238,128.12413,117537
185.98259,127.882164,117546
186.44127,127.63726,117555
187.0147,127.33124,117563
187.47342,127.08641,117571
187.93214,126.84159,117579
188.03397,126.33168,117587
188.16122,125.69429,117597
188.19308,125.362274,117605
188.56725,125.011154,117614
189.029,124.59238,117623
189.02992,124.38433,117632
189.02997,124.27867,117640
189.08946,124.10271,117648
189.63742,123.96071,117657
190.15602,123.9233,117666
190.67442,123.88299,117675
191.19284,123.84271,117683
191.71106,123.82001,117691
192.10101,123.82,117699
192.75093,123.82001,117707
193.40082,123.82,117715
194.05066,123.82,117724
194.57047,123.82,117733
195.21986,123.82,117740
195.60835,123.8201,117747
196.10762,123.965385,117754
196.73169,124.147,117762
197.22163,124.32115,117772
197.71158,124.4953,117780
198.20152,124.66945,117789
198.68881,124.85091,117799
199.05428,124.98699,117805
199.41974,125.123085,117812
200.06746,125.177185,117821
199.93808,125.17999,117829
199.54813,125.18,117838
198.89821,125.18,117845
198.3783,125.18,117854
197.85841,125.18,117863
197.33856,125.18,117871
196.81885,125.17999,117879
196.29964,125.17999,117888
195.79395,125.077194,117895
195.16696,124.90586,117904
194.79077,124.803055,117912
194.42378,124.67114,117920
193.81213,124.45128,117927
193.56747,124.36334,117934
193.56747,124.36334,117943
193.08015,124.18198,117952
192.471,123.955284,117959
192.22734,123.8646,117968
191.71667,123.96255,117978
191.20601,124.060486,117987
190.73047,123.97842,117997
190.73047,123.97842,118005
190.73047,123.97842,118014
190.73047,123.97842,118021
190.73047,123.97842,118109
190.73047,123.97842,118118
191.12044,123.97842,118125
191.4556,124.08448,118132
191.63477,124.19423,118141
191.82097,124.45615,118148
191.93962,124.9624,118154
191.93962,124.9624,118163
191.93962,124.9624,118171
191.93962,124.9624,118179
191.85509,124.716545,118186
191.8196,124.40641,118193
191.71744,124.253914,118200
191.14441,124.1742,118207
190.71152,123.97997,118214
190.20876,123.97998,118220
189.64368,123.97998,118227
189.34024,123.97998,118234
189.15051,124.04485,118242
189.20573,124.01257,118249
188.88708,123.897766,118256
188.63438,123.83667,118264
188.41649,123.82005,118272
188.17244,123.56132,118280
188.16531,123.1714,118288
188.16531,123.1714,118299
188.16531,123.1714,118309
187.64534,123.1714,118318
187.41412,123.54802,118325
187.23997,124.1742,118332
187.06218,124.79938,118341
186.95549,125.174484,118351
186.78484,125.52515,118358
186.50041,126.10957,118364
186.21599,126.69401,118371
186.04533,127.04467,118380
185.85765,127.386505,118388
185.54482,127.956245,118396
185.54482,127.956245,118499
185.54482,127.956245,118509
185.54482,127.956245,118519
185.02484,127.956245,118527
184.96701,128.47119,118534
185.03143,128.98714,118542
185.1088,129.63248,118552
185.17068,130.14876,118561
185.1752,130.53871,118570
185.18,131.18863,118580
185.18,131.70856,118588
185.18001,132.35841,118597
185.18,132.87827,118606
185.18,133.52788,118616
185.18,134.17598,118624
185.18,134.17598,118631
185.18,134.17598,118640
185.18,133.656,118648
185.18,133.1361,118656
185.18001,132.74617,118665
185.18,132.09634,118672
185.18,131.44672,118679
185.17998,130.79852,118686
185.18,130.27864,118693
185.18,129.62888,118703
185.18001,129.10933,118713
185.18,128.59138,118721
185.18755,128.37527,118730
185.575,128.08882,118737
186.03545,127.84727,118745
186.60957,127.54258,118752
187.18373,127.23795,118758
187.64307,126.994255,118764
187.98756,126.81148,118772
188.05092,126.42668,118781
188.15652,125.78535,118789
188.17996,125.441284,118797
188.49248,125.07593,118805
188.88852,124.739,118812
189.02992,124.37314,118820
189.03456,124.2373,118827
189.29236,123.97147,118835
189.94032,123.93013,118843
190.58856,123.882774,118850
191.10716,123.84501,118857
191.75496,123.82001,118864
192.2749,123.82001,118871
192.92482,123.82,118879
193.44473,123.82,118886
194.09457,123.82001,118893
194.74428,123.82001,118899
195.2637,123.82001,118906
195.65182,123.82001,118913
196.02539,123.93196,118921
196.64801,124.11855,118928
197.38568,124.370964,118935
197.99649,124.593185,118945
198.48378,124.77462,118955
199.0929,125.0014,118965
199.45837,125.13748,118976
199.97694,125.17563,118984
200.36523,125.17999,118992
200.36523,125.17999,119001
199.97638,125.17999,119010
199.58643,125.18,119020
199.06648,125.17999,119029
198.54657,125.18,119036
197.8967,125.17999,119044
197.37685,125.18,119053
196.85712,125.18,119062
196.20824,125.18,119071
195.57957,125.035324,119081
195.20499,124.92682,119089
194.8304,124.81832,119098
194.46349,124.68619,119107
193.97427,124.51002,119116
193.48505,124.33385,119124
193.48505,124.33385,119131
192.99785,124.152145,119137
192.38885,123.925026,119144
191.88284,123.94643,119153
191.2425,124.057816,119160
190.76425,123.976036,119169
190.76425,123.976036,119178
190.76425,123.976036,119187
190.76425,123.976036,119195
190.76425,123.976036,119290
190.76425,123.976036,119300
191.15424,123.976036,119308
191.37799,124.06606,119316
191.65906,124.20754,119323
191.83482,124.492744,119332
191.94998,124.99981,119339
191.94998,124.99981,119348
191.94998,124.99981,119358
191.94998,124.99981,119365
191.82466,124.630516,119372
191.82005,124.426186,119381
191.68492,124.22655,119388
191.1982,124.17999,119395
190.99417,124.00272,119402
190.50804,123.97998,119410
190.01303,123.97998,119417
189.52391,123.97998,119424
189.32544,123.97998,119432
189.17256,124.02951,119441
189.23642,123.999054,119450
188.88835,123.89768,119457
188.6356,123.83678,119466
188.41751,123.82005,119475
188.17282,123.56346,119483
188.1655,123.17355,119492
188.1655,123.17355,119501
188.1655,123.17355,119511
187.77551,123.17355,119521
187.5249,123.54441,119529
187.35875,124.03711,119537
187.14882,124.652245,119545
186.98088,125.144356,119554
186.7514,125.61095,119562
186.52191,126.07754,119569
186.23505,126.66078,119577
186.06294,127.01073,119587
185.81297,127.466675,119596
185.56302,127.92263,119605
185.50052,128.03662,119699
185.50052,128.03662,119706
185.50052,128.03662,119714
186.0205,128.03662,119721
186.6914,127.67624,119728
187.12657,127.39165,119736
187.67155,127.037445,119744
187.99854,126.82493,119751
188.05843,126.43957,119757
188.15823,125.79731,119764
188.17996,125.44393,119773
188.39026,125.1622,119782
188.88551,124.74127,119789
189.02992,124.37418,119797
189.03433,124.23856,119804
189.1776,124.01646,119811
189.67645,123.94686,119820
190.19514,123.91029,119830
190.71376,123.87285,119837
191.36205,123.82605,119845
191.75056,123.82001,119851
192.14053,123.82,119858
192.79045,123.82,119865
193.44034,123.82,119873
194.09018,123.82,119881
194.60999,123.82001,119888
195.25932,123.82,119896
195.64749,123.8201,119904
196.02115,123.93173,119912
196.51936,124.08057,119919
196.89304,124.1922,119928
197.25955,124.32543,119937
197.8704,124.547485,119945
198.11475,124.63631,119952
198.48015,124.77257,119958
199.08916,124.999664,119965
199.45456,125.135925,119973
199.97308,125.17466,119982
200.3614,125.17999,119988
200.57808,125.17999,119996
200.79683,125.35117,120004
200.82,125.98438,120013
200.82,126.50038,120022
200.82,126.50038,120031
200.82,126.50038,120038
201.34007,126.50038,120045
201.8578,126.542175,120051
202.50407,126.61138,120058
203.15036,126.68047,120064
203.6685,126.72352,120073
204.18701,126.76248,120081
204.66678,126.82001,120090
205.18594,126.82001,120099
205.44075,126.82001,120109
205.66028,126.79607,120117
205.92375,126.51036,120126
206.35162,126.0211,120135
206.43721,125.923256,120146
206.43721,125.923256,120156
206.62376,125.80803,120165
206.83202,125.53078,120174
206.82346,125.40106,120183
206.66965,125.78977,120191
206.19409,126.232834,120198
206.00386,126.41006,120206
205.81602,126.58981,120216
205.81602,126.58981,120226
205.60646,126.815895,120234
204.96053,126.82001,120242
204.7015,126.82001,120251
204.31332,126.80599,120260
203.79639,126.749954,120268
203.28908,126.63589,120276
202.65494,126.4933,120283
202.04834,126.26431,120291
201.56856,126.06385,120298
201.16669,125.733894,120305
200.96574,125.56892,120312
200.80287,125.38782,120322
200.53687,125.16865,120330
199.88902,125.18,120337
199.49907,125.18,120344
198.97914,125.17999,120351
198.45921,125.18,120361
197.80936,125.17999,120371
197.28954,125.18,120379
196.63997,125.17999,120389
196.12135,125.17999,120398
195.74599,125.07421,120406
195.24551,124.933174,120415
194.74503,124.79214,120423
194.37848,124.659,120431
193.76756,124.437096,120439
193.5232,124.34834,120449
193.5232,124.34834,120459
193.15782,124.21201,120468
192.67065,124.030235,120476
192.18349,123.848465,120485
191.67487,123.95656,120494
191.29341,124.037636,120502
190.79985,123.97999,120510
190.79985,123.97999,120518
190.79985,123.97999,120525
190.79985,123.97999,120533
190.79985,123.97999,120625
190.79985,123.97999,120631
191.18983,123.97999,120639
191.59225,124.183014,120647
191.8113,124.38152,120655
191.92546,124.88881,120664
191.95401,125.01563,120675
191.95401,125.01563,120687
191.82945,124.64608,120696
191.82005,124.438675,120704
191.7642,124.310135,120713
191.3802,124.17475,120721
191.03084,124.02555,120730
190.5664,123.97998,120737
189.94974,123.97998,120743
189.55278,123.97998,120749
189.3364,123.97998,120757
189.14503,124.04912,120767
189.19794,124.01665,120775
188.69943,123.868805,120783
188.36996,123.81029,120791
188.17683,123.465706,120800
188.16562,123.07588,120808
188.16562,123.07588,120819
188.16562,123.07588,120828
187.64565,123.07588,120835
187.38692,123.579666,120844
187.25177,124.08176,120851
187.08017,124.708664,120861
186.94289,125.21019,120869
186.77156,125.560524,120878
186.54312,126.027626,120887
186.25758,126.61151,120895
186.08626,126.961845,120902
185.83727,127.41833,120911
185.58827,127.87481,120921
185.52603,127.98894,121029
185.52603,127.98894,121037
185.52603,127.98894,121046
185.00606,127.98894,121053
184.9715,128.63185,121060
185.05634,129.27625,121067
185.12209,129.79204,121075
185.18,130.30785,121083
185.18,130.69781,121092
185.18,131.21774,121100
185.18001,131.86765,121108
185.18001,132.51749,121115
185.18,133.03731,121124
185.18,133.68681,121133
185.18,134.20479,121141
185.18,134.20479,121149
185.18,134.20479,121159
185.18,133.68481,121167
185.18001,133.16489,121174
185.18001,132.51503,121182
185.18,131.86525,121190
185.18,131.34563,121199
185.18,130.82709,121207
185.18,130.43716,121216
185.18001,129.91731,121224
185.18,129.39758,121233
185.18,128.87833,121241
185.17996,128.41019,121251
185.53008,128.11784,121258
186.10507,127.81489,121265
186.67867,127.50919,121274
187.13757,127.2647,121285
187.59648,127.02021,121294
187.94067,126.83684,121303
188.01509,126.454025,121311
188.13911,125.816,121321
188.19278,125.36295,121329
188.46753,125.09585,121334
188.963,124.67518,121341
189.02992,124.34503,121348
189.04308,124.20041,121355
189.4099,123.96964,121361
189.92822,123.93597,121368
190.57635,123.88709,121375
191.22449,123.83834,121382
191.74265,123.82001,121389
192.26259,123.82001,121398
192.9125,123.82001,121405
193.5624,123.82001,121412
194.08226,123.82001,121419
194.73198,123.82,121426
195.3811,123.82,121434
196.01218,123.95713,121440
196.51373,124.09425,121446
196.88992,124.1971,121454
197.37923,124.37302,121462
197.99088,124.59291,121470
198.47868,124.77291,121478
199.08783,124.99961,121485
199.45332,125.135635,121492
199.97185,125.17446,121500
200.36017,125.17999,121509
200.57709,125.17999,121517
200.79556,125.34886,121526
200.82405,125.59206,121533
200.81422,125.38289,121540
200.53271,125.168274,121548
199.88492,125.17999,121558
199.49496,125.18,121568
198.97504,125.17999,121575
198.32515,125.18,121583
197.67531,125.17999,121592
197.1555,125.18,121601
196.50606,125.18,121608
196.1173,125.179985,121618
195.742,125.07395,121624
195.11652,124.89723,121630
194.74123,124.7912,121638
194.37471,124.65796,121646
193.88603,124.480316,121656
193.51952,124.34708,121663
193.51952,124.34708,121672
193.03236,124.165276,121682
192.54521,123.98347,121690
192.17984,123.847115,121697
191.67142,123.956085,121705
191.2901,124.03782,121714
190.79758,123.97999,121723
190.79758,123.97999,121733
190.79758,123.97999,121742
190.79758,123.97999,121752
190.79758,123.97999,121850
190.79758,123.97999,121857
191.31755,123.97999,121864
191.59393,124.19402,121872
191.84183,124.513855,121880
191.95549,125.021255,121886
191.95549,125.021255,121896
191.95549,125.021255,121906
191.95549,125.021255,121917
191.83118,124.65162,121925
191.82005,124.443184,121932
191.7234,124.25985,121940
191.1461,124.17838,121948
190.8507,123.96626,121957
190.34457,123.97998,121965
189.75142,123.97998,121972
189.37895,123.97998,121977
189.19487,124.01654,121984
189.26642,123.98934,121992
188.88734,123.89775,122001
188.63463,123.83669,122010
188.4167,123.820045,122020
188.21663,123.67374,122029
188.16534,123.17184,122039
188.16534,123.17184,122049
188.16534,123.17184,122057
187.64537,123.17184,122067
187.47911,123.66452,122076
187.35443,124.03403,122084
187.1466,124.64988,122093
186.98036,125.142555,122102
186.75113,125.609276,122110
186.46458,126.19267,122119
186.23535,126.659386,122128
186.06343,127.00943,122135
185.81354,127.465416,122144
185.56364,127.9214,122154
185.50116,128.0354,122245
185.50116,128.0354,122252
185.50116,128.0354,122259
185.89114,128.0354,122266
186.47327,127.815605,122273
187.01715,127.459785,122280
187.45366,127.17722,122287
187.99928,126.82403,122295
188.07892,126.31019,122303
188.15855,125.79635,122310
188.17996,125.44307,122317
188.49033,125.077324,122323
188.98553,124.65633,122330
189.02994,124.33882,122338
189.03525,124.23316,122347
189.19267,124.007164,122356
189.69724,123.94388,122364
190.21593,123.90751,122372
190.86424,123.86117,122381
191.51256,123.82001,122391
192.0325,123.82001,122401
192.55244,123.82,122409
193.07237,123.82,122417
193.59227,123.82,122426
194.11214,123.82,122433
194.63191,123.82001,122439
195.28123,123.82,122447
195.54033,123.8201,122453
195.91602,123.92472,122460
196.54216,124.09908,122468
196.91785,124.203705,122476
197.4068,124.38062,122485
197.89574,124.55754,122496
198.14021,124.646,122505
198.50563,124.78222,122514
198.99286,124.963844,122521
199.48007,125.14547,122528
199.86917,125.17183,122537
200.38704,125.17999,122544
200.59839,125.17999,122552
200.76567,125.30417,122562
200.82,125.78545,122572
200.82002,126.303505,122581
200.82,126.432175,122592
200.82,126.432175,122603
201.2078,126.47351,122611
201.8541,126.54241,122618
202.50041,126.611305,122626
203.01746,126.66642,122633
203.27597,126.693985,122640
203.79448,126.73296,122648
204.18336,126.7622,122655
204.53395,126.82203,122663
205.18301,126.82001,122670
205.4379,126.82001,122678
205.65765,126.797615,122685
206.00743,126.41527,122692
206.43509,125.92582,122699
206.43509,125.92582,122707
206.43509,125.92582,122715
206.95506,125.92582,122723
206.97394,125.41786,122730
206.82002,124.65592,122738
206.82002,124.65592,122839
206.82002,124.65592,122847
206.82002,124.13595,122855
206.36916,123.74695,122862
206.03099,123.5527,122871
205.82408,123.39528,122879
205.6427,123.198586,122887
205.12996,123.117004,122894
204.48692,123.02236,122902
203.84389,122.92768,122911
203.22003,123.067215,122921
202.7248,123.22568,122931
202.47717,123.30491,122938
202.10118,123.40842,122946
201.47453,123.58093,122955
200.95474,123.5948,122964
200.8382,123.6524,122973
200.48236,123.83045,122982
199.96387,123.82001,122989
199.44391,123.82,122996
198.794,123.82,123003
198.2741,123.82001,123010
197.4943,123.82,123018
196.97453,123.82,123025
196.32535,123.82001,123034
195.67586,123.82,123044
195.15591,123.82,123054
194.636,123.82,123062
194.11612,123.82,123071
193.59625,123.82,123079
193.07649,123.82,123086
192.42744,123.82001,123093
191.91272,123.88032,123100
191.2703,123.97901,123107
190.66716,123.97997,123114
190.0444,123.97997,123121
189.53947,123.97997,123129
189.33127,123.97998,123136
189.04414,124.177055,123144
188.7026,124.73005,123153
188.49767,125.061844,123161
188.41518,125.16231,123169
188.18513,125.38989,123177
188.16737,126.03827,123184
188.16315,126.42822,123192
187.83594,126.6404,123200
187.39966,126.92331,123208
186.9634,127.206215,123214
186.30898,127.63057,123221
185.76363,127.9842,123228
185.34485,128.20178,123236
185.15434,128.60242,123243
185.16429,128.6047,123250
185.18202,128.39096,123257
185.55388,128.10075,123265
186.12917,127.79832,123273
186.58838,127.554405,123280
187.16246,127.24962,123288
187.62172,127.00578,123294
187.96616,126.8229,123300
188.05748,126.31101,123308
188.14879,125.79912,123314
188.20433,125.34078,123320
188.58861,124.994286,123327
189.02805,124.57623,123334
189.02994,124.33914,123340
189.04596,124.191,123346
189.30577,123.96988,123352
189.95366,123.927826,123359
190.47227,123.89027,123365
191.12054,123.843475,123372
191.76828,123.82001,123379
192.15825,123.82,123385
192.80817,123.82,123392
193.32808,123.82001,123399
193.97792,123.82,123407
194.62767,123.82,123415
195.14722,123.82001,123420
195.5361,123.82001,123429
195.92606,123.82,123437
196.57597,123.82,123447
197.09589,123.82001,123455
197.74574,123.82,123462
198.39551,123.82001,123470
198.91512,123.82,123479
199.43352,123.82,123487
199.69333,123.82001,123495
200.2123,123.82,123503
200.56183,123.82,123510
200.7344,123.73059,123516
200.82002,123.15427,123524
201.2105,122.8109,123532
201.60097,122.46753,123539
202.08907,122.038315,123546
202.57715,121.6091,123553
203.06525,121.179886,123560
203.3581,120.922356,123569
203.5609,120.82006,123577
203.7037,120.75518,123585
203.82211,120.34312,123593
204.02003,119.16187,123690
204.02003,119.16187,123701
204.0689,118.77497,123710
204.15031,118.13012,123716
204.18,117.61551,123721
204.18,117.40946,123728
204.30402,117.23415,123734
204.91234,117.17999,123740
205.04044,117.17999,123747
205.04044,117.17999,123753
204.65378,117.17999,123760
204.43965,117.17999,123768
204.17818,117.43985,123776
204.01382,118.0687,123783
204.02003,118.51327,123790
204.02003,118.91766,123797
204.02002,119.42969,123804
203.9258,120.173615,123812
203.81966,120.59027,123819
203.40652,120.82272,123826
202.11859,120.82001,123925
202.11859,120.82001,123935
201.90274,121.144806,123942
201.54492,121.687416,123949
201.18759,122.23034,123958
200.90172,122.66467,123967
200.82382,123.17878,123977
200.80807,123.63272,123984
200.80807,123.63272,124086
200.80807,123.63272,124097
200.80807,123.63272,124107
201.19806,123.63272,124115
201.49431,123.98549,124124
201.71875,124.45453,124132
201.9441,124.923134,124140
202.16946,125.39173,124150
202.17995,125.58902,124159
202.29384,125.75721,124167
202.7662,125.82001,124176
203.2825,125.82001,124184
203.2825,125.82001,124196
203.2825,125.82001,124204
203.2825,126.33998,124212
203.66895,126.52245,124220
204.05537,126.57493,124228
204.17274,126.63082,124237
204.17274,126.63082,124249
204.3595,126.80126,124256
204.99677,126.82,124264
205.38528,126.8201,124270
205.38528,126.8201,124276
205.38528,126.8201,124284
205.90526,126.8201,124291
206.68341,126.77669,124298
207.07202,126.744125,124305
207.40628,126.34582,124312
207.8241,125.84793,124319
208.07478,125.5492,124325
208.20702,125.348045,124334
208.47755,125.07505,124341
208.96461,124.644684,124348
209.02994,124.32749,124357
209.02994,124.296776,124365
209.03185,124.263,124372
209.07806,124.12467,124378
209.40031,123.97256,124385
210.93863,123.98142,124474
210.93863,123.98142,124482
211.0416,123.90208,124491
211.46571,124.17995,124498
211.80853,124.37444,124506
211.82,124.8872,124512
211.82,125.01696,124519
211.82,125.01696,124528
212.33896,125.04968,124535
212.98764,125.09058,124543
213.50658,125.12331,124550
214.15526,125.16421,124557
214.80325,125.17999,124566
215.1932,125.18,124575
215.84311,125.18,124584
216.493,125.18,124592
217.01286,125.17999,124600
217.53268,125.18,124607
218.18217,125.17999,124615
218.57108,125.17999,124621
218.96098,125.18,124629
219.61067,125.17999,124636
220.25952,125.17999,124643
220.70992,125.24832,124651
221.23196,125.63534,124659
221.6522,125.94156,124667
222.07237,126.24787,124674
222.49255,126.554184,124683
222.49255,126.554184,124693
222.49255,126.554184,124703
222.88252,126.554184,124711
223.4775,126.32142,124720
224.06099,126.03511,124728
224.64507,125.74996,124737
225.11234,125.52184,124744
224.7834,125.119125,124751
224.37224,124.61574,124759
224.12553,124.313705,124767
223.75174,124.42489,124776
223.12875,124.6102,124785
222.50575,124.7955,124793
222.25656,124.86962,124800
221.74811,124.97848,124806
221.11253,125.11454,124814
220.8583,125.16897,124821
220.33852,125.17999,124829
219.68893,125.17999,124837
219.17027,125.17999,124843
218.66959,125.039696,124851
218.16888,124.8994,124858
217.79338,124.794174,124865
217.30453,124.61695,124874
216.69348,124.39542,124882
216.20589,124.21483,124889
215.5969,123.98769,124896
215.23149,123.85142,124904
214.71161,123.84221,124910
214.06174,123.830696,124917
213.41188,123.82,124925
212.76205,123.82,124932
212.11241,123.82001,124939
211.59335,123.82001,124946
210.9441,123.82,124954
210.29495,123.82,124961
209.77513,123.82,124968
209.1256,123.82001,124976
208.60733,123.82001,124984
208.2002,123.67139,124992
207.82169,123.31487,124999
207.53781,123.04748,125006
207.14816,123.031235,125014
206.49876,123.004166,125021
205.84937,122.9771,125028
205.32983,122.955444,125035
204.68044,122.92837,125043
204.03104,122.9013,125050
203.77127,122.89047,125058
203.32669,122.620804,125067
202.77097,122.283714,125075
202.35233,121.9753,125082
201.82904,121.58979,125089
201.4795,121.76274,125096
201.24648,121.87804,125182
201.24648,121.87804,125190
201.24648,121.87804,125275
201.53374,121.61428,125281
202.01314,121.41292,125288
202.6124,121.16121,125295
203.21164,120.90951,125303
203.54953,120.82005,125310
203.54953,120.82005,125402
203.54953,120.82005,125410
203.54953,120.82005,125418
203.93951,120.82005,125426
203.98044,120.30777,125434
204.0246,119.775444,125443
204.02003,119.31198,125449
204.02003,119.144585,125456
204.02003,119.144585,125467
204.06937,118.757744,125475
204.13516,118.24194,125482
204.18,117.726326,125489
204.18,117.40507,125498
204.40839,117.17942,125506
205.0515,117.17999,125513
205.0515,117.17999,125522
205.0515,117.17999,125530
205.0515,117.17999,125539
204.66466,117.17999,125547
204.34972,117.20155,125554
204.18185,117.40039,125561
204.18,118.04747,125568
204.18,118.69479,125574
204.17998,119.210915,125580
204.20328,119.65344,125588
204.57959,120.00679,125595
204.97153,120.34849,125603
205.19234,120.61973,125610
205.43776,120.91183,125618
205.89232,121.376396,125625
206.43712,121.93455,125632
206.80034,122.30664,125640
207.16354,122.678734,125648
207.18878,123.1981,125656
207.24559,124.36665,125757
207.24559,124.36665,125767
207.50026,124.41897,125774
207.39713,124.49809,125782
207.00876,124.46268,125789
206.89575,124.97022,125798
206.82002,125.35088,125806
206.82002,125.5641,125814
206.65439,125.7938,125822
206.0271,125.820015,125830
206.0271,125.820015,125840
206.0271,125.820015,125849
206.0271,126.33999,125858
205.85176,126.531944,125867
205.79652,126.63508,125876
205.49023,126.83102,125883
204.84128,126.82,125890
204.71187,126.8201,125898
204.71187,126.8201,125906
204.58684,126.82003,125915
204.37578,126.81164,125922
204.1675,126.52301,125930
204.18,126.006744,125938
204.18,126.006744,125947
204.18,126.006744,125956
204.18,126.52672,125964
204.18,126.656715,125973
204.18,126.656715,125982
204.5339,126.82638,125989
205.18295,126.82001,125997
205.70184,126.8126,126005
206.3508,126.77625,126012
206.99976,126.740074,126019
207.37375,126.42878,126027
207.78075,125.92202,126034
208.02495,125.61796,126041
208.18918,125.422195,126048
208.50757,125.05584,126056
208.99266,124.62324,126063
209.02994,124.32071,126070
209.03004,124.2897,126078
209.03654,124.232414,126085
209.10695,124.08361,126092
209.63138,123.97998,126099
211.02303,124.017586,126189
211.02303,124.017586,126196
211.02303,124.017586,126205
211.413,124.017586,126212
211.68071,124.23567,126221
211.83195,124.49792,126230
211.82,125.01728,126237
211.82,125.01728,126246
211.82,125.01728,126254
212.20999,125.01728,126262
212.85843,125.05701,126270
213.50658,125.105606,126277
214.02512,125.14429,126284
214.50616,125.1799,126292
214.76515,125.17999,126301
215.41508,125.18,126309
215.28621,125.17999,126317
214.90474,125.09902,126323
214.26894,124.964066,126330
213.63313,124.8291,126337
212.99733,124.694145,126345
212.4887,124.58618,126352
212.10721,124.5052,126360
211.87497,124.38832,126369
211.57567,124.175644,126378
211.10924,124.10513,126386
210.63095,123.97998,126394
209.5114,123.97998,126401
208.99936,123.88947,126408
208.61534,123.821594,126416
208.3011,123.76731,126424
207.92276,123.4106,126431
207.54443,123.053894,126439
207.02495,123.03145,126447
206.24571,122.99778,126455
205.72623,122.975334,126464
205.20674,122.95289,126471
204.55737,122.92483,126478
204.03789,122.902374,126488
203.77814,122.89115,126497
203.44427,122.68962,126504
202.88782,122.35374,126512
202.35767,121.97846,126518
201.83409,121.59333,126526
201.48355,121.76424,126533
201.24986,121.87818,126615
201.24986,121.87818,126624
201.24986,121.87818,126725
201.53604,121.61325,126732
202.01544,121.4119,126739
202.49486,121.21055,126745
203.09412,120.95886,126752
203.5474,120.82005,126760
203.5474,120.82005,126853
203.5474,120.82005,126861
203.5474,120.82005,126871
204.06737,120.82005,126879
204.10431,120.44134,126886
204.02002,119.72001,126892
204.02002,119.18157,126900
204.02002,119.18157,126908
204.02002,119.18157,126916
204.02002,118.6616,126925
204.09573,118.14904,126932
204.18,117.638954,126939
204.18,117.42776,126948
204.35892,117.19913,126956
204.99132,117.17999,126964
204.99132,117.17999,126974
204.99132,117.17999,126983
204.99132,117.17999,126992
204.60555,117.17999,127000
204.40103,117.18093,127008
204.23738,117.30053,127016
204.18,117.90932,127023
204.18,118.556946,127032
204.18,119.20375,127040
204.20016,119.64762,127047
204.47571,119.9168,127055
204.9658,120.34372,127063
205.19174,120.61424,127071
205.4324,120.907326,127080
205.79634,121.2787,127086
206.25043,121.74374,127094
206.61371,122.11576,127101
207.06781,122.58078,127110
207.1723,123.19358,127118
207.20305,124.36312,127211
207.20305,124.36312,127215
207.45822,124.412865,127222
207.36139,124.499596,127230
206.97331,124.461136,127237
206.90028,124.844215,127243
206.82,125.35499,127249
206.70598,125.75097,127256
206.32657,126.10653,127261
205.94716,126.46208,127266
205.94716,126.46208,127273
205.94716,126.46208,127282
205.94716,126.982056,127291
205.79692,127.02986,127296
205.2853,126.93702,127301
204.64578,126.82097,127308
204.64578,126.82097,127316
204.64578,126.82097,127324
204.12581,126.82097,127332
204.0922,126.73374,127340
204.17023,126.21966,127349
204.17998,125.96323,127354
204.17998,125.96323,127360
204.18,126.35013,127366
204.18,126.46702,127372
204.2135,126.67208,127383
204.45538,126.830414,127390
205.10455,126.82,127397
205.36346,126.820015,127404
205.88266,126.80505,127410
206.40176,126.77517,127417
207.05066,126.73781,127424
207.38951,126.3434,127432
207.81306,125.85039,127440
208.06718,125.55457,127449
208.2059,125.35519,127459
208.567,124.99366,127469
208.9572,124.64999,127478
209.02994,124.32925,127486
209.02994,124.29805,127492
209.03131,124.26857,127499
209.0665,124.14565,127507
209.3398,123.96641,127518
209.85129,123.97998,127527
211.03984,124.025314,127627
211.03984,124.025314,127637
211.03984,124.025314,127647
211.55981,124.025314,127656
211.72319,124.15095,127668
211.83,124.472885,127677
211.82,124.99234,127685
211.82,124.99234,127694
211.82,124.99234,127701
212.34007,124.99234,127709
212.85847,125.027374,127718
213.5059,125.08472,127727
214.02386,125.130394,127738
214.67133,125.17999,127746
215.32051,125.17999,127753
215.97041,125.17999,127761
215.58102,125.18,127767
215.322,125.17999,127776
215.80586,124.9896,127784
216.41069,124.75162,127793
217.01553,124.513626,127802
217.49939,124.323235,127812
217.98326,124.13284,127822
218.58809,123.89486,127832
219.10722,123.86551,127841
219.62637,123.83617,127850
220.27498,123.82001,127858
220.62448,123.81341,127867
221.09947,123.60184,127875
221.57445,123.39026,127882
222.16818,123.12579,127890
222.52441,122.96711,127898
222.9143,122.958694,127906
223.56412,122.944664,127915
224.08398,122.93345,127923
224.60384,122.922226,127931
225.12369,122.911,127938
225.64354,122.89978,127945
226.29335,122.88575,127951
226.90355,123.10964,127956
227.51373,123.33353,127961
228.00189,123.512634,127966
228.21921,123.65361,127973
228.54918,123.82001,127981
229.1989,123.82001,127986
229.84743,123.82,127990
230.10649,123.8201,127995
230.10649,123.8201,128003
230.10649,123.8201,128010
230.10649,123.8201,128114
230.10649,123.8201,128123
229.58652,123.8201,128131
229.34567,123.979904,128138
229.1881,124.02094,128146
229.28401,123.984436,128153
228.9426,123.89489,128160
228.68867,123.839066,128168
228.36345,123.80639,128177
228.16785,123.49043,128185
228.18,123.104195,128194
228.18,123.104195,128204
228.18,123.104195,128212
228.18,123.49417,128222
228.18,123.62417,128233
228.45238,123.83031,128243
228.84218,123.82001,128251
229.49168,123.82,128258
230.14005,123.82001,128265
230.6379,123.97005,128274
231.12941,124.05153,128282
231.36713,124.15683,128291
231.67201,124.21444,128300
231.83107,124.46205,128307
231.82,124.98026,128314
231.82,124.98026,128323
231.82,124.98026,128333
232.33998,124.98026,128342
232.81505,124.79856,128353
233.16011,124.61686,128363
233.5457,124.55855,128373
234.18835,124.461365,128384
234.70248,124.38362,128392
235.21661,124.30588,128399
235.72804,124.21195,128407
236.36731,124.09454,128415
236.87874,124.00062,128425
237.39015,123.90669,128433
237.77373,123.83625,128442
238.2936,123.8259,128452
238.6835,123.82,128460
239.20332,123.82,128469
239.723,123.82001,128477
240.24194,123.82001,128487
240.70372,123.75958,128496
241.12506,123.45488,128506
241.65173,123.074,128514
241.75706,122.99782,128522
241.75706,122.99782,128532
241.43399,123.216225,128540
240.89551,123.58023,128548
240.4678,123.828125,128555
239.9482,123.82,128562
239.29843,123.82,128571
238.77888,123.82,128578
238.38997,123.8201,128585
237.87003,123.82,128594
237.22011,123.82,128601
236.44026,123.82,128609
235.79045,123.82,128617
235.27072,123.82,128625
234.62181,123.820015,128632
234.10255,123.82,128639
233.45264,123.82,128648
232.80275,123.82,128658
232.28287,123.82001,128666
231.89297,123.82001,128674
231.24338,123.82,128683
230.59554,123.82001,128690
230.20605,123.82,128698
229.68625,123.82001,128706
229.16666,123.82001,128715
228.64839,123.82001,128724
228.42987,123.82001,128733
228.07837,123.65419,128742
227.61514,123.41796,128749
227.0361,123.122734,128759
226.80447,123.00465,128768
226.41467,122.99275,128776
225.89494,122.97689,128782
225.24529,122.95706,128789
224.59561,122.93724,128796
223.94595,122.91741,128804
223.42622,122.90155,128813
222.9065,122.88569,128822
222.41406,123.05267,128830
221.92162,123.21966,128838
221.30608,123.42838,128846
221.05986,123.51188,128855
220.83788,123.647194,128864
220.50682,123.83227,128873
219.98712,123.82,128882
219.46768,123.82,128892
219.07945,123.8201,128902
218.68948,123.82001,128912
218.16957,123.82001,128920
217.64964,123.82,128930
216.99979,123.82,128937
216.35,123.82001,128947
215.70056,123.82,128956
215.31183,123.8201,128963
215.31183,123.8201,128970
214.92186,123.82,128977
214.27194,123.82,128985
213.62206,123.82,128991
212.97221,123.82,128999
212.3225,123.82,129008
211.80304,123.82001,129016
211.41469,123.820015,129022
211.03204,123.89531,129029
210.77695,123.9455,129038
210.77695,123.9455,129050
211.01906,123.850784,129058
211.01906,123.850784,129066
211.01906,123.850784,129170
211.01906,123.850784,129181
211.40904,123.850784,129190
211.69696,124.20735,129198
211.82489,124.62926,129206
211.82,125.01877,129213
211.82,125.01877,129222
211.82,125.01877,129232
211.82,125.01877,129241
211.82,124.62924,129249
211.82007,124.41267,129256
211.58646,124.17855,129264
211.13684,124.15546,129272
210.8448,123.9799,129282
210.84145,123.9799,129291
210.33379,123.97998,129299
209.7392,123.97998,129306
209.29082,123.97998,129313
208.89444,124.406166,129321
208.54715,124.955574,129417
208.54715,124.955574,129427
208.54715,124.955574,129437
208.15718,124.955574,129446
207.88925,125.32035,129453
207.65936,125.92831,129459
207.47545,126.414665,129465
206.91415,126.605675,129473
206.27,126.69244,129481
205.88351,126.7445,129488
205.41638,126.82744,129495
204.76762,126.82,129503
204.63849,126.8201,129510
204.63849,126.8201,129520
204.63849,126.8201,129529
204.2485,126.8201,129538
204.18,126.174355,129546
204.18,126.04571,129555
204.18,126.04571,129566
203.82211,125.89078,129575
203.18391,125.82,129583
202.66777,125.82,129592
202.45482,125.820045,129601
202.31932,125.77078,129610
202.17865,125.397896,129618
202.18,124.881096,129625
202.18,124.627235,129738
202.18,124.627235,129748
202.18,124.627235,129757
202.18,124.23726,129764
202.69444,124.179985,129772
202.9504,124.179985,129783
202.9504,124.179985,129791
202.9504,124.179985,129802
202.9504,123.66001,129811
203.20741,123.23671,129820
203.33887,122.620995,129829
203.38979,122.103516,129838
203.45341,121.45667,129847
203.49161,121.068565,129856
203.62082,120.842964,129865
203.7811,120.67468,129874
203.82,120.18071,129882
203.9964,119.993866,129891
204.02003,119.53171,129899
204.02003,119.216774,129908
204.02,118.82773,129918
204.02,118.30951,129925
203.97533,117.791466,129933
203.92155,117.14373,129942
203.87848,116.62554,129948
203.82465,115.977806,129956
203.82,115.461205,129964
203.82,115.461205,129973
203.82,115.461205,129983
203.82,115.07123,129993
203.82,114.42136,130003
203.82,113.901505,130013
203.82,113.25179,130020
203.82,112.73216,130029
203.82,112.08322,130036
203.82,111.56746,130043
203.82,111.17756,130050
203.81999,110.5278,130057
203.81999,109.87821,130065
203.82,109.35885,130074
203.82,108.84077,130081
203.78294,108.32848,130089
203.36693,108.13464,130098
202.86035,108.017494,130106
202.22789,107.867645,130115
201.59541,107.71786,130121
200.96295,107.56806,130128
200.96295,107.56806,130135
200.96295,107.56806,130143
200.96295,107.04809,130151
200.89314,106.402824,130158
200.82,105.75874,130166
200.82,105.42128,130173
200.63046,105.19404,130181
199.86655,105.17999,130256
199.86655,105.17999,130262
200.25427,105.17999,130269
200.5887,105.17999,130277
200.90546,105.52971,130285
201.23997,106.08698,130291
201.5745,106.64426,130298
201.92636,107.027084,130306
202.3662,107.50563,130314
202.90019,107.86861,130321
203.34622,108.13587,130328
203.6545,108.20387,130335
203.82898,108.52801,130342
203.82,109.17755,130349
203.82,109.82718,130355
203.82,110.47637,130364
203.82,110.994095,130373
203.82,111.642265,130383
203.81999,112.2921,130392
203.81999,112.81192,130401
203.82,113.33168,130409
203.82,113.98117,130418
203.82,114.5002,130427
203.82,115.01547,130437
203.81999,115.4054,130446
203.82,116.055244,130455
203.81999,116.705025,130462
203.82,117.22477,130470
203.82,117.87422,130477
203.9872,118.19062,130486
204.02003,118.631035,130495
204.02,119.25435,130502
204.02,119.88525,130510
203.85333,120.371826,130517
203.79199,120.6589,130527
203.50262,120.90443,130537
202.97476,121.28365,130545
202.55295,121.58769,130554
202.13112,121.89173,130561
201.60385,122.271774,130569
201.18202,122.57581,130578
200.97112,122.72783,130589
200.84879,123.23321,130597
200.78346,123.67645,130604
200.53111,123.83163,130613
200.40135,123.82376,130622
199.88333,123.82001,130630
199.36339,123.82001,130638
198.71349,123.82,130645
198.06361,123.82,130652
197.41382,123.82,130658
196.76416,123.82,130665
196.24507,123.82001,130671
195.59575,123.82001,130679
195.07582,123.82,130687
194.55591,123.82001,130695
194.03601,123.82,130703
193.38622,123.82,130711
192.86656,123.82,130719
192.34766,123.82,130727
191.71175,123.93645,130734
191.20497,124.052895,130742
190.85341,123.96536,130752
190.72403,123.97804,130761
190.72403,123.97804,130771
190.72403,123.97804,130778
190.72403,123.97804,130867
190.72403,123.97804,130875
191.244,123.97804,130884
191.63571,124.19614,130893
191.84981,124.58523,130902
191.9396,124.96474,130910
191.9396,124.96474,130921
191.9396,124.96474,130931
191.9396,124.96474,130940
191.85541,124.71876,130948
191.82005,124.408394,130955
191.64166,124.199745,130964
191.12842,124.136055,130971
190.84343,123.96639,130978
190.21318,123.97998,130986
189.64694,123.97998,130994
189.34125,123.97998,131002
189.152,124.04373,131010
189.20782,124.01153,131018
188.86003,123.90015,131025
188.40218,123.820045,131031
188.16931,123.53161,131039
188.16374,123.14166,131050
188.16374,123.14166,131059
188.16374,123.14166,131071
187.64377,123.14166,131079
187.52078,123.51175,131087
187.3568,124.00519,131095
187.15182,124.62199,131103
186.98785,125.11543,131112
186.77248,125.587616,131121
186.54063,126.05304,131129
186.2511,126.63496,131137
186.07738,126.98411,131144
185.82747,127.44008,131152
185.57755,127.89606,131160
185.51506,128.01006,131262
185.51506,128.01006,131268
185.51506,128.01006,131279
185.90504,128.01006,131287
186.58784,127.66819,131294
187.03252,127.3987,131304
187.478,127.13052,131313
187.9235,126.86236,131320
188.02681,126.35275,131327
188.15596,125.715744,131336
188.18877,125.372246,131344
188.45894,125.103584,131351
188.95427,124.68274,131359
189.02992,124.38818,131367
189.02992,124.28139,131376
189.14082,124.044754,131384
189.75127,123.9503,131392
190.26984,123.91212,131400
190.7883,123.87251,131409
191.43639,123.82304,131418
191.69543,123.82001,131427
192.21538,123.82,131435
192.8653,123.82001,131444
193.38521,123.82,131452
194.03505,123.82,131459
194.55486,123.82001,131467
195.20427,123.82001,131475
195.59286,123.8201,131481
195.9676,123.92805,131489
196.59218,124.10796,131496
196.84201,124.179924,131505
197.33133,124.35583,131513
197.94298,124.57571,131523
198.43083,124.75558,131531
199.04005,124.98208,131542
199.4056,125.11798,131550
199.92361,125.16298,131559
200.31197,125.17999,131568
200.53696,125.17999,131577
200.72598,125.26255,131584
200.82,125.83183,131590
200.82002,126.47791,131595
200.82002,126.47791,131603
200.82002,126.47791,131611
201.34,126.47791,131619
201.98633,126.53926,131627
202.63182,126.61541,131635
203.27733,126.69142,131642
203.92535,126.74165,131650
204.52856,126.82291,131658
205.17764,126.82001,131668
205.43266,126.82001,131677
205.65273,126.800385,131687
206.0038,126.420334,131695
206.34567,126.02854,131702
206.43112,125.930595,131710
206.43112,125.930595,131718
206.61685,125.808655,131728
206.83035,125.547,131735
206.82,125.02832,131742
206.82,124.642204,131835
206.82,124.642204,131924
206.82,124.642204,131933
206.82,124.642204,131944
206.82,124.12223,131952
206.79588,124.24997,131962
206.39644,123.917076,131970
205.997,123.58418,131978
205.80667,123.4084,131987
205.53879,123.17173,131995
204.8953,123.08036,132002
204.25212,122.98666,132010
203.73758,122.9117,132018
203.24141,123.06724,132025
202.74525,123.222786,132032
202.37312,123.33945,132039
201.87112,123.47498,132047
201.49463,123.57664,132055
201.10484,123.589035,132062
200.8574,123.64876,132072
200.62642,123.80768,132081
200.11588,123.82,132089
199.59593,123.82,132098
199.076,123.82,132108
198.55608,123.82,132116
197.77625,123.82,132122
197.12648,123.82,132130
196.60687,123.82001,132138
196.08846,123.82001,132147
195.6985,123.82,132158
195.17857,123.82,132166
194.65865,123.82,132175
194.13875,123.82,132183
193.6189,123.82,132190
193.09914,123.82,132197
192.45003,123.82,132204
191.8016,123.82,132211
191.02174,123.82,132221
190.37189,123.82,132230
189.85204,123.82,132238
189.33234,123.82001,132244
188.81323,123.82001,132251
188.35104,123.80141,132259
188.17018,123.43065,132268
188.16536,123.17071,132345
188.16536,123.17071,132352
188.16536,123.17071,132360
188.16536,123.560684,132368
188.16536,124.47064,132454
188.16536,124.47064,132460
188.33263,123.9783,132466
188.85245,123.96592,132473
189.50204,123.95043,132480
190.1486,123.97999,132488
190.65889,123.97999,132495
191.2656,124.120056,132503
191.58388,124.17994,132509
191.83453,124.4936,132517
191.95001,125.00059,132523
191.95001,125.00059,132533
191.95001,125.00059,132542
191.95001,125.00059,132550
191.82483,124.631256,132557
191.82005,124.426765,132566
191.6863,124.22757,132574
191.13606,124.153534,132582
190.7662,123.97997,132589
190.26166,123.97997,132599
189.78725,123.97997,132606
189.44778,123.97997,132614
189.28816,123.98413,132622
188.93504,124.34755,132632
188.66321,124.79081,132641
188.52728,125.012436,132649
188.36328,125.210396,132657
188.1785,125.53347,132665
188.17038,126.05338,132673
188.1643,126.44331,132681
187.72688,126.72445,132690
187.28947,127.00559,132700
186.85205,127.28673,132708
186.41463,127.56786,132716
185.86786,127.91929,132725
185.64915,128.05986,132732
185.44508,128.18036,132741
185.44508,128.18036,132829
185.44508,128.18036,132836
185.44508,128.18036,132844
185.96486,128.1773,132853
186.51675,127.873795,132860
186.94159,127.57398,132867
187.47383,127.20093,132874
188.00609,126.82787,132881
188.06386,126.44219,132889
188.1409,125.927956,132897
188.17941,125.67084,132905
188.2049,125.339806,132914
188.49063,125.07781,132925
188.8866,124.74078,132933
189.02994,124.424446,132942
189.02994,124.28523,132952
189.08072,124.11599,132963
189.61092,123.958916,132970
190.25922,123.91277,132977
190.77768,123.87319,132984
191.42577,123.82378,132991
191.81381,123.82001,132999
192.33376,123.82001,133006
192.98366,123.82,133012
193.63353,123.82001,133020
194.15338,123.82,133027
194.80309,123.82001,133034
195.45203,123.82001,133043
195.95628,123.92722,133049
196.58119,124.10593,133058
196.83116,124.17741,133069
197.32062,124.35293,133076
197.93243,124.57233,133083
198.42036,124.75202,133091
198.90779,124.933105,133100
199.39522,125.1142,133108
199.91313,125.160446,133117
200.30145,125.17999,133125
200.62953,125.19052,133132
200.83247,125.477974,133140
200.82,125.99694,133147
200.82,126.51271,133156
200.82,126.51271,133167
200.82,126.51271,133178
201.33998,126.51271,133187
201.98729,126.56533,133194
202.50462,126.617615,133201
203.1513,126.682816,133209
203.79921,126.73415,133217
204.18813,126.76287,133225
204.66791,126.82,133232
205.31651,126.82001,133240
205.44185,126.82001,133248
205.66129,126.79546,133255
206.01003,126.41143,133262
206.43802,125.922264,133270
206.43802,125.922264,133277
206.43802,125.922264,133284
206.828,125.922264,133291
206.88914,125.40687,133298
206.82002,124.76262,133307
206.82002,124.63482,133402
206.82002,124.63482,133500
206.82002,124.63482,133509
206.82002,124.114845,133520
206.36513,123.732956,133528
206.02397,123.54403,133535
205.81624,123.387695,133544
205.49712,123.173836,133552
204.85402,123.07967,133559
204.21121,122.98346,133566
203.82553,122.92573,133576
203.49239,122.72301,133585
202.93713,122.38515,133593
202.40627,122.010765,133601
201.98645,121.70396,133607
201.40259,121.829765,133613
201.28285,121.880394,133620
201.28285,121.880394,133701
201.28285,121.880394,133708
201.28285,121.880394,133803
201.46594,121.6958,133811
201.94084,121.48406,133819
202.53448,121.21938,133829
203.00938,121.007645,133838
203.24684,120.90177,133847
203.57439,120.820045,133857
203.57439,120.820045,133955
203.57439,120.820045,133962
203.57439,120.820045,133969
204.09436,120.820045,133976
204.12592,120.442696,133982
204.03796,119.83844,133988
204.02003,119.263756,133995
204.02003,119.17897,134001
204.02003,119.17897,134010
204.08455,118.66301,134018
204.1652,118.01807,134026
204.18,117.63212,134033
204.17993,117.422356,134041
204.28505,117.2504,134050
204.74867,117.17999,134058
205.00621,117.17999,134067
205.00621,117.17999,134077
205.00621,117.17999,134086
205.00621,117.17999,134097
204.62013,117.17999,134105
204.41302,117.17999,134115
204.19672,117.36377,134122
204.18,117.872025,134130
204.18,118.390945,134138
204.18,118.77769,134146
204.18,119.16601,134154
204.18585,119.61459,134162
204.54318,119.97432,134171
204.93492,120.316246,134179
205.18863,120.58467,134186
205.58614,121.05372,134195
205.94922,121.42591,134203
206.40181,121.89242,134212
206.76389,122.2656,134221
207.12598,122.638794,134228
207.22304,123.25202,134235
207.24617,123.901535,134242
207.26724,124.42108,134250
207.29344,125.07052,134260
207.3144,125.59007,134268
207.34062,126.23951,134275
207.35109,126.49928,134284
207.35109,126.49928,134293
206.96614,126.56171,134302
206.45287,126.644936,134310
205.9396,126.728165,134319
205.47125,126.82305,134328
205.08167,126.82001,134336
204.69292,126.82001,134346
204.56842,126.82001,134356
204.46042,126.82001,134366
204.2434,126.70717,134375
204.18,126.23677,134381
204.18,125.97969,134390
204.18,125.97969,134400
204.18,126.366356,134408
204.18,126.48221,134416
204.18,126.58342,134426
204.28754,126.75183,134435
205.01683,126.82,134443
205.4052,126.82001,134453
205.92442,126.79867,134461
206.44362,126.77021,134470
206.96281,126.74176,134478
207.34163,126.434525,134487
207.67365,126.03436,134495
208.00568,125.63419,134504
208.18,125.44131,134511
208.39418,125.15803,134519
208.87901,124.72514,134526
209.02994,124.40697,134533
209.02994,124.33842,134540
209.02994,124.31808,134547
209.02994,124.30555,134556
209.02995,124.2951,134564
209.0313,124.26862,134573
209.0664,124.14583,134584
209.33928,123.966415,134594
209.85078,123.97998,134603
211.03949,124.02504,134716
211.03949,124.02504,134723
211.03949,124.02504,134732
211.42947,124.02504,134740
211.6935,124.24471,134751
211.82326,124.65457,134758
211.82,124.914314,134768
211.82,124.914314,134778
211.82,124.914314,134789
212.20999,124.914314,134797
212.85652,124.97401,134807
213.37323,125.03222,134814
213.88994,125.09043,134822
214.665,125.17775,134830
214.79416,125.17999,134838
214.41557,125.086426,134846
213.78459,124.93048,134853
213.27982,124.805725,134860
212.64882,124.64977,134867
212.01784,124.49383,134875
211.7937,124.36209,134884
211.60138,124.18317,134893
211.13928,124.16153,134900
210.78862,123.97446,134908
210.03784,123.97997,134915
209.60287,123.97997,134925
209.14243,123.91297,134933
208.63019,123.82363,134940
208.2194,123.68982,134949
208.12479,123.60067,134960
207.74637,123.24407,134968
207.55714,123.06577,134976
207.55714,123.06577,135072
207.55714,123.06577,135080
207.03717,123.06577,135088
206.70181,122.734245,135094
206.28163,122.07719,135102
205.92781,121.53196,135109
205.57408,120.98669,135116
205.40541,120.80706,135123
205.12723,120.575294,135131
204.7865,120.18251,135137
204.61613,119.98612,135145
204.43704,119.81466,135155
204.2245,119.702705,135165
204.2245,119.702705,135176
204.2245,119.702705,135185
204.2245,119.702705,135193
204.2245,119.702705,135287
204.2245,119.702705,135296
204.2245,120.22268,135305
203.9218,120.46856,135315
203.8015,120.641464,135324
203.41354,120.96365,135332
202.3516,121.7134,135436
202.3516,121.7134,135443
202.47377,121.942894,135450
202.01755,122.19236,135457
201.44727,122.504196,135465
200.99104,122.75366,135475
200.8541,123.25528,135484
200.82002,123.59147,135495
200.82002,123.59147,135599
200.82002,123.59147,135607
200.82002,123.59147,135621
201.34,123.59147,135628
201.61201,123.954666,135637
201.80397,124.43791,135645
201.9968,124.920815,135654
202.17996,125.40372,135662
202.18262,125.60157,135668
202.31432,125.77352,135676
203.06096,125.82001,135684
203.31775,125.82001,135692
203.31775,125.82001,135702
203.71477,126.155785,135709
204.01253,126.40762,135716
204.1906,126.58456,135722
204.1906,126.58456,135731
204.38232,126.811646,135739
205.02594,126.82001,135746
205.41422,126.82001,135753
205.41422,126.82001,135762
205.41422,126.82001,135769
205.93419,126.82001,135776
206.58263,126.77999,135785
207.10106,126.739975,135795
207.34836,126.43844,135804
207.67809,126.03638,135809
208.00781,125.63432,135815
208.18156,125.44091,135822
208.395,125.15837,135829
208.87958,124.7252,135837
209.02992,124.40694,135846
209.02992,124.34303,135854
209.02992,124.32527,135862
209.02992,124.30818,135872
209.02992,124.298035,135882
209.03056,124.27823,135891
209.05,124.184006,135899
209.2272,123.992004,135907
209.7255,123.97998,135915
211.0411,124.02641,136011
211.0411,124.02641,136019
211.0411,124.02641,136029
211.56108,124.02641,136038
211.72418,124.15212,136045
211.82481,124.604576,136054
211.82,124.99414,136062
211.82,124.99414,136071
211.82,124.99414,136080
212.33998,124.99414,136088
212.98788,125.04048,136096
213.50586,125.086,136105
214.02386,125.13124,136115
214.54185,125.17648,136124
214.8006,125.17999,136134
215.32054,125.18,136143
215.97044,125.18,136152
216.49036,125.17999,136161
217.01024,125.18,136170
217.53006,125.18,136178
217.91982,125.17999,136184
218.56847,125.17999,136192
219.08832,125.18,136200
219.60805,125.17999,136210
220.12733,125.17999,136218
220.57759,125.17999,136227
221.10785,125.53453,136235
221.63121,125.91996,136244
222.05023,126.22785,136253
222.46924,126.53574,136261
222.46924,126.53574,136272
222.46924,126.53574,136281
222.85922,126.53574,136288
223.45662,126.30792,136295
224.0431,126.02779,136304
224.51276,125.8046,136311
225.09981,125.52562,136319
225.47722,125.42742,136326
226.10625,125.26376,136333
226.73528,125.1001,136340
227.36655,125.1893,136348
227.9984,125.34171,136357
228.12329,125.30566,136367
228.53696,124.99062,136377
228.95064,124.67559,136384
229.02992,124.35274,136392
229.02992,124.324066,136401
228.64189,123.977936,136408
228.45102,123.81704,136416
227.98245,123.61657,136422
227.52077,123.37736,136428
226.94356,123.07855,136434
226.4382,123.01172,136440
225.65869,122.985565,136447
225.13905,122.96683,136453
224.48952,122.94351,136460
223.71005,122.915535,136467
223.0605,122.89222,136473
222.43808,123.05432,136480
221.69836,123.301605,136487
221.2049,123.46551,136496
220.85786,123.63903,136504
220.54057,123.83112,136511
219.89093,123.82,136519
219.37164,123.82001,136525
218.72214,123.82001,136531
218.20221,123.82,136538
217.6823,123.82,136545
216.90248,123.82,136553
216.25273,123.82,136559
215.60342,123.82,136566
215.34431,123.820015,136574
214.82436,123.82,136581
214.30444,123.82,136587
213.65456,123.82,136593
213.00471,123.82001,136601
212.48491,123.82,136607
211.8355,123.82,136614
211.4469,123.8201,136621
210.92699,123.82,136628
210.27795,123.82001,136634
209.49826,123.82,136641
208.97873,123.82001,136648
208.5904,123.82001,136655
208.36992,123.81118,136662
208.17009,123.4844,136669
208.1799,123.094955,136745
208.1799,123.094955,136751
208.1799,123.094955,136835
208.1799,123.094955,136844
208.1799,123.61493,136851
208.1799,124.39489,136933
208.1799,124.39489,136941
207.92227,124.42984,136949
207.42822,124.59197,136958
207.04796,124.505486,136965
206.91336,125.00774,136972
206.82002,125.38442,136980
206.82002,125.59048,136990
206.69376,125.76764,136998
206.21332,125.82001,137006
206.08467,125.82001,137016
206.08467,125.82001,137024
205.95096,126.18635,137031
205.82004,126.536255,137038
205.80457,126.64502,137046
205.47534,126.82866,137053
204.8264,126.82,137060
204.69704,126.8201,137066
204.69704,126.8201,137073
204.57242,126.82002,137081
204.46402,126.82002,137089
204.19293,126.627975,137096
204.18,125.992424,137104
204.18,125.992424,137112
204.18,125.992424,137121
203.65993,125.992424,137129
203.0214,125.88398,137136
202.63998,125.82002,137143
202.43292,125.82002,137150
202.22003,125.67617,137156
202.18,125.05609,137164
202.18,124.67203,137171
202.18,124.67203,137178
202.18,124.67203,137188
202.18,124.152054,137196
202.68687,124.13802,137204
202.9403,124.17998,137212
202.9403,124.17998,137221
202.9403,124.17998,137230
202.9403,123.78999,137238
203.25047,123.24266,137244
203.36656,122.61978,137251
203.41975,121.972,137257
203.47421,121.32432,137264
203.496,121.06524,137271
203.62431,120.83912,137278
203.82838,120.55983,137284
203.90228,120.10351,137291
204.02002,119.64069,137298
204.02002,119.20922,137304
204.02,118.690605,137311
203.99605,118.04313,137317
203.94139,117.39547,137325
203.8986,116.87726,137332
203.84508,116.2295,137340
203.82,115.71141,137348
203.82,115.45389,137358
203.82,115.45389,137368
203.82,115.45389,137377
203.82,114.933914,137384
203.81999,114.41401,137390
203.81999,113.76422,137398
203.81999,113.24446,137406
203.82,112.72483,137414
203.81999,112.075905,137421
203.82,111.56029,137428
203.82,111.040436,137435
203.82,110.39071,137442
203.82,109.74117,137449
203.82,109.09235,137457
203.82,108.70501,137466
203.77948,108.32297,137474
203.48479,108.15843,137483
202.85156,108.01199,137492
202.21887,107.86311,137499
201.45963,107.68455,137506
200.95346,107.5655,137514
200.95346,107.5655,137526
200.95346,107.5655,137536
200.95346,107.045525,137543
200.88675,106.39986,137550
200.82,105.75526,137558
200.82,105.41859,137566
200.62451,105.1914,137573
199.98672,105.17999,137650
199.98672,105.17999,137656
199.98672,105.17999,137663
199.46675,105.17999,137670
198.68692,105.18,137677
198.03717,105.18,137684
197.25769,105.17999,137691
196.73837,105.17999,137697
196.09215,105.17999,137704
195.59067,105.04253,137712
194.96382,104.87069,137719
194.47118,104.70521,137726
193.73662,104.44299,137734
193.49176,104.35559,137827
193.49176,104.35559,137834
193.99777,104.23587,137839
194.63026,104.08622,137847
195.26277,103.93657,137854
195.64227,103.84677,137863
196.16222,103.84075,137871
196.81213,103.83322,137879
197.33208,103.827194,137887
197.98201,103.82,137895
198.50194,103.82,137902
199.02295,103.82,137909
199.41261,103.8201,137916
199.93248,103.82,137922
200.32213,103.82001,137929
200.44402,103.82001,137937
200.9634,103.80104,137945
201.48279,103.77631,137952
202.13203,103.74562,137960
202.91112,103.70878,137966
203.30066,103.69036,137972
203.95064,103.6887,137980
204.6006,103.68704,137987
205.25056,103.68538,137994
205.90053,103.68372,138000
206.55049,103.68206,138008
207.07047,103.68073,138017
207.41939,103.29521,138026
207.76831,102.90969,138033
207.86456,102.53178,138040
207.92873,102.27983,138113
207.92873,102.27983,138120
207.93205,102.40978,138128
208.06204,102.913246,138135
208.17998,103.41671,138143
208.17998,103.41671,138234
208.17998,103.41671,138241
208.17998,103.41671,138250
207.66,103.41671,138259
207.30305,103.88454,138265
207.00581,104.46251,138273
206.64542,105.15421,138281
206.34521,105.7307,138287
206.22513,105.961296,138296
206.01712,106.43784,138305
205.7571,107.03354,138315
205.54907,107.510086,138323
205.54907,107.510086,138402
205.54907,107.510086,138410
205.54907,107.510086,138422
205.0291,107.510086,138430
205.2087,107.92786,138437
205.27736,108.162,138445
205.1766,108.59582,138453
205.18001,109.24527,138461
205.18001,109.764755,138468
205.18,110.413475,138475
205.18,111.05798,138483
205.18,111.577835,138492
205.18,112.22757,138502
205.18001,112.74731,138510
205.18001,113.26692,138520
205.18001,113.91611,138528
205.18,114.43461,138537
205.18,114.94846,138545
205.18,114.94846,138556
205.18,114.94846,138566
205.18,115.46844,138575
205.18,115.470985,138583
205.07806,115.09456,138591
204.90817,114.467186,138599
204.84023,114.21624,138609
204.7055,113.850266,138617
204.48097,113.24031,138626
204.34625,112.87434,138635
204.3283,112.354675,138643
204.31032,111.835014,138651
204.29234,111.315346,138660
204.27437,110.795685,138669
204.18265,110.28567,138676
204.0388,109.65182,138685
203.92401,109.14468,138692
203.82002,108.63753,138700
203.79753,108.353424,138709
203.4906,108.168205,138717
202.84106,108.18,138725
202.32137,108.17999,138731
201.67215,108.17999,138737
201.02571,108.17999,138744
201.02571,108.17999,138814
201.02571,108.17999,138819
201.02571,108.17999,138898
201.02571,108.17999,138905
201.54568,108.17999,138912
202.19537,108.17999,138918
202.9737,108.17999,138924
203.23158,108.17999,138931
203.56335,108.17999,138938
203.56335,108.17999,139022
203.56335,108.17999,139028
203.56335,108.17999,139035
203.04338,108.17999,139042
202.67935,107.941734,139049
202.33347,107.55349,139055
201.9011,107.068184,139061
201.52228,106.541115,139067
201.15683,106.00362,139073
200.86446,105.57362,139079
200.81096,105.376884,139085
200.64299,105.20013,139091
200.01035,105.17999,139097
199.88245,105.17999,139103
199.88245,105.17999,139111
200.39766,105.17999,139118
200.60217,105.18182,139127
200.8489,105.435005,139133
201.25023,106.1038,139140
201.58466,106.661125,139147
202.02574,107.13851,139154
202.46684,107.6159,139160
203.026,107.94726,139169
203.24966,108.0798,139178
203.56668,108.17995,139187
203.7546,108.29209,139194
203.82,108.88892,139200
203.82,109.53854,139209
203.82,110.05814,139216
203.81999,110.706924,139223
203.82,111.09403,139232
203.82,111.48397,139240
203.81999,112.13382,139250
203.82,112.653656,139258
203.82,113.30337,139265
203.82,113.952866,139271
203.82,114.47195,139278
203.82,114.98781,139286
203.88637,115.3721,139294
203.97484,115.88449,139303
204.08545,116.52498,139313
204.17392,117.03737,139322
204.16202,117.55089,139331
204.18,118.199875,139339
204.17998,118.71646,139348
204.18,119.23217,139356
204.18,119.571625,139366
204.35759,119.8002,139372
204.86105,119.820015,139379
204.98961,119.820015,139390
204.98961,119.820015,139398
205.15991,120.3113,139407
205.1902,120.62609,139416
205.46533,120.83168,139424
206.11502,120.82,139432
206.76439,120.82,139439
207.1527,120.8201,139447
207.1527,120.8201,139456
207.1527,120.8201,139465
207.1527,121.21008,139476
207.40259,121.41182,139484
207.69307,121.84309,139492
207.98589,122.42195,139501
208.09598,122.65748,139509
208.15302,123.17432,139515
208.19514,123.644424,139522
208.19514,123.644424,139617
208.19514,123.644424,139625
208.19514,123.644424,139633
208.19514,124.1644,139641
207.94858,124.37686,139650
207.58456,124.516785,139658
206.95108,124.47353,139667
206.8626,124.98592,139674
206.82,125.37011,139683
206.82,125.579384,139693
206.62184,125.80972,139701
205.9858,125.82001,139708
205.9858,125.82001,139716
205.9858,125.82001,139725
205.9858,126.33998,139735
205.8228,126.542534,139744
205.8228,126.542534,139753
205.7141,126.7504,139762
205.24568,126.82001,139769
204.72693,126.82001,139776
204.72693,126.82001,139784
204.72693,126.82001,139794
204.20695,126.82001,139802
204.07697,126.82001,139809
204.13625,126.434555,139817
204.17998,126.04911,139827
204.17998,126.04911,139836
204.17998,126.04911,139847
203.66,126.04911,139855
203.02742,125.9158,139864
202.65047,125.82002,139873
202.44107,125.82002,139881
202.29474,125.7541,139887
202.18,125.21445,139896
202.18,124.70036,139905
202.18,124.70036,139996
202.18,124.70036,140007
202.18,124.31039,140014
202.18,123.660416,140021
202.28642,123.28524,140028
202.46382,122.65995,140035
202.76128,122.08574,140043
203.08794,121.52383,140050
203.4144,120.961784,140057
203.5998,120.80759,140065
203.81917,120.596596,140072
203.93611,120.0745,140080
204.02002,119.681046,140088
204.02002,119.159164,140097
204.06895,118.77226,140106
204.15051,118.12743,140116
204.17998,117.61288,140123
204.17998,117.407455,140132
204.25514,117.02479,140138
204.3804,116.387,140146
204.43051,116.13189,140156
204.50713,115.61759,140163
204.60289,114.97472,140170
204.69865,114.33184,140176
204.79121,113.82026,140182
204.91298,113.1818,140189
205.03459,112.54331,140197
205.15622,111.90482,140206
205.17998,111.64946,140215
205.18,111.25962,140224
205.18001,110.61001,140233
205.18,110.09047,140243
205.18,109.31201,140251
205.17998,108.7959,140260
205.19658,108.3617,140268
205.34282,108.00018,140275
205.49347,107.64047,140282
205.79477,106.92106,140289
205.99564,106.441444,140297
206.22595,105.975266,140303
206.51387,105.39254,140310
206.80177,104.80982,140319
207.26244,103.877464,140401
207.26244,103.877464,140408
207.45944,103.54091,140415
207.78781,102.97998,140422
207.89784,102.47179,140429
207.95287,102.21769,140436
207.95287,102.21769,140513
207.95287,102.21769,140519
207.95287,102.21769,140526
207.94621,102.47759,140533
208.07751,102.98071,140542
208.17998,103.48384,140549
208.17998,103.48384,140644
208.17998,103.48384,140652
208.17998,103.48384,140664
208.17998,104.003815,140673
208.69006,104.16291,140681
209.14977,104.03918,140689
209.8953,103.92318,140696
210.54239,103.86217,140703
210.93063,103.82546,140711
211.19061,103.82385,140718
211.84058,103.82,140725
212.49052,103.82,140732
213.01048,103.82,140741
213.53041,103.82,140750
214.05032,103.82,140758
214.7,103.82001,140766
214.82976,103.82001,140776
214.82976,103.82001,140785
215.21973,103.82001,140792
215.86967,103.82,140801
216.38963,103.82,140811
216.90959,103.82,140820
217.42953,103.82,140827
218.07939,103.82,140835
218.59903,103.82,140842
219.11897,103.82001,140850
219.63889,103.82,140860
220.28854,103.82,140869
220.53749,103.82,140879
220.69551,103.760414,140887
220.82155,103.23446,140895
220.81999,102.58461,140906
220.81999,102.06468,140917
220.81999,101.54481,140926
220.82,101.02527,140935
220.82,101.02527,140946
220.82,101.02527,140958
220.82,101.54524,140968
220.82,102.06485,140977
220.82,102.58396,140986
220.82,103.2305,140994
220.82005,103.58742,141002
220.7123,103.75188,141010
220.24063,103.82643,141018
219.72076,103.82,141024
219.07133,103.82,141031
218.68137,103.82,141037
218.03142,103.82001,141044
217.38147,103.82001,141053
216.73152,103.82,141063
216.08163,103.82,141073
215.69176,103.82,141081
215.30211,103.82001,141091
214.91441,103.86212,141099
214.39748,103.91828,141107
213.75131,103.98847,141117
213.23438,104.044624,141126
212.71744,104.10078,141133
212.20052,104.15694,141141
211.8128,104.19905,141150
211.4388,104.169624,141159
211.10222,104.094795,141171
210.7235,103.97998,141181
210.09102,103.97998,141191
209.62831,103.97998,141201
209.34547,103.97998,141210
208.98256,104.278496,141220
208.70644,104.7191,141230
208.49936,105.04955,141238
208.32518,105.227,141248
208.09662,105.65437,141257
207.85855,106.25916,141264
207.61955,106.863594,141273
207.42834,107.347145,141283
207.07259,107.50689,141291
206.47966,107.77314,141299
205.88672,108.03939,141306
205.4495,108.17995,141313
205.4495,108.17995,141401
205.4495,108.17995,141409
205.4495,108.17995,141418
205.4495,108.17995,141426
204.92952,108.17995,141435
204.40955,108.17995,141442
204.14957,108.17995,141525
204.14957,108.17995,141533
203.79065,107.80371,141541
203.28906,107.39224,141549
202.87868,107.072945,141557
202.36623,106.67313,141564
201.85378,106.27332,141570
201.34131,105.87352,141578
200.93135,105.55367,141585
200.93135,105.55367,141684
200.93135,105.55367,141692
200.93135,105.55367,141702
200.93135,105.0337,141710
200.93135,104.25374,141783
200.93135,104.25374,141789
200.7855,103.89205,141796
201.30392,103.85185,141803
201.95193,103.8016,141810
202.59996,103.75134,141817
203.24799,103.70109,141823
203.63795,103.69909,141829
204.41791,103.69508,141836
205.19786,103.691086,141844
205.97781,103.68708,141852
206.62778,103.68375,141861
207.14774,103.68108,141870
207.53592,103.718544,141880
208.18288,103.780975,141889
208.672,103.957405,141898
209.13045,104.06403,141908
209.43321,103.97998,141915
210.07411,103.97998,141921
210.69806,103.97998,141929
211.03651,104.02135,141937
211.40569,104.14703,141945
211.6216,104.18552,141953
211.6216,104.18552,141963
212.1383,104.12724,141971
212.655,104.06898,141981
213.17169,104.010704,141990
213.6884,103.95243,141998
214.2051,103.89416,142006
214.72179,103.835884,142015
215.24095,103.820755,142023
215.8909,103.82,142031
216.54085,103.82001,142039
217.0608,103.82001,142045
217.71071,103.82,142053
218.23058,103.82,142061
218.62022,103.82001,142069
219.01018,103.82,142076
219.66008,103.82,142084
220.30971,103.8201,142092
220.55156,103.82004,142099
220.73059,103.73256,142106
220.8227,103.29003,142113
220.82,102.510216,142121
220.81999,101.99029,142128
220.82,101.340485,142136
220.82,101.08074,142146
220.82,101.08074,142158
220.82,101.08074,142168
220.82,101.08074,142176
220.82,101.08074,142264
220.82,101.08074,142274
220.82,101.08074,142285
220.82,101.08074,142297
220.81999,101.60041,142306
220.82,102.24971,142313
220.82,102.89804,142319
220.82,103.41229,142326
220.80852,103.63867,142335
220.80852,103.63867,142440
220.80852,103.63867,142452
220.80852,103.63867,142460
220.80852,104.158646,142468
220.30447,104.16093,142475
219.80043,104.03322,142482
219.17036,103.87357,142489
218.65048,103.86431,142497
218.00061,103.85273,142506
217.48073,103.843475,142515
216.83086,103.831894,142523
216.18098,103.82032,142529
215.53122,103.82,142535
214.88445,103.87656,142542
214.10884,103.958916,142549
213.46242,104.026695,142556
212.816,104.09451,142563
212.16959,104.16233,142570
211.91101,104.18946,142577
211.40694,104.179985,142584
211.09373,104.084175,142592
210.6976,103.97998,142598
210.0662,103.97998,142604
209.52345,103.97998,142609
209.52345,103.97998,142672
209.52345,103.97998,142676
209.52345,103.97998,142683
209.13347,103.97998,142690
209.03894,104.18053,142696
209.02998,104.54921,142702
209.1542,105.04421,142708
209.1542,105.04421,142715
209.1542,105.04421,142723
208.76422,105.04421,142730
208.33115,105.22432,142737
208.17307,105.58362,142744
208.18001,106.36343,142751
208.18,107.013214,142758
208.1799,107.27292,142766
208.1799,107.27292,142777
208.1799,107.27292,142785
207.65993,107.27292,142793
206.93628,107.50828,142800
206.35297,107.79496,142808
205.65187,108.13671,142815
205.44687,108.17994,142822
205.44687,108.17994,142909
205.44687,108.17994,142916
205.44687,108.17994,142925
205.44687,108.17994,142934
205.0569,108.17994,142943
204.45615,107.95912,142950
203.86769,107.6831,142956
203.33374,107.31629,142963
202.70619,106.85313,142970
202.18282,106.46774,142977
201.55476,106.00525,142984
201.03139,105.61984,142990
200.80055,105.35971,142998
200.48445,105.168785,143005
200.35497,105.17999,143012
199.9676,105.17999,143018
199.44771,105.18,143025
198.79787,105.18,143032
198.1481,105.18,143040
197.62836,105.17999,143048
196.97893,105.18,143054
196.33069,105.17999,143060
195.82384,105.08333,143066
195.3201,104.95445,143072
194.81635,104.82557,143078
194.32635,104.651566,143085
193.83635,104.47756,143092
193.46886,104.34706,143099
192.98158,104.16558,143106
192.49431,103.98409,143112
192.25067,103.89336,143118
191.78319,104.12103,143124
191.26552,104.072205,143131
190.74783,104.02338,143138
190.74783,104.02338,143145
190.74783,104.02338,143151
190.22813,104.02338,143157
190.2279,104.01582,143163
190.74205,104.09346,143169
191.2562,104.1711,143174
191.38474,104.179985,143251
191.38474,104.179985,143260
191.5966,104.179985,143267
191.82193,104.41306,143273
191.82,105.056244,143279
191.82,105.056244,143287
191.82,105.056244,143296
192.20999,105.056244,143302
192.7294,105.07733,143308
193.37846,105.11144,143314
194.15736,105.152115,143322
194.67664,105.17923,143329
195.32497,105.18,143337
195.58253,105.1799,143345
196.10243,105.18,143352
196.75227,105.18,143359
197.40204,105.17999,143366
198.05168,105.17999,143372
198.70097,105.17999,143378
199.47609,105.17999,143385
199.99484,105.17999,143391
200.38089,105.17999,143398
200.58777,105.17999,143406
201.00099,105.48148,143412
201.60637,105.97327,143420
202.1119,106.3818,143428
202.51628,106.70867,143436
203.02176,107.11726,143443
203.32504,107.36242,143450
203.32504,107.36242,143461
203.32504,107.36242,143469
203.84502,107.36242,143478
204.62498,107.36242,143567
204.62498,107.36242,143575
205.09232,107.59039,143585
205.48274,107.20522,143593
205.82475,106.652504,143601
206.34471,106.28416,143607
206.9084,105.960556,143614
207.4719,105.636635,143621
207.97028,105.48834,143629
208.19261,105.353584,143638
208.47343,105.084595,143647
208.95248,104.64531,143654
209.02994,104.30059,143661
209.04985,104.183914,143670
209.3583,103.966805,143677
210.00012,103.97998,143685
210.62805,103.97998,143691
211.07314,104.05833,143697
211.32245,104.132034,143704
211.6557,104.201294,143710
211.6557,104.201294,143718
211.6557,104.201294,143727
212.04567,104.201294,143736
212.69037,104.12747,143745
213.2053,104.05529,143753
213.84908,103.96571,143762
214.36409,103.89405,143770
214.75035,103.8403,143779
215.14032,103.836494,143788
215.66026,103.83142,143797
216.3102,103.82508,143804
216.83015,103.82,143812
217.35011,103.82,143820
217.87003,103.82,143828
218.51971,103.82001,143835
219.16945,103.82,143843
219.81932,103.82,143853
220.33894,103.8201,143861
220.46167,103.82004,143870
220.51515,103.81994,143879
220.67947,103.77076,143886
220.82658,103.40195,143895
220.82,102.882095,143903
220.82,102.23217,143913
220.81999,101.71227,143922
220.82,101.19253,143933
220.82,101.062706,143943
220.82,101.062706,143952
220.82,101.062706,143963
220.82,101.58268,143973
220.81999,102.232086,143980
220.82,102.88047,143988
220.82,103.3951,143996
220.81575,103.621086,144005
220.65437,103.794,144015
220.15018,103.82375,144026
219.6303,103.82,144035
219.23715,103.82001,144044
218.71739,103.82,144053
218.19743,103.82,144061
217.54749,103.82001,144070
217.02753,103.82,144078
216.37761,103.82,144085
215.85771,103.82,144093
215.33806,103.82001,144100
214.82108,103.875626,144107
214.30408,103.931244,144114
213.65784,104.00076,144121
213.0116,104.07029,144127
212.36536,104.13981,144134
211.84837,104.19543,144141
211.47635,104.159706,144149
211.10661,104.1007,144155
210.73817,103.97998,144161
210.10513,103.97998,144167
209.54782,103.97998,144173
209.31168,103.97998,144180
208.94739,104.3229,144186
208.53702,104.98618,144193
208.37752,105.19149,144199
208.02492,105.35811,144207
207.4336,105.62786,144215
206.84137,105.89567,144223
206.24915,106.1635,144232
205.89992,106.337074,144241
205.31789,106.62637,144249
204.85225,106.8578,144257
204.27022,107.1471,144263
203.68819,107.43639,144269
203.18977,107.58461,144276
202.81598,107.69577,144283
202.43927,107.79665,144292
201.937,107.93117,144298
201.43405,108.06313,144305
201.05684,108.16211,144376
201.05684,108.16211,144382
201.05684,108.16211,144390
201.57681,108.16211,144396
202.35622,108.17999,144402
203.00456,108.17999,144409
203.26213,108.17999,144416
203.58649,108.17999,144425
203.58649,108.17999,144509
203.58649,108.17999,144515
203.58649,108.17999,144522
203.1965,108.17999,144530
202.77667,107.91907,144538
202.40941,107.550995,144546
201.9503,107.0909,144553
201.63586,106.67869,144559
201.26465,106.14516,144567
200.89337,105.611664,144575
200.82007,105.41477,144583
200.61609,105.18793,144591
199.97632,105.17999,144680
199.97632,105.17999,144686
199.97632,105.17999,144694
200.49629,105.17999,144701
200.75627,105.17999,144707
201.3942,105.30456,144714
202.03212,105.429115,144720
202.41487,105.50386,144727
203.04857,105.35936,144734
203.68227,105.21486,144741
204.31598,105.07036,144749
204.9126,104.818794,144757
205.85237,104.37345,144844
205.85237,104.37345,144850
205.39818,104.6266,144856
205.05753,104.81646,144865
205.5238,104.58631,144874
206.10664,104.29864,144882
206.5729,104.06849,144889
207.15575,103.78081,144896
207.67566,103.788956,144904
208.06558,103.79507,144913
208.43718,103.9134,144920
209.0565,104.11062,144927
209.48389,103.97998,144935
209.99696,103.97998,144944
210.50214,103.97998,144952
211.07068,104.055824,144959
211.31978,104.13027,144967
211.65315,104.19987,144975
211.65315,104.19987,144985
211.65315,104.19987,144993
212.17313,104.19987,145001
212.8174,104.1231,145008
213.46056,104.02924,145019
213.97513,103.95455,145029
214.48972,103.87987,145038
214.74701,103.84252,145047
215.26695,103.83717,145056
215.7869,103.831825,145063
216.30684,103.82647,145071
216.95677,103.82,145077
217.47672,103.82,145083
218.12659,103.82,145091
218.64615,103.8201,145098
219.0361,103.82,145107
219.68599,103.82,145115
220.33559,103.8201,145123
220.45842,103.82004,145131
220.49948,103.82004,145141
220.61818,103.80008,145150
220.82828,103.56047,145158
220.81999,103.04067,145166
220.81999,102.39074,145174
220.82,101.740845,145181
220.81999,101.221085,145189
220.82,101.09124,145201
220.82,101.09124,145210
220.82,101.481,145218
220.82,102.000534,145226
220.81999,102.64941,145235
220.82002,103.295235,145246
220.80672,103.64246,145257
220.61176,103.81398,145266
220.09525,103.822395,145275
219.57552,103.82,145284
219.1858,103.8201,145293
218.66585,103.82,145302
218.27588,103.82,145311
217.62593,103.82,145320
216.97598,103.82,145330
216.45605,103.82,145340
215.80618,103.82,145348
215.2866,103.82001,145357
214.89893,103.8623,145366
214.38202,103.918686,145374
213.73589,103.989174,145381
213.08975,104.05966,145388
212.44362,104.13014,145396
211.9267,104.18653,145403
211.54803,104.175835,145410
210.95831,103.98617,145419
210.95865,103.91191,145428
210.57607,103.97997,145438
209.94981,103.97997,145448
209.52708,103.97997,145457
209.29997,103.98137,145467
208.93771,104.339355,145473
208.59552,104.89195,145480
208.36674,105.20714,145487
208.01219,105.36953,145493
207.30128,105.69038,145500
206.70857,105.957115,145509
206.35294,106.11716,145516
205.88696,106.3479,145523
205.188,106.694016,145531
204.60555,106.982445,145539
204.02307,107.270874,145548
203.79008,107.386246,145557
203.41803,107.50309,145566
202.79793,107.69784,145574
202.29596,107.83351,145582
201.9195,107.935265,145589
201.4166,108.06744,145597
201.03941,108.16656,145673
201.03941,108.16656,145679
201.03941,108.16656,145689
201.4294,108.16656,145696
202.079,108.18,145702
202.72806,108.18,145709
203.2449,108.1799,145716
203.57356,108.179955,145724
203.57356,108.179955,145817
203.57356,108.179955,145823
203.57356,108.179955,145831
202.92358,108.179955,145839
202.68475,107.94385,145846
202.33818,107.556206,145855
201.90498,107.071655,145864
201.5989,106.65236,145872
201.23315,106.11506,145879
200.8674,105.57777,145886
200.81262,105.38124,145894
200.81262,105.38124,145995
200.81262,105.38124,146001
200.81262,105.38124,146009
201.3326,105.38124,146016
201.9778,105.441956,146022
202.36304,105.50266,146030
202.87057,105.38964,146036
203.63188,105.22011,146042
204.26631,105.078835,146049
204.52008,105.02232,146058
204.87267,104.855675,146064
206.04793,104.30016,146154
206.04793,104.30016,146161
205.58826,104.54321,146167
205.01366,104.84702,146174
205.47922,104.61546,146182
206.06119,104.326004,146191
206.64314,104.03655,146198
207.1087,103.804985,146206
207.62868,103.80294,146213
208.14864,103.8009,146221
208.51843,103.92475,146230
209.09642,104.10415,146238
209.5368,103.97998,146248
210.04968,103.97998,146256
210.67506,103.97998,146265
211.01706,104.00708,146274
211.3848,104.13693,146282
211.60007,104.17995,146291
211.60007,104.17995,146301
211.98769,104.13713,146308
212.63373,104.06577,146318
213.15056,104.00869,146326
213.66739,103.95161,146334
214.18422,103.894516,146343
214.57184,103.85171,146352
215.09103,103.8354,146360
215.74097,103.82972,146367
216.39091,103.82355,146374
216.91086,103.82,146380
217.56079,103.82,146387
218.08067,103.82,146394
218.60031,103.82001,146404
218.99026,103.82,146412
219.51018,103.82,146420
220.03001,103.82,146429
220.41957,103.82001,146438
220.53868,103.82001,146450
220.64432,103.7895,146459
220.82442,103.35593,146467
220.82,102.83612,146474
220.81999,102.1862,146482
220.81999,101.53635,146490
220.82,101.01682,146498
220.82,101.01682,146511
220.82,101.01682,146522
220.82,101.01682,146529
220.82,101.01682,146539
220.82,101.53651,146549
220.82,102.05601,146557
220.82,102.575134,146567
220.82,103.221756,146577
220.82,103.575356,146586
220.73088,103.73345,146595
220.27904,103.82625,146603
219.6292,103.82,146611
219.10965,103.8201,146620
218.58969,103.82,146629
218.06973,103.82,146638
217.67976,103.82,146647
217.1598,103.82001,146655
216.50987,103.82,146662
215.86,103.82,146669
215.34033,103.82001,146676
214.82335,103.87559,146683
214.17711,103.94507,146692
213.53085,104.01455,146703
213.01387,104.07014,146713
212.49687,104.12572,146723
211.97987,104.181305,146731
211.47878,104.159424,146740
211.10721,104.1015,146750
210.73979,103.97998,146757
210.23158,103.97998,146765
209.74796,103.97998,146771
209.35072,103.97998,146781
208.98859,104.27237,146788
208.64255,104.82256,146795
208.33186,105.22421,146802
207.85884,105.44012,146811
207.3846,105.65336,146819
206.91037,105.86661,146827
206.31757,106.13316,146836
205.96817,106.30637,146842
205.38582,106.595055,146850
204.80348,106.883736,146859
204.22115,107.17242,146867
203.75526,107.403366,146876
203.38264,107.518394,146883
202.8858,107.67177,146890
202.50952,107.7742,146897
201.88237,107.944916,146904
201.37949,108.077126,146911
201.00232,108.176285,146987
201.00232,108.176285,146993
201.00232,108.176285,147001
201.5223,108.176285,147009
202.1719,108.18,147016
202.8208,108.17999,147023
203.33604,108.17999,147030
203.65086,108.20186,147037
203.65086,108.20186,147127
203.65086,108.20186,147133
203.65086,108.20186,147140
203.27354,108.17562,147147
202.83463,107.940704,147156
202.4615,107.578545,147165
201.9951,107.125854,147172
201.67693,106.71672,147180
201.30171,106.18599,147187
200.92642,105.65531,147194
200.80214,105.35695,147202
200.48006,105.169334,147210
199.96326,105.17999,147285
199.96326,105.17999,147291
199.96326,105.17999,147299
200.35324,105.17999,147305
200.58144,105.17999,147312
201.09334,105.271286,147320
201.73322,105.385414,147327
202.37308,105.499535,147335
202.88066,105.38669,147342
203.38824,105.27385,147350
204.02272,105.1328,147359
204.5303,105.01995,147367
204.88277,104.85305,147377
206.05763,104.296715,147466
206.05763,104.296715,147473
205.71269,104.47864,147480
205.13777,104.781845,147487
205.4883,104.610794,147495
205.95387,104.379265,147503
206.53586,104.08984,147511
207.11783,103.80043,147520
207.50781,103.80029,147530
208.02779,103.80012,147536
208.65036,103.96658,147543
209.12204,104.072174,147551
209.54294,103.97998,147560
210.0558,103.97998,147568
210.68082,103.97998,147578
211.02216,104.010475,147588
211.39018,104.13946,147597
211.60472,104.17995,147606
211.60472,104.17995,147615
212.25075,104.1085,147623
212.76758,104.05133,147630
213.4136,103.97988,147637
214.05963,103.908424,147645
214.57645,103.851265,147652
215.22563,103.83433,147660
215.87556,103.82862,147667
216.39552,103.823654,147674
217.04546,103.82001,147681
217.69534,103.82001,147688
218.34514,103.82001,147696
218.60489,103.82001,147706
219.12482,103.82,147714
219.64473,103.82001,147721
220.29437,103.82,147728
220.54297,103.82,147737
220.7097,103.75006,147746
220.82,103.202385,147754
220.81999,102.55251,147764
220.82,101.90261,147771
220.81999,101.25285,147780
220.82,100.99324,147789
220.82,100.99324,147803
220.82,101.512924,147813
220.82,102.16227,147823
220.82,102.68126,147833
220.82002,103.326645,147841
220.82002,103.56602,147848
220.67586,103.780685,147855
220.05013,103.82,147862
219.40033,103.82001,147869
219.14061,103.8201,147877
218.75064,103.82,147887
218.1007,103.82001,147897
217.58073,103.82001,147905
216.93079,103.82001,147913
216.28087,103.82,147920
215.63106,103.82,147927
215.24152,103.82001,147935
214.85388,103.862816,147943
214.33705,103.9199,147951
213.69101,103.99126,147958
213.04498,104.06261,147966
212.39894,104.133965,147973
211.88211,104.19105,147981
211.3834,104.17998,147989
211.12387,104.127304,147996
210.80414,103.97136,148004
210.2953,103.97998,148012
209.69374,103.97998,148019
209.59308,103.97998,148026
209.32967,103.97998,148034
209.03345,104.18828,148041
208.62183,104.85078,148048
208.30106,105.2409,148056
207.82732,105.455246,148066
207.47157,105.61502,148072
206.76007,105.93456,148079
206.28574,106.14759,148087
205.81996,106.37872,148096
205.23773,106.66763,148104
204.6555,106.95654,148111
203.95683,107.30323,148120
203.34538,107.52023,148128
202.85039,107.67946,148136
202.34888,107.81681,148145
201.97275,107.91982,148154
201.47,108.05255,148163
200.96725,108.17997,148232
200.96725,108.17997,148240
200.96725,108.17997,148247
201.48723,108.17997,148254
202.13687,108.18,148262
202.78583,108.18,148271
203.3018,108.1799,148279
203.62114,108.18827,148287
203.62114,108.18827,148379
203.62114,108.18827,148388
203.62114,108.18827,148397
203.10535,108.17547,148404
202.80147,107.983894,148414
202.53087,107.70307,148422
202.07988,107.23502,148431
201.8093,106.95419,148438
201.51575,106.525,148444
201.14882,105.98851,148450
200.92867,105.66661,148457
200.80682,105.36693,148464
200.80682,105.36693,148540
200.80682,105.36693,148546
200.80682,105.36693,148555
201.19681,105.36693,148562
201.84203,105.436966,148570
202.35727,105.507,148578
202.86467,105.39338,148586
203.49893,105.25135,148593
204.00633,105.13772,148602
204.51375,105.02409,148610
204.98393,104.802055,148618
206.04184,104.302475,148702
206.04184,104.302475,148709
205.69719,104.484955,148716
205.12277,104.78909,148723
205.58975,104.56028,148730
206.17172,104.27084,148737
206.75371,103.98146,148744
207.1029,103.80783,148751
207.49287,103.805435,148758
208.14284,103.80145,148765
208.51285,103.92464,148773
209.0952,104.10585,148781
209.53302,103.97998,148788
210.04593,103.97998,148795
210.54956,103.97998,148803
211.01387,104.00504,148812
211.38142,104.13539,148821
211.59715,104.17995,148830
211.59715,104.17995,148841
211.98477,104.13717,148849
212.50162,104.08013,148856
213.01845,104.023094,148864
213.5353,103.96606,148872
214.05212,103.90902,148880
214.69817,103.837715,148889
215.21736,103.82267,148897
215.73732,103.82,148908
216.38727,103.82,148916
216.90723,103.82,148923
217.55713,103.82,148932
218.07701,103.82,148941
218.59665,103.82,148949
219.1166,103.82,148958
219.6365,103.82,148968
220.15628,103.82,148976
220.53001,103.82001,148986
220.62477,103.79769,148996
220.83119,103.54057,149005
220.82115,103.02079,149014
220.81999,102.50084,149023
220.82,101.98091,149032
220.82,101.331116,149042
220.82,101.07138,149052
220.82,101.07138,149064
220.82,101.07138,149074
220.82,101.07138,149083
220.82,101.07138,149092
220.81999,101.46115,149099
220.82,102.110535,149107
220.82,102.7592,149118
220.82,103.27564,149127
220.81253,103.6294,149135
220.51851,103.83218,149144
219.86865,103.82,149152
219.47879,103.82,149159
219.08923,103.82001,149167
218.56926,103.82,149176
218.0493,103.82,149184
217.39935,103.82001,149191
216.74942,103.82,149197
216.09952,103.82,149204
215.4498,103.82,149212
214.92982,103.82,149221
214.40987,103.82,149231
213.88991,103.82,149239
213.36995,103.82,149247
212.85,103.82,149256
212.2001,103.82001,149266
211.68031,103.82,149275
211.16046,103.82,149283
210.6405,103.82001,149291
210.12073,103.82,149297
209.47083,103.82,149304
208.95099,103.82,149312
208.69121,103.82001,149322
208.30391,103.803185,149330
207.78831,103.735886,149337
207.13945,103.71647,149345
206.4895,103.71039,149352
205.83957,103.70372,149360
205.05965,103.69574,149368
204.40971,103.689095,149375
203.75978,103.68245,149383
203.2398,103.68203,149391
202.58984,103.68151,149398
201.93988,103.680984,149404
201.28992,103.680466,149411
200.89993,103.68015,149418
200.7782,103.72575,149425
200.3257,103.82001,149432
199.93605,103.8201,149439
199.41609,103.82,149446
198.76614,103.82,149453
198.24619,103.82001,149460
197.59625,103.82,149467
197.07631,103.82,149473
196.4265,103.82,149480
196.03696,103.8201,149487
195.517,103.82,149495
194.86705,103.82,149502
194.34709,103.82,149508
193.69716,103.82,149516
193.04724,103.82,149523
192.39752,103.82,149531
191.93045,104.04852,149539
191.2954,104.063965,149545
190.77708,104.022285,149551
190.77708,104.022285,149559
190.77708,104.022285,149566
190.25746,104.022285,149573
190.25723,104.01452,149580
190.6426,104.07438,149587
191.28485,104.17415,149593
191.28485,104.17415,149667
191.28485,104.17415,149673
191.80484,104.17415,149680
191.85066,104.68726,149687
191.82002,104.943825,149693
191.82002,104.943825,149701
191.88753,105.05492,149709
192.27708,105.07315,149715
192.92635,105.10355,149722
193.70544,105.14004,149729
194.3547,105.17044,149735
195.00378,105.17999,149742
195.64886,105.17999,149748
196.16878,105.18,149754
196.81862,105.17999,149760
197.46835,105.18,149766
198.24785,105.17999,149772
198.8969,105.18,149779
199.41364,105.179985,149787
199.93254,105.17999,149795
200.31958,105.17999,149802
200.637,105.19493,149809
200.94055,105.43975,149815
201.4465,105.84778,149821
201.95244,106.255806,149827
202.55956,106.74543,149834
202.96431,107.07185,149841
203.36906,107.39828,149849
203.36906,107.39828,149858
203.36906,107.39828,149865
203.88904,107.39828,149871
204.66899,107.39828,149956
204.66899,107.39828,149964
205.13974,107.61913,149971
205.45143,107.336044,149977
205.77478,106.77222,149984
205.96878,106.43392,149993
206.54192,106.12736,150000
207.11504,105.82079,150007
207.45892,105.636856,150014
207.95796,105.49082,150022
208.18146,105.35799,150031
208.56366,105.00543,150038
209.02992,104.564735,150045
209.02994,104.303215,150055
209.03911,104.220116,150064
209.22406,103.99316,150073
209.85243,103.97999,150083
210.36108,103.97999,150093
210.95314,103.97999,150100
211.43074,104.16047,150108
211.64818,104.19723,150116
211.64818,104.19723,150125
212.16461,104.13674,150133
212.68106,104.07626,150142
213.19751,104.01578,150151
213.84306,103.94017,150161
214.35951,103.87969,150170
214.74684,103.83433,150178
215.2668,103.83001,150187
215.78676,103.82569,150196
216.3067,103.82137,150204
216.95665,103.82,150211
217.47658,103.82,150218
218.12645,103.82001,150224
218.646,103.8201,150232
219.16594,103.82,150239
219.81581,103.82001,150245
220.33545,103.82001,150252
220.4583,103.82001,150261
220.49937,103.82001,150270
220.61783,103.8002,150276
220.82,103.301834,150282
220.81999,102.65208,150289
220.81999,102.00217,150296
220.82,101.48231,150303
220.82,101.09261,150310
220.82,101.09261,150321
220.82,101.09261,150330
220.82,101.09261,150338
220.82,101.09261,150345
220.82,101.612274,150351
220.82,102.26156,150358
220.82,102.90986,150364
220.82,103.42383,150370
220.80284,103.650085,150377
220.46635,103.824295,150386
219.94644,103.82001,150394
219.42662,103.82,150402
219.16687,103.82001,150410
218.64691,103.82,150418
217.99696,103.82,150426
217.477,103.82,150434
216.95705,103.82,150442
216.4371,103.82,150450
215.78725,103.82001,150457
215.2677,103.8201,150465
214.88004,103.862595,150474
214.23395,103.93343,150483
213.58784,104.00426,150490
212.94176,104.07509,150496
212.42488,104.13175,150502
211.908,104.18842,150510
211.40392,104.179985,150520
211.09483,104.08547,150530
210.70074,103.97998,150539
210.19363,103.97998,150549
209.6111,103.97998,150556
209.29895,103.981514,150566
209.00539,104.230316,150575
208.7316,104.67236,150582
208.52625,105.0039,150590
208.36581,105.208496,150597
208.0111,105.370514,150605
207.41864,105.637825,150613
206.82588,105.904465,150621
206.35167,106.117775,150628
205.8857,106.34852,150635
205.30324,106.636955,150642
204.72076,106.925385,150649
204.2548,107.15613,150657
203.78883,107.38687,150665
203.29271,107.54258,150673
202.7966,107.698296,150679
202.16914,107.867836,150686
201.91815,107.93565,150693
201.41525,108.0678,150700
201.03807,108.16692,150767
201.03807,108.16692,150774
201.03807,108.16692,150784
201.42805,108.16692,150790
202.2076,108.18,150797
202.98586,108.18,150804
203.24362,108.1799,150812
203.57259,108.179955,150819
203.57259,108.179955,150902
203.57259,108.179955,150911
203.57259,108.179955,150919
203.05261,108.179955,150925
202.76422,107.973785,150932
202.31912,107.50013,150939
201.87402,107.02648,150946
201.57773,106.59919,150953
201.20734,106.06509,150959
200.91104,105.637794,150966
200.82007,105.43796,150974
200.55963,105.17171,150981
199.91377,105.17999,151059
199.91377,105.17999,151066
199.91377,105.17999,151076
200.43375,105.17999,151084
200.56375,105.17999,151090
201.07578,105.27052,151097
201.71582,105.38368,151104
202.22786,105.474205,151112
202.86302,105.38211,151119
203.62495,105.215385,151127
204.26009,105.07734,151133
204.51414,105.022125,151141
204.98444,104.80032,151148
206.0426,104.301285,151225
206.0426,104.301285,151232
205.58319,104.54482,151239
205.00893,104.84924,151246
205.4745,104.6177,151252
206.17287,104.270386,151259
206.75484,103.98096,151266
207.10402,103.8073,151273
207.49399,103.80507,151280
208.14395,103.801346,151287
208.63724,103.96577,151296
209.09543,104.10552,151303
209.53375,103.97999,151311
210.30035,103.97998,151318
210.90256,103.97998,151325
211.38194,104.13563,151331
211.5976,104.17995,151338
211.5976,104.17995,151350
211.98523,104.13716,151360
212.63127,104.06586,151368
213.27731,103.99455,151377
213.92336,103.92324,151385
214.4402,103.866196,151394
214.82782,103.82341,151402
215.21779,103.82116,151410
215.86775,103.82001,151417
216.64769,103.82,151425
217.16765,103.82,151435
217.94753,103.82,151441
218.59712,103.82001,151448
219.11707,103.82,151456
219.507,103.8201,151465
220.15675,103.82,151474
220.53046,103.82001,151483
220.62576,103.79732,151491
220.83148,103.537735,151497
220.82,102.88813,151504
220.81999,102.238205,151511
220.82,101.58834,151518
220.81999,101.068726,151525
220.8201,101.068726,151532
220.8201,101.068726,151541
220.8201,101.5887,151549
220.82,102.23811,151558
220.82,102.886475,151566
220.82,103.400986,151574
220.81342,103.62717,151584
220.52428,103.83206,151594
220.00441,103.82192,151605
219.48456,103.82,151614
219.09499,103.8201,151621
218.57503,103.82,151629
218.05507,103.82,151637
217.40512,103.82,151644
216.75519,103.82,151652
216.23526,103.82,151661
215.7154,103.82,151670
215.32571,103.8201,151677
214.80875,103.875885,151686
214.16252,103.945625,151693
213.64555,104.00141,151700
212.99934,104.071144,151707
212.35312,104.14088,151714
211.83615,104.19667,151720
211.46321,104.16186,151727
211.13231,104.14686,151734
210.72911,103.97997,151742
210.2212,103.97998,151749
209.63264,103.97998,151756
209.54218,103.97998,151763
209.54218,103.97998,151771
209.02832,103.9004,151779
208.64293,103.84071,151787
208.25598,103.79224,151797
207.61105,103.71145,151804
207.0911,103.70744,151813
206.44115,103.70245,151821
205.92119,103.698456,151827
205.14125,103.69246,151833
204.4913,103.68746,151840
203.84135,103.682465,151847
203.32138,103.68134,151855
202.67142,103.68103,151863
202.02145,103.68069,151870
201.37148,103.68034,151877
200.9815,103.68014,151885
200.85693,103.71732,151895
200.41127,103.82504,151902
199.89178,103.82,151908
199.37183,103.82,151915
198.72188,103.82,151923
198.07193,103.82,151931
197.55197,103.82001,151938
196.90208,103.82,151944
196.38226,103.82,151952
196.12251,103.8201,151959
195.60255,103.82,151967
194.9526,103.82,151975
194.43265,103.82,151981
193.7827,103.82,151987
193.00284,103.82,151993
192.35315,103.82001,151999
191.89217,104.02591,152004
191.26321,104.05629,152010
190.7839,103.97707,152016
190.7839,103.97707,152022
191.27547,104.11118,152028
191.39789,104.15492,152033
191.39789,104.15492,152098
191.39789,104.15492,152104
191.05888,104.04712,152110
190.48454,103.97998,152116
189.7504,103.97998,152122
189.36356,103.97998,152129
189.06097,104.15154,152209
189.06097,104.15154,152280
189.06097,104.15154,152286
189.16771,104.033646,152292
188.67027,103.882256,152298
188.55486,103.82244,152303
188.47816,103.819725,152308
188.2242,103.68193,152314
188.17764,102.93204,152320
188.17319,102.28209,152325
188.16624,101.50216,152331
188.16277,101.11219,152337
188.16277,101.11219,152343
188.16277,101.11219,152349
187.64279,101.11219,152354
186.86992,101.01642,152360
186.22691,100.92161,152365
185.58386,100.827034,152371
185.36249,100.80816,152377
185.16971,100.48061,152383
185.18,100.09214,152389
185.18,100.09214,152396
185.18,100.09214,152403
185.18,100.09214,152409
184.7009,99.890045,152415
184.47835,99.82005,152422
184.36966,99.795135,152428
184.18,99.415436,152434
184.18,98.63876,152439
184.18,97.99574,152445
184.18,97.62268,152451
184.18,97.62268,152457
184.18,97.62268,152464
184.18,97.10271,152470
184.6812,97.11116,152477
184.9318,97.17998,152483
184.9318,97.17998,152490
184.9318,97.17998,152499
184.9318,96.78999,152507
185.13988,96.18347,152514
185.08192,95.79782,152522
184.98535,95.15507,152530
184.88293,94.6455,152537
184.74442,94.01046,152544
184.66132,93.62944,152552
184.6535,93.10952,152560
184.64568,92.58961,152568
184.63788,92.069695,152577
184.62811,91.4198,152584
184.6242,91.15984,152593
184.56882,90.64282,152600
184.49959,89.99655,152607
184.43036,89.35028,152615
184.34727,88.57476,152708
184.34727,88.57476,152716
184.34727,88.57476,152724
184.34727,88.18478,152731
183.86217,88.241974,152740
183.38957,88.17152,152749
182.87001,88.18,152757
182.09094,88.17999,152763
181.44304,88.17999,152771
181.05789,88.179985,152779
181.05789,88.179985,152786
181.05789,88.179985,152793
181.05789,87.66001,152800
181.00229,87.01403,152806
180.89279,86.24179,152812
180.82036,85.72689,152819
180.80153,85.367294,152827
180.34496,85.179985,152833
179.69568,85.18,152840
179.04604,85.18,152846
178.52644,85.18,152852
177.8773,85.17999,152859
177.10094,85.17999,152865
176.84647,85.17999,152872
176.84647,85.17999,152881
176.33026,85.117485,152891
175.81406,85.05498,152898
175.30164,84.96785,152904
174.5349,84.824844,152912
174.02469,84.72462,152920
173.38731,84.597305,152927
173.00488,84.52092,152935
173.00488,84.52092,153021
173.00488,84.52092,153029
173.00488,84.52092,153037
173.00488,84.52092,153044
172.62247,84.44446,153052
171.85765,84.29152,153058
171.43747,84.179436,153065
171.05394,84.043564,153073
170.48091,83.97997,153080
169.57315,83.97998,153175
169.20609,83.84829,153182
169.72505,83.83552,153189
170.37483,83.82,153197
171.0245,83.82001,153205
171.67393,83.82001,153214
172.19275,83.82,153222
172.57921,83.82001,153230
172.96642,83.86644,153237
173.61176,83.94385,153244
174.25316,84.048134,153251
174.89359,84.15915,153258
175.533,84.27571,153265
176.17218,84.39366,153272
176.68248,84.493454,153280
177.31992,84.620445,153287
177.70238,84.69665,153295
178.212,84.79987,153302
178.72163,84.9031,153310
179.35861,85.03235,153316
179.8682,85.135796,153323
180.24983,85.17998,153329
180.57529,85.17998,153335
181.02931,85.595146,153343
181.47972,86.06372,153351
181.8411,86.4376,153358
182.38307,86.9985,153366
182.83472,87.465904,153373
183.28636,87.93332,153380
183.46701,88.120285,153387
183.9733,88.23882,153394
184.11299,88.78827,153401
184.14114,89.30741,153409
184.17381,89.826355,153418
184.20631,90.345314,153425
184.23883,90.864265,153432
184.27946,91.51296,153441
184.30385,91.90218,153451
184.3059,92.42215,153458
184.30846,93.07211,153465
184.3105,93.59209,153472
184.31306,94.24205,153480
184.31563,94.892006,153488
184.31819,95.54197,153496
184.3187,96.06194,153504
184.31934,96.711914,153512
184.31972,97.10189,153518
184.1684,97.46185,153526
184.18,98.109764,153533
184.18,98.626686,153540
184.18,99.264496,153546
184.18465,99.632545,153552
184.55269,99.99702,153559
185.02446,100.44411,153565
185.20526,100.62583,153571
185.53128,101.01139,153577
185.9883,101.47353,153583
186.53539,102.02944,153590
186.99133,102.49266,153596
187.44727,102.95589,153603
187.90321,103.41911,153609
187.9944,103.51176,153616
188.20631,103.66236,153623
188.6294,103.90733,153629
189.16539,104.03527,153637
189.50453,103.97999,153644
190.02007,103.97999,153650
189.67886,103.97999,153657
189.58354,103.97999,153664
189.58354,103.97999,153747
189.58354,103.97999,153755
189.19356,103.97999,153763
189.02998,104.43734,153770
189.16849,105.0518,153847
189.16849,105.0518,153853
189.16849,105.0518,153860
188.64851,105.0518,153867
188.33443,105.170006,153874
188.18144,105.40216,153880
188.18,106.17996,153886
188.18,106.82943,153892
188.18,107.218315,153899
188.18,107.218315,153907
188.18,107.218315,153916
188.18,106.568344,153923
188.18,105.91905,153929
188.18,105.66023,153936
188.18,105.43963,153942
188.49382,105.06993,153948
189.02992,104.54886,153955
189.02994,104.30352,153962
189.04497,104.19881,153968
189.3023,103.96971,153974
189.9463,103.97999,153980
190.45886,103.97999,153986
191.0825,104.027,153992
191.32489,104.12103,153999
191.54204,104.17995,154005
191.81941,104.40935,154012
191.95749,105.04448,154018
191.95749,105.04448,154026
191.95749,105.04448,154031
192.34747,105.04448,154037
192.9965,105.07556,154043
193.64537,105.113495,154049
194.42404,105.158356,154056
194.94315,105.17999,154062
195.58936,105.17999,154070
196.10927,105.17999,154078
196.62914,105.18,154084
197.27892,105.17999,154092
197.9286,105.18,154100
198.44815,105.17999,154106
199.09676,105.17999,154113
199.48277,105.17999,154121
200.00151,105.17999,154129
200.38742,105.17999,154136
200.59277,105.17999,154144
201.00536,105.48588,154151
201.51028,105.89515,154157
202.01573,106.30377,154164
202.62225,106.79416,154172
203.0266,107.12108,154177
203.32985,107.36627,154186
203.32985,107.36627,154197
203.32985,107.36627,154204
203.97983,107.36627,154212
204.62979,107.36627,154299
204.62979,107.36627,154306
205.09747,107.593544,154312
205.48637,107.20721,154318
205.82637,106.65325,154324
206.34578,106.28442,154333
206.90932,105.96053,154341
207.47264,105.63632,154349
207.97104,105.48808,154357
208.19333,105.35324,154365
208.56955,104.99613,154374
208.95288,104.644806,154381
209.02992,104.30043,154390
209.04019,104.215706,154398
209.24025,103.98639,154407
209.74562,103.97999,154413
210.3821,103.97999,154420
210.97319,103.98526,154428
211.32387,104.13298,154436
211.65704,104.20205,154444
211.65704,104.20205,154454
211.65704,104.20205,154463
212.17702,104.20205,154471
212.5641,104.16341,154478
213.20714,104.068695,154485
213.85022,103.97443,154493
214.3647,103.899,154500
214.75055,103.84243,154508
215.27051,103.83709,154517
215.79045,103.83174,154524
216.44038,103.825066,154532
216.96033,103.82,154543
217.48027,103.82,154552
218.13013,103.82,154559
218.64967,103.82,154565
219.03963,103.82,154572
219.68951,103.82,154579
220.33911,103.82001,154585
220.46184,103.82001,154593
220.5025,103.82001,154602
220.58923,103.80908,154611
220.83247,103.52537,154619
220.82462,103.39561,154627
220.81575,103.621025,154636
220.54022,103.831024,154644
219.89037,103.82001,154652
219.36728,103.82,154661
218.84743,103.82,154669
218.32747,103.82001,154676
217.67752,103.82,154685
217.15756,103.82,154696
216.50763,103.82,154703
215.85776,103.82,154711
215.46796,103.82001,154719
214.94814,103.82001,154727
214.29819,103.82,154735
213.64824,103.82,154742
212.9983,103.82,154750
212.47836,103.82,154758
211.95848,103.82,154766
211.43892,103.82001,154775
210.91896,103.82,154784
210.39989,103.82,154792
209.74995,103.82,154801
209.23007,103.82,154811
208.71037,103.82001,154818
208.06467,103.770386,154826
207.54892,103.70422,154831
207.02896,103.701096,154838
206.379,103.69719,154846
205.72905,103.693275,154853
205.20908,103.690155,154861
204.55913,103.68624,154868
203.77917,103.68155,154876
203.38919,103.68135,154885
202.73923,103.68102,154892
201.95926,103.68063,154900
201.43929,103.68037,154908
200.91931,103.68011,154916
200.79675,103.72341,154924
200.34454,103.8201,154930
199.95488,103.82001,154937
199.5649,103.82,154944
198.91495,103.82,154950
198.39499,103.82,154956
197.74504,103.82,154962
196.96516,103.82001,154968
196.31538,103.82001,154974
195.66556,103.82,154981
195.1456,103.82,154989
194.49565,103.82001,154996
193.8457,103.82001,155004
193.1958,103.82001,155012
192.67593,103.82,155019
192.28625,103.8201,155026
191.89629,103.82,155034
191.24634,103.82,155041
190.59639,103.82,155049
190.07686,103.82,155055
189.42694,103.82,155062
188.77724,103.82001,155070
188.52596,103.82001,155076
188.45963,103.81821,155082
188.22964,103.6894,155088
188.17583,102.94428,155094
188.17213,102.294334,155101
188.1636,101.25442,155166
188.1636,101.25442,155171
188.16153,100.99444,155177
187.64284,100.95792,155184
186.99448,100.91226,155189
186.21645,100.85748,155195
185.69775,100.82096,155200
185.28117,100.74601,155206
184.80821,100.300186,155211
184.52443,100.03269,155280
184.52443,100.03269,155285
184.52443,100.03269,155291
184.52443,100.552666,155297
184.02104,100.68238,155303
183.89583,100.717354,155310
183.51561,101.072044,155317
182.66013,101.8701,155392
182.66013,101.8701,155397
182.79036,102.373505,155403
182.36655,102.74858,155409
181.80017,103.0674,155414
181.23479,103.38804,155419
180.89557,103.58042,155425
180.89557,103.58042,155497
180.89557,103.58042,155503
180.89557,103.58042,155510
181.41554,103.58042,155516
182.06516,103.59948,155522
182.7147,103.62276,155529
183.36427,103.64592,155535
184.01382,103.669075,155542
184.5338,103.67044,155549
185.31375,103.6725,155556
186.0937,103.67455,155562
186.74367,103.67626,155568
187.52364,103.678314,155575
187.9136,103.679344,155582
188.16595,103.74194,155589
188.65182,103.92716,155595
189.10893,104.08908,155601
189.5757,103.97999,155608
190.9282,103.97999,155684
190.9282,103.97999,155691
191.29416,104.11474,155698
191.61621,104.185356,155704
191.82109,104.42032,155710
191.9597,105.055336,155716
191.9597,105.055336,155725
191.9597,105.055336,155730
192.47968,105.055336,155736
193.12874,105.085846,155742
193.77765,105.12292,155748
194.55635,105.16712,155754
195.20499,105.17999,155762
195.59187,105.17999,155770
195.9818,105.18,155779
196.5017,105.17999,155785
197.15198,105.18,155792
197.67175,105.18,155799
198.3213,105.17999,155805
198.97021,105.17999,155811
199.4857,105.17999,155820
200.00443,105.17999,155828
200.39029,105.17999,155835
200.59496,105.17999,155844
200.9066,105.40547,155850
201.51225,105.89692,155856
202.01773,106.3055,155863
202.52318,106.71413,155871
203.02864,107.122765,155878
203.33191,107.36794,155886
203.33191,107.36794,155895
203.33191,107.36794,155903
203.72188,107.36794,155911
204.63184,107.36794,156010
204.63184,107.36794,156018
204.98271,107.53816,156027
205.21663,107.65164,156036
205.48792,107.20805,156043
205.82706,106.65357,156052
206.34624,106.28453,156058
206.9097,105.960526,156066
207.47296,105.636185,156075
207.97136,105.487976,156083
208.19362,105.353096,156091
208.47383,105.0837,156099
208.95305,104.6446,156105
209.02994,104.300354,156112
209.05002,104.18344,156119
209.36003,103.96691,156125
209.87395,103.97999,156133
210.38216,103.97999,156140
210.97327,103.98529,156148
211.32393,104.13302,156156
211.65709,104.20208,156166
211.65709,104.20208,156176
211.65709,104.20208,156185
212.04707,104.20208,156193
212.56308,104.14658,156201
213.07797,104.07414,156208
213.59296,104.00219,156216
214.3654,103.89426,156225
214.75163,103.84029,156235
214.36168,103.83586,156244
213.84174,103.82996,156252
213.19182,103.82259,156261
212.67188,103.82,156270
212.15196,103.82,156279
211.50233,103.82,156289
210.98238,103.82001,156297
210.46286,103.82,156306
209.81293,103.82,156312
209.68295,103.8201,156321
209.16307,103.82001,156330
208.64346,103.8201,156339
208.2564,103.80242,156349
207.6124,103.71446,156357
206.96246,103.70899,156366
206.4425,103.70461,156374
205.79256,103.699135,156381
205.14261,103.693665,156390
204.62267,103.68928,156398
203.84273,103.68271,156404
203.19276,103.68144,156411
202.5428,103.68108,156419
201.89282,103.6807,156427
201.37285,103.68039,156433
200.98288,103.68016,156440
200.85828,103.717224,156447
200.41249,103.82508,156456
199.893,103.82001,156464
199.50304,103.82,156470
198.85309,103.82001,156476
198.20314,103.82,156482
197.55319,103.82,156488
196.9033,103.82001,156495
196.38348,103.82001,156502
196.12373,103.82001,156508
195.60378,103.82,156514
194.95383,103.82001,156520
194.43387,103.82,156526
193.78394,103.82,156532
193.264,103.82,156539
192.74413,103.82,156545
192.22458,103.8201,156552
191.78273,104.094215,156559
191.3938,104.06565,156565
190.9143,103.96675,156570
190.78474,103.97715,156577
191.27625,104.11133,156583
191.39865,104.15511,156589
191.39865,104.15511,156667
191.39865,104.15511,156673
191.05946,104.04763,156680
190.61287,103.97998,156687
189.98553,103.97998,156693
189.55698,103.97998,156700
189.55698,103.97998,156771
189.55698,103.97998,156776
189.55698,103.97998,156783
189.037,103.97998,156790
188.95636,104.46805,156796
189.13568,104.95612,156802
189.13568,104.95612,156810
189.13568,104.95612,156818
188.6157,104.95612,156823
188.35649,105.18172,156830
188.16766,105.49607,156837
188.18,106.14576,156844
188.18001,106.79527,156850
188.18,107.31337,156921
188.18,107.31337,156927
188.18,107.31337,156934
188.18,106.793396,156941
188.18,106.01396,156947
188.17998,105.62568,156953
188.17998,105.41158,156959
188.51921,105.04579,156965
189.02994,104.52532,156971
189.02994,104.29528,156977
189.1067,104.08028,156984
189.6781,103.953705,156991
190.19705,103.92136,156998
190.84555,103.877686,157005
191.49405,103.83404,157011
191.75345,103.82001,157019
192.2734,103.82,157026
192.92336,103.82,157032
193.7033,103.82,157039
194.48322,103.82,157046
195.13306,103.82,157052
195.65251,103.82001,157059
196.02464,103.93665,157065
196.76889,104.16994,157071
197.38127,104.38742,157077
197.9917,104.610664,157083
198.47914,104.7917,157089
199.08806,105.01902,157097
199.45341,105.15541,157106
199.8423,105.17999,157113
200.35834,105.17999,157120
200.57008,105.17999,157128
200.98378,105.467224,157136
201.3872,105.79528,157143
201.89262,106.20395,157151
202.39801,106.612656,157158
202.9034,107.02136,157167
203.30771,107.34833,157175
203.30771,107.34833,157186
203.30771,107.34833,157197
203.6977,107.34833,157205
204.60764,107.34833,157298
204.60764,107.34833,157308
205.07372,107.57885,157316
205.46965,107.19795,157324
205.74905,106.75942,157331
205.9586,106.43053,157340
206.4181,106.18716,157348
206.9925,105.88294,157355
207.452,105.63958,157365
207.82619,105.52973,157372
208.17484,105.361015,157381
208.5576,105.00906,157390
209.02994,104.56913,157398
209.02994,104.34702,157408
209.03035,104.281105,157417
209.04196,104.20897,157425
209.26552,103.97788,157432
209.90462,103.97998,157439
210.53651,103.97998,157446
211.00198,103.99821,157453
211.36905,104.12994,157460
211.5864,104.17995,157470
211.5864,104.17995,157479
211.5864,104.17995,157486
212.10637,104.17995,157494
212.62204,104.11316,157502
213.26662,104.02968,157509
213.91121,103.94619,157516
214.42688,103.8794,157523
214.81363,103.829315,157530
215.2036,103.82651,157537
215.85355,103.821815,157545
216.3735,103.82,157553
216.89346,103.82,157561
217.54338,103.82,157571
218.06328,103.82,157582
218.58293,103.82001,157591
218.97289,103.82,157600
219.49281,103.82,157609
220.01266,103.82001,157618
220.08598,104.07376,157627
219.70569,103.98743,157636
219.07184,103.843544,157645
218.68188,103.83933,157652
218.16194,103.83372,157660
217.642,103.8281,157668
217.12206,103.82249,157676
216.60211,103.82,157684
216.0822,103.82001,157693
215.56238,103.82001,157700
215.30266,103.8201,157710
214.7827,103.82,157718
214.26274,103.82,157729
213.6128,103.82,157739
212.96284,103.82,157746
212.44292,103.82,157752
211.79309,103.82001,157758
211.40353,103.82001,157764
210.88358,103.82,157772
210.49384,103.82,157781
209.8439,103.82,157789
209.32399,103.82001,157798
208.67438,103.82001,157808
208.28716,103.80292,157817
207.64282,103.71749,157825
207.12286,103.71276,157833
206.60292,103.70803,157838
205.95297,103.70212,157846
205.30304,103.696205,157855
204.65309,103.6903,157864
204.13315,103.68557,157872
203.74318,103.68202,157880
203.2232,103.68167,157889
202.70323,103.68133,157896
202.05327,103.68089,157903
201.4033,103.68046,157909
201.01332,103.6802,157915
200.76273,103.74948,157921
200.41997,103.82903,157927
199.90051,103.8201,157935
199.51054,103.82,157943
198.8606,103.82,157950
198.21065,103.82,157956
197.69069,103.82,157963
197.04079,103.82,157971
196.52092,103.82,157978
196.13124,103.8201,157987
195.74127,103.82,157993
194.96133,103.82,157999
194.31139,103.82,158005
193.53146,103.82,158012
192.88158,103.82,158018
192.23207,103.82001,158024
191.71211,103.82,158031
191.19215,103.82,158036
190.5422,103.82,158042
189.89307,103.82,158048
189.24321,103.82001,158054
188.59378,103.82,158060
188.59378,103.8201,158067
188.34744,103.80556,158072
187.82771,103.78935,158078
187.17807,103.7691,158084
186.39848,103.74479,158091
185.87875,103.72859,158097
185.09918,103.704285,158104
184.57945,103.68808,158111
184.05948,103.68699,158117
183.40952,103.68563,158123
182.75955,103.684265,158129
182.10959,103.68291,158136
181.45963,103.68154,158142
180.93965,103.68045,158149
180.69551,103.75434,158155
180.22446,103.82,158162
179.57455,103.82,158168
178.79462,103.82,158174
178.14468,103.82001,158179
177.49483,103.82001,158185
176.84537,103.8201,158191
176.4554,103.82,158198
175.67546,103.82,158204
175.02551,103.82,158210
174.37558,103.82,158217
173.85567,103.82,158224
173.20595,103.82001,158231
172.68686,103.843956,158237
172.03812,103.88376,158243
171.38936,103.9235,158249
170.8713,103.96806,158255
170.74179,103.9792,158262
170.74179,103.9792,158271
170.74179,103.9792,158281
170.22212,103.9792,158288
170.22195,103.98582,158295
170.74126,103.95932,158303
170.87108,103.9527,158311
170.87108,103.9527,158391
170.87108,103.9527,158399
171.52104,103.9527,158406
171.72307,104.20251,158413
171.82,104.77941,158420
171.82,105.03797,158427
171.82,105.03797,158434
172.32927,105.14295,158441
172.97653,105.17441,158448
173.75638,105.18,158455
174.40614,105.18,158461
175.18565,105.17999,158467
175.83473,105.17999,158473
176.35173,105.17999,158479
176.74165,105.18,158486
177.3915,105.18,158493
178.04126,105.17999,158499
178.82085,105.17999,158506
179.47015,105.18,158512
180.24586,105.18,158518
180.57889,105.17996,158524
181.02425,105.44105,158531
181.57367,105.78831,158537
182.23343,106.20429,158544
183.00314,106.689644,158619
183.00314,106.689644,158626
182.61617,106.73801,158632
182.2292,106.78636,158639
182.536,106.36654,158646
182.91948,105.84176,158653
183.49622,105.594185,158659
184.11891,105.407936,158666
184.74104,105.219765,158672
185.36317,105.03161,158678
185.83134,104.80536,158685
186.41656,104.52254,158691
187.11882,104.18316,158698
187.93811,103.78722,158705
188.198,103.79441,158711
188.68904,103.96542,158718
189.17415,104.029335,158725
189.51959,103.97999,158731
191.01189,104.003494,158802
191.01189,104.003494,158808
191.3763,104.142365,158814
191.58583,104.17995,158821
191.83446,104.49512,158828
191.94727,105.00271,158835
191.94727,105.00271,158845
191.94727,105.00271,158854
192.33725,105.00271,158861
192.8562,105.03089,158868
193.63422,105.08585,158874
194.4123,105.14019,158881
195.31973,105.17999,158888
195.57735,105.17999,158895
196.09726,105.17999,158902
196.74709,105.18,158909
197.2669,105.18,158915
197.9166,105.17999,158923
198.56601,105.18,158930
199.21413,105.17999,158939
199.73245,105.17999,158946
200.37778,105.17998,158953
200.58536,105.17998,158962
200.9988,105.47944,158971
201.4024,105.80725,158978
201.90779,106.21597,158985
202.41313,106.624725,158991
202.91849,107.03348,158997
203.32277,107.36048,159004
203.32277,107.36048,159012
203.32277,107.36048,159022
203.84274,107.36048,159030
204.62271,107.36048,159131
204.62271,107.36048,159141
205.08984,107.588844,159150
205.41241,107.31466,159158
205.75539,106.76255,159167
205.96117,106.43128,159174
206.30562,106.24841,159182
206.8797,105.94364,159189
207.45378,105.63886,159195
207.95274,105.492516,159203
208.17656,105.36023,159212
208.55917,105.008125,159219
209.02994,104.56799,159225
209.02994,104.304405,159231
209.04715,104.19177,159237
209.32947,103.96685,159244
209.97101,103.97998,159251
210.60028,103.97998,159259
211.05319,104.03716,159266
211.42435,104.15688,159273
211.64151,104.193924,159281
211.64151,104.193924,159290
212.15802,104.134056,159298
212.67455,104.07418,159306
213.19106,104.01431,159315
213.8367,103.939476,159322
214.35323,103.8796,159328
214.7406,103.8347,159336
214.22066,103.829605,159344
213.57072,103.823235,159350
212.92078,103.82,159358
212.27089,103.82,159366
211.75107,103.82,159374
211.4913,103.8201,159383
211.10759,103.88973,159391
210.72388,103.95937,159399
210.72388,103.95937,159407
210.97041,103.87685,159415
210.97041,103.87685,159423
210.97041,103.87685,159521
210.97041,103.87685,159531
211.3604,103.87685,159538
211.68901,104.212456,159546
211.83119,104.49232,159553
211.8201,105.01175,159560
211.8201,105.01175,159570
211.8201,105.01175,159579
211.8201,105.01175,159585
211.82,104.62216,159593
211.82,104.39927,159601
211.6441,104.200294,159609
211.14507,104.17588,159618
210.81848,103.96882,159626
209.6035,103.97998,159725
209.6035,103.97998,159735
209.6035,103.97998,159744
209.21353,103.97998,159751
209.02998,104.425285,159758
209.11316,104.92351,159764
209.15474,105.04668,159771
209.15474,105.04668,159780
208.65022,105.17256,159788
208.32529,105.214264,159795
208.17296,105.58622,159803
208.18001,106.23609,159811
208.18001,106.75597,159818
208.18,107.27554,159826
208.18,107.27554,159838
208.18,107.27554,159849
207.65993,107.27554,159858
206.94115,107.55085,159866
206.35071,107.82257,159873
205.75986,108.09339,159881
205.4378,108.17995,159889
205.4378,108.17995,159985
205.4378,108.17995,159993
205.4378,108.17995,159999
204.91783,108.17995,160005
204.87646,108.69231,160013
204.97159,109.33523,160022
205.06319,109.978714,160028
205.15486,110.62218,160035
205.17998,111.13456,160043
205.10246,111.64872,160051
205.02493,112.16288,160059
204.9474,112.67704,160067
204.86987,113.19121,160077
204.79236,113.70537,160085
204.73691,114.091385,160093
204.6445,114.73475,160101
204.57057,115.24944,160108
204.51512,115.63546,160115
204.48434,116.154526,160125
204.46126,116.54382,160133
204.43817,116.93311,160142
204.34016,117.17392,160151
204.18332,117.39652,160158
204.18001,118.042786,160168
204.17998,118.56056,160178
204.18,119.07825,160187
204.18,119.33566,160197
204.2017,119.65055,160206
204.2017,119.65055,160216
204.0372,120.004135,160224
203.8727,120.35773,160233
203.79898,120.64597,160240
203.40929,120.9679,160248
202.34738,121.717705,160353
202.34738,121.717705,160361
202.47205,121.945854,160370
202.12971,122.132645,160377
201.55914,122.443954,160385
200.98859,122.75527,160393
200.85277,123.257195,160400
200.82002,123.59352,160408
200.82002,123.59352,160514
200.82002,123.59352,160522
200.82002,123.59352,160532
201.21,123.59352,160539
201.55537,124.066795,160548
201.7741,124.53852,160556
201.99394,125.009735,160564
202.15881,125.363144,160573
202.20885,125.661285,160582
202.55934,125.82,160591
203.07755,125.82001,160599
203.33403,125.82001,160609
203.33403,125.82001,160619
203.62958,126.074455,160627
204.02362,126.41372,160635
204.19215,126.5934,160644
204.19215,126.5934,160654
204.30696,126.76821,160663
204.92256,126.82001,160672
205.31148,126.82,160680
205.31148,126.8201,160691
205.31148,126.8201,160700
205.70146,126.8201,160708
205.83145,126.8201,160717
205.83145,126.8201,160728
205.83145,126.8201,160740
205.44147,126.8201,160750
205.70476,126.76224,160760
206.05101,126.37431,160769
206.48381,125.88941,160780
206.56924,125.814415,160789
206.7897,125.661354,160798
206.82,125.16269,160806
206.82,124.646935,160817
206.79837,124.34624,160825
206.42372,123.9883,160832
205.94327,123.550545,160839
205.79523,123.360664,160848
205.63838,123.15577,160856
205.53477,122.64622,160866
205.4883,121.99926,160876
205.46771,121.4797,160885
205.45227,121.09002,160894
205.3573,120.848,160904
205.01793,120.454056,160911
204.59369,119.96163,160918
204.41187,119.81151,160926
204.22362,119.682274,160933
204.17998,119.327034,160941
204.18,118.80738,160950
204.18,118.28809,160958
204.18,117.770485,160967
204.09615,117.25732,160977
204.0123,116.74415,160985
203.92845,116.23098,160994
203.8446,115.71781,161003
203.82002,115.46123,161014
203.81999,114.94132,161021
203.82,114.29149,161029
203.81999,113.77167,161036
203.82,113.25191,161044
203.82,112.6024,161051
203.81999,112.08333,161057
203.82,111.567566,161065
203.82,111.177666,161073
203.82,110.65785,161080
203.82,110.00821,161089
203.82,109.35894,161099
203.82,108.84086,161108
203.82,108.41675,161116
203.43294,108.17999,161125
202.78354,108.17999,161133
202.13397,108.17999,161141
201.6147,108.18,161148
200.96922,108.18,161155
200.96922,108.1799,161228
200.96922,108.1799,161234
201.4892,108.1799,161240
201.61919,108.1799,161247
202.13884,108.17999,161254
202.65813,108.18,161261
203.30374,108.179985,161268
203.62291,108.18894,161276
203.62291,108.18894,161388
203.62291,108.18894,161395
203.62291,108.18894,161404
203.23749,108.17371,161411
202.80576,107.92845,161419
202.43524,107.56364,161425
201.97209,107.10761,161433
201.58113,106.59054,161441
201.2079,106.05841,161449
200.90927,105.632744,161457
200.82007,105.43352,161467
200.82007,105.43352,161552
200.82007,105.43352,161558
200.82007,105.43352,161567
201.34004,105.43352,161575
201.98772,105.4823,161583
202.37598,105.51889,161590
202.88266,105.40207,161600
203.38934,105.28525,161608
203.89601,105.16842,161615
204.52937,105.02239,161622
204.99919,104.79958,161629
206.05627,104.29827,161706
206.05627,104.29827,161712
205.48122,104.60117,161719
205.02115,104.843506,161726
205.48671,104.61191,161734
206.06863,104.3224,161741
206.65057,104.03291,161750
207.11612,103.801315,161758
207.6361,103.80077,161766
208.15607,103.80023,161774
208.64874,103.966484,161784
209.098,104.101974,161791
209.54156,103.97998,161799
210.0544,103.97998,161805
210.6795,103.97998,161812
211.02101,104.00968,161819
211.38896,104.13888,161826
211.60367,104.17995,161834
211.60367,104.17995,161842
211.99129,104.137085,161847
212.76653,104.05137,161852
213.54176,103.96565,161857
214.18779,103.89422,161862
214.83382,103.82279,161868
215.35379,103.82,161875
216.13373,103.82,161880
216.91365,103.82,161885
217.56355,103.82,161890
218.34334,103.82,161896
218.60307,103.8201,161903
219.12302,103.82,161908
219.77289,103.82,161913
220.42233,103.8201,161918
220.54128,103.820045,161924
220.70537,103.75334,161933
220.82285,103.341896,161942
220.81999,102.821945,161951
220.81999,102.431984,161960
220.81999,101.78209,161968
220.82,101.13243,161977
220.82,101.00267,161986
220.82,101.00267,161995
220.82,101.00267,162004
220.82,101.522644,162013
220.81999,102.04226,162023
220.81999,102.5614,162032
220.82,103.208145,162043
220.82005,103.563644,162052
220.74785,103.713715,162061
220.31804,103.82078,162070
219.79814,103.82,162079
219.27841,103.82001,162089
218.62862,103.82,162097
217.97867,103.82,162103
217.45871,103.82,162113
216.93875,103.82,162121
216.28883,103.82,162128
215.639,103.82,162136
215.24945,103.8201,162143
214.72949,103.82,162151
214.20953,103.82,162158
213.68958,103.82,162167
213.03964,103.82002,162174
212.38972,103.82,162182
211.86986,103.82,162190
211.48018,103.82001,162198
210.96022,103.82,162206
210.57025,103.82,162214
209.92032,103.82,162221
209.27043,103.82001,162228
208.62091,103.82001,162237
208.62091,103.82001,162245
208.10472,103.78109,162253
207.58946,103.71114,162261
207.1995,103.70816,162271
206.54955,103.703186,162279
205.8996,103.698204,162288
205.24965,103.69323,162297
204.5997,103.688255,162305
204.07974,103.68428,162313
203.81976,103.68229,162320
203.29979,103.68191,162327
202.64983,103.68143,162335
201.99986,103.68095,162343
201.34988,103.68047,162351
200.95992,103.68018,162359
200.83594,103.71928,162369
200.51785,103.830154,162377
199.86852,103.82,162383
199.47855,103.82,162389
198.8286,103.82,162395
198.17865,103.82,162402
197.65869,103.82,162409
196.8788,103.82,162416
196.359,103.82001,162425
196.09927,103.8201,162433
195.7093,103.82,162440
195.05936,103.82001,162449
194.5394,103.82,162457
193.75948,103.82001,162463
193.23953,103.82,162468
192.58972,103.82,162475
192.20016,103.8201,162482
191.76317,104.10188,162490
191.37445,104.07053,162497
190.72658,104.01827,162503
190.72658,104.01827,162511
190.72658,104.01827,162517
190.20702,104.01827,162523
190.2069,104.012665,162528
190.59251,104.07089,162534
191.10666,104.14852,162539
191.36372,104.179985,162612
191.36372,104.179985,162618
191.57996,104.179985,162624
191.83263,104.497665,162631
191.82,105.013214,162638
191.82,105.013214,162644
191.82,105.013214,162652
192.20999,105.013214,162657
192.8588,105.04788,162663
193.5074,105.089905,162670
194.0263,105.12328,162676
194.67493,105.16502,162682
195.32314,105.17999,162689
195.58073,105.17999,162696
196.10063,105.18,162703
196.88042,105.18,162710
197.6601,105.17999,162717
198.30965,105.18,162723
198.95857,105.17999,162729
199.4743,105.17999,162736
199.99306,105.17999,162742
200.37915,105.17999,162749
200.58643,105.17999,162756
201.10014,105.56295,162763
201.70612,106.053986,162769
202.31276,106.54422,162774
202.91934,107.034515,162780
203.32375,107.361374,162786
203.32375,107.361374,162794
203.32375,107.361374,162801
203.84372,107.361374,162808
204.62367,107.361374,162888
204.62367,107.361374,162894
205.09091,107.58954,162900
205.48177,107.20468,162906
205.89282,106.54183,162914
206.30582,106.24855,162921
206.87985,105.94372,162928
207.45389,105.63884,162933
207.95284,105.492485,162938
208.17665,105.36019,162945
208.55927,105.00808,162952
209.02992,104.56793,162959
209.02992,104.27548,162965
209.15216,104.038,162970
209.86967,103.97998,162976
210.7454,103.97998,162983
211.071,104.056145,162990
211.32013,104.1305,162996
211.65349,104.20006,163001
211.65349,104.20006,163008
211.65349,104.20006,163019
212.04347,104.20006,163028
212.68822,104.12651,163034
213.46072,104.01892,163040
214.23329,103.911835,163045
214.74834,103.84043,163051
215.2683,103.83534,163058
215.78824,103.83025,163065
216.43817,103.82389,163071
217.2181,103.82,163078
217.868,103.82001,163085
218.3878,103.82,163091
219.03763,103.82,163098
219.68753,103.82,163106
220.33713,103.82001,163114
220.45992,103.82001,163127
220.50081,103.82001,163136
220.62311,103.79826,163141
220.82382,103.416595,163148
220.81999,102.766815,163157
220.82,102.1169,163165
220.82,101.46706,163175
220.82,101.07738,163187
220.82,101.07738,163196
220.82,101.07738,163207
220.82,101.07738,163216
220.82,101.07738,163226
220.82,101.46715,163234
220.82,101.98669,163241
220.82,102.76518,163246
220.82,103.40901,163251
220.81,103.63536,163259
220.62628,103.80806,163267
220.11327,103.82411,163275
219.46347,103.82001,163283
219.07394,103.82001,163290
218.68396,103.82,163298
218.164,103.82,163306
217.51405,103.82,163313
216.9941,103.82,163321
216.21419,103.82,163329
215.69434,103.82,163335
215.30467,103.82001,163344
214.91469,103.82,163351
214.26474,103.82,163359
213.61479,103.82001,163367
212.96484,103.82,163375
212.44493,103.82,163384
211.92506,103.82,163394
211.40555,103.82001,163402
210.88559,103.82,163410
210.36584,103.82,163418
209.71594,103.82,163427
209.0661,103.82,163434
208.6764,103.82001,163441
208.6764,103.82001,163450
208.16031,103.7859,163459
207.64484,103.71768,163465
206.99489,103.71175,163473
206.34496,103.70581,163480
205.695,103.69987,163486
205.04507,103.69393,163493
204.39513,103.68799,163499
203.7452,103.68205,163506
203.22522,103.6817,163513
202.57524,103.68126,163520
201.79529,103.68073,163526
201.14532,103.6803,163533
200.76465,103.74918,163540
200.2922,103.82377,163548
199.90263,103.82001,163555
199.51266,103.82,163563
198.86272,103.82001,163570
198.21277,103.82,163577
197.56284,103.82001,163585
197.1729,103.82,163592
196.52306,103.82001,163599
196.13336,103.82001,163606
195.6134,103.82,163612
194.96346,103.82,163619
194.3135,103.82,163625
193.79356,103.82,163631
193.14365,103.82,163637
192.49387,103.82,163643
191.9008,104.05631,163649
191.26712,104.068886,163656
190.74922,104.02238,163662
190.74922,104.02238,163669
190.74922,104.02238,163676
190.2295,104.02238,163683
190.22931,104.01513,163689
190.74341,104.0931,163695
191.25749,104.17108,163700
191.38602,104.179985,163774
191.38602,104.179985,163780
191.5976,104.179985,163786
191.77446,104.31541,163793
191.82,104.93103,163799
191.82,104.93103,163806
191.88545,105.04336,163811
192.40479,105.069176,163816
193.18378,105.10791,163821
193.96278,105.146645,163827
194.74178,105.17999,163833
195.51868,105.17999,163838
196.29633,105.17999,163844
197.07605,105.17999,163849
197.85565,105.18,163855
198.5051,105.18,163860
199.28265,105.17999,163865
199.93011,105.17999,163870
200.31718,105.17999,163877
200.6349,105.193985,163883
201.1409,105.60194,163888
201.74811,106.09147,163894
202.3553,106.58101,163899
202.96251,107.07055,163905
203.36731,107.396904,163911
203.36731,107.396904,163916
203.36731,107.396904,163923
203.88728,107.396904,163930
204.66725,107.396904,164018
204.66725,107.396904,164026
205.13785,107.618034,164034
205.51477,107.222595,164043
205.77405,106.77187,164051
205.9685,106.43382,164058
206.42703,106.18863,164065
207.0002,105.88213,164071
207.45872,105.63693,164077
207.95776,105.49088,164086
208.18127,105.35808,164096
208.56349,105.00553,164105
209.02994,104.56486,164114
209.02994,104.3448,164123
209.03891,104.22106,164131
209.14114,104.047424,164138
209.71942,103.97998,164146
210.23029,103.97998,164153
210.72536,103.97998,164161
211.05603,104.04031,164169
211.42761,104.1587,164178
211.64493,104.19559,164188
211.64493,104.19559,164197
212.1614,104.13541,164205
212.807,104.06018,164213
213.32349,104.0,164224
213.83997,103.93982,164233
214.35645,103.87964,164241
214.7438,103.83451,164250
215.26376,103.83017,164259
215.78372,103.82583,164266
216.30367,103.821495,164273
216.95361,103.82,164280
217.60353,103.82001,164289
218.12341,103.82001,164299
218.64297,103.8201,164310
219.03293,103.82,164319
219.55286,103.82001,164327
220.07268,103.82,164336
220.33243,103.82001,164345
220.57202,103.82001,164355
220.77281,103.68594,164363
220.81999,103.06839,164370
220.82,102.54847,164378
220.82,102.028534,164386
220.81999,101.50867,164394
220.82,100.989204,164403
220.82,100.989204,164414
220.82,100.989204,164422
220.82,100.989204,164431
220.82,100.989204,164441
220.82,101.50889,164450
220.82,102.028404,164458
220.82,102.67723,164466
220.82,103.19441,164474
220.79242,103.66771,164481
220.4274,103.82638,164489
219.9075,103.82,164499
219.3877,103.82,164508
219.12799,103.82001,164516
218.73802,103.82,164525
218.08807,103.82001,164534
217.56812,103.82,164542
217.04816,103.82,164552
216.39824,103.82,164560
215.7484,103.82,164571
215.35867,103.82001,164579
214.83896,103.82,164588
214.18901,103.82,164596
213.53906,103.82,164604
213.0191,103.82001,164612
212.4989,103.8201,164618
211.97902,103.8201,164627
211.45943,103.82001,164637
210.93947,103.82,164646
210.42024,103.82,164653
209.90031,103.82,164660
209.25043,103.82,164668
208.60094,103.82001,164676
208.60094,103.82001,164687
208.08484,103.77128,164696
207.56894,103.70631,164704
207.17897,103.70377,164711
206.529,103.69955,164717
205.87906,103.69532,164725
205.22911,103.6911,164732
204.70914,103.68772,164738
203.9292,103.682655,164744
203.27924,103.68159,164751
202.62927,103.6812,164758
201.9793,103.68079,164767
201.45932,103.680466,164775
200.93935,103.680145,164782
200.81604,103.72127,164790
200.3657,103.824005,164796
199.97603,103.82001,164802
199.45607,103.82,164809
198.80612,103.82,164817
198.15617,103.82,164825
197.63622,103.82,164834
196.98631,103.82,164842
196.33653,103.82001,164850
195.81667,103.82001,164857
195.16672,103.82,164864
194.51677,103.82001,164873
193.99681,103.82,164881
193.3469,103.82,164889
192.69705,103.82001,164897
192.30734,103.8201,164904
191.8517,104.07061,164911
191.46225,104.05027,164917
190.94298,104.02314,164923
190.81316,104.01636,164930
190.81316,104.01636,164937
190.81316,104.01636,164944
190.42389,104.01636,164950
190.2939,104.01636,164958
190.80748,104.09768,164964
191.32104,104.17899,164971
191.32104,104.17899,165042
191.32104,104.17899,165049
191.97102,104.17899,165056
191.9419,104.67403,165062
191.82257,105.0453,165067
191.82257,105.0453,165075
191.82257,105.0453,165084
192.21255,105.0453,165091
192.86166,105.0751,165098
193.51062,105.11122,165105
194.0298,105.139915,165111
194.67879,105.1758,165117
195.19766,105.17999,165123
195.58464,105.17999,165129
196.10454,105.18,165135
196.88434,105.17999,165140
197.66399,105.18,165145
198.4434,105.17999,165152
199.09201,105.17999,165160
199.47812,105.17999,165167
199.99686,105.17999,165174
200.38287,105.17999,165182
200.5893,105.17999,165192
200.90193,105.400276,165199
201.40665,105.80981,165207
201.91191,106.21866,165215
202.41716,106.62753,165224
202.92241,107.03641,165231
203.32661,107.36351,165240
203.32661,107.36351,165251
203.32661,107.36351,165260
203.84659,107.36351,165268
204.62654,107.36351,165351
204.62654,107.36351,165361
204.9771,107.53438,165369
205.2108,107.64829,165378
205.4839,107.20581,165387
205.757,106.76333,165394
205.96182,106.431465,165400
206.53583,106.12655,165407
207.10983,105.821625,165414
207.45424,105.63868,165422
207.9532,105.49236,165430
208.177,105.36003,165440
208.46393,105.095924,165450
208.94215,104.65574,165458
209.02994,104.30429,165466
209.03871,104.22184,165475
209.21783,103.996056,165484
209.84428,103.97998,165494
210.35309,103.97998,165501
210.94664,103.97998,165510
211.42523,104.15738,165518
211.64244,104.19437,165527
211.64244,104.19437,165537
212.15895,104.134415,165546
212.67546,104.07446,165555
213.19197,104.0145,165563
213.8376,103.93957,165571
214.48323,103.864624,165579
214.74149,103.83465,165589
215.13145,103.83138,165598
215.78139,103.825935,165607
216.30135,103.82159,165617
216.8213,103.82,165625
217.34125,103.82,165633
217.99113,103.82,165643
218.51085,103.82001,165652
219.03061,103.82,165659
219.6805,103.82,165670
220.20026,103.82,165678
220.56995,103.82,165687
220.76903,103.690926,165696
220.82,103.20655,165704
220.81999,102.556625,165713
220.82,101.90672,165723
220.81999,101.38688,165731
220.82,100.997345,165742
220.82,100.997345,165752
220.82,100.997345,165761
220.82,100.997345,165771
220.82,100.997345,165782
220.82,101.51703,165789
220.82,102.036545,165798
220.81999,102.555695,165805
220.82,103.202484,165814
220.82,103.56312,165824
220.74858,103.712776,165834
220.31982,103.82041,165843
219.79991,103.82,165852
219.28017,103.82,165858
218.63037,103.82,165865
218.2404,103.82,165873
217.72044,103.82,165881
217.0705,103.82,165889
216.42058,103.82001,165896
215.90068,103.82,165903
215.2512,103.82001,165911
214.86124,103.82,165919
214.34128,103.82,165927
213.82132,103.82,165935
213.17137,103.82,165946
212.65143,103.82,165956
212.13153,103.82,165965
211.61179,103.82001,165973
211.09181,103.82,165981
210.70184,103.82,165989
210.1819,103.82,165998
209.53198,103.82,166007
208.8822,103.82,166017
208.6225,103.82001,166024
208.10638,103.78179,166033
207.59117,103.711525,166042
207.2012,103.7085,166051
206.42126,103.70246,166060
205.77132,103.69743,166068
205.25136,103.6934,166076
204.47142,103.68736,166083
203.95146,103.683334,166090
203.4315,103.682106,166097
202.65154,103.68152,166105
202.00157,103.681015,166112
201.35161,103.680504,166118
200.96162,103.6802,166125
200.8376,103.71913,166132
200.38979,103.8255,166138
199.87036,103.8201,166146
199.3504,103.82,166156
198.83044,103.82,166164
198.1805,103.82,166172
197.53056,103.82,166179
197.01064,103.82,166185
196.36084,103.82001,166192
196.10112,103.8201,166199
195.71115,103.82,166206
195.0612,103.82001,166214
194.54124,103.82,166221
193.89131,103.82,166227
193.2414,103.82,166233
192.59158,103.82001,166241
192.20204,103.82001,166248
191.76468,104.101234,166254
191.24635,104.059746,166261
190.72804,104.01825,166267
190.72804,104.01825,166274
190.72804,104.01825,166282
190.33847,104.01825,166290
190.20847,104.01825,166297
190.72292,104.093925,166303
191.10873,104.15067,166308
191.36595,104.179985,166381
191.36595,104.179985,166388
191.58174,104.179985,166394
191.8108,104.38078,166400
191.82,105.018394,166406
191.82,105.018394,166415
191.82,105.018394,166423
192.20999,105.018394,166430
192.85886,105.05228,166437
193.50752,105.09334,166445
194.1562,105.13412,166453
194.67516,105.16675,166460
195.32338,105.18,166467
195.58096,105.1799,166474
196.10088,105.18,166482
196.75072,105.18,166488
197.53043,105.18,166495
198.18002,105.18,166502
198.69942,105.17999,166508
199.34663,105.17999,166515
199.99333,105.17999,166522
200.37941,105.17999,166531
200.58662,105.17999,166537
201.10033,105.56312,166544
201.60518,105.97246,166551
202.11072,106.38099,166557
202.61623,106.78955,166565
203.02063,107.1164,166573
203.32393,107.361534,166581
203.32393,107.361534,166592
203.32393,107.361534,166603
203.8439,107.361534,166610
204.62387,107.361534,166705
204.62387,107.361534,166715
205.09113,107.58967,166724
205.4134,107.31525,166732
205.75587,106.762825,166740
205.96136,106.431366,166748
206.42061,106.18751,166757
206.99466,105.88268,166766
207.4539,105.63882,166775
207.95285,105.49248,166785
208.17667,105.36018,166794
208.55928,105.008064,166803
209.02992,104.567924,166812
209.02992,104.30438,166820
209.03868,104.22197,166827
209.21735,103.996284,166834
209.84364,103.97998,166842
210.35246,103.97998,166851
210.83775,103.97998,166858
211.42479,104.157135,166866
211.64198,104.194145,166876
211.64198,104.194145,166886
212.02937,104.14921,166894
212.54588,104.089294,166902
213.19151,104.014404,166911
213.70802,103.9545,166919
214.35367,103.87961,166929
214.74104,103.83467,166935
215.261,103.830315,166943
215.91095,103.82487,166949
216.43091,103.82051,166956
217.08084,103.82,166964
217.73076,103.82001,166972
218.38054,103.82001,166979
218.64023,103.8201,166987
219.16017,103.82,166996
219.81003,103.82,167005
220.32968,103.82001,167014
220.56956,103.82001,167022
220.76831,103.69184,167031
220.82047,103.20812,167037
220.82,102.558205,167044
220.81999,101.9083,167051
220.82,101.25854,167058
220.82,100.99892,167070
220.82,100.99892,167079
220.82,100.99892,167088
220.82,101.51889,167095
220.81999,102.03851,167105
220.82,102.687325,167114
220.82,103.07556,167122
220.82,103.4593,167130
220.82,103.5714,167139
220.66309,103.78892,167148
220.1621,103.822685,167156
219.51227,103.82,167164
219.12265,103.82001,167172
218.60269,103.82,167182
217.95274,103.82,167192
217.43279,103.82,167202
216.78284,103.82,167211
216.26291,103.82,167220
215.74304,103.82001,167228
215.35333,103.8201,167236
214.96558,103.86163,167245
214.44855,103.917015,167254
213.93153,103.9724,167263
213.41452,104.02777,167272
212.63899,104.11084,167279
212.12198,104.16622,167286
211.86346,104.19392,167293
211.4926,104.15853,167301
211.13583,104.155136,167308
210.88062,103.96765,167316
210.37012,103.97998,167324
209.87502,103.97998,167333
209.55699,103.97998,167341
209.31517,103.97998,167349
208.95053,104.318115,167357
208.60849,104.870804,167364
208.38078,105.186806,167371
208.17189,105.44225,167377
207.93646,106.04808,167384
207.69943,106.65328,167392
207.46242,107.2585,167400
207.11157,107.428764,167408
206.52682,107.71255,167415
205.82513,108.053085,167421
205.40256,108.18145,167430
205.19684,108.364555,167437
205.18,108.86918,167444
205.18,110.00898,167533
204.95857,109.68794,167541
205.0447,109.08616,167551
205.16463,108.71507,167558
205.18085,108.40471,167564
205.37749,108.19055,167572
206.01932,108.18,167579
206.7977,108.18,167586
207.05573,108.179985,167593
207.05573,108.179985,167601
207.05573,108.179985,167611
207.05573,107.66001,167619
207.30667,107.074615,167626
207.61615,106.50305,167634
207.92458,105.93092,167642
208.10962,105.58764,167731
208.10962,105.58764,167739
208.10962,105.58764,167747
208.10962,104.937675,167754
208.24437,104.30547,167760
208.31175,104.05437,167856
208.31175,104.05437,167863
208.31175,104.05437,167870
208.83173,104.05437,167877
209.14412,104.05203,167884
209.58928,103.97999,167891
210.22868,103.97999,167898
210.72386,103.97999,167905
211.05508,104.03925,167913
211.42651,104.15809,167920
211.64378,104.195015,167928
211.64378,104.195015,167936
212.03114,104.149956,167944
212.54764,104.08988,167952
213.19325,104.01479,167959
213.70975,103.95472,167968
214.22624,103.894646,167976
214.74274,103.83457,167983
215.1327,103.831314,167991
215.78264,103.82588,167999
216.3026,103.82153,168007
216.95255,103.82,168013
217.47247,103.82,168019
218.12233,103.82,168026
218.64189,103.82001,168034
219.03186,103.82,168041
219.68175,103.82001,168048
220.33134,103.82,168055
220.57103,103.82003,168061
220.77103,103.6883,168069
220.81999,103.202126,168077
220.82,102.6822,168084
220.82,102.16226,168093
220.81999,101.512405,168102
220.82,100.99294,168111
220.82,100.99294,168122
220.82,100.99294,168131
220.82,100.99294,168142
220.82,100.99294,168152
220.81999,101.51263,168159
220.82,102.16197,168165
220.82,102.81053,168172
220.82,103.32635,168181
220.82,103.56575,168189
220.67648,103.780266,168198
220.18098,103.82014,168206
219.53116,103.82001,168214
219.1415,103.8201,168221
218.62154,103.82,168228
218.10158,103.82,168237
217.58162,103.82,168247
216.93169,103.82,168254
216.28177,103.82,168261
215.7619,103.82,168267
215.24242,103.82,168274
214.72246,103.82,168282
214.2025,103.82,168290
213.55255,103.82,168299
212.90262,103.82,168307
212.25272,103.82,168315
211.60301,103.82001,168325
211.0832,103.82,168336
210.56325,103.82,168344
209.91396,103.82,168353
209.26408,103.82,168363
208.61458,103.82,168372
208.61458,103.8201,168383
208.09818,103.77772,168391
207.58269,103.70947,168397
207.19272,103.70664,168404
206.54277,103.70193,168412
205.89282,103.69721,168421
205.37286,103.693436,168429
204.59293,103.68778,168436
203.94298,103.68306,168443
203.29301,103.681854,168450
202.64304,103.68141,168458
201.99307,103.68093,168464
201.21312,103.68037,168471
200.95312,103.680176,168478
200.82936,103.71992,168485
200.38057,103.82521,168491
199.9909,103.82001,168498
199.60092,103.82,168506
198.82098,103.82,168513
198.17104,103.82,168519
197.52109,103.82,168527
197.00116,103.82,168535
196.35138,103.82001,168543
196.09167,103.82001,168551
195.70169,103.82,168559
195.05174,103.82,168567
194.4018,103.82,168575
193.88184,103.82,168582
193.23192,103.82,168588
192.5821,103.82,168594
192.19258,103.82001,168601
191.86604,104.03321,168607
191.36856,104.072044,168614
190.72081,104.01832,168621
190.72081,104.01832,168629
190.72081,104.01832,168637
190.33128,104.01832,168644
190.2013,104.01832,168651
190.71579,104.09358,168657
191.23029,104.16884,168661
191.35892,104.17999,168737
191.35892,104.17999,168744
191.57607,104.17999,168752
191.80545,104.36845,168759
191.82,104.874825,168765
191.82,105.0031,168772
191.82,105.0031,168782
192.33908,105.03368,168790
192.98793,105.07192,168798
193.63676,105.11015,168805
194.15584,105.14075,168811
194.80469,105.17898,168817
195.5808,105.17999,168824
196.1007,105.18,168831
196.75052,105.18,168839
197.27034,105.18,168847
197.92003,105.18,168854
198.56943,105.17999,168862
199.08821,105.17999,168869
199.4744,105.17999,168876
199.8636,105.17999,168882
200.37924,105.1799,168888
200.58647,105.17995,168895
200.99982,105.48039,168901
201.60565,105.97161,168906
202.21211,106.46207,168911
202.81851,106.95258,168916
203.32385,107.36135,168922
203.32385,107.36135,168928
203.32385,107.36135,168934
203.84383,107.36135,168939
204.6238,107.36135,169006
204.6238,107.36135,169012
205.091,107.589554,169020
205.55034,107.09421,169026
205.89285,106.54182,169031
206.42065,106.1876,169036
207.33913,105.69983,169042
207.95288,105.492485,169049
208.17668,105.36018,169056
208.55928,105.008064,169062
209.02994,104.56792,169067
209.02994,104.275475,169072
209.13443,104.05367,169078
209.83269,103.97998,169084
210.46678,103.97998,169092
211.04651,104.03034,169100
211.41676,104.15279,169105
211.6335,104.19029,169111
211.6335,104.19029,169116
212.1501,104.1311,169122
212.79584,104.05711,169131
213.44159,103.98313,169140
213.95818,103.92394,169145
214.73306,103.83516,169150
215.25302,103.83075,169156
216.03296,103.824135,169164
216.55292,103.82,169172
217.20285,103.82,169179
217.85277,103.82,169188
218.37257,103.82,169197
218.63513,103.82001,169206
219.15508,103.82,169217
219.67499,103.82001,169226
220.19475,103.82001,169233
220.565,103.82001,169241
220.75958,103.70255,169251
220.82106,103.09763,169259
220.82,102.57772,169266
220.82,101.92781,169273
220.82,101.27804,169282
220.82,101.01838,169293
220.82,101.01838,169302
220.82,101.01838,169310
220.82,101.01838,169429
220.82,101.01838,169437
221.34007,101.01838,169444
221.09927,100.89754,169451
221.04935,101.2843,169458
220.96611,101.928925,169464
220.88286,102.57354,169472
220.82002,103.089226,169483
220.82,103.47254,169491
220.82,103.47254,169574
220.82,103.47254,169580
220.82,103.47254,169587
220.82,103.992516,169594
220.30707,104.03724,169600
219.53767,103.90933,169607
219.15297,103.845375,169613
218.63303,103.83964,169620
217.98311,103.832466,169626
217.33318,103.825294,169633
216.68324,103.82,169640
216.16331,103.82,169646
215.51355,103.82001,169652
215.2539,103.82001,169659
215.2539,103.82001,169666
214.73705,103.87689,169673
214.2202,103.933784,169679
213.57413,104.0049,169687
212.92807,104.07601,169695
212.282,104.147125,169705
211.89436,104.1898,169717
211.52115,104.16471,169726
211.12625,104.13144,169734
210.81593,103.96919,169742
210.30687,103.97998,169751
209.93484,103.97998,169758
209.60164,103.97998,169766
209.60164,103.97998,169850
209.60164,103.97998,169856
209.60164,103.97998,169867
209.08167,103.97998,169877
209.02998,104.361404,169887
209.12619,104.984474,169895
209.12619,104.984474,169903
209.12619,104.984474,169910
208.60622,104.984474,169917
208.33698,105.204025,169924
208.18,105.68753,169932
208.18,106.33741,169940
208.18,106.987206,169949
208.18,107.24694,169957
208.18,107.24694,169966
208.18,107.24694,169974
207.66002,107.24694,169982
207.06155,107.47256,169988
206.47432,107.75115,169995
205.76915,108.084435,170002
205.44632,108.17994,170010
205.44632,108.17994,170096
205.44632,108.17994,170103
205.44632,108.17994,170111
205.44632,108.17994,170119
205.9663,108.17994,170128
206.44197,107.99941,170136
207.13333,107.63837,170144
207.35866,107.16975,170151
207.69666,106.46683,170158
208.03464,105.7639,170165
208.17995,105.434814,170171
208.4029,105.15266,170178
208.88095,104.7123,170185
209.02994,104.38161,170191
209.03165,104.26435,170199
209.086,104.111565,170208
209.5695,103.97999,170217
210.08203,103.97999,170225
210.70547,103.97999,170232
211.04224,104.02634,170241
211.412,104.150276,170249
211.80019,104.11279,170258
212.57652,104.03784,170267
212.9647,104.00036,170276
213.48227,103.95039,170284
213.99983,103.90042,170292
214.51741,103.85045,170299
214.77618,103.82546,170307
215.16617,103.823044,170314
215.81612,103.82,170321
216.46606,103.82,170328
217.116,103.82,170335
217.7659,103.82,170342
218.41565,103.82001,170350
219.06546,103.82,170357
219.58539,103.82,170363
220.23509,103.82001,170371
220.4867,103.82001,170380
220.55202,103.81664,170389
220.73004,103.73306,170397
220.81999,103.16346,170404
220.81999,102.51364,170411
220.82,101.86374,170419
220.82,101.214005,170427
220.82,101.08416,170524
220.82,101.08416,170534
220.82,101.08416,170545
220.82,101.474144,170553
220.82,102.12361,170561
220.82,102.64265,170570
220.82002,103.16008,170579
220.82002,103.41592,170588
220.80681,103.642296,170596
220.80681,103.642296,170696
220.80681,103.642296,170705
220.80681,103.642296,170716
220.80681,104.16227,170724
220.30302,104.16355,170732
219.67328,104.00266,170739
219.16948,103.873955,170747
218.77957,103.866974,170755
218.1297,103.85533,170762
217.47984,103.8437,170770
216.95995,103.83438,170779
216.44006,103.82507,170791
215.92017,103.82,170799
215.27066,103.82001,170806
214.75377,103.87664,170814
214.2369,103.93327,170824
213.59079,104.00406,170831
212.94469,104.07485,170840
212.55704,104.117325,170849
211.91093,104.18812,170855
211.53487,104.17047,170863
211.12952,104.137375,170870
210.70456,103.97998,170877
210.07286,103.97998,170884
209.52745,103.97998,170891
209.52745,103.97998,170979
209.52745,103.97998,170986
209.52745,103.97998,170994
209.13747,103.97998,171004
209.05498,104.1667,171013
209.02998,104.64905,171021
209.14738,105.02072,171028
209.14738,105.02072,171037
209.14738,105.02072,171044
208.7574,105.02072,171050
208.32906,105.20863,171057
208.17441,105.57511,171066
208.18001,106.22499,171074
208.18,106.874825,171083
208.1799,107.264465,171091
208.1799,107.264465,171099
208.1799,107.264465,171107
207.52994,107.264465,171114
206.9354,107.49806,171120
206.35335,107.78735,171126
205.77098,108.075966,171132
205.44926,108.17994,171140
205.44926,108.17994,171240
205.44926,108.17994,171247
205.44926,108.17994,171255
205.44926,108.17994,171263
204.92929,108.17994,171270
204.33717,107.94156,171276
203.75954,107.64358,171283
203.34183,107.33392,171290
202.81969,106.94685,171298
202.29753,106.559784,171306
201.77539,106.172714,171314
201.25325,105.785645,171322
200.93996,105.553406,171329
200.80258,105.3724,171334
200.80258,105.3724,171343
200.80258,105.3724,171353
200.80258,104.852425,171360
200.33038,104.94014,171368
199.85817,105.157845,171376
199.46828,105.16582,171385
198.81844,105.1791,171392
198.16866,105.18,171401
197.519,105.17999,171408
196.86964,105.17999,171414
196.09363,105.179985,171421
195.59212,105.04265,171428
194.96523,104.870964,171436
194.47256,104.70556,171443
193.8604,104.487114,171450
193.4931,104.35604,171458
193.12764,104.21994,171464
192.51854,103.9931,171470
192.2749,103.902374,171477
191.80199,104.11852,171483
191.28415,104.07139,171489
190.76633,104.02425,171496
190.76633,104.02425,171503
190.76633,104.02425,171511
190.24649,104.02425,171517
190.24623,104.016045,171524
190.76022,104.09464,171531
191.27423,104.17324,171536
191.27423,104.17324,171613
191.27423,104.17324,171620
191.7942,104.17324,171626
191.96104,104.6919,171632
191.97948,104.95123,171639
191.97948,104.95123,171646
191.97948,104.95123,171654
192.49945,104.95123,171662
193.14722,104.999115,171669
193.79457,105.057304,171676
194.57144,105.126686,171683
195.08936,105.17294,171689
195.60551,105.17999,171695
196.12541,105.18,171702
196.64528,105.17999,171709
197.29507,105.17999,171717
197.94475,105.18,171725
198.46431,105.17999,171733
198.98334,105.17999,171740
199.37091,105.17999,171746
199.88994,105.18,171753
200.27745,105.179985,171761
200.59834,105.18076,171770
201.01015,105.49063,171778
201.41411,105.81801,171786
201.91963,106.226555,171792
202.42514,106.63512,171799
202.93065,107.04368,171807
203.33505,107.37052,171814
203.33505,107.37052,171825
203.33505,107.37052,171835
203.85503,107.37052,171843
204.63498,107.37052,171930
204.63498,107.37052,171938
204.98604,107.540375,171945
205.22008,107.6536,171952
205.55786,107.09831,171959
205.82811,106.654076,171966
206.34694,106.28471,171975
206.91028,105.96052,171983
207.36081,105.70089,171990
207.97185,105.487816,171996
208.19408,105.35288,172005
208.56985,104.9955,172013
209.02994,104.55648,172022
209.02994,104.30025,172031
209.03117,104.26923,172039
209.05434,104.172066,172047
209.40019,103.97317,172054
210.1688,103.97998,172061
210.66733,103.97998,172067
211.01003,104.00272,172074
211.3774,104.133575,172080
211.59366,104.17995,172087
211.59366,104.17995,172096
211.59366,104.17995,172103
212.11363,104.17995,172110
212.8879,104.1031,172117
213.40265,104.029724,172123
213.91759,103.95748,172130
214.56125,103.86717,172138
215.20995,103.84548,172147
215.72987,103.8396,172158
216.37979,103.831406,172166
217.02971,103.82324,172174
217.54964,103.82,172182
218.06952,103.82,172189
218.58917,103.82,172198
218.97913,103.82,172207
219.49905,103.82,172216
220.0189,103.82001,172224
220.40848,103.82001,172231
220.52823,103.82001,172239
220.66997,103.776375,172246
220.81999,103.29363,172253
220.82,102.77379,172260
220.81999,102.12387,172269
220.82,101.47403,172275
220.82,101.08434,172283
220.82,101.08434,172295
220.82,101.08434,172304
220.82,101.08434,172314
220.82,101.08434,172325
220.82,101.60401,172335
220.82,102.2533,172345
220.82,102.64253,172353
220.82,103.15996,172361
220.82002,103.4158,172369
220.80685,103.64218,172376
220.48587,103.82969,172382
219.83601,103.82,172390
219.31624,103.82001,172399
218.79642,103.82,172408
218.27646,103.82,172417
217.7565,103.82,172425
217.10655,103.82,172433
216.58661,103.82,172440
215.93672,103.82,172448
215.28719,103.82001,172458
214.89722,103.82,172467
214.37726,103.82,172477
213.8573,103.82,172485
213.33734,103.82,172493
212.68742,103.82001,172503
212.16751,103.82,172511
211.64774,103.82,172521
211.1279,103.82,172529
210.60794,103.82,172537
210.088,103.82,172544
209.4381,103.82,172553
208.78838,103.82001,172560
208.65854,103.82001,172567
208.27138,103.802666,172574
207.62723,103.715965,172580
207.10727,103.71141,172586
206.45734,103.70572,172594
205.93738,103.701164,172603
205.28743,103.69547,172611
204.6375,103.68978,172617
203.98755,103.68409,172624
203.33759,103.68257,172631
202.68762,103.68196,172639
201.90765,103.68119,172647
201.25769,103.68054,172654
200.99771,103.68029,172663
200.87274,103.716095,172670
200.29599,103.82055,172678
199.90639,103.8201,172684
199.25644,103.82,172691
198.60649,103.82001,172697
197.95654,103.82,172703
197.4366,103.82,172709
196.78671,103.82,172716
196.1371,103.82,172723
195.61713,103.82,172731
195.09717,103.82,172738
194.44722,103.82001,172746
193.79727,103.82,172752
193.27734,103.82,172760
192.75746,103.82,172767
192.23788,103.82001,172774
191.79358,104.09013,172781
191.27487,104.05399,172788
190.75615,104.017845,172794
190.75615,104.017845,172802
190.75615,104.017845,172810
190.36638,104.017845,172816
190.23639,104.017845,172823
190.75058,104.09521,172830
191.26476,104.17257,172835
191.39331,104.179985,172905
191.39331,104.179985,172911
191.83398,103.90398,172918
192.35378,103.89049,172924
193.00352,103.87362,172930
193.65327,103.85675,172936
194.30302,103.83989,172942
194.95277,103.82302,172948
195.6023,103.82,172955
195.99226,103.82,172961
196.64221,103.82,172968
197.29216,103.82,172975
197.81212,103.82001,172982
198.33206,103.82,172990
198.9819,103.82001,172998
199.37161,103.8201,173006
199.76152,103.82001,173013
200.28117,103.82001,173022
200.52194,103.82001,173029
200.64189,103.790375,173035
200.82404,103.37038,173042
200.81999,102.72088,173049
200.82,101.94151,173058
200.82,101.42265,173065
200.82,101.03596,173072
200.82,101.03596,173079
200.82,101.03596,173087
201.33998,101.03596,173094
201.52827,101.55265,173101
201.60115,102.198524,173107
201.6303,102.45687,173114
201.63885,102.976776,173121
201.64957,103.626656,173129
201.65598,104.01658,173136
201.92987,104.45857,173143
202.3407,105.12157,173151
202.63542,105.70023,173158
202.91939,106.28489,173165
203.14677,106.75251,173172
203.43102,107.33703,173180
203.58215,107.83456,173187
203.69551,108.207695,173271
203.69551,108.207695,173278
203.69551,108.207695,173286
203.18933,108.175995,173293
203.18951,107.889366,173300
203.73335,107.544754,173308
204.41599,107.16747,173317
204.87013,106.91427,173325
205.43788,106.597855,173333
205.89209,106.34472,173341
206.36441,106.127266,173348
206.9548,105.85545,173355
207.42714,105.638,173361
207.92758,105.49683,173368
208.15367,105.368484,173375
208.53859,105.01889,173384
208.9235,104.6693,173392
209.02994,104.354576,173399
209.03001,104.28965,173408
209.03574,104.236046,173414
209.16856,104.02532,173421
209.77199,103.97998,173429
210.28201,103.97998,173435
210.77351,103.97998,173442
211.25781,104.08928,173450
211.59586,104.17995,173457
211.82683,104.43293,173465
211.82,104.95252,173472
211.82,104.95252,173480
211.82,104.95252,173488
212.21008,104.95252,173496
212.85701,105.008705,173503
213.50333,105.07744,173513
213.89114,105.11846,173518
214.5375,105.17999,173526
214.79492,105.17999,173535
215.31483,105.18,173544
215.96468,105.17999,173552
216.48451,105.17999,173560
217.00429,105.17999,173569
217.65378,105.17999,173577
218.17282,105.17999,173584
218.68826,105.17999,173593
219.07803,105.17999,173602
219.72725,105.17999,173611
220.3734,105.17999,173618
220.6928,105.228355,173625
220.83148,105.49893,173634
220.82036,106.148796,173645
220.82,106.66869,173654
220.82,107.188385,173662
220.82,107.318146,173670
220.82,107.318146,173679
220.82,107.318146,173690
220.82,106.92816,173698
220.82,106.40824,173706
220.82,105.758575,173712
220.82,105.408325,173721
220.71242,105.24868,173731
220.24507,105.17924,173740
219.59615,105.18,173747
219.08054,105.17999,173754
218.58029,105.03808,173762
217.955,104.8607,173772
217.46501,104.68667,173781
216.97502,104.51264,173790
216.60754,104.38212,173801
216.24196,104.24635,173811
215.7545,104.06534,173820
215.26706,103.884315,173829
214.87717,103.87623,173838
214.3573,103.865456,173846
213.70747,103.85198,173853
213.05765,103.83851,173860
212.53778,103.82773,173869
212.01791,103.82,173877
211.49826,103.82001,173886
211.10829,103.82001,173894
210.45882,103.82,173904
209.93886,103.82,173914
209.28897,103.82,173924
208.63942,103.82,173932
208.63942,103.8201,173943
208.12358,103.78469,173950
207.60843,103.71406,173957
207.08847,103.709724,173965
206.43852,103.70431,173972
205.78857,103.69889,173978
205.13864,103.69348,173985
204.4887,103.688065,173993
203.96873,103.68373,174001
203.31877,103.68231,174010
202.66881,103.68176,174017
202.01884,103.681175,174022
201.36887,103.680595,174030
200.9789,103.680244,174038
200.85439,103.71762,174049
200.53993,103.829475,174056
199.89053,103.82001,174062
199.24059,103.82,174069
198.59064,103.82,174076
197.94069,103.82,174083
197.29076,103.82,174089
196.6409,103.82,174095
196.12126,103.8201,174101
195.6013,103.82,174107
194.95134,103.82,174113
194.43138,103.82,174119
193.78143,103.82001,174127
193.13152,103.82,174134
192.61168,103.82001,174141
192.22209,103.82001,174149
191.78073,104.09493,174157
191.39183,104.06611,174164
190.74364,104.01806,174171
190.74364,104.01806,174180
190.74364,104.01806,174188
190.22395,104.01806,174194
190.22383,104.01228,174200
190.73781,104.091,174207
191.25179,104.16972,174212
191.38028,104.179985,174286
191.38028,104.179985,174293
191.59312,104.179985,174299
191.81969,104.40551,174306
191.82,105.04771,174313
191.82,105.04771,174320
191.82,105.04771,174327
192.46997,105.04771,174334
193.11897,105.079384,174340
193.76779,105.11808,174347
194.41664,105.15624,174354
195.06541,105.18,174361
195.58203,105.1799,174368
196.2319,105.18,174375
196.88173,105.18,174383
197.53148,105.18,174391
198.0512,105.17999,174397
198.72472,105.18,174404
199.37167,105.17999,174411
199.89072,105.17999,174417
200.27821,105.17999,174424
200.59909,105.18097,174430
200.91017,105.40894,174438
201.41483,105.818535,174445
201.92036,106.227066,174453
202.32475,106.55393,174459
202.93135,107.04422,174465
203.33574,107.37108,174471
203.33574,107.37108,174479
203.33574,107.37108,174490
203.85571,107.37108,174499
204.63568,107.37108,174591
204.63568,107.37108,174597
204.98677,107.54085,174605
205.22083,107.65402,174613
205.49083,107.20965,174622
205.76083,106.765274,174630
205.96333,106.43199,174637
206.30763,106.248825,174646
206.88144,105.94356,174655
207.45526,105.63828,174663
207.8295,105.52859,174670
208.17798,105.35959,174678
208.56047,105.007355,174687
209.02992,104.567055,174696
209.02994,104.34595,174705
209.03046,104.27936,174714
209.0561,104.167755,174723
209.28587,103.97275,174732
209.92778,103.97999,174739
210.55882,103.97999,174748
211.02193,104.010315,174757
211.38995,104.13934,174762
211.60452,104.17995,174772
211.60452,104.17995,174781
212.12134,104.12279,174788
212.63817,104.06563,174795
213.2842,103.99418,174803
213.93022,103.92273,174811
214.57625,103.85128,174820
215.09619,103.845085,174829
215.61612,103.83889,174838
216.13606,103.832695,174849
216.65599,103.82649,174858
217.17593,103.8203,174866
217.69586,103.82,174875
218.21573,103.82001,174884
218.6054,103.82001,174893
218.99535,103.82,174903
219.51526,103.82001,174913
220.0351,103.82,174922
220.42462,103.82001,174932
220.54344,103.82001,174942
220.65475,103.78452,174952
220.82352,103.458206,174959
220.81999,102.93836,174967
220.82,102.28843,174974
220.82,101.63855,174984
220.82,101.118866,174994
220.8201,100.98913,175004
220.8201,100.98913,175013
220.8201,100.98913,175025
220.8201,101.5091,175036
220.81999,101.89877,175045
220.82,102.5478,175054
220.82,103.06575,175065
220.82,103.44976,175073
220.82,103.562645,175081
220.74922,103.711945,175090
220.19142,103.82001,175097
219.54158,103.82001,175105
219.15192,103.82001,175116
218.76195,103.82,175125
218.24199,103.82001,175134
217.72203,103.82,175141
217.07208,103.82,175149
216.55212,103.82001,175156
216.03221,103.82,175165
215.38254,103.82,175176
214.8628,103.82,175184
214.34283,103.82001,175193
213.69289,103.82,175200
213.17294,103.82,175209
212.653,103.82001,175218
212.1331,103.82,175227
211.61334,103.82,175235
211.09354,103.82,175243
210.44359,103.82,175252
209.79366,103.82,175260
209.27376,103.82,175269
208.75401,103.82001,175276
208.6242,103.82001,175285
208.10818,103.7825,175292
207.59302,103.71192,175300
206.94307,103.706825,175307
206.29312,103.70173,175313
205.64317,103.69663,175320
204.86324,103.69052,175327
204.21329,103.685425,175334
203.82332,103.68237,175341
203.30334,103.68198,175350
202.78337,103.68158,175358
202.1334,103.68108,175365
201.48344,103.68059,175373
200.96347,103.68019,175380
200.83939,103.718956,175387
200.3918,103.82552,175393
199.87238,103.82001,175401
199.35242,103.82,175408
198.70247,103.82,175414
198.05252,103.82,175421
197.40259,103.82,175429
196.7527,103.82,175437
196.10313,103.82,175446
195.58318,103.82,175453
194.93323,103.82,175461
194.41327,103.82,175469
193.76334,103.82001,175477
193.11343,103.82,175485
192.5936,103.82,175492
192.20404,103.82001,175500
191.76627,104.10059,175507
191.24792,104.05942,175514
190.72958,104.01824,175521
190.72958,104.01824,175528
190.72958,104.01824,175536
190.34,104.01824,175543
190.21,104.01824,175550
190.72443,104.093994,175558
191.23886,104.169754,175564
191.36746,104.179985,175636
191.36746,104.179985,175644
191.58295,104.179985,175651
191.81186,104.3834,175657
191.82,105.02159,175663
191.82,105.02159,175671
191.82,105.02159,175679
192.21008,105.02159,175687
192.85898,105.054985,175693
193.6374,105.103714,175699
194.28613,105.14384,175707
194.93486,105.17999,175714
195.45274,105.17999,175722
196.1011,105.18,175728
196.62097,105.17999,175736
197.27077,105.17999,175744
197.92044,105.18,175751
198.56985,105.17999,175759
199.08864,105.17999,175767
199.47481,105.17999,175774
199.99358,105.17999,175783
200.37965,105.17999,175792
200.5868,105.17999,175800
201.00012,105.48067,175809
201.50487,105.89015,175816
201.90918,106.217125,175823
202.41454,106.62587,175830
202.91989,107.034615,175837
203.32417,107.36161,175844
203.32417,107.36161,175853
203.32417,107.36161,175862
203.84415,107.36161,175870
204.6241,107.36161,175959
204.6241,107.36161,175966
205.20816,107.646805,175975
205.41359,107.315315,175984
205.75598,106.76284,175992
205.96141,106.43136,175998
206.30585,106.24846,176005
206.8799,105.94363,176012
207.45395,105.638794,176020
207.9529,105.49246,176028
208.17671,105.36016,176038
208.55931,105.00804,176048
209.02992,104.567894,176057
209.02994,104.30437,176067
209.0305,104.27863,176075
209.05759,104.16425,176083
209.29727,103.97054,176091
209.8113,103.97998,176099
210.4461,103.97998,176107
210.9198,103.97998,176114
211.39989,104.144135,176121
211.6153,104.18327,176131
211.6153,104.18327,176139
212.13205,104.12544,176148
212.64879,104.06761,176156
213.16554,104.00977,176162
213.81148,103.937485,176169
214.45741,103.8652,176177
214.84497,103.82182,176183
215.36494,103.82,176191
216.0149,103.82,176198
216.53485,103.82001,176206
217.18478,103.82,176212
217.83469,103.82,176217
218.61423,103.82001,176224
219.26414,103.82,176231
219.914,103.82,176238
220.43346,103.8201,176244
220.55168,103.820045,176252
220.73088,103.73228,176262
220.82278,103.28942,176270
220.82,102.76947,176279
220.82,102.24953,176287
220.81999,101.72962,176296
220.82,101.20986,176305
220.82,101.080025,176318
220.82,101.080025,176329
220.82,101.080025,176340
220.82,101.47,176349
220.81999,101.98964,176357
220.82,102.63853,176367
220.82,103.284485,176376
220.8087,103.63828,176387
220.49574,103.83107,176394
219.8459,103.82,176403
219.32611,103.82,176410
218.67628,103.82,176420
218.02634,103.82001,176430
217.50638,103.82,176439
217.11641,103.82,176447
216.59647,103.82,176455
216.07655,103.82,176464
215.55675,103.82,176473
215.29703,103.82001,176482
214.90706,103.82,176489
214.3871,103.82001,176494
213.73715,103.82,176501
213.0872,103.82,176509
212.4373,103.82,176516
211.78749,103.82,176523
211.39796,103.82001,176530
210.87799,103.82,176538
210.22832,103.82,176544
209.5784,103.82,176551
209.05853,103.82,176559
208.66885,103.8201,176568
208.42914,103.82003,176576
208.19981,103.64518,176586
208.0241,103.01942,176593
208.01488,102.62954,176602
208.00566,102.23967,176612
208.00566,102.23967,176683
208.00566,102.23967,176689
207.48569,102.23967,176696
207.4806,101.944534,176702
207.74564,102.3919,176709
207.997,102.98965,176716
208.17996,103.475555,176815
208.17996,103.475555,176893
208.17996,103.475555,176902
208.17996,103.475555,176911
207.65999,103.475555,176918
207.29869,103.94125,176925
206.99646,104.51663,176932
206.69124,105.09047,176939
206.44711,105.549576,176945
206.203,106.00868,176952
205.99532,106.48538,176959
205.68378,107.200424,176966
205.52802,107.557945,177047
205.52802,107.557945,177055
205.52802,107.557945,177062
205.00804,107.557945,177070
205.2087,107.95926,177079
205.28008,108.18909,177086
205.1761,108.6211,177094
205.18001,109.1408,177104
205.18,109.790184,177113
205.18,110.43885,177122
205.18,110.9553,177130
205.18,111.3452,177138
205.18,111.99497,177146
205.18001,112.644646,177152
205.18,113.29415,177161
205.18,113.68374,177169
205.18,114.332306,177176
205.18,114.97485,177183
205.18,115.49442,177190
205.18,116.01368,177196
205.18,116.66117,177205
205.18,117.04408,177213
205.18,117.04408,177221
205.18,117.04408,177231
205.18,117.04408,177241
204.80235,117.14143,177249
204.36024,117.19624,177256
204.19022,117.37822,177264
204.18,118.02037,177272
204.18,118.53839,177280
204.18,118.7958,177290
204.18,119.312546,177297
204.1922,119.63083,177306
204.1922,119.63083,177315
204.1922,119.63083,177325
204.1922,120.02081,177332
203.9218,120.43182,177340
203.76575,120.698746,177347
203.76575,120.698746,177449
203.76575,120.698746,177459
203.76575,120.698746,177470
203.76575,121.21872,177479
203.61105,120.99073,177487
203.27426,121.38689,177494
202.93745,121.783035,177501
202.76906,121.98112,177509
202.61952,122.341286,177518
202.37032,122.94158,177527
202.30338,123.45124,177535
202.26918,124.23045,177623
202.26918,124.23045,177632
202.26918,124.23045,177642
201.7492,124.23045,177649
201.98988,124.35166,177658
202.07364,124.732544,177666
202.17998,125.36691,177673
202.21188,125.66619,177684
202.50034,125.92117,177692
203.012,126.322014,177701
203.31898,126.562515,177711
203.31898,126.562515,177720
203.31898,126.562515,177729
203.31898,126.9525,177739
203.82037,126.94473,177746
204.19641,126.841415,177753
204.71591,126.82,177761
205.36424,126.82001,177767
205.48817,126.82001,177775
205.59439,126.82001,177783
205.87009,126.571106,177790
206.29816,126.08201,177797
206.38377,125.984184,177804
206.38377,125.984184,177812
206.56345,125.81469,177820
206.78133,125.67455,177827
206.82,125.05149,177833
206.82,124.66497,177840
206.94997,124.67071,177848
207.32541,124.56523,177856
207.85521,124.20352,177864
208.15869,123.95861,177873
208.54799,123.935745,177882
209.06708,123.90526,177893
209.71515,123.86716,177901
210.75319,123.8201,178004
211.01163,123.82001,178012
210.6217,123.82,178020
209.97212,123.82,178030
209.32248,123.82001,178041
208.80333,123.82,178048
208.2631,123.71735,178056
207.8818,123.363815,178064
207.50052,123.01028,178073
207.14766,122.62836,178081
206.70659,122.15095,178090
206.35373,121.76903,178099
205.91267,121.29162,178109
205.64803,121.00517,178120
205.46811,120.818474,178128
205.09714,120.5392,178136
204.67079,120.0486,178144
204.40213,119.810585,178151
204.17223,119.56163,178159
204.17998,119.30493,178166
204.18001,118.78529,178174
204.18001,118.26604,178181
204.17998,117.62074,178188
204.0911,117.10842,178194
203.98,116.46802,178201
203.86888,115.827614,178208
203.82,115.443375,178215
203.82,115.053444,178222
203.82,114.403595,178231
203.82,113.753815,178240
203.81999,113.23404,178248
203.82,112.58454,178256
203.82,111.935974,178263
203.82,111.55011,178271
203.82,111.03025,178280
203.81999,110.51046,178289
203.82,109.99076,178297
203.82,109.34152,178305
203.82,108.82354,178313
203.77391,108.31428,178320
203.39355,108.17481,178325
202.61404,108.17999,178332
201.83475,108.17999,178339
201.18684,108.18,178345
201.05812,108.1799,178412
201.05812,108.1799,178418
201.05812,108.1799,178500
201.05812,108.1799,178508
201.70808,108.1799,178515
202.35762,108.17999,178522
202.87653,108.17999,178530
203.26352,108.17999,178539
203.58751,108.17999,178547
203.58751,108.17999,178633
203.58751,108.17999,178644
203.58751,108.17999,178655
203.19753,108.17999,178662
202.77467,107.97735,178668
202.41736,107.59959,178676
201.97073,107.12738,178684
201.58478,106.60587,178692
201.28793,106.17896,178698
200.91678,105.645386,178704
200.79675,105.346634,178710
200.79675,105.346634,178791
200.79675,105.346634,178798
200.79675,105.346634,178806
200.79675,105.346634,178812
200.82393,105.72303,178818
200.82,106.502335,178825
200.82,106.89385,178834
200.82002,107.280594,178840
200.82,107.79879,178848
200.82002,108.05526,178924
200.82002,108.05526,178931
200.82002,108.05526,179009
200.82002,108.05526,179015
201.46999,108.05526,179022
202.24695,108.11763,179029
203.02333,108.17999,179036
203.28069,108.17999,179042
203.60144,108.18162,179049
203.60144,108.18162,179132
203.60144,108.18162,179139
203.60144,108.18162,179147
203.08209,108.17728,179154
202.70021,107.948784,179160
202.35155,107.56303,179166
201.91573,107.08082,179173
201.46202,106.44763,179181
201.0954,105.910934,179188
200.87541,105.58892,179196
200.81671,105.39314,179203
200.5665,105.173035,179210
199.92052,105.17999,179217
199.92052,105.17999,179223
199.92052,105.17999,179230
200.3105,105.17999,179236
200.5705,105.17999,179243
200.88936,105.507904,179251
201.22482,106.06461,179258
201.56027,106.62133,179263
201.91089,107.00531,179269
202.43681,107.58128,179276
202.88109,107.85146,179283
203.32535,108.121635,179292
203.63586,108.194435,179302
203.83263,108.476036,179309
203.81999,109.12555,179318
203.82,109.64529,179327
203.81999,110.29467,179336
203.82,110.94252,179346
203.81999,111.59109,179354
203.81999,112.24092,179361
203.82,112.89069,179367
203.81999,113.540344,179374
203.82,114.05986,179383
203.82,114.7081,179391
203.905,115.35012,179398
203.98845,115.86335,179405
204.0714,116.37666,179413
204.17508,117.01831,179422
204.15846,117.5214,179432
204.18,118.17039,179441
204.18,118.687416,179451
204.18,119.33205,179460
204.20012,119.647575,179469
204.40489,119.81943,179478
205.04745,119.820015,179487
205.04745,119.820015,179499
205.04745,119.820015,179509
205.04745,120.20999,179517
205.19289,120.632545,179526
205.36363,120.803246,179535
205.87253,120.82157,179543
206.52213,120.82,179550
207.1699,120.82001,179558
207.1699,120.82001,179571
207.1699,120.82001,179583
207.1699,121.33998,179589
207.54753,121.82742,179598
207.73634,122.00615,179610
207.91913,122.35064,179619
208.10191,122.69514,179629
208.14394,123.08285,179637
208.17195,123.34132,179739
208.17195,123.34132,179846
208.17195,123.34132,179854
208.17195,123.34132,179863
208.17195,123.7313,179872
208.6913,123.835884,179881
209.21104,123.82156,179888
209.85995,123.82,179897
210.8983,123.82001,179991
210.8983,123.82001,179999
210.8983,123.82001,180006
211.41827,123.82001,180013
211.69498,124.181335,180020
211.82524,124.603714,180030
211.82,124.99327,180041
211.82,124.99327,180050
211.82,124.99327,180059
211.82,124.99327,180066
211.8201,124.73351,180074
211.82004,124.50062,180085
211.73422,124.26905,180094
211.43065,124.17543,180102
211.10248,124.095795,180111
210.60733,123.97997,180121
210.10724,123.97997,180128
209.56757,123.97998,180135
208.98892,123.88864,180143
208.60501,123.820145,180151
208.18044,124.12032,180162
207.862,124.34546,180171
207.862,124.34546,180179
207.6935,123.853546,180187
207.525,123.36163,180198
207.44073,123.11568,180207
207.18703,122.8195,180216
206.76419,122.325874,180223
206.34135,121.83225,180234
206.00308,121.437355,180243
205.66481,121.04245,180253
205.39642,120.810165,180259
205.11943,120.56604,180266
204.69345,120.075134,180276
204.42802,119.81356,180286
204.18774,119.615364,180294
204.18,119.23846,180304
204.18001,118.71885,180311
204.18,118.070076,180319
204.18,117.683,180327
204.11496,117.298485,180334
204.00655,116.657616,180341
203.91983,116.14493,180347
203.82002,115.50406,180356
203.81999,114.98416,180363
203.81999,114.33432,180372
203.82,113.814476,180379
203.81999,113.29471,180386
203.82,112.64517,180393
203.82,111.99643,180399
203.82002,111.609535,180407
203.82,111.219635,180414
203.82,110.56988,180421
203.82,109.920265,180430
203.82,109.40087,180439
203.82,108.75366,180446
203.7928,108.3446,180454
203.59425,108.18023,180461
202.94666,108.18,180468
202.16718,108.18,180475
201.51817,108.18,180482
201.0018,108.17999,180488
201.0018,108.17999,180560
201.0018,108.17999,180565
201.0018,108.17999,180642
201.0018,108.17999,180650
201.52177,108.17999,180658
202.1714,108.17999,180665
202.82028,108.17999,180672
203.33554,108.17999,180678
203.65045,108.201645,180685
203.65045,108.201645,180769
203.65045,108.201645,180780
203.65045,108.201645,180791
203.14304,108.178566,180800
202.73962,107.90196,180807
202.46675,107.623344,180812
201.92102,107.06611,180819
201.46136,106.43796,180827
201.0926,105.902725,180833
200.87134,105.58159,180841
200.81416,105.38548,180849
200.81416,105.38548,180930
200.81416,105.38548,180937
200.81416,105.38548,180945
200.81416,105.38548,180952
200.82437,105.90268,180959
200.82,106.55205,180966
200.82,107.070274,180973
200.82,107.717674,180980
200.82,107.97533,181055
200.82,107.97533,181061
200.82,107.97533,181136
200.82,107.97533,181143
201.34007,107.97533,181150
201.98628,108.02929,181157
202.63019,108.117935,181164
203.14532,108.179985,181170
203.59492,108.179985,181176
203.59492,108.179985,181283
203.59492,108.179985,181289
203.59492,108.179985,181296
203.07495,108.179985,181304
202.77994,107.97908,181313
202.42201,107.60191,181320
201.9746,107.13045,181326
201.58824,106.60926,181333
201.14258,105.96916,181339
200.91965,105.64918,181345
200.79875,105.350334,181352
200.59216,105.17965,181358
199.94797,105.17999,181364
199.94797,105.17999,181372
199.94797,105.17999,181380
200.46794,105.17999,181387
200.59793,105.17999,181395
200.91272,105.54078,181403
201.18018,105.98669,181411
201.5145,106.54408,181419
201.9339,107.03779,181427
202.28642,107.42001,181435
202.81401,107.7935,181443
203.36334,108.14093,181451
203.56984,108.17995,181459
203.76094,108.29944,181466
203.82,108.90317,181473
203.82,109.42287,181480
203.82,110.072395,181488
203.82,110.721146,181497
203.82,111.10808,181505
203.81999,111.62798,181514
203.81999,112.14786,181523
203.82,112.667694,181530
203.82,113.317406,181538
203.82,113.966896,181548
203.82,114.48595,181556
203.82,115.00152,181564
203.88673,115.38575,181571
203.99794,116.02613,181581
204.0869,116.53844,181590
204.17587,117.05074,181599
204.16702,117.55713,181606
204.18001,118.20617,181614
204.18,118.72264,181621
204.18,119.23823,181628
204.18,119.57637,181635
204.36786,119.80519,181643
205.00273,119.82001,181651
205.00273,119.82001,181660
205.00273,119.82001,181668
205.00273,120.33998,181675
205.20456,120.62408,181683
205.47086,120.83204,181691
205.9906,120.82,181699
206.6401,120.82001,181706
207.15816,120.82001,181714
207.15816,120.82001,181726
207.15816,120.82001,181737
207.15816,121.33998,181746
207.40782,121.41252,181756
207.6243,121.7369,181766
207.76862,121.953156,181776
207.98802,122.42457,181784
208.09773,122.66028,181793
208.13992,123.047966,181801
208.16805,123.30643,181897
208.16805,123.30643,182000
208.16805,123.30643,182009
208.16805,123.30643,182020
208.16805,123.69641,182030
208.68416,123.82643,182039
209.20404,123.82,182047
209.72305,123.82001,182054
210.89381,123.82001,182156
210.89381,123.82001,182167
210.89381,123.82001,182178
211.28378,123.82001,182186
211.69809,124.246086,182194
211.82146,124.66251,182201
211.8201,124.922264,182209
211.8201,124.922264,182221
211.8201,124.922264,182232
211.8201,124.922264,182241
211.82002,124.450806,182248
211.65442,124.206635,182255
211.13026,124.13922,182263
210.72493,123.97997,182269
210.22113,123.97998,182276
209.64796,123.97998,182283
209.0491,123.89322,182290
208.66458,123.828156,182297
208.12088,124.1843,182305
208.25075,123.947075,182313
208.00084,123.6477,182321
207.66763,123.24852,182330
207.32228,122.85991,182338
206.88606,122.37807,182346
206.53717,121.99251,182353
206.1883,121.60696,182360
205.66496,121.02862,182367
205.39156,120.81101,182375
205.03023,120.46307,182384
204.60419,119.97221,182391
204.42339,119.81301,182398
204.1842,119.60575,182405
204.18,119.22711,182412
204.18,118.707504,182419
204.18,118.05876,182425
204.18,117.67183,182437
204.19846,117.35566,182445
204.29591,116.8449,182453
204.39336,116.33414,182460
204.49443,115.69217,182466
204.5907,115.04937,182473
204.66779,114.53514,182483
204.7256,114.14947,182488
204.82343,113.63878,182497
204.94572,113.00042,182505
205.04356,112.48974,182515
205.16585,111.85138,182524
205.17998,111.59675,182532
205.18,111.07698,182541
205.18001,110.55732,182549
205.18,109.90799,182558
205.18,109.38906,182566
205.18,108.87215,182574
205.21394,108.3306,182580
205.35757,107.96803,182586
205.508,107.60823,182593
205.7587,107.00856,182599
205.95926,106.52882,182606
206.18869,106.0622,182613
206.47548,105.47893,182621
206.76227,104.89565,182630
207.22113,103.96242,182709
207.22113,103.96242,182717
207.48155,103.512344,182724
207.80705,102.94976,182732
207.93645,102.312805,182740
207.96234,102.18542,182825
207.96234,102.18542,182832
207.95148,102.445175,182839
208.07751,102.949646,182847
208.17998,103.45411,182853
208.17998,103.45411,182941
208.17998,103.45411,182949
208.17998,103.45411,182959
208.17998,103.97408,182968
208.56705,104.056564,182976
209.08427,104.00358,182983
209.7304,103.94138,182991
210.37738,103.879135,183002
210.89496,103.82934,183012
210.89496,103.82934,183023
210.89496,103.82934,183032
211.28494,103.82934,183040
211.47536,103.94444,183048
211.62624,104.156166,183057
211.83212,104.479614,183066
211.82,104.999054,183074
211.82,104.999054,183080
211.82,104.999054,183087
211.82,104.999054,183094
211.82,104.60949,183103
211.81792,104.38742,183112
211.50731,104.16724,183120
211.14133,104.16699,183126
210.7883,103.97551,183132
210.0305,103.97998,183140
209.58183,103.97998,183147
209.32503,103.97998,183154
208.96005,104.30483,183160
208.61745,104.85718,183168
208.39014,105.1735,183176
208.13573,105.54809,183183
207.89902,106.15341,183191
207.70824,106.637115,183199
207.46974,107.24175,183206
207.1198,107.41386,183215
206.53654,107.7007,183221
205.95331,107.98755,183229
205.72,108.10228,183235
205.41302,108.17995,183241
205.41302,108.17995,183330
205.41302,108.17995,183336
205.41302,108.17995,183344
205.933,108.17995,183351
206.64229,107.88519,183358
207.10571,107.64938,183366
207.33482,107.18261,183375
207.62122,106.59914,183382
207.90761,106.01566,183389
208.07945,105.66559,183398
208.17995,105.45322,183408
208.47693,105.07773,183416
208.95715,104.639725,183422
209.02994,104.29871,183429
209.05183,104.178535,183437
209.37755,103.96865,183444
210.01918,103.97999,183450
210.52368,103.97999,183456
210.98979,103.99215,183463
211.35654,104.12475,183471
211.57544,104.17995,183479
211.94836,104.29405,183487
212.44559,104.44618,183494
213.06711,104.63635,183502
213.56433,104.78848,183511
214.06155,104.94062,183517
214.68307,105.13078,183526
215.19734,105.17173,183535
215.71725,105.18,183542
216.2371,105.18,183549
216.88683,105.17999,183555
217.4065,105.18,183562
218.0556,105.18,183569
218.57281,105.1799,183576
219.09251,105.17999,183584
219.61194,105.17999,183592
220.13036,105.17999,183601
220.59383,105.17999,183610
220.83131,105.5041,183619
220.82101,106.02395,183628
220.82,106.54385,183636
220.82,107.06363,183644
220.82,107.32326,183653
220.82,107.32326,183666
220.82,107.32326,183676
220.82,106.80328,183685
220.82,106.28337,183692
220.82,105.63389,183701
220.82,105.41246,183709
220.71889,105.25479,183717
220.12828,105.17999,183725
219.60919,105.17999,183731
219.09332,105.17999,183741
218.59276,105.03921,183750
218.09221,104.89843,183759
217.84193,104.82803,183768
217.3527,104.65187,183777
216.74118,104.43166,183783
216.13156,104.20625,183789
215.64424,104.02488,183796
215.27875,103.88886,183805
214.88887,103.88036,183813
214.23906,103.8662,183822
213.71921,103.85488,183830
213.06938,103.84072,183839
212.54955,103.8294,183846
211.76979,103.82001,183851
211.51003,103.82001,183857
210.99005,103.82,183864
210.3405,103.82,183871
209.69058,103.82,183878
209.1707,103.82,183884
209.21231,104.01103,183890
208.7083,103.88323,183898
208.06735,103.77912,183905
207.5524,103.706955,183912
207.03244,103.703476,183918
206.38249,103.699135,183925
205.73253,103.694786,183931
205.08258,103.69044,183938
204.43263,103.6861,183947
203.91267,103.68262,183955
203.2627,103.68153,183962
202.74272,103.681244,183968
202.09276,103.68084,183974
201.4428,103.68044,183980
200.92282,103.68013,183989
200.80011,103.72303,183996
200.34816,103.82104,184003
199.9585,103.82001,184011
199.43852,103.82,184019
198.78857,103.82,184026
198.26862,103.82,184034
197.61867,103.82001,184041
197.09874,103.82,184049
196.44891,103.82,184054
196.05933,103.82001,184061
195.53937,103.82,184069
194.88942,103.82,184075
194.23947,103.82001,184082
193.58954,103.82001,184089
192.93965,103.82,184095
192.29005,103.82,184101
191.83699,104.07526,184107
191.44763,104.05334,184114
190.79869,104.016815,184120
190.79869,104.016815,184127
190.79869,104.016815,184136
190.40952,104.016815,184143
190.27937,104.01058,184149
190.79274,104.09324,184157
191.30609,104.175896,184163
191.30609,104.175896,184232
191.30609,104.175896,184238
191.82607,104.175896,184244
191.86183,104.68726,184250
191.82002,104.94294,184256
191.82002,104.94294,184262
191.88737,105.05412,184270
192.40678,105.078545,184278
193.05603,105.10908,184287
193.57542,105.1335,184293
194.22469,105.16403,184299
194.87387,105.17999,184305
195.52094,105.17999,184311
196.03862,105.18,184317
196.8184,105.18,184323
197.46815,105.18,184330
198.11778,105.18,184336
198.76701,105.18,184342
199.28494,105.17999,184349
199.93237,105.17999,184356
200.31943,105.17999,184363
200.63686,105.19487,184370
201.04161,105.521286,184377
201.54755,105.929306,184385
201.9523,106.25572,184392
202.45824,106.66374,184400
202.86299,106.99016,184407
203.36894,107.39818,184413
203.36894,107.39818,184423
203.36894,107.39818,184432
203.88892,107.39818,184438
204.66887,107.39818,184521
204.66887,107.39818,184528
205.1396,107.61906,184535
205.516,107.223236,184542
205.8394,106.65943,184550
206.35442,106.286705,184558
206.91655,105.96044,184566
207.47852,105.63385,184575
207.97705,105.48608,184584
208.19893,105.35057,184593
208.47568,105.07905,184600
208.95584,104.64099,184609
209.02994,104.29916,184618
209.04091,104.2129,184627
209.25064,103.98259,184636
209.88683,103.97998,184644
210.39476,103.97998,184653
210.87538,103.97998,184661
211.35225,104.12304,184668
211.6796,104.216896,184677
211.6796,104.216896,184687
211.6796,104.216896,184697
212.06958,104.216896,184707
212.71378,104.139656,184715
213.35687,104.045364,184724
213.87141,103.97036,184732
214.38594,103.89535,184741
214.77184,103.83909,184752
215.1618,103.83537,184761
215.68176,103.83043,184770
216.2017,103.82548,184779
216.72166,103.82053,184785
217.3716,103.82001,184793
217.63202,103.82001,184801
218.1519,103.82,184810
218.67142,103.8201,184818
219.19136,103.82,184826
219.84122,103.82,184833
220.36081,103.82001,184839
220.48276,103.82001,184847
220.52458,103.819534,184856
220.71387,103.746735,184865
220.81999,103.320076,184874
220.82,102.800125,184884
220.82,102.28018,184893
220.82,101.89025,184901
220.82,101.2405,184911
220.82,101.11064,184922
220.82,101.11064,184931
220.82,101.11064,184943
220.82,101.630615,184953
220.82,102.15019,184962
220.82,102.669205,184971
220.82,103.18645,184980
220.82002,103.44174,184991
220.79294,103.66696,185002
220.55905,103.828316,185011
220.03914,103.82,185019
219.51927,103.82,185028
219.12964,103.82,185037
218.73967,103.82,185046
218.21971,103.82,185054
217.56976,103.82,185061
216.91982,103.82,185068
216.39989,103.82,185074
215.75003,103.82001,185081
215.23056,103.82001,185090
214.7106,103.82001,185098
214.19064,103.82,185109
213.5407,103.82,185117
212.89076,103.82,185125
212.37083,103.82,185134
211.72104,103.82,185140
211.46132,103.82001,185150
210.94136,103.82,185158
210.4214,103.82001,185165
209.77147,103.82001,185172
208.99167,103.82001,185180
208.60208,103.82001,185189
208.60208,103.82001,185199
208.08597,103.771324,185206
207.57007,103.70642,185213
207.18008,103.70387,185219
206.53014,103.69963,185226
205.7502,103.69454,185233
205.10023,103.6903,185240
204.3203,103.68521,185247
203.80032,103.68182,185256
203.28035,103.68151,185263
202.76038,103.681206,185271
202.11041,103.680824,185277
201.59044,103.68052,185283
200.94048,103.68014,185290
200.81712,103.721146,185299
200.49684,103.82872,185307
199.97725,103.8201,185313
199.45729,103.82,185320
198.80734,103.82,185326
198.1574,103.82,185333
197.63744,103.82001,185341
197.11752,103.82,185348
196.46768,103.82,185356
196.07806,103.82001,185362
195.6881,103.82,185368
195.03815,103.82001,185373
194.3882,103.82,185379
193.73825,103.82001,185385
193.08836,103.82,185390
192.43861,103.82,185396
191.85294,104.07019,185402
191.33366,104.04325,185408
190.81438,104.01631,185414
190.81438,104.01631,185421
190.81438,104.01631,185429
190.2951,104.01631,185435
190.29495,104.00999,185443
190.67982,104.07288,185451
191.193,104.15675,185457
191.32129,104.17771,185530
191.32129,104.17771,185538
191.54465,104.179955,185545
191.76488,104.302765,185551
191.82,104.909935,185557
191.82,105.03783,185564
191.82,105.03783,185570
192.33932,105.06394,185576
193.1183,105.10312,185578
193.89728,105.142296,185584
194.54643,105.174934,185590
195.3246,105.17999,185596
195.58217,105.17999,185602
196.10208,105.17999,185609
196.88187,105.18,185616
197.66151,105.17999,185622
198.18747,105.1799,185629
198.83661,105.18,185635
199.48186,105.18,185641
200.1299,105.18,185647
200.58398,105.18,185652
200.99751,105.478264,185655
201.90524,106.21633,185657
202.81589,106.95084,185659
203.32135,107.35945,185661
203.32135,107.35945,185665
203.32135,107.35945,185672
203.97131,107.35945,185680
204.62128,107.35945,185746
204.62128,107.35945,185751
205.08835,107.58797,185757
205.47995,107.20369,185763
205.8235,106.65194,185769
206.34387,106.28395,185775
207.02042,105.89584,185781
207.47131,105.63688,185786
207.96968,105.48854,185792
208.19206,105.35384,185797
208.56902,104.9972,185803
209.02994,104.557816,185809
209.02994,104.27302,185816
209.06406,104.150116,185823
209.46623,103.97998,185830
209.97887,103.97998,185837
210.60779,103.97998,185845
211.05785,104.04242,185851
211.42972,104.15989,185856
211.64711,104.196686,185861
211.64711,104.196686,185867
212.16357,104.13631,185872
212.93825,104.04573,185879
213.58382,103.970245,185885
214.22939,103.89477,185891
214.74585,103.83439,185897
215.13582,103.83115,185904
215.78577,103.82574,185913
216.30571,103.82141,185920
216.95566,103.82,185928
217.4756,103.82001,185935
218.12546,103.82,185941
218.64502,103.82001,185948
219.16495,103.82,185955
219.81482,103.82001,185962
220.33446,103.82001,185971
220.57382,103.82001,185979
220.77599,103.68158,185988
220.81999,103.19194,185996
220.81999,102.542015,186003
220.82,101.89211,186009
220.81999,101.24236,186016
220.82,101.1125,186023
220.82,101.1125,186031
220.82,101.1125,186038
220.82,101.63248,186044
220.82,102.28186,186051
220.82,103.05934,186058
220.82,103.44353,186065
220.82,103.55689,186071
220.60081,103.81795,186077
219.9522,103.82,186082
219.30247,103.82,186087
218.65266,103.82,186091
217.87273,103.82,186096
217.35277,103.82001,186100
216.57285,103.82,186105
215.79301,103.82001,186109
215.27347,103.82001,186113
214.7535,103.82,186117
213.97356,103.82001,186121
213.19362,103.82,186125
212.54372,103.82001,186129
211.76392,103.82,186134
211.50415,103.8201,186140
210.98419,103.82,186146
210.2047,103.82,186152
209.42482,103.82,186159
208.7751,103.82,186166
208.5231,103.8201,186174
208.31297,103.77227,186181
208.04086,103.08131,186188
208.0027,102.436134,186194
208.00189,102.306145,186201
208.00189,102.306145,186260
208.00189,102.306145,186265
207.35193,102.306145,186271
207.45898,101.996475,186277
207.81883,102.537735,186283
208.00616,103.02279,186289
208.14667,103.38658,186330
208.14667,103.38658,186340
208.14667,103.38658,186341
208.14667,103.38658,186343
207.6267,103.38658,186345
206.95128,104.017685,186348
206.6529,104.87416,186351
206.29999,105.71288,186355
206.19986,105.95282,186361
205.99832,106.432144,186367
205.74638,107.031296,186373
205.54485,107.51063,186457
205.54485,107.51063,186463
205.54485,107.51063,186470
205.02487,107.51063,186475
205.20616,107.92713,186481
205.27597,108.161,186488
205.17654,108.59635,186494
205.18,109.2458,186500
205.18,109.895065,186505
205.18,110.67285,186510
205.18,111.05844,186515
205.18,111.5783,186520
205.18,112.0981,186524
205.18001,112.747734,186528
205.18,113.52701,186533
205.18,114.30539,186538
205.18,114.948715,186543
205.18,114.948715,186549
205.18,114.948715,186555
205.18,115.3387,186562
204.97466,115.9464,186568
204.76967,116.42427,186574
204.51358,117.02166,186581
204.35747,117.211105,186587
204.17012,117.518814,186593
204.18,118.29763,186600
204.17998,118.81319,186606
204.18,119.3297,186612
204.19911,119.645615,186619
204.19911,119.645615,186626
204.0361,119.99989,186633
203.87311,120.35417,186640
203.80043,120.64307,186646
203.41205,120.96524,186653
202.35007,121.71492,186716
202.35007,121.71492,186724
202.47313,121.94394,186732
202.01683,122.19326,186740
201.56053,122.44258,186747
201.10423,122.69191,186754
200.87384,123.299675,186763
200.81306,123.6203,186771
200.81306,123.6203,186851
200.81306,123.6203,186858
200.81306,123.6203,186867
201.20305,123.6203,186874
201.55247,124.091705,186881
201.8309,124.67901,186888
202.11037,125.26583,186895
202.2185,125.67611,186902
202.59152,125.82251,186908
203.23814,125.82001,186916
203.23814,125.82001,186924
203.23814,125.82001,186933
203.23814,126.20999,186939
203.3354,126.55624,186946
203.71733,126.63503,186955
204.22658,126.74009,186963
204.55759,126.823715,186970
205.20659,126.82,186978
205.33598,126.8201,186987
205.33598,126.8201,186996
205.4608,126.82002,187005
205.67793,126.78436,187014
205.8317,126.52167,187021
205.82,126.00222,187029
205.82,126.00222,187037
205.82,126.00222,187045
206.21008,126.00222,187051
206.62119,125.81198,187058
206.83127,125.539276,187064
206.82,124.891335,187071
206.94887,124.65185,187079
207.45267,124.52317,187087
207.85841,124.198,187094
208.16273,123.95412,187102
208.55208,123.9318,187110
209.20097,123.8946,187118
209.84908,123.85741,187124
210.89294,123.82001,187196
210.89294,123.82001,187202
210.89294,123.82001,187208
211.41292,123.82001,187213
211.69229,124.18024,187219
211.82,124.729294,187227
211.8201,124.72933,187237
211.82004,124.49691,187243
211.6518,124.20519,187249
211.09839,124.09072,187255
210.59888,123.97997,187262
210.09918,123.97997,187269
209.49724,123.97997,187275
208.9854,123.88836,187280
208.60152,123.820015,187285
208.19531,123.66608,187287
207.62732,123.13155,187294
207.18027,122.6601,187301
206.7389,122.182976,187308
206.29733,121.70603,187316
205.76746,121.1337,187323
205.40417,120.81224,187330
205.04156,120.474236,187337
204.61487,119.98394,187345
204.4354,119.8145,187353
204.19409,119.63043,187359
204.18,119.25686,187368
204.18001,118.737236,187378
204.18,118.21804,187385
204.18,117.701126,187393
204.09381,117.18833,187404
204.00772,116.67553,187411
203.9001,116.03453,187418
203.83554,115.64993,187425
203.82,114.87182,187432
203.81999,114.22198,187440
203.81999,113.57222,187447
203.82,112.92259,187453
203.81999,112.14366,187458
203.82,111.62692,187465
203.82,111.237015,187472
203.82,110.457344,187478
203.82,109.93767,187486
203.82,109.28849,187492
203.82,108.642746,187499
203.79956,108.35745,187505
203.50186,108.16737,187512
202.85234,108.17999,187519
202.33264,108.18,187526
201.6834,108.18,187535
201.03682,108.179985,187543
201.03682,108.179985,187613
201.03682,108.179985,187619
201.03682,108.179985,187697
201.03682,108.179985,187704
201.5568,108.179985,187711
202.20639,108.17999,187717
202.85521,108.17999,187724
203.24245,108.17999,187732
203.57172,108.17999,187740
203.57172,108.17999,187821
203.57172,108.17999,187827
203.57172,108.17999,187835
203.05174,108.17999,187844
202.76364,107.97361,187853
202.49663,107.68937,187861
202.05162,107.21563,187868
201.87363,107.02613,187875
201.57735,106.59882,187882
201.207,106.06469,187889
200.91072,105.63738,187895
200.82005,105.437546,187902
200.82005,105.437546,187983
200.82005,105.437546,187989
200.82005,105.437546,187996
200.82005,105.437546,188003
201.21004,105.437546,188011
201.73001,105.437546,188018
202.12,105.437546,188107
202.37425,105.49182,188113
202.63,105.94455,188120
202.94969,106.51046,188128
203.20544,106.963196,188135
203.39726,107.302734,188144
203.51768,107.67366,188152
203.67825,108.16822,188236
203.67825,108.16822,188245
203.67825,108.16822,188254
203.67825,108.16822,188261
203.15828,108.16822,188267
202.74599,107.899155,188274
202.38057,107.52923,188282
201.92381,107.066826,188290
201.5372,106.54633,188299
201.16806,106.01135,188307
200.87274,105.58338,188315
200.81483,105.38741,188325
200.55286,105.17054,188333
200.42326,105.17999,188339
199.90714,105.17999,188346
199.38722,105.17999,188354
198.86736,105.18,188362
198.21758,105.17999,188369
197.56792,105.17999,188377
197.04836,105.18,188385
196.39986,105.179985,188393
196.14185,105.17999,188401
195.6393,105.046555,188408
195.0111,104.87976,188415
194.51768,104.71665,188420
193.78215,104.45716,188427
193.53699,104.37066,188434
193.17139,104.23492,188441
192.56206,104.00868,188448
192.19647,103.87294,188456
191.74336,104.12802,188464
191.22612,104.07476,188472
190.70888,104.02151,188480
190.70888,104.02151,188487
190.70888,104.02151,188495
190.18944,104.02151,188503
190.18929,104.01517,188511
190.7037,104.090935,188517
191.21814,104.1667,188522
191.34674,104.179985,188605
191.34674,104.179985,188614
191.56613,104.179985,188623
191.79463,104.347084,188631
191.82,104.97558,188638
191.82,104.97558,188648
191.89316,105.08304,188657
192.41272,105.1037,188665
193.06218,105.129524,188673
193.58174,105.150185,188680
194.23119,105.17601,188688
194.75067,105.18,188694
195.39867,105.18,188701
196.04738,105.17999,188709
196.69722,105.18,188717
197.21706,105.18,188723
197.86676,105.17999,188730
198.5162,105.17999,188737
199.16455,105.18,188745
199.42212,105.1799,188754
199.94101,105.18,188762
200.32794,105.17999,188771
200.64415,105.19837,188778
201.04874,105.524994,188785
201.55447,105.933266,188793
201.95906,106.25989,188800
202.56595,106.74982,188807
203.07169,107.15809,188814
203.37512,107.40305,188821
203.37512,107.40305,188828
203.37512,107.40305,188837
203.8951,107.40305,188845
204.67506,107.40305,188936
204.67506,107.40305,188943
204.67506,107.40305,188952
205.14626,107.62293,188958
204.7462,107.63102,188965
204.09888,107.57241,188973
203.71048,107.53725,188981
203.28802,107.23409,188989
202.75995,106.85515,188997
202.23189,106.476204,189004
201.59819,106.02148,189011
201.07013,105.64253,189018
200.80484,105.39092,189025
200.42531,105.17999,189031
200.29573,105.17999,189037
199.90913,105.17999,189044
199.38924,105.18,189052
198.73941,105.18,189059
198.08966,105.17999,189065
197.56993,105.17999,189071
196.92055,105.18,189078
196.40187,105.18,189085
196.14384,105.1799,189094
195.64124,105.046646,189100
195.13863,104.91339,189107
194.76167,104.81345,189115
194.27243,104.637314,189123
193.7832,104.46117,189130
193.53859,104.3731,189139
193.05132,104.1916,189147
192.44223,103.96472,189155
191.95909,104.06606,189163
191.45009,104.0816,189169
190.8025,104.02598,189177
190.8025,104.02598,189185
190.8025,104.02598,189192
190.28333,104.02598,189198
190.28296,104.016266,189204
190.79663,104.09695,189211
191.18188,104.15746,189217
191.3103,104.177635,189299
191.3103,104.177635,189306
191.53531,104.179955,189313
191.74928,104.284676,189320
191.82,105.005165,189327
191.82,105.005165,189335
191.82,105.005165,189344
192.33998,105.005165,189352
192.85896,105.03308,189359
193.50735,105.07831,189365
194.02608,105.11425,189372
194.67448,105.1592,189379
195.19315,105.17999,189387
195.58018,105.17999,189395
196.10008,105.18,189402
196.61996,105.18,189409
197.26976,105.18,189417
197.78952,105.18,189425
198.30916,105.18,189432
198.9581,105.17999,189440
199.47383,105.17999,189448
199.86305,105.18,189455
200.3787,105.1799,189462
200.58606,105.17995,189468
200.89906,105.397415,189474
201.50475,105.88882,189481
202.00998,106.29772,189487
202.51518,106.70666,189493
203.12143,107.19738,189501
203.3235,107.360954,189509
203.3235,107.360954,189517
203.3235,107.360954,189525
203.84348,107.360954,189532
204.62344,107.360954,189609
204.62344,107.360954,189616
204.62344,107.360954,189624
205.20741,107.64634,189632
205.20741,107.64634,189642
205.20741,107.64634,189728
205.20741,107.64634,189738
205.72739,107.64634,189747
205.93867,107.13276,189756
206.01997,106.61918,189765
206.48729,106.22512,189771
207.38126,105.69379,189860
207.38126,105.69379,189866
207.38126,105.69379,189874
207.38126,105.69379,189882
206.86128,105.69379,189889
206.33287,106.027916,189896
205.82791,105.78579,189903
205.32121,105.378716,189910
205.01718,105.13447,189917
204.50438,105.220505,189926
203.86337,105.32805,189934
203.35056,105.41408,189942
202.83775,105.50011,189950
202.18826,105.47507,189957
201.53879,105.45002,189965
201.0192,105.429985,189973
200.78058,105.32677,189982
200.41077,105.17965,189989
199.89485,105.17999,189996
199.50493,105.18,190003
198.85507,105.18,190012
198.2053,105.17999,190020
197.55563,105.18,190028
196.90627,105.17999,190034
196.2584,105.17999,190041
195.75299,105.07919,190048
195.12512,104.911194,190056
194.74838,104.810394,190064
194.3816,104.67791,190070
193.7703,104.4571,190077
193.52577,104.368774,190083
193.03854,104.18715,190090
192.42952,103.96011,190096
191.82823,104.11585,190103
191.43971,104.08197,190110
190.7922,104.02549,190116
190.7922,104.02549,190124
190.7922,104.02549,190134
190.27309,104.02549,190140
190.27277,104.01623,190147
190.65808,104.076294,190153
191.3003,104.1764,190159
191.3003,104.1764,190235
191.3003,104.1764,190241
191.69028,104.1764,190248
191.82304,104.68586,190255
191.82,104.94373,190262
191.82,104.94373,190270
191.88751,105.05483,190277
192.4069,105.07916,190285
192.92632,105.10349,190293
193.57558,105.13391,190301
194.09497,105.15824,190308
194.74422,105.17999,190314
195.39224,105.17999,190320
196.04099,105.18,190326
196.82077,105.18,190332
197.47052,105.18,190339
198.25,105.17999,190346
198.89903,105.17999,190353
199.41573,105.17999,190359
199.93465,105.17999,190366
200.32166,105.17999,190375
200.6388,105.19576,190385
201.04349,105.52224,190392
201.54938,105.93033,190399
202.05527,106.338425,190407
202.45998,106.664894,190413
202.96585,107.07298,190420
203.37056,107.39946,190426
203.37056,107.39946,190435
203.37056,107.39946,190443
203.89053,107.39946,190450
204.6705,107.39946,190534
204.6705,107.39946,190540
204.6705,107.39946,190548
205.14134,107.62008,190554
204.74115,107.629,190561
204.09375,107.57121,190568
203.70532,107.53654,190575
203.19566,107.63958,190582
202.81342,107.71686,190588
202.30894,107.84288,190595
201.93059,107.9374,190603
201.42715,108.067535,190610
201.04959,108.16514,190679
201.04959,108.16514,190685
201.04959,108.16514,190782
201.04959,108.16514,190793
201.56956,108.16514,190799
202.21909,108.18,190806
202.86787,108.18,190813
203.25497,108.1799,190821
203.58115,108.179955,190829
203.58115,108.179955,190910
203.58115,108.179955,190916
203.58115,108.179955,190923
203.06117,108.179955,190931
202.77019,107.975815,190939
202.5026,107.692116,190948
202.05663,107.2193,190956
201.87823,107.03017,190963
201.58163,106.60308,190970
201.21088,106.06923,190977
200.91428,105.64214,190983
200.82007,105.442215,190991
200.57224,105.17429,190998
199.92615,105.17999,191005
199.92615,105.17999,191015
199.92615,105.17999,191023
200.31612,105.17999,191030
200.57611,105.17999,191038
200.9616,105.625984,191045
201.29668,106.182915,191050
201.56474,106.62846,191056
201.82799,106.91619,191062
202.26672,107.395744,191069
202.68263,107.702354,191076
203.22957,108.05353,191083
203.64742,108.20006,191089
203.83192,108.50855,191096
203.81999,109.15808,191104
203.82,109.80772,191112
203.82,110.327156,191120
203.82002,110.97479,191127
203.81999,111.49316,191135
203.81999,112.143,191144
203.81999,112.66284,191151
203.81999,113.31255,191161
203.82,113.83219,191169
203.82,114.351456,191176
203.82,114.9968,191186
203.90887,115.50914,191196
203.97546,115.893394,191203
204.08644,116.53382,191211
204.17522,117.04616,191218
204.17139,117.68211,191228
204.18,118.20131,191237
204.18,118.845665,191245
204.18,119.36164,191252
204.18,119.572716,191259
204.27805,119.74292,191267
204.73494,119.820015,191274
204.99263,119.82001,191282
204.99263,119.82001,191294
204.99263,119.82001,191304
204.99263,120.20999,191312
205.18845,120.619965,191320
205.33885,120.78979,191328
205.969,120.82,191338
206.48866,120.82001,191345
207.13676,120.82001,191354
207.13676,120.82001,191364
207.13676,120.82001,191372
207.13676,121.33998,191381
207.3967,121.47515,191388
207.70665,121.89264,191395
207.9503,122.34982,191401
208.11647,122.70263,191408
208.1526,123.090935,191416
208.17671,123.3498,191522
208.17671,123.3498,191631
208.17671,123.3498,191642
208.17671,123.3498,191651
208.17671,123.739784,191660
208.69598,123.842926,191667
209.34564,123.82411,191675
209.99472,123.82,191681
210.9031,123.82001,191789
210.9031,123.82001,191797
210.9031,123.82001,191805
211.42308,123.82001,191812
211.69737,124.18231,191819
211.82523,124.60751,191827
211.82,124.99706,191836
211.82,124.99706,191846
211.82,124.99706,191856
211.82,124.99706,191865
211.82,124.737305,191872
211.82005,124.40345,191880
211.57005,124.17436,191888
211.1342,124.14896,191896
210.87851,123.967514,191902
210.24632,123.97997,191911
209.66754,123.97997,191920
209.19307,123.91576,191929
208.6802,123.83012,191937
208.6802,123.83012,191948
208.26665,123.72569,191957
207.98146,123.45969,191965
207.50618,123.01634,191973
207.15332,122.63442,191982
206.71223,122.15703,191989
206.35938,121.7751,191997
205.8301,121.202225,192005
205.65366,121.01126,192013
205.47389,120.82345,192022
205.18704,120.643585,192028
204.76096,120.15276,192034
204.59052,119.956436,192044
204.40785,119.8112,192056
204.2195,119.67625,192064
204.17998,119.31777,192073
204.18,118.79813,192082
204.18,118.278854,192092
204.18,117.76133,192101
204.11264,117.249176,192109
204.00212,116.60867,192118
203.91403,116.096214,192127
203.82596,115.583755,192136
203.81999,115.065704,192143
203.81999,114.545815,192151
203.82,113.89601,192158
203.81999,113.24631,192165
203.82,112.72668,192173
203.82,112.20742,192181
203.82,111.56209,192190
203.82,111.04224,192200
203.82,110.52243,192209
203.82,109.87283,192216
203.82,109.223755,192224
203.82,108.70677,192230
203.78044,108.32451,192237
203.41753,108.17695,192247
202.89787,108.18,192254
202.24826,108.18,192260
201.59912,108.17999,192267
200.95398,108.17999,192273
200.95398,108.17999,192349
200.95398,108.17999,192355
200.95398,108.17999,192444
200.95398,108.17999,192450
201.47395,108.17999,192457
202.25354,108.18,192464
202.90222,108.18,192473
203.28885,108.17999,192482
203.60916,108.184006,192489
203.60916,108.184006,192579
203.60916,108.184006,192586
203.60916,108.184006,192594
203.22096,108.17499,192600
202.79085,107.980515,192606
202.43129,107.60489,192613
201.98186,107.13536,192619
201.52019,106.50831,192626
201.14804,105.975426,192633
200.9247,105.65574,192638
200.80211,105.35687,192643
200.80211,105.35687,192721
200.80211,105.35687,192728
200.80211,105.35687,192736
200.80211,105.35687,192745
200.80211,104.8369,192753
200.65211,105.06689,192761
200.26817,105.135254,192767
199.8843,105.17998,192772
199.23442,105.18,192779
198.58461,105.18,192785
197.80496,105.18,192792
197.15543,105.17999,192798
196.37714,105.18,192806
196.11934,105.1799,192815
195.74277,105.0785,192822
195.11516,104.909485,192830
194.7386,104.80808,192838
194.24968,104.63107,192846
193.63853,104.409805,192853
193.15091,104.22926,192859
192.66373,104.047554,192866
192.17653,103.86584,192873
191.8412,104.06492,192879
191.32184,104.03978,192885
190.80246,104.01464,192891
190.80246,104.01464,192899
190.80246,104.01464,192906
190.28328,104.01464,192913
190.28316,104.009155,192919
190.7964,104.0926,192925
191.30963,104.17604,192931
191.30963,104.17604,193016
191.30963,104.17604,193021
191.9596,104.17604,193029
191.9742,104.54855,193035
191.82031,105.04524,193041
191.82031,105.04524,193050
191.82031,105.04524,193058
192.3403,105.04524,193065
192.98935,105.07613,193071
193.63823,105.113625,193078
194.15735,105.14342,193085
194.67647,105.17321,193093
195.32477,105.17999,193101
195.58234,105.17999,193108
195.97227,105.17999,193117
196.62212,105.17999,193124
197.2719,105.18,193131
197.92157,105.17999,193140
198.44116,105.18,193149
199.0697,105.17999,193157
199.4562,105.17999,193167
199.97502,105.18,193175
200.36145,105.1799,193183
200.57254,105.17995,193191
200.88618,105.3862,193198
201.39058,105.79613,193206
201.79474,106.12327,193215
202.29991,106.53225,193221
202.80508,106.94122,193229
203.31026,107.3502,193238
203.31026,107.3502,193247
203.31026,107.3502,193256
203.83023,107.3502,193264
204.61018,107.3502,193365
204.61018,107.3502,193373
204.61018,107.3502,193382
205.0764,107.580444,193391
205.19296,107.638,193397
205.19296,107.638,193497
205.19296,107.638,193506
205.71294,107.638,193515
205.92987,107.12535,193523
206.03853,106.48453,193530
206.4864,106.220375,193539
207.38217,105.69207,193646
207.38217,105.69207,193657
207.38217,105.69207,193665
207.38217,105.69207,193675
206.8622,105.69207,193684
206.33408,106.026535,193691
205.82886,105.7849,193698
205.22034,105.297005,193705
205.0175,105.13437,193715
204.5047,105.22041,193721
203.73549,105.34948,193729
203.09448,105.45703,193736
202.83807,105.50005,193743
202.31848,105.480034,193750
201.669,105.45501,193759
201.14941,105.43499,193767
200.78087,105.32683,193776
200.4111,105.17968,193783
199.89519,105.17999,193790
199.37527,105.18,193797
198.72545,105.17999,193805
198.07568,105.18,193812
197.42606,105.18,193820
196.77681,105.18,193827
196.25873,105.18,193835
195.62773,105.04561,193843
194.99985,104.87765,193851
194.50662,104.71398,193858
193.89388,104.497185,193865
193.52623,104.36711,193872
193.16066,104.23128,193880
192.5514,104.00488,193887
192.18584,103.86905,193894
191.84839,104.06452,193901
191.45885,104.04588,193908
190.80963,104.01482,193915
190.80963,104.01482,193923
190.80963,104.01482,193932
190.42038,104.01482,193939
190.29039,104.01482,193948
190.80391,104.09652,193957
191.18904,104.15779,193964
191.31741,104.17822,194041
191.31741,104.17822,194050
191.54141,104.179955,194058
191.75966,104.2964,194065
191.82,104.8987,194074
191.82,105.026726,194083
191.82,105.026726,194093
192.33925,105.05427,194101
192.9883,105.0887,194109
193.50755,105.11625,194116
194.0268,105.1438,194122
194.54604,105.17134,194129
195.19475,105.17999,194137
195.58176,105.17999,194146
195.9717,105.18,194155
196.62155,105.18,194163
197.27133,105.18,194170
197.79109,105.18,194178
198.4406,105.18,194184
199.0892,105.18,194191
199.47537,105.179985,194198
199.99413,105.17999,194204
200.3802,105.17999,194211
200.58723,105.17999,194218
201.0005,105.481026,194225
201.50526,105.8905,194232
202.11171,106.38097,194239
202.61708,106.7897,194245
203.22351,107.2802,194252
203.32457,107.361946,194261
203.32457,107.361946,194272
203.52246,107.8428,194281
203.67087,108.20343,194368
203.67087,108.20343,194374
203.67087,108.20343,194381
203.67087,108.20343,194390
203.16219,108.18,194398
202.75253,107.908226,194406
202.38754,107.537895,194412
201.93129,107.074974,194420
201.54443,106.55461,194426
201.17482,106.01997,194433
200.8791,105.59227,194439
200.8179,105.39695,194446
200.57555,105.175064,194453
200.44601,105.178825,194460
199.92953,105.179985,194469
199.5396,105.18,194477
198.88974,105.18,194484
198.3699,105.18,194492
197.72018,105.18,194500
197.20056,105.18,194507
196.55165,105.18,194513
196.0361,105.179985,194522
195.66101,105.073265,194529
195.03586,104.895386,194537
194.4209,104.68562,194545
193.80849,104.46789,194553
193.56352,104.3808,194560
193.19795,104.244995,194566
192.71053,104.063934,194573
192.22308,103.882866,194578
191.76256,104.12428,194585
191.24509,104.07335,194591
190.72762,104.02241,194597
190.72762,104.02241,194604
190.72762,104.02241,194611
190.20804,104.02241,194617
190.20786,104.01551,194624
190.72215,104.092155,194631
191.23645,104.1688,194636
191.36502,104.179985,194708
191.36502,104.179985,194714
191.581,104.179985,194721
191.81013,104.37912,194729
191.82,104.88824,194736
191.82,105.01638,194744
191.82,105.01638,194752
192.2094,105.03804,194758
192.85835,105.074135,194764
193.63712,105.117455,194771
194.28607,105.15356,194779
194.80525,105.17999,194786
195.32378,105.18,194792
195.58136,105.1799,194800
196.10127,105.17999,194806
196.62114,105.18,194813
197.40086,105.18,194820
198.0505,105.18,194827
198.6998,105.17999,194834
199.34702,105.17999,194843
199.86417,105.17999,194849
200.37978,105.17999,194857
200.58691,105.17999,194866
200.89984,105.39814,194874
201.40448,105.80776,194879
201.90973,106.21666,194886
202.41493,106.62557,194894
202.92015,107.03449,194901
203.32433,107.361626,194908
203.32433,107.361626,194918
203.32433,107.361626,194927
203.8443,107.361626,194935
204.62427,107.361626,195017
204.62427,107.361626,195025
204.62427,107.361626,195033
204.97469,107.53277,195040
205.2083,107.64686,195048
204.81943,107.61764,195054
204.04166,107.5592,195061
203.7824,107.53971,195068
203.27122,107.63495,195075
202.88783,107.706375,195083
202.38257,107.8292,195092
201.87732,107.952034,195100
201.3738,108.0818,195108
200.99615,108.17913,195191
200.99615,108.17913,195197
200.99615,108.17913,195275
200.99615,108.17913,195284
201.51613,108.17913,195292
202.16576,108.18,195300
202.685,108.18,195307
203.33005,108.17999,195315
203.6459,108.199265,195321
203.6459,108.199265,195406
203.6459,108.199265,195414
203.6459,108.199265,195425
203.2669,108.17487,195433
202.82913,107.938255,195440
202.45648,107.57562,195446
201.8975,107.03167,195453
201.59767,106.60685,195459
201.22287,106.07582,195466
200.92303,105.651,195472
200.79996,105.352615,195479
200.46992,105.171074,195486
199.95322,105.17999,195492
199.95322,105.17999,195500
199.95322,105.17999,195507
200.47319,105.17999,195513
200.60318,105.17999,195520
200.9166,105.547035,195526
201.31773,106.215935,195533
201.51831,106.550385,195538
201.86491,106.93799,195543
202.38483,107.51939,195548
203.03009,107.94858,195555
203.25352,108.08149,195562
203.56985,108.17995,195569
203.76099,108.299484,195576
203.82,108.90327,195583
203.82,109.6827,195589
203.82,110.59148,195594
203.82,111.10801,195600
203.82,111.62791,195607
203.82,112.27774,195614
203.82,112.79757,195621
203.81999,113.31733,195627
203.81999,113.96682,195632
203.82,114.873604,195637
203.91032,115.51353,195643
203.99927,116.02584,195649
204.10985,116.66633,195655
204.19833,117.17872,195661
204.16704,117.556915,195667
204.18,118.335625,195672
204.18,118.85018,195677
204.18,119.36607,195684
204.17995,119.57621,195691
204.3675,119.80502,195697
205.00227,119.82001,195703
205.00227,119.82001,195715
205.00227,119.82001,195723
205.00227,120.33998,195729
205.24272,120.69886,195735
205.64935,120.825264,195741
206.16911,120.82,195747
206.8184,120.82,195753
207.07742,120.8201,195760
207.07742,120.8201,195771
207.07742,120.8201,195783
207.07742,121.34007,195792
207.33737,121.47465,195799
207.58572,121.77532,195806
207.7513,121.97577,195815
207.92465,122.3251,195825
208.09799,122.67444,195835
208.15495,123.191284,195845
208.17996,123.550804,195853
208.17996,123.550804,195958
208.17996,123.550804,195965
208.17996,123.550804,195974
208.17996,124.07078,195984
207.9512,124.32432,195992
207.47694,124.53751,195999
206.98022,124.4955,196006
206.87675,125.00507,196014
206.82002,125.38725,196023
206.82002,125.592636,196032
206.59329,125.820045,196041
206.07927,125.82001,196050
206.07927,125.82001,196063
206.07927,125.82001,196074
206.07927,126.33998,196082
205.95477,126.63739,196089
205.83517,126.68833,196098
205.56096,126.82741,196107
205.04153,126.82,196115
204.65303,126.8201,196124
204.65303,126.8201,196136
204.65303,126.8201,196147
204.26305,126.8201,196154
204.13306,126.8201,196163
204.1722,126.43209,196173
204.18,126.0449,196182
204.18,126.0449,196192
204.18,126.0449,196201
204.18,126.56487,196210
204.18,126.69486,196221
203.7903,126.7097,196228
203.47131,126.48535,196234
202.93967,126.111435,196241
202.62068,125.88708,196249
202.42592,125.82007,196258
202.2101,125.66061,196267
202.18,125.034386,196275
202.17998,124.65095,196282
202.17998,124.65095,196382
202.17998,124.65095,196390
202.17998,124.26096,196399
202.18,123.74099,196407
202.28981,123.2368,196415
202.47285,122.61314,196424
202.77458,122.0411,196434
203.03926,121.59353,196442
203.30379,121.145874,196450
203.55386,120.846634,196458
203.82672,120.466835,196465
203.88785,120.11377,196472
204.02003,119.6793,196480
204.02003,119.15822,196488
204.02,118.76921,196494
203.99455,117.992424,196501
203.93881,117.344864,196510
203.89561,116.82668,196519
203.8524,116.30851,196527
203.82,115.79033,196535
203.82,115.404175,196545
203.82,115.014244,196555
203.82,114.3644,196562
203.82,113.71463,196570
203.82,113.194885,196576
203.82,112.54542,196583
203.82,111.89699,196590
203.82,111.63919,196596
203.82,111.11932,196603
203.82,110.59952,196610
203.82,109.94989,196618
203.82,109.30071,196625
203.82,108.783005,196632
203.804,108.367035,196641
203.52898,108.167694,196650
202.87947,108.17999,196657
202.35976,108.17999,196664
201.71048,108.17999,196670
201.06357,108.17999,196677
201.06357,108.17999,196744
201.06357,108.17999,196749
201.06357,108.17999,196828
201.06357,108.17999,196836
201.58354,108.17999,196843
202.23314,108.18,196850
202.88188,108.17999,196856
203.2688,108.17999,196863
203.59138,108.17999,196869
203.59138,108.17999,196949
203.59138,108.17999,196957
203.59138,108.17999,196966
203.07141,108.17999,196975
202.77742,107.97826,196983
202.41978,107.6008,196991
201.88333,107.034615,196999
201.58638,106.60778,197007
201.14093,105.96753,197014
200.91821,105.64741,197022
200.79782,105.34858,197030
200.79782,105.34858,197121
200.79782,105.34858,197127
200.79782,105.34858,197135
200.79782,105.34858,197143
200.79782,104.828606,197150
200.65225,105.0604,197157
200.14091,105.154854,197164
199.49313,105.18,197172
198.84328,105.18,197179
198.1935,105.17999,197186
197.54382,105.17999,197195
197.02428,105.18,197203
196.37585,105.17999,197210
196.11807,105.17999,197219
195.61601,105.044655,197227
194.98845,104.87549,197233
194.4954,104.71124,197239
193.88286,104.493904,197245
193.51532,104.363495,197250
192.90611,104.13695,197257
192.41875,103.95571,197263
191.84013,104.06485,197269
191.32076,104.03972,197275
190.80139,104.01459,197281
190.80139,104.01459,197291
190.80139,104.01459,197301
190.28221,104.01459,197309
190.2821,104.00914,197316
190.79535,104.09252,197323
191.3086,104.1759,197328
191.3086,104.1759,197411
191.3086,104.1759,197420
191.82857,104.1759,197427
191.88702,104.559265,197433
191.82002,104.94263,197441
191.82002,104.94263,197449
191.88733,105.05384,197457
192.27689,105.07219,197464
192.92613,105.10276,197470
193.57538,105.13334,197476
194.22462,105.16392,197482
194.87381,105.18,197487
195.52087,105.17999,197493
196.16853,105.18,197500
196.81836,105.18,197507
197.46812,105.18,197513
197.98784,105.17999,197521
198.6372,105.17999,197528
199.28491,105.17999,197535
199.93236,105.17999,197541
200.3194,105.17999,197548
200.63684,105.194855,197557
201.0416,105.52127,197565
201.54753,105.92929,197571
202.15466,106.418915,197578
202.6606,106.826935,197586
203.16655,107.234955,197593
203.36893,107.39816,197600
203.36893,107.39816,197609
203.55478,107.88379,197616
203.6477,108.1266,197703
203.6477,108.1266,197712
203.6477,108.1266,197720
203.6477,108.1266,197727
203.25772,108.1266,197734
202.80656,107.9504,197740
202.53128,107.67417,197746
201.9807,107.12173,197753
201.59059,106.60378,197760
201.21732,106.071686,197767
200.91864,105.64606,197773
200.79729,105.34761,197780
200.45833,105.17392,197787
200.32881,105.17999,197795
199.94174,105.17999,197801
199.42184,105.18,197807
198.772,105.17999,197813
197.99231,105.18,197820
197.47261,105.18,197826
196.82332,105.17999,197832
196.04811,105.17999,197839
195.67279,105.07406,197845
195.04726,104.897514,197851
194.79704,104.82689,197857
194.30789,104.65055,197864
193.81873,104.474205,197871
193.57414,104.38604,197879
193.08685,104.20462,197886
192.47772,103.977844,197894
192.23407,103.88714,197901
191.77065,104.12296,197907
191.2531,104.07288,197914
190.73553,104.0228,197920
190.73553,104.0228,197928
190.73553,104.0228,197935
190.21591,104.0228,197941
190.21571,104.01565,197948
190.6014,104.07342,197954
191.11563,104.150444,197959
191.37276,104.179985,198036
191.37276,104.179985,198043
191.58717,104.179985,198049
191.81534,104.39257,198057
191.82,104.904655,198064
191.82,105.032616,198071
191.82,105.032616,198080
192.20947,105.05271,198088
192.85857,105.08619,198095
193.50768,105.119675,198102
194.02696,105.14646,198108
194.80588,105.17999,198115
195.45354,105.17999,198122
195.97191,105.18,198129
196.62175,105.17999,198136
197.27153,105.18,198143
197.7913,105.18,198151
198.3418,105.18,198159
198.86102,105.17999,198168
199.37817,105.17999,198175
199.89717,105.18,198183
200.2846,105.17999,198191
200.60518,105.18274,198200
201.01605,105.49629,198206
201.5213,105.90518,198214
202.128,106.395325,198220
202.63358,106.80381,198227
203.13914,107.21229,198235
203.34137,107.37568,198242
203.34137,107.37568,198251
203.53484,107.85832,198259
203.67995,108.2203,198340
203.67995,108.2203,198346
203.67995,108.2203,198354
203.67995,108.2203,198362
204.19992,108.2203,198370
204.7199,108.2203,198376
204.97989,108.2203,198467
205.08572,108.29576,198474
205.21414,108.27555,198481
205.68916,108.08022,198488
206.3055,107.87383,198496
206.79846,107.70842,198505
207.16818,107.58436,198514
207.39194,107.115,198524
207.61569,106.64563,198532
207.8954,106.05892,198541
208.11916,105.589554,198630
208.11916,105.589554,198637
208.11916,105.589554,198645
208.11916,105.589554,198654
207.4692,105.589554,198661
207.3392,105.589554,198670
206.87721,105.82819,198676
206.29974,106.12649,198683
205.99191,105.887054,198691
205.47887,105.48801,198700
204.96582,105.08896,198709
204.58273,105.161995,198718
203.94427,105.283714,198726
203.3058,105.40543,198734
202.79503,105.502815,198739
202.27548,105.481674,198746
201.62605,105.45524,198753
201.1065,105.4341,198761
200.85925,105.37293,198770
200.5542,105.170715,198778
200.03664,105.17999,198785
199.40753,105.04052,198792
198.65616,104.831314,198799
198.16675,104.65567,198805
197.55498,104.43611,198811
197.06711,104.25628,198819
196.45789,104.02975,198827
196.09236,103.89383,198836
195.70248,103.884895,198845
195.05269,103.869995,198853
194.4029,103.855095,198861
193.88306,103.84318,198869
193.23325,103.82828,198876
192.71342,103.82,198882
192.19395,103.82001,198888
191.75829,104.103836,198895
191.24007,104.06107,198902
190.72185,104.01831,198910
190.72185,104.01831,198920
190.72185,104.01831,198927
190.33232,104.01831,198933
190.20233,104.01831,198940
190.5882,104.0748,198946
191.23131,104.168945,198952
191.35992,104.179985,199028
191.35992,104.179985,199034
191.57689,104.179985,199042
191.74936,104.28477,199049
191.82,104.87708,199056
191.82,105.00533,199065
191.82,105.00533,199072
192.3391,105.03564,199079
192.98796,105.07351,199086
193.50705,105.10381,199094
194.15591,105.141685,199101
194.675,105.17199,199108
195.3233,105.17999,199116
195.58089,105.17999,199124
196.1008,105.18,199132
196.75063,105.18,199141
197.27045,105.18,199147
198.05003,105.17999,199155
198.69933,105.18,199163
199.21762,105.18,199171
199.86559,105.17999,199180
200.38118,105.17999,199188
200.58798,105.17999,199197
200.90079,105.39909,199204
201.50606,105.891014,199211
202.11255,106.38143,199217
202.61787,106.79022,199224
203.12318,107.199005,199230
203.32532,107.36252,199237
203.32532,107.36252,199246
203.32532,107.36252,199254
203.7153,107.36252,199262
204.62526,107.36252,199355
204.62526,107.36252,199364
204.62526,107.36252,199372
205.09258,107.590515,199378
205.48294,107.20529,199385
205.89322,106.54196,199393
206.19618,105.967354,199402
206.43173,105.50379,199410
206.78552,104.80869,199418
207.08035,104.22944,199424
207.25725,103.88188,199432
207.52068,103.43358,199440
207.78412,102.985275,199447
207.8954,102.477356,199455
207.95105,102.22339,199462
207.95105,102.22339,199536
207.95105,102.22339,199542
207.95105,102.22339,199550
207.94527,102.483315,199559
208.07753,102.98618,199567
208.17998,103.48906,199658
208.17998,103.48906,199764
208.17998,103.48906,199774
208.17998,103.48906,199783
208.17998,104.00903,199791
208.5691,104.16485,199800
209.06284,104.15451,199809
209.41516,103.97817,199816
210.05627,103.97998,199823
210.68127,103.97998,199832
211.02255,104.01075,199842
211.39061,104.139656,199850
211.60518,104.18007,199857
211.79112,104.340034,199863
211.82,104.97244,199870
211.82,104.97244,199878
211.82,104.97244,199886
211.82,104.97244,199894
211.82,104.71267,199901
211.81137,104.36981,199909
211.47418,104.16934,199918
211.13719,104.15693,199928
210.75815,103.97997,199936
210.24947,103.97998,199943
209.65544,103.97998,199951
209.31662,103.97998,199958
208.95186,104.31616,199965
208.60977,104.86882,199972
208.38213,105.184875,199981
208.12746,105.56159,199988
207.89153,106.167206,199996
207.60628,106.89314,200005
207.46368,107.25611,200014
206.99605,107.483475,200021
206.52841,107.71083,200029
205.94386,107.99502,200035
205.71005,108.108696,200042
205.40437,108.18094,200049
205.40437,108.18094,200130
205.40437,108.18094,200136
205.40437,108.18094,200144
204.8844,108.18094,200151
204.84831,108.69237,200158
204.97238,109.4623,200165
205.05014,109.976425,200171
205.14761,110.61904,200177
205.18,111.131165,200184
205.12192,111.5168,200192
205.02512,112.15952,200199
204.92833,112.80224,200208
204.85089,113.316414,200217
204.79282,113.70205,200225
204.73737,114.088066,200233
204.66345,114.60276,200241
204.57104,115.246124,200249
204.5156,115.63214,200259
204.49245,116.02144,200265
204.45386,116.67026,200272
204.43843,116.92979,200279
204.34088,117.17078,200286
204.17,117.51921,200293
204.18,118.038574,200301
204.18,118.685394,200311
204.18,119.07411,200319
204.17998,119.33157,200326
204.19992,119.64718,200333
204.19992,119.64718,200343
203.98196,120.11926,200351
203.87297,120.3553,200359
203.79997,120.644,200367
203.41116,120.96609,200375
202.34921,121.71582,200477
202.34921,121.71582,200487
202.4728,121.94456,200496
202.01643,122.193794,200503
201.446,122.50533,200511
200.98965,122.75457,200522
200.88742,123.13091,200531
200.82005,123.58467,200537
200.82005,123.58467,200632
200.82005,123.58467,200640
200.82005,123.58467,200651
201.34003,123.58467,200658
201.61156,123.94806,200664
201.89848,124.67332,200670
202.1392,125.27706,200678
202.17995,125.58696,200688
202.29071,125.75447,200697
202.7603,125.82001,200705
203.2767,125.82001,200713
203.2767,125.82001,200723
203.2767,125.82001,200733
203.2767,126.33998,200742
203.79199,126.53953,200749
204.16455,126.64742,200757
204.16455,126.64742,200766
204.50375,126.831764,200774
204.6336,126.82574,200782
204.11664,126.789795,200792
203.72931,126.744484,200802
203.41934,126.507805,200811
202.90276,126.11335,200818
202.5928,125.87668,200829
202.40346,125.8188,200837
202.18518,125.608665,200844
202.18,125.09616,200851
202.18,124.71114,200860
202.18,124.19117,200871
202.18,123.671196,200880
202.28572,123.29582,200889
202.39143,122.92044,200897
202.5324,122.419945,200906
202.73358,122.08586,200914
203.0689,121.52906,200920
203.33714,121.083626,200930
203.58817,120.80961,200938
203.75122,120.71261,200947
203.8308,120.14238,200954
204.03351,119.844986,200961
204.02002,119.48282,200970
204.02002,119.18272,200979
204.02,118.79369,200987
204.02,118.2755,200995
203.95319,117.49841,201002
203.90968,116.98026,201009
203.85522,116.33258,201016
203.82,115.68506,201024
203.82,115.16612,201030
203.82,114.516266,201038
203.82,113.86647,201046
203.82,113.346695,201053
203.82,112.69714,201060
203.82,112.04828,201067
203.82,111.66078,201074
203.81999,111.27088,201080
203.82,110.491196,201088
203.82,109.84163,201096
203.82,109.1926,201104
203.82002,108.67601,201111
203.7629,108.29866,201118
203.35701,108.176,201126
202.70743,108.17999,201134
202.18777,108.17999,201142
201.53873,108.17999,201148
201.02206,108.17999,201154
201.02206,108.17999,201231
201.02206,108.17999,201236
201.02206,107.53003,201243
201.02206,107.40003,201250
200.95383,106.88456,201259
200.8856,106.36908,201267
200.82,105.72483,201274
200.81984,105.40384,201281
200.81984,105.40384,201381
200.81984,105.40384,201389
200.81984,105.40384,201400
201.33981,105.40384,201409
201.54614,105.91818,201417
201.64157,106.561104,201424
201.96625,106.96725,201432
202.3721,107.47493,201441
202.89479,107.85111,201449
203.33632,108.12575,201457
203.64548,108.19906,201466
203.64548,108.19906,201551
203.64548,108.19906,201558
203.64548,108.19906,201567
203.26636,108.17482,201573
203.32574,107.76962,201580
203.75151,107.486984,201588
204.325,107.181114,201596
204.8978,106.873924,201605
205.47061,106.566765,201614
205.81429,106.38247,201622
206.28642,106.164604,201631
206.75856,105.94674,201640
207.34872,105.67441,201649
207.96841,105.48315,201657
208.19225,105.35091,201666
208.57195,104.99618,201674
209.02992,104.55612,201681
209.02992,104.300125,201689
209.13222,104.06248,201788
209.13222,104.06248,201797
209.13222,104.06248,201805
209.70946,103.97999,201813
210.22159,103.97999,201821
210.7172,103.97999,201829
211.05066,104.034485,201836
211.42146,104.155304,201844
211.63847,104.19251,201852
211.81793,104.39965,201861
211.82,105.04729,201870
211.82,105.04729,201881
211.82,105.04729,201892
212.20999,105.04729,201901
212.72893,105.075615,201908
213.24759,105.11268,201916
213.76625,105.14952,201925
214.28491,105.17999,201933
214.80124,105.17999,201941
215.19118,105.18,201949
215.84103,105.17999,201958
216.36089,105.18,201967
216.88068,105.17999,201976
217.40033,105.17999,201985
217.91972,105.17999,201995
218.30864,105.17999,202002
218.69441,105.17999,202010
219.21407,105.18,202019
219.73337,105.17999,202028
220.25111,105.17999,202037
220.69684,105.23194,202046
220.82715,105.63857,202056
220.82,106.15847,202065
220.81999,106.80832,202073
220.82,107.32779,202082
220.82,107.32779,202090
220.82,107.32779,202099
220.82,107.32779,202106
220.82,107.32779,202117
220.82,106.937836,202125
220.82,106.28796,202134
220.82,105.76824,202142
220.82004,105.41622,202149
220.72469,105.26054,202158
220.14038,105.18,202166
219.4917,105.18,202174
219.10518,105.179985,202184
218.60434,105.04023,202190
217.97829,104.86555,202197
217.48605,104.698784,202206
216.99667,104.523026,202214
216.50731,104.34727,202222
216.14192,104.21098,202231
215.65472,104.029274,202239
215.28934,103.89299,202247
214.7695,103.88117,202256
214.24965,103.86935,202263
213.4699,103.851616,202270
212.95006,103.83979,202277
212.30026,103.82502,202285
211.65053,103.82,202293
211.0007,103.82,202301
210.35075,103.82,202308
209.83083,103.82,202315
209.18095,103.82001,202322
208.66132,103.8201,202328
208.53859,103.82003,202333
208.25053,103.72038,202338
208.01408,102.98735,202343
208.00853,102.597404,202350
208.00296,102.207466,202411
208.00296,102.207466,202416
207.97127,102.465515,202423
208.1216,103.097855,202430
208.17998,103.47711,202516
208.17998,103.47711,202579
208.17998,103.47711,202585
208.17998,103.47711,202594
207.79,103.47711,202603
207.35007,104.04842,202610
206.96107,104.72441,202616
206.63437,105.28629,202622
206.2424,105.96061,202628
205.96889,106.54948,202635
205.70866,107.14507,202642
205.55252,107.50243,202708
205.55252,107.50243,202715
205.55252,107.50243,202722
205.03255,107.50243,202729
205.20877,107.922676,202736
205.27695,108.15746,202743
205.17691,108.59142,202750
205.18,109.370575,202757
205.18,110.019806,202764
205.18,110.796974,202769
205.17998,111.17929,202775
205.18,111.69914,202783
205.18,112.21893,202791
205.18,112.86857,202800
205.18001,113.38814,202808
205.18,114.03718,202815
205.18,114.81272,202822
205.18,114.940025,202833
205.18,114.940025,202841
205.05763,115.31032,202848
204.8537,115.92746,202855
204.64977,116.54461,202863
204.48663,117.03833,202872
204.3318,117.22279,202881
204.1703,117.44812,202889
204.18,117.96755,202898
204.17998,118.48621,202906
204.18,118.74401,202913
204.18,119.13249,202921
204.18,119.5859,202930
204.18,119.5859,202942
204.18,119.5859,202952
204.18,120.10587,202960
203.98355,120.40617,202968
203.78873,120.66798,202976
203.38684,120.98619,202984
202.32689,121.73873,203086
202.32689,121.73873,203096
202.46371,121.95981,203104
202.12057,122.145134,203113
201.54869,122.45402,203120
200.9768,122.76289,203127
200.84644,123.26626,203136
200.8192,123.60164,203146
200.8192,123.60164,203257
200.8192,123.60164,203263
200.8192,123.60164,203272
201.33917,123.60164,203281
201.61205,123.9645,203290
201.80502,124.447334,203299
202.04729,125.05046,203308
202.1442,125.29172,203321
202.182,125.59949,203329
202.40865,125.820724,203336
202.92583,125.82001,203344
203.31206,125.82001,203354
203.31206,125.82001,203366
203.31206,125.82001,203374
203.31206,126.33998,203383
203.69827,126.52409,203391
203.95573,126.560165,203402
204.07663,126.60796,203411
204.19284,126.66619,203419
204.55978,126.820984,203428
205.20879,126.82001,203436
205.33817,126.82001,203444
205.33817,126.82001,203453
205.46292,126.82001,203462
205.67972,126.78306,203469
205.83174,126.517944,203476
205.82,125.998505,203484
205.82,125.998505,203495
205.82,125.998505,203503
206.34007,125.998505,203510
206.62218,125.796295,203518
206.83228,125.52664,203526
206.82,124.87879,203535
206.94733,124.72378,203547
207.43805,124.5518,203555
207.84024,124.22225,203563
208.1419,123.97509,203571
208.52225,124.061226,203579
209.05885,124.16594,203589
209.22502,123.992966,203597
209.85046,123.97998,203604
211.03928,124.02486,203687
211.03928,124.02486,203694
211.03928,124.02486,203701
210.67729,123.97999,203708
210.05017,123.979996,203715
209.53337,123.979996,203722
209.02104,123.8911,203730
208.63678,123.8245,203738
208.22556,123.69465,203745
208.13089,123.60555,203753
207.75226,123.24918,203761
207.56293,123.07099,203769
207.2095,122.68959,203777
206.76773,122.212845,203785
206.4143,121.83144,203793
205.97253,121.3547,203800
205.61911,120.9733,203808
205.43611,120.8155,203815
205.07164,120.50061,203824
204.72815,120.11024,203834
204.367,119.806114,203842
204.16734,119.63959,203851
204.16734,119.63959,203862
204.16734,119.63959,203874
204.16734,119.63959,203885
204.16734,119.63959,203983
204.16734,119.63959,203992
204.16734,120.02957,204000
203.90256,120.44586,204008
203.75388,120.71347,204017
203.75388,120.71347,204119
203.75388,120.71347,204126
203.75388,120.71347,204135
204.27385,120.71347,204143
204.26381,120.349495,204150
204.03041,119.742874,204158
204.02003,119.285385,204165
204.08394,118.68014,204172
204.16382,118.035095,204179
204.17998,117.64888,204186
204.17998,117.4357,204193
204.34186,117.20835,204204
204.96893,117.17999,204214
204.96893,117.17999,204223
204.96893,117.17999,204231
204.96893,117.17999,204238
204.71103,117.17999,204245
204.39072,117.18404,204253
204.2234,117.31877,204261
204.18,117.93981,204268
204.18,118.45855,204274
204.18,118.843765,204280
204.18,119.23167,204287
204.18,119.57123,204294
204.50752,119.93463,204303
204.79968,120.19296,204311
205.09183,120.451294,204319
205.19539,120.640076,204328
205.55002,121.018364,204336
205.91266,121.391014,204343
206.27507,121.76387,204351
206.63751,122.13672,204358
206.99994,122.509575,204366
207.18115,122.696,204375
207.19846,123.0856,204385
207.2562,124.384254,204479
207.2562,124.384254,204489
207.51248,124.42799,204498
207.92906,124.11682,204507
208.13736,123.96124,204515
208.64336,124.08096,204523
209.05989,124.16386,204530
209.34521,123.96633,204535
209.9839,123.97998,204542
211.04338,124.02836,204650
211.04338,124.02836,204658
211.04338,124.02836,204665
211.56335,124.02836,204672
211.72595,124.1542,204679
211.82478,124.60926,204687
211.8201,124.99881,204695
211.8201,124.99881,204703
211.8201,124.99881,204713
211.8201,124.99881,204725
211.82,124.739044,204734
211.82004,124.40475,204743
211.57236,124.17488,204752
211.10817,124.103615,204760
210.50189,123.97997,204767
209.88814,123.97997,204774
209.51025,123.97997,204782
209.12624,123.91203,204792
208.61421,123.82144,204799
208.2945,124.044754,204807
207.86821,124.3425,204814
207.39882,124.566185,204822
207.01622,124.49061,204830
206.89717,124.99677,204837
206.82002,125.376396,204845
206.82002,125.58428,204854
206.7029,125.760284,204863
206.2293,125.82001,204872
206.10056,125.82001,204883
206.10056,125.82001,204894
205.96033,126.18391,204904
205.82005,126.53174,204914
205.80687,126.64028,204925
205.48671,126.830635,204934
204.96742,126.82001,204942
204.70837,126.82001,204951
204.70837,126.82001,204961
204.70837,126.82001,204970
204.1884,126.82001,204979
204.0584,126.82001,204989
204.12425,126.43562,204998
204.17998,126.05124,205009
204.17998,126.05124,205021
204.17998,126.05124,205033
203.79001,126.05124,205041
203.28069,125.960686,205049
202.64848,125.82002,205057
202.14333,125.75533,205067
201.63971,125.62597,205076
201.13608,125.496605,205083
200.78409,125.335884,205089
200.78409,125.335884,205096
201.05986,125.060135,205104
201.3729,124.82757,205112
201.83983,124.60643,205121
202.03322,124.175385,205128
202.12993,123.66448,205136
202.2869,123.16876,205143
202.4831,122.54912,205150
202.79213,121.98068,205157
203.1291,121.42489,205164
203.39862,120.98022,205170
203.58107,120.8107,205178
203.79903,120.64468,205186
203.79903,120.64468,205196
203.99799,120.164276,205203
204.14722,119.80397,205210
204.09056,119.68698,205218
204.09056,119.68698,205227
204.09056,119.68698,205234
204.09056,119.68698,205342
204.09056,119.68698,205351
204.09056,120.07696,205360
203.92322,120.40592,205368
203.78151,120.67567,205377
203.4846,120.9185,205385
202.31848,121.746056,205473
202.31848,121.746056,205483
202.45998,121.964165,205492
202.0022,122.210785,205500
201.43,122.51905,205509
200.97221,122.76567,205518
200.87608,123.143616,205525
200.82004,123.5954,205534
200.82004,123.5954,205630
200.82004,123.5954,205637
200.82004,123.5954,205646
201.34001,123.5954,205653
201.6123,123.95849,205659
201.85287,124.562294,205667
202.09428,125.165764,205674
202.18062,125.59444,205681
202.3963,125.816734,205689
202.91135,125.82001,205698
203.29782,125.82001,205710
203.29782,125.82001,205718
203.29782,125.82001,205727
203.29782,126.209984,205736
203.79906,126.47831,205745
204.15918,126.62452,205754
204.15918,126.62452,205765
204.45424,126.830475,205774
205.10342,126.82,205783
205.36232,126.8201,205794
205.36232,126.8201,205804
205.36232,126.8201,205814
205.8823,126.8201,205824
206.01228,126.8201,205835
205.93571,126.43771,205845
205.85913,126.05532,205853
205.85913,126.05532,205862
205.85913,126.05532,205873
206.24911,126.05532,205880
206.63402,125.79697,205887
206.83232,125.50013,205895
206.82,124.85243,205903
206.94893,124.707184,205910
207.31937,124.58527,205917
207.84573,124.21591,205923
208.1479,123.969376,205930
208.53712,123.94522,205937
209.3156,123.89692,205945
209.96361,123.85668,205953
211.00056,123.82001,206049
211.00056,123.82001,206059
211.00056,123.82001,206069
211.39055,123.82001,206077
211.6808,124.17554,206087
211.82893,124.45076,206096
211.81999,124.97027,206107
211.8201,124.97027,206114
211.8201,124.97027,206124
212.34007,124.97027,206132
212.85783,125.01816,206141
213.50504,125.07802,206149
214.02281,125.12591,206158
214.54057,125.1738,206167
214.79926,125.17999,206179
215.18921,125.18,206188
215.70914,125.18,206196
216.35902,125.18,206206
216.8789,125.18,206213
217.52869,125.18,206219
218.04834,125.17999,206226
218.69606,125.17999,206234
219.21588,125.18,206242
219.73557,125.17999,206249
220.25453,125.17999,206257
220.70686,125.24314,206266
221.12344,125.55416,206274
221.54343,125.86074,206285
221.96333,126.16741,206293
222.38326,126.474075,206301
222.48824,126.55074,206311
222.48824,126.55074,206321
222.06471,126.24907,206331
221.53532,125.87198,206338
221.1118,125.57031,206345
220.79416,125.344055,206353
220.45322,125.17999,206361
219.93347,125.17999,206369
219.41411,125.18,206378
219.15512,125.1799,206388
218.77986,125.07375,206398
218.15443,124.896835,206407
217.77919,124.79068,206416
217.29053,124.61296,206425
216.6797,124.390816,206432
216.07037,124.16457,206440
215.33966,123.891846,206449
215.21786,123.84639,206460
214.82794,123.83994,206467
214.17807,123.82921,206475
213.65816,123.82062,206484
213.0083,123.82,206491
212.35857,123.82,206501
211.83907,123.82001,206508
211.45045,123.82001,206514
210.93053,123.82,206522
210.28148,123.82001,206531
209.63171,123.82001,206540
209.24199,123.82,206548
208.594,123.82001,206556
208.18793,123.65842,206564
207.71439,123.213196,206574
207.22997,123.109924,206585
206.71086,123.08037,206593
206.06218,123.03954,206602
205.54323,123.00698,206611
205.02428,122.97441,206620
204.63506,122.94998,206628
204.1161,122.91741,206636
203.7269,122.89298,206645
203.39734,122.68447,206653
202.95792,122.40646,206660
202.42883,122.02937,206668
201.90477,121.6449,206676
201.42075,121.83487,206684
201.17873,121.929855,206772
201.17873,121.929855,206779
201.17873,121.929855,206865
201.46896,121.66938,206872
201.82675,121.51423,206880
202.42307,121.25565,206887
203.0194,120.99707,206894
203.25792,120.89364,206903
203.58421,120.82005,206912
203.58421,120.82005,207013
203.58421,120.82005,207022
203.58421,120.82005,207031
204.10419,120.82005,207039
204.10033,120.3176,207046
204.02003,119.71472,207053
204.02003,119.26303,207062
204.02003,119.1784,207073
204.02003,119.1784,207083
204.06844,118.791435,207091
204.14911,118.14649,207098
204.18,117.63157,207106
204.18,117.42192,207115
204.28568,117.24981,207122
204.87901,117.17999,207130
205.00742,117.17999,207141
205.00742,117.17999,207150
204.62132,117.17999,207159
204.41394,117.17999,207168
204.25597,117.27986,207177
204.18,117.869125,207186
204.18,118.5172,207196
204.18,118.77486,207207
204.17998,119.16319,207215
204.18495,119.611984,207225
204.44302,119.886505,207234
204.93257,120.31405,207244
205.21815,120.682365,207255
205.49034,120.96165,207263
205.85326,121.33402,207271
206.21619,121.70639,207280
206.66983,122.17186,207286
207.03276,122.54423,207294
207.1414,123.15699,207302
207.1817,124.32623,207387
207.1817,124.32623,207394
207.43344,124.391205,207402
207.34407,124.485596,207412
206.95528,124.45524,207421
206.86632,124.96755,207430
206.82,125.35178,207439
206.7099,125.749115,207446
206.23515,126.19306,207452
205.95032,126.45942,207460
205.95032,126.45942,207470
205.95032,126.45942,207479
205.95032,126.8494,207488
205.83904,126.91222,207499
205.45073,126.87604,207508
204.80356,126.82001,207518
204.5528,126.82001,207527
204.44647,126.82001,207535
204.44647,126.82001,207546
204.83522,126.82001,207556
205.35376,126.82001,207566
205.74318,126.81257,207575
206.2623,126.78284,207583
206.78142,126.75312,207591
207.17076,126.73083,207599
207.40935,126.42234,207607
207.72745,126.01102,207615
208.04555,125.5997,207624
208.19315,125.40004,207633
208.42778,125.11978,207643
208.81729,124.775314,207652
209.02994,124.442825,207661
209.02994,124.36506,207669
209.02994,124.34259,207678
209.02994,124.32475,207685
209.02994,124.31102,207692
209.02994,124.29773,207700
209.03146,124.26686,207708
209.05037,124.1833,207715
209.33882,123.966415,207723
209.85028,123.97998,207730
211.03915,124.02475,207826
211.03915,124.02475,207835
211.03915,124.02475,207845
211.42912,124.02475,207853
211.69316,124.24447,207864
211.82338,124.65388,207874
211.82,124.91361,207883
211.82,124.91361,207895
211.82,124.91361,207904
212.21008,124.91361,207912
212.8566,124.97344,207922
213.50243,125.046646,207932
213.88995,125.09033,207939
214.53583,125.163155,207948
214.79417,125.17999,207957
215.31413,125.17999,207966
215.83406,125.18,207975
216.48395,125.18,207983
217.08876,124.96811,207991
217.32619,124.86217,208000
216.99156,124.6619,208008
216.54538,124.39489,208018
216.06401,124.198265,208026
215.58264,124.00165,208034
215.22162,123.85419,208041
214.70174,123.8446,208050
214.05188,123.8326,208058
213.532,123.82302,208065
212.88216,123.82,208074
212.36238,123.82,208083
211.71313,123.82,208091
211.45424,123.82001,208099
210.93433,123.82001,208107
210.41443,123.82001,208114
209.76465,123.82,208121
209.245,123.82001,208128
208.59695,123.82001,208136
208.1908,123.661476,208143
207.71736,123.21614,208150
207.19905,123.17464,208159
206.55115,123.12275,208170
205.90326,123.07086,208179
205.38495,123.02935,208186
204.86662,122.98785,208193
204.21873,122.93596,208202
203.83,122.90482,208212
203.49402,122.70683,208220
203.04604,122.44285,208228
202.82205,122.31085,208237
202.5067,122.08143,208244
201.98111,121.69905,208250
201.39845,121.82832,208256
201.27907,121.87976,208263
201.27907,121.87976,208342
201.27907,121.87976,208349
201.27907,121.87976,208443
201.46317,121.69619,208451
201.93816,121.48461,208459
202.41313,121.27303,208467
202.8881,121.061455,208477
203.24435,120.90277,208488
203.57228,120.82005,208496
203.57228,120.82005,208599
203.57228,120.82005,208607
203.57228,120.82005,208617
204.09225,120.82005,208625
204.09155,120.31677,208635
204.03792,119.8387,208646
204.02003,119.26395,208656
204.02003,119.179115,208664
204.02003,119.179115,208672
204.08455,118.66316,208680
204.14906,118.1472,208687
204.18,117.63226,208694
204.18,117.42247,208702
204.2849,117.25054,208710
204.87749,117.17999,208716
205.00592,117.17999,208723
205.00592,117.17999,208730
204.61984,117.17999,208737
204.4128,117.17999,208745
204.19646,117.36431,208752
204.18,118.00255,208759
204.18,118.64989,208766
204.18,119.16669,208772
204.18608,119.61522,208779
204.54372,119.97488,208787
205.03342,120.40225,208794
205.21931,120.68382,208801
205.49152,120.96308,208808
206.03593,121.521614,208816
206.48961,121.98705,208823
206.9433,122.45249,208831
207.2155,122.73175,208839
207.22961,123.121475,208847
207.27669,124.42056,208944
207.27669,124.42056,208953
207.40613,124.43262,208962
207.31444,124.524765,208969
207.05743,124.48547,208976
206.92108,124.98725,208983
206.82002,125.36358,208993
206.82002,125.574234,209003
206.63287,125.80484,209013
206.12732,125.82001,209022
205.99947,125.82001,209032
205.99947,125.82001,209042
205.87064,126.32377,209051
205.82004,126.44091,209057
205.82004,126.55287,209066
205.75464,126.70528,209075
205.20564,126.82001,209084
204.6871,126.82001,209091
204.6871,126.82001,209099
204.6871,126.82001,209110
204.29712,126.82001,209117
204.16713,126.82001,209127
204.16316,126.43655,209137
204.18,126.04954,209145
204.18,126.04954,209157
204.18,126.04954,209164
204.18,126.56951,209172
204.18,126.69951,209180
204.18,126.69951,209189
204.46722,126.83075,209197
205.11638,126.82001,209207
205.37521,126.82001,209216
205.89452,126.8028,209226
206.41365,126.77347,209232
207.06259,126.7368,209240
207.3153,126.43978,209247
207.82074,125.84575,209253
208.07344,125.54873,209260
208.20743,125.34812,209269
208.4773,125.07484,209279
208.86705,124.730644,209288
209.02994,124.41119,209296
209.02994,124.3456,209304
209.02994,124.32729,209312
209.02994,124.31275,209321
209.02994,124.30157,209330
209.03036,124.2818,209339
209.03795,124.22573,209347
209.12106,124.06753,209356
209.54214,123.97997,209366
210.96918,123.988976,209461
210.96918,123.988976,209468
210.96918,123.988976,209476
211.35916,123.988976,209483
211.63669,124.20304,209491
211.82599,124.53215,209497
211.82,124.92181,209506
211.82,124.92181,209517
211.82,124.92181,209527
212.33998,124.92181,209536
212.59941,124.93386,209543
212.15704,124.66057,209552
211.84445,124.42741,209561
211.62048,124.190315,209570
211.14252,124.169525,209579
210.81584,123.96878,209585
210.186,123.97998,209590
209.71942,123.97997,209596
209.1083,123.8973,209603
208.59496,123.820015,209610
208.18884,123.6594,209617
208.09415,123.57035,209624
207.71535,123.21414,209632
207.26727,122.74365,209639
206.91321,122.36284,209647
206.47038,121.88706,209653
206.02756,121.411285,209659
205.58473,120.93551,209666
205.39828,120.8123,209675
205.12158,120.56702,209684
204.78043,120.17461,209692
204.60985,119.9784,209701
204.42975,119.81379,209709
204.2173,119.697426,209717
204.2173,119.697426,209725
204.2173,119.697426,209732
204.2173,119.697426,209739
204.2173,119.697426,209830
204.2173,119.697426,209839
204.2173,120.0874,209846
203.91818,120.467636,209853
203.74117,120.72779,209860
203.74117,120.72779,209960
203.74117,120.72779,209971
203.74117,120.72779,209981
204.26114,120.72779,209990
204.20901,120.24075,209998
204.02689,119.753716,210005
204.02003,119.20311,210012
204.0837,118.68705,210018
204.16327,118.04197,210025
204.18,117.65568,210033
204.18,117.441185,210042
204.21664,117.34017,210050
204.69524,117.17999,210057
204.95328,117.17999,210063
204.95328,117.17999,210071
204.95328,117.17999,210082
204.95328,117.17999,210091
204.69551,117.17999,210100
204.3764,117.18921,210107
204.16898,117.458305,210115
204.18,118.107506,210123
204.18,118.6254,210133
204.18,119.27128,210140
204.18,119.593185,210147
204.52536,119.95511,210154
205.01382,120.383896,210162
205.20578,120.661415,210169
205.56801,121.03446,210178
206.11134,121.59404,210186
206.47357,121.96709,210193
206.92636,122.433395,210200
207.19803,122.71318,210209
207.21378,123.102844,210219
207.26628,124.40172,210313
207.26628,124.40172,210321
207.39513,124.41903,210330
207.83131,124.13601,210338
208.15846,123.92374,210344
208.66035,124.05967,210351
209.07625,124.132706,210357
209.30482,123.96939,210364
209.94418,123.97998,210370
211.01428,124.00697,210456
211.01428,124.00697,210463
211.01428,124.00697,210471
211.53426,124.00697,210478
211.74202,124.25506,210486
211.82195,124.72095,210493
211.82,124.98062,210500
211.82,124.98062,210509
211.82,124.98062,210517
211.82,124.98062,210524
211.82,124.72088,210531
211.82004,124.489456,210538
211.77216,124.318375,210546
211.39998,124.17998,210555
211.12903,124.1371,210563
210.84424,123.96637,210572
210.33789,123.97998,210581
209.85329,123.97998,210591
209.49344,123.97998,210601
208.98164,123.888054,210608
208.59781,123.82002,210615
208.1744,124.12184,210623
207.85683,124.3482,210631
207.38736,124.57173,210638
207.0057,124.49159,210645
206.91983,124.872,210651
206.82002,125.37921,210658
206.82002,125.58646,210664
206.6066,125.81563,210671
206.09491,125.82001,210681
206.09491,125.82001,210691
206.09491,125.82001,210699
206.09491,126.20999,210708
205.90318,126.51558,210717
205.80817,126.604294,210727
205.67404,126.7819,210735
205.1786,126.82,210744
204.66025,126.82001,210752
204.66025,126.82001,210760
204.66025,126.82001,210769
204.27026,126.82001,210777
204.14027,126.82001,210786
204.18,126.302315,210795
204.18,126.044464,210803
204.18,126.044464,210812
204.18,126.044464,210821
203.78992,126.044464,210829
203.28014,125.9559,210837
202.64716,125.82002,210845
202.26791,125.78765,210854
201.76431,125.65819,210863
201.26073,125.528725,210872
201.00893,125.46399,210880
201.00893,125.46399,210888
200.9401,124.94859,210898
200.87126,124.43319,210905
200.78523,123.78894,210911
200.82,123.29994,210919
201.05579,122.70781,210925
201.35036,122.128426,210935
201.58598,121.6649,211022
201.58598,121.6649,211029
201.58598,121.6649,211129
201.58598,121.6649,211138
202.10596,121.6649,211144
202.55707,121.4436,211151
203.09225,121.074776,211158
203.30632,120.927246,211166
203.61803,120.81399,211173
203.61803,120.81399,211267
203.61803,120.81399,211276
203.61803,120.81399,211286
204.008,120.81399,211294
204.02963,120.30543,211299
204.02003,119.73302,211305
204.02003,119.18956,211312
204.02003,119.18956,211322
204.02003,119.18956,211330
204.02003,118.669586,211338
204.12027,118.02937,211346
204.17998,117.64671,211355
204.17998,117.43395,211363
204.3456,117.206215,211371
204.9739,117.17999,211378
204.9739,117.17999,211389
204.9739,117.17999,211398
204.9739,117.17999,211408
204.71596,117.17999,211417
204.39536,117.18257,211424
204.22952,117.31045,211432
204.18,117.926704,211440
204.18001,118.44548,211448
204.17998,118.83104,211455
204.18,119.21903,211462
204.18,119.561195,211470
204.39726,119.842995,211478
204.78812,120.18594,211483
205.08125,120.44315,211491
205.19325,120.63039,211500
205.44884,120.91939,211507
205.99352,121.47765,211515
206.3564,121.85007,211522
206.90073,122.408676,211530
207.1729,122.68798,211538
207.19096,123.07754,211547
207.25124,124.376076,211645
207.25124,124.376076,211652
207.5068,124.42387,211660
207.40222,124.50109,211668
207.014,124.46416,211675
206.89859,124.97116,211682
206.82002,125.35142,211689
206.82002,125.56453,211696
206.65349,125.794304,211704
206.15408,125.82001,211712
206.02592,125.82001,211721
206.02592,125.82001,211730
205.88126,126.31945,211737
205.82005,126.55176,211746
205.82005,126.55176,211754
205.75606,126.70335,211762
205.33955,126.8213,211770
204.82048,126.82001,211778
204.69113,126.82001,211788
204.69113,126.82001,211798
204.5667,126.82001,211808
204.45888,126.82001,211818
204.24081,126.704155,211826
204.17998,126.10231,211832
204.18,125.974266,211839
204.18,125.974266,211851
204.18,126.361015,211860
204.18,126.47722,211871
204.18,126.579094,211883
204.36514,126.804115,211892
204.87439,126.82001,211902
205.39265,126.82,211912
205.78209,126.80588,211920
206.30128,126.77761,211928
206.8205,126.74936,211937
207.0801,126.73523,211945
207.3307,126.43643,211953
207.66486,126.03803,211962
207.999,125.63964,211970
208.17377,125.44715,211980
208.38583,125.160515,211989
208.77464,124.81527,211999
209.02994,124.40976,212007
209.02994,124.34,212016
209.02994,124.32293,212024
209.02994,124.30933,212031
209.02994,124.29887,212038
209.031,124.27202,212044
209.06007,124.1591,212052
209.4282,123.97998,212060
210.94879,123.985275,212145
210.94879,123.985275,212153
211.04945,123.903015,212160
211.47235,124.17994,212167
211.81366,124.387184,212175
211.82,125.03254,212181
211.82,125.03254,212191
211.82,125.03254,212201
211.82,125.03254,212209
211.82,124.64299,212216
211.82,124.423615,212223
211.69713,124.235,212231
211.13889,124.16054,212239
210.91339,123.97294,212246
210.28236,123.97997,212253
209.69643,123.97997,212261
209.21707,123.91699,212270
208.70392,123.83301,212278
208.26729,123.72687,212285
207.79214,123.28336,212293
207.50706,123.017265,212302
207.11731,123.003845,212310
206.59764,122.985954,212318
206.07797,122.96806,212327
205.55832,122.95017,212335
204.90872,122.92781,212342
204.25914,122.90544,212348
203.73949,122.88755,212356
203.40817,122.68183,212363
202.85599,122.33897,212370
202.43611,122.03227,212378
202.0162,121.72557,212385
201.42604,121.835846,212393
201.18344,121.92932,212400
201.18344,121.92932,212492
201.18344,121.92932,212499
201.18344,121.92932,212591
201.4726,121.667656,212598
201.94966,121.46082,212605
202.546,121.20228,212612
203.14233,120.94373,212619
203.58728,120.820045,212628
203.58728,120.820045,212731
203.58728,120.820045,212738
203.58728,120.820045,212746
204.10725,120.820045,212753
204.10258,120.31781,212760
204.03815,119.83722,212769
204.02003,119.36426,212778
204.02003,119.17826,212787
204.02003,119.17826,212795
204.08458,118.66231,212805
204.14912,118.146355,212813
204.18,117.63143,212820
204.18,117.421814,212829
204.28584,117.24967,212837
204.7502,117.17999,212845
205.0077,117.17999,212857
205.0077,117.17999,212868
205.0077,117.17999,212878
205.0077,117.17999,212889
204.6216,117.17999,212897
204.41415,117.17999,212903
204.19806,117.36103,212911
204.18,117.99824,212919
204.18,118.64564,212928
204.18,119.1637,212937
204.1851,119.61246,212946
204.54135,119.972435,212953
205.03091,120.399956,212960
205.21764,120.681335,212968
205.5805,121.05375,212975
206.03412,121.519264,212982
206.57843,122.07789,212989
207.03203,122.5434,212997
207.14075,123.15617,213004
207.18126,124.32541,213092
207.18126,124.32541,213097
207.43292,124.3907,213103
207.34372,124.48526,213108
206.9549,124.45511,213114
206.86613,124.967445,213123
206.82002,125.3517,213133
206.70998,125.74908,213142
206.33018,126.10422,213151
206.04533,126.370575,213159
205.9504,126.459366,213169
205.9504,126.459366,213179
205.8568,126.549576,213188
205.78787,126.64833,213198
205.45654,126.82224,213207
204.93723,126.82,213215
204.67831,126.8201,213225
204.5543,126.82003,213237
204.5543,126.82003,213247
204.94392,126.82001,213257
205.33273,126.8201,213266
205.72217,126.812645,213275
206.2413,126.783264,213283
206.76045,126.7539,213290
207.14981,126.73188,213299
207.39128,126.425644,213309
207.79372,125.91525,213316
208.03519,125.609024,213324
208.1912,125.41127,213333
208.41869,125.13102,213341
208.80756,124.78584,213351
209.02994,124.450905,213360
209.02994,124.37014,213369
209.02994,124.34659,213378
209.02994,124.32789,213386
209.02994,124.3135,213392
209.02994,124.2997,213399
209.03073,124.27566,213406
209.05052,124.18304,213412
209.32985,123.96681,213418
209.96854,123.97998,213426
211.03284,124.019714,213536
211.03284,124.019714,213543
211.03284,124.019714,213552
211.42282,124.019714,213560
211.68709,124.24017,213568
211.82516,124.64124,213576
211.82,125.030716,213585
211.82,125.030716,213598
211.82,125.030716,213610
212.33998,125.030716,213619
212.9885,125.0696,213628
213.50706,125.10779,213635
214.1553,125.155235,213643
214.67381,125.17999,213650
215.32298,125.18,213659
215.84291,125.18,213669
216.4928,125.18,213679
217.14262,125.18,213688
217.79234,125.18,213695
217.76863,124.970245,213707
217.41847,124.79857,213716
216.95158,124.569664,213724
216.60143,124.39799,213731
216.11795,124.206635,213738
215.63446,124.01528,213745
215.27185,123.871765,213753
214.88197,123.862976,213761
214.23216,123.848335,213768
213.58237,123.83369,213776
212.93256,123.82001,213783
212.28284,123.82,213792
211.76343,123.82,213798
211.50433,123.820015,213806
211.1144,123.82001,213815
210.46451,123.82001,213824
209.94467,123.82001,213833
209.29503,123.82001,213843
208.64664,123.82001,213853
208.42186,123.82001,213864
208.18036,123.59529,213872
208.18,123.07694,213957
208.18,123.07694,213966
208.18,123.07694,214071
208.18,123.07694,214081
208.18,123.46693,214090
208.18,124.37688,214177
208.18,124.37688,214185
207.92381,124.42124,214194
207.43134,124.58807,214202
207.0505,124.504074,214209
206.94885,124.88057,214216
206.82002,125.38257,214226
206.82002,125.58904,214235
206.69588,125.76598,214243
206.08829,125.82001,214252
206.08829,125.82001,214264
206.08829,125.82001,214274
206.08829,126.209984,214281
205.89798,126.51711,214288
205.80353,126.60643,214296
205.66861,126.785446,214305
205.04117,126.82,214314
204.65268,126.8201,214322
204.65268,126.8201,214333
204.65268,126.8201,214346
204.2627,126.8201,214356
204.1327,126.8201,214367
204.17197,126.4321,214376
204.17998,126.044914,214386
204.17998,126.044914,214398
204.17998,126.044914,214409
203.66,126.044914,214418
203.15271,125.94629,214426
202.64964,125.82003,214434
202.44043,125.82003,214440
202.23187,125.69245,214447
202.18,125.082756,214454
202.18,124.69803,214465
202.18,124.69803,214474
202.18,124.69803,214485
202.18,124.178055,214494
202.68655,124.179985,214503
202.94264,124.179985,214512
202.94264,124.179985,214521
202.94264,124.179985,214530
202.94264,123.66001,214537
203.28795,123.14125,214544
203.39674,122.65473,214552
203.43864,122.00612,214561
203.47307,121.48728,214569
203.50749,120.96845,214577
203.66463,120.77745,214588
203.8287,120.558105,214597
203.90295,120.103004,214607
204.03111,119.88497,214615
204.02003,119.40582,214623
204.02,118.91085,214632
204.02,118.392586,214640
203.98618,117.874664,214649
203.93117,117.22703,214659
203.89835,116.838425,214667
203.8546,116.3203,214675
203.82002,115.80217,214683
203.82,115.4158,214690
203.82,115.4158,214699
203.82,115.4158,214707
203.82,114.89583,214716
203.81999,114.37592,214722
203.82,113.72614,214729
203.81999,113.20639,214735
203.82,112.42711,214741
203.81999,111.77924,214747
203.82,111.260666,214756
203.82,110.61091,214765
203.81999,109.96129,214772
203.82,108.79617,214849
203.82,108.79617,214855
203.82,108.66781,214861
203.75795,108.29222,214868
203.30402,108.119514,214875
202.67072,107.973366,214881
201.91185,107.793175,214888
201.15294,107.61319,214894
201.02646,107.58319,214902
201.02646,107.58319,214910
200.96289,107.067116,214919
200.89932,106.55104,214927
200.82,105.90595,214935
200.82,105.44329,214944
200.74593,105.28346,214953
200.05777,105.17999,214960
199.92938,105.17999,214967
199.92938,105.17999,214976
199.40948,105.18,214983
198.75964,105.18,214990
198.1099,105.18,214996
197.46024,105.17999,215003
196.81094,105.17999,215009
196.16383,105.17999,215015
195.41086,105.002106,215022
194.7857,104.82421,215028
194.17444,104.60328,215036
194.29395,104.65473,215042
194.8094,104.58638,215050
195.9692,104.432594,215125
195.89116,104.0505,215132
196.41,104.0162,215140
197.05855,103.97331,215148
197.7071,103.930435,215155
198.35565,103.88756,215162
199.00421,103.84467,215170
199.39334,103.82001,215178
199.91321,103.82001,215185
200.30287,103.82001,215192
200.42548,103.82001,215202
200.81502,103.80744,215211
201.46426,103.77673,215218
201.98366,103.75229,215225
202.6329,103.72174,215232
203.28215,103.691185,215239
203.67213,103.69012,215246
204.45209,103.68797,215254
205.10205,103.68619,215260
205.88202,103.68405,215266
206.53198,103.68227,215273
207.05196,103.68084,215280
207.40488,103.29898,215287
207.75781,102.91712,215293
207.89056,102.41438,215300
207.92377,102.2887,215373
207.92377,102.2887,215380
207.92865,102.4186,215388
208.09378,103.04724,215396
208.17998,103.42442,215404
208.17998,103.42442,215490
208.17998,103.42442,215496
208.17998,103.42442,215505
208.17998,103.81441,215513
208.69868,103.90821,215523
209.21802,103.88302,215530
209.86685,103.85591,215537
210.51624,103.828674,215544
210.90585,103.8201,215552
210.90585,103.8201,215561
210.90585,103.8201,215569
211.29584,103.8201,215577
211.4826,103.937035,215586
211.62962,104.15147,215594
211.80287,104.36248,215602
211.82,104.871925,215610
211.82,105.001724,215621
211.82,105.001724,215632
211.8201,104.61215,215641
211.8188,104.39019,215648
211.63092,104.19408,215654
211.12422,104.12797,215661
210.67926,103.97998,215668
210.04865,103.97998,215676
209.59534,103.97998,215686
209.33061,103.97998,215696
208.96585,104.29746,215706
208.69136,104.739075,215712
208.48549,105.07029,215718
208.30547,105.23481,215726
208.08194,105.6772,215735
207.7979,106.4036,215742
207.56056,107.00868,215749
207.46562,107.25072,215756
206.88158,107.53595,215764
206.29755,107.82118,215774
205.7135,108.106415,215781
205.4083,108.17995,215788
205.4083,108.17995,215871
205.4083,108.17995,215878
205.4083,108.17995,215886
205.92827,108.17995,215895
206.52203,107.944824,215902
207.10176,107.65092,215909
207.3314,107.18441,215918
207.56107,106.717896,215927
207.84813,106.13476,215935
208.07779,105.66825,215941
208.17995,105.455826,215948
208.47385,105.07989,215957
208.95428,104.64212,215964
209.02994,104.29957,215971
209.06932,104.139755,215979
209.36725,103.9675,215988
209.88121,103.97998,215996
210.51392,103.97998,216006
210.98024,103.98801,216015
211.3299,104.137085,216023
211.66266,104.20538,216032
212.03554,104.31961,216041
212.657,104.50999,216051
213.15417,104.662285,216057
213.77563,104.85267,216064
214.3971,105.043045,216072
214.76997,105.15727,216078
215.28984,105.16773,216084
215.93967,105.17999,216090
216.58945,105.17999,216096
217.23909,105.17999,216103
217.75859,105.17999,216110
218.2774,105.18,216117
218.66379,105.17998,216124
219.18346,105.18,216130
219.83252,105.17999,216138
220.3493,105.17999,216146
220.675,105.21445,216153
220.82712,105.58689,216162
220.82,106.10678,216172
220.81999,106.75664,216180
220.8201,107.276215,216185
220.8201,107.276215,216195
220.8201,107.276215,216204
220.8201,107.276215,216214
220.8201,107.276215,216222
220.82,106.75628,216230
220.82,106.23638,216236
220.8201,105.71673,216244
220.81404,105.37893,216252
220.55113,105.17019,216261
220.1615,105.17999,216270
219.64236,105.18,216278
219.12592,105.179985,216286
218.60602,105.18,216294
217.95618,105.18,216303
217.43636,105.18,216312
216.9166,105.18,216321
216.2671,105.18,216329
215.74806,105.17999,216338
215.2326,105.17999,216345
214.72557,105.06477,216353
214.09175,104.92075,216360
213.5847,104.805534,216369
212.9509,104.661514,216376
212.19032,104.488686,216384
211.83487,104.336205,216393
211.57002,104.174835,216401
211.10455,104.09801,216408
210.73215,103.97998,216415
210.09935,103.97998,216421
209.54405,103.97998,216428
209.30956,103.9802,216438
208.94553,104.32586,216447
208.67197,104.76805,216455
208.53519,104.98915,216462
208.37553,105.19435,216469
207.90494,105.415504,216478
207.43108,105.629585,216488
206.95723,105.84367,216494
206.3649,106.111275,216502
206.01541,106.284325,216507
205.31645,106.63044,216516
204.734,106.91886,216524
204.15152,107.20728,216532
203.80203,107.38033,216538
203.30621,107.53694,216544
202.81038,107.69355,216552
202.43399,107.79559,216561
201.93213,107.93165,216569
201.42926,108.063934,216576
201.05211,108.16315,216663
201.05211,108.16315,216670
201.05211,108.16315,216678
201.57208,108.16315,216684
202.22159,108.18,216689
202.87036,108.17999,216696
203.25743,108.17999,216705
203.583,108.17999,216715
203.583,108.17999,216812
203.583,108.17999,216819
203.583,108.17999,216828
203.06302,108.17999,216835
202.77148,107.97628,216842
202.41457,107.59817,216849
201.9684,107.12552,216855
201.58269,106.60382,216861
201.2118,106.07005,216869
200.91505,105.64308,216877
200.82005,105.443146,216887
200.67775,105.22076,216895
199.92896,105.17999,216983
199.92896,105.17999,216990
199.92896,105.17999,216997
200.57892,105.17999,217004
200.70891,105.17999,217011
201.09201,105.25292,217018
201.85822,105.39879,217024
202.369,105.49603,217030
202.87679,105.38406,217038
203.38457,105.2721,217046
204.01929,105.13214,217054
204.52705,105.02018,217063
204.87958,104.85341,217072
206.05466,104.297516,217164
206.05466,104.297516,217170
205.59485,104.5403,217176
205.02008,104.84379,217182
205.60205,104.55434,217189
206.184,104.26489,217196
206.76596,103.97545,217202
207.11514,103.80178,217209
207.63512,103.80105,217215
208.15509,103.800316,217224
208.64781,103.96642,217234
209.0978,104.10226,217243
209.54095,103.97998,217253
210.18103,103.97998,217262
210.67892,103.97998,217273
211.0205,104.00934,217280
211.38843,104.138626,217289
211.60321,104.17995,217296
211.60321,104.17995,217305
211.99083,104.13709,217314
212.63686,104.065674,217322
213.28288,103.99425,217329
213.79971,103.93711,217337
214.44574,103.86569,217347
214.83336,103.82284,217355
215.22334,103.82064,217364
215.7433,103.82,217372
216.39325,103.82,217381
217.04318,103.82,217391
217.56311,103.82,217401
218.21295,103.82,217409
218.60263,103.8201,217418
219.12257,103.82,217426
219.64249,103.82,217433
220.29214,103.82,217441
220.54088,103.82,217449
220.64914,103.78725,217458
220.82832,103.47277,217467
220.82,102.95295,217475
220.82,102.303024,217485
220.81999,101.78311,217493
220.82,101.26332,217500
220.82,101.003685,217508
220.82,101.003685,217517
220.81999,101.39347,217525
220.82,101.91305,217532
220.81999,102.43232,217540
220.82002,103.20878,217547
220.82,103.56863,217555
220.74077,103.72233,217566
220.3013,103.82374,217574
219.65144,103.82,217584
219.13187,103.82,217593
218.7419,103.82,217600
218.22194,103.82,217607
217.57199,103.82,217616
217.05203,103.82,217624
216.5321,103.82,217633
216.01219,103.82001,217644
215.49242,103.82,217653
214.84572,103.87712,217664
214.3287,103.9325,217671
213.81163,103.98737,217679
213.29457,104.04225,217685
212.51897,104.12457,217691
211.87262,104.19318,217699
211.50243,104.158554,217706
211.13748,104.1588,217714
210.76299,103.97998,217722
211.00655,103.86162,217730
210.61667,103.85247,217738
209.96715,103.83723,217746
209.44733,103.825035,217754
208.7976,103.82,217763
208.42816,103.82,217770
208.16396,103.518364,217777
208.02351,103.017715,217784
208.0115,102.49788,217795
208.0055,102.23796,217804
208.0055,102.23796,217897
208.0055,102.23796,217903
207.48552,102.23796,217910
207.4885,102.01455,217917
207.7688,102.45251,217925
208.02216,103.04859,217933
208.15964,103.413536,217942
208.15964,103.413536,218031
208.15964,103.413536,218038
208.15964,103.413536,218047
207.76965,103.413536,218056
207.39902,103.87448,218065
207.08475,104.44337,218074
206.76746,105.01062,218081
206.45023,105.57792,218089
206.19644,106.03175,218098
206.04007,106.389015,218107
205.77945,106.98444,218116
205.51883,107.57987,218123
205.51883,107.57987,218211
205.51883,107.57987,218222
205.51883,107.57987,218230
205.51883,107.57987,218237
206.0388,107.57987,218244
206.68877,107.57987,218251
206.81877,107.57987,218338
206.78902,107.70641,218346
206.30548,107.89767,218352
205.70108,108.13673,218358
205.39326,108.18428,218366
205.39326,108.18428,218452
205.39326,108.18428,218461
205.39326,108.18428,218469
205.78123,108.17444,218476
206.38495,107.96122,218484
206.85867,107.74685,218493
207.09554,107.63966,218500
207.26927,107.29052,218507
207.55882,106.70861,218514
207.84836,106.12669,218521
208.08,105.66116,218611
208.08,105.66116,218619
208.08,105.66116,218629
208.08,105.14119,218636
208.5898,105.11352,218643
208.97217,105.17998,218652
208.97217,105.17998,218660
208.97217,105.17998,218668
208.97217,105.17998,218675
208.97217,105.17998,218683
209.0854,104.809364,218691
208.82799,104.38734,218699
208.51265,103.9739,218708
208.42792,103.87532,218714
208.2071,103.658226,218720
208.02914,103.0331,218727
207.99724,102.388115,218734
207.99817,102.258125,218741
207.99817,102.258125,218817
207.99817,102.258125,218827
207.99817,102.258125,218835
207.96568,102.516075,218845
208.09315,103.02018,218854
208.17998,103.39826,218952
208.17998,103.39826,219046
208.17998,103.39826,219052
208.17998,103.39826,219059
208.17998,103.918236,219065
208.69266,104.09145,219072
209.31006,103.961105,219079
210.0867,103.89695,219087
210.73422,103.84055,219095
210.99323,103.82001,219103
210.99323,103.82001,219112
211.32198,104.0298,219122
211.63988,104.1924,219132
211.8266,104.530426,219140
211.82,105.049835,219147
211.82,105.049835,219157
211.82,105.049835,219166
211.82,105.049835,219174
211.82,104.66019,219183
211.82,104.43143,219192
211.5874,104.178314,219200
211.13628,104.15431,219206
210.75227,103.97997,219214
210.24374,103.97998,219221
209.65079,103.97998,219228
209.35486,103.97998,219235
209.01889,104.20764,219242
208.60844,104.87087,219250
208.38074,105.186874,219257
208.1261,105.56402,219267
207.93779,106.04868,219276
207.7002,106.65367,219284
207.46262,107.25866,219293
206.9948,107.485634,219302
206.52698,107.712616,219311
205.94221,107.99633,219319
205.7083,108.10982,219327
205.40268,108.18143,219336
205.40268,108.18143,219421
205.40268,108.18143,219429
205.40268,108.18143,219440
204.8827,108.18143,219450
204.84688,108.6928,219458
204.95203,109.33412,219464
205.04958,109.97673,219470
205.14732,110.6193,219476
205.18,111.1314,219482
205.10255,111.64558,219489
205.0251,112.15975,219497
204.9283,112.80247,219505
204.85086,113.31664,219513
204.79279,113.70228,219522
204.71886,114.21697,219530
204.64493,114.73166,219538
204.5895,115.11768,219545
204.51556,115.63237,219553
204.49242,116.02167,219561
204.45384,116.67049,219571
204.43842,116.930016,219583
204.34084,117.171,219591
204.18446,117.393265,219598
204.18001,118.038864,219606
204.18,118.55668,219614
204.18,119.074394,219622
204.18,119.331856,219630
204.20006,119.64741,219638
204.20006,119.64741,219647
203.982,120.119446,219656
203.87296,120.35546,219664
203.79991,120.64413,219672
203.41104,120.96621,219680
202.34909,121.715935,219775
202.34909,121.715935,219783
202.47273,121.94464,219793
202.13046,122.13156,219800
201.67412,122.38078,219808
201.21776,122.630005,219817
200.98958,122.754616,219826
200.88737,123.13097,219835
200.82004,123.58472,219844
200.82004,123.58472,219951
200.82004,123.58472,219959
200.82004,123.58472,219968
201.21002,123.58472,219976
201.55449,124.0584,219983
201.77242,124.530495,219990
202.10104,125.23785,219999
202.20255,125.650185,220010
202.4063,125.81995,220019
202.92308,125.82001,220028
203.30936,125.82001,220037
203.30936,125.82001,220049
203.30936,125.82001,220060
203.30936,126.33998,220070
203.69559,126.52393,220079
203.95308,126.55991,220089
204.07405,126.607506,220097
204.07405,126.607506,220105
204.19038,126.665504,220114
204.55681,126.82041,220123
205.20583,126.82001,220131
205.85442,126.80504,220139
206.50333,126.76817,220146
207.15227,126.731674,220154
207.47379,126.32302,220163
207.87569,125.8122,220173
208.03644,125.60787,220183
208.19145,125.40989,220194
208.41975,125.12961,220202
208.90598,124.698265,220212
209.02992,124.39056,220220
209.06847,124.128685,220227
209.20259,124.0147,220234
209.57022,123.93592,220241
210.99335,123.82001,220334
210.99335,123.82001,220342
210.99335,123.82001,220433
210.99335,123.82001,220442
211.51332,123.82001,220449
211.73886,124.198105,220456
211.81999,124.665054,220466
211.82,124.92481,220476
211.82,124.92481,220485
211.82,124.92481,220494
211.82,124.92481,220504
211.82,124.561134,220514
211.73337,124.26813,220522
211.42883,124.17589,220528
211.10191,124.09508,220535
210.60555,123.97997,220542
209.98473,123.97997,220549
209.5665,123.97997,220556
209.24435,123.98613,220564
208.92659,124.35346,220572
208.51048,125.01315,220677
208.51048,125.01315,220686
208.51048,125.01315,220697
208.1205,125.01315,220706
207.85538,125.37897,220714
207.67519,125.86673,220722
207.49503,126.35449,220730
206.93701,126.56152,220737
206.2958,126.667885,220745
205.91107,126.731705,220752
205.45328,126.821106,220759
204.80435,126.82001,220766
204.67506,126.82001,220774
204.67506,126.82001,220783
204.55116,126.82001,220792
204.44502,126.82001,220799
204.21974,126.67631,220807
204.18,126.18483,220816
204.18,126.056114,220824
204.18,126.056114,220833
203.82419,125.89648,220842
203.18675,125.82,220851
202.67056,125.8201,220859
202.45708,125.82005,220868
202.26231,125.72646,220876
202.18,125.14811,220883
202.17998,124.636024,220892
202.17998,124.636024,220998
202.17998,124.636024,221007
202.17998,124.636024,221016
202.17998,124.24605,221026
202.5571,124.08539,221033
202.93422,124.17998,221041
202.93422,124.17998,221052
202.93422,124.17998,221060
202.93422,123.659996,221069
203.2823,123.14374,221077
203.39258,122.65789,221084
203.43584,122.00937,221091
203.48022,121.360916,221101
203.50685,120.97185,221109
203.66249,120.778206,221116
203.8221,120.4327,221124
203.95117,120.05873,221132
204.02003,119.643425,221139
204.02003,119.21118,221147
204.02,118.692566,221157
204.00803,118.17453,221166
203.9639,117.65643,221174
203.92091,117.13824,221182
203.87788,116.62005,221190
203.83487,116.10186,221198
203.82,115.45578,221207
203.82,115.45578,221218
203.82,115.45578,221227
203.82,114.93581,221235
203.82,114.41591,221242
203.81999,113.76612,221249
203.82,113.11646,221256
203.82,112.33727,221263
203.82002,111.690094,221270
203.82,111.04235,221277
203.82,110.392624,221285
203.81999,109.74309,221292
203.82,108.964775,221299
203.82,108.7069,221307
203.81946,108.41258,221315
203.36209,108.137535,221323
202.85532,108.021545,221331
202.22322,107.87016,221338
201.59111,107.71889,221344
201.0854,107.59787,221351
200.95898,107.56762,221357
200.95898,107.56762,221363
200.923,107.1793,221370
200.86304,106.532104,221376
200.82002,105.88502,221383
200.82,105.41923,221391
200.62593,105.19202,221400
199.98853,105.17999,221482
199.98853,105.17999,221490
199.98853,105.17999,221499
199.33855,105.17999,221506
199.46556,105.17999,221513
199.98434,105.18,221520
200.37059,105.179985,221528
200.57976,105.179985,221535
200.89784,105.51897,221540
201.23273,106.07603,221547
201.56763,106.63308,221555
201.83105,106.92063,221562
202.2701,107.399895,221568
202.79578,107.776184,221575
203.23366,108.05662,221581
203.65108,108.202,221589
203.83067,108.51869,221596
203.82,109.167984,221603
203.82,109.81761,221611
203.82,110.337036,221617
203.82002,111.11297,221624
203.81999,111.63287,221632
203.82,112.15275,221640
203.82,112.802536,221647
203.82,113.45221,221654
203.82,113.971794,221663
203.82,114.49084,221671
203.82002,115.00631,221680
203.88687,115.39052,221687
203.99829,116.03087,221694
204.10971,116.67121,221701
204.19884,117.18349,221709
204.16977,117.56196,221715
204.18,118.21103,221722
204.18,118.855934,221729
204.18,119.37171,221740
204.18,119.58065,221752
204.4174,119.857765,221761
204.80759,120.20147,221769
205.10022,120.45924,221778
205.19963,120.64941,221784
205.56029,121.023865,221791
206.01277,121.49047,221800
206.37473,121.863785,221811
206.82716,122.33043,221820
207.18912,122.70374,221827
207.57489,123.05238,221834
208.05711,123.48818,221843
208.24359,123.7007,221851
208.77351,123.82,221860
209.29329,123.82,221868
209.94252,123.82001,221875
210.46211,123.82001,221882
210.9803,123.82001,221889
211.37027,123.82,221899
212.02019,123.82,221906
212.5401,123.82001,221913
213.18994,123.82,221920
213.9696,123.82001,221927
214.48898,123.82,221934
214.74805,123.82001,221942
215.24878,123.96017,221950
215.87468,124.13536,221959
216.36726,124.30118,221969
216.9796,124.51915,221977
217.347,124.64993,221987
217.71252,124.78586,221994
218.19989,124.967094,222002
218.68726,125.14832,222009
219.20688,125.167595,222016
219.85634,125.17999,222022
220.37474,125.179985,222031
220.88927,125.104935,222039
221.53242,125.011116,222047
222.15039,124.81646,222055
222.64027,124.64215,222062
223.25287,124.42493,222070
223.74294,124.251144,222078
224.0936,124.080475,222086
224.56113,123.85291,222094
225.02866,123.62534,222103
225.49619,123.39778,222112
225.96373,123.17022,222123
226.31438,122.99955,222131
226.68668,123.11564,222140
227.18307,123.270424,222147
227.92767,123.50261,222155
228.16086,123.612015,222163
228.31172,123.77141,222170
228.9293,123.82,222176
229.57889,123.82001,222183
230.09761,123.82001,222189
230.09761,123.82001,222196
230.09761,123.82001,222202
230.09761,123.82001,222302
230.09761,123.82001,222312
229.57764,123.82001,222322
229.31541,123.980705,222330
229.18156,124.024734,222339
229.23729,123.99812,222348
228.8954,123.89496,222357
228.43347,123.820045,222367
228.20016,123.643135,222376
228.17998,123.141655,222385
228.17998,123.141655,222395
228.17998,123.141655,222406
228.17998,123.53164,222415
228.17998,123.66163,222422
228.53331,123.826256,222429
229.18301,123.82,222436
229.70256,123.82001,222442
230.09148,123.82001,222449
230.59064,123.9656,222456
231.19946,124.08437,222464
231.6244,124.189514,222472
231.80594,124.36915,222480
231.82,124.87821,222488
231.82,125.007324,222496
231.82,125.007324,222504
232.20927,124.9837,222513
232.81166,124.75904,222523
233.16612,124.59645,222532
233.55219,124.54127,222541
234.1956,124.4493,222550
234.71036,124.375725,222557
235.2251,124.302155,222565
235.73659,124.2086,222575
236.24808,124.11505,222584
236.75957,124.0215,222593
237.39893,123.904564,222600
237.78253,123.834404,222611
238.17244,123.82687,222620
238.82228,123.82001,222628
239.47202,123.82,222638
239.86166,123.82001,222647
240.37987,123.82001,222657
240.70822,123.74969,222667
241.13066,123.4465,222676
241.5531,123.14332,222685
241.76433,122.99173,222694
241.76433,122.99173,222704
241.33374,123.28323,222712
240.79552,123.64762,222719
240.48029,123.82999,222727
239.83058,123.82,222735
239.31078,123.82001,222743
238.66144,123.82001,222751
238.27325,123.82001,222760
237.8833,123.82,222768
237.23338,123.82,222776
236.71347,123.82,222784
236.19359,123.82001,222793
235.67375,123.82001,222802
235.02419,123.82,222811
234.50566,123.82001,222822
234.11569,123.82,222831
233.46577,123.82,222841
232.94586,123.82,222846
232.296,123.82,222855
231.77618,123.82,222864
231.25653,123.82001,222872
230.73766,123.82001,222881
230.08904,123.82001,222891
229.43935,123.82001,222901
228.92004,123.82001,222909
228.66122,123.82001,222918
228.44044,123.82001,222928
227.9718,123.60528,222937
227.5093,123.367676,222948
227.04678,123.130066,222957
226.81552,123.01127,222967
226.2958,122.994606,222977
225.77611,122.97795,222987
225.2564,122.961296,222995
224.60677,122.940475,223005
224.08705,122.92381,223014
223.43742,122.90299,223021
222.91772,122.88634,223030
222.42497,123.05239,223038
221.93222,123.21844,223045
221.31628,123.42601,223053
221.06992,123.50903,223063
220.8472,123.643166,223071
220.64099,123.80093,223080
220.00333,123.82001,223087
219.48387,123.82001,223093
219.0955,123.82001,223104
218.57556,123.82,223112
218.05563,123.82,223120
217.40575,123.82001,223130
216.88588,123.82,223137
216.36606,123.82,223144
215.71658,123.82,223151
215.32777,123.8201,223159
215.32777,123.8201,223167
215.32777,123.8201,223178
214.93779,123.8201,223187
214.41785,123.82,223194
213.76794,123.82,223202
213.1181,123.82001,223209
212.59828,123.82,223216
212.0786,123.82001,223224
211.60599,123.82001,223233
211.0931,123.89069,223240
210.70956,123.96137,223247
210.70956,123.96137,223255
210.95341,123.87119,223263
210.95341,123.87119,223269
210.95341,123.87119,223373
210.95341,123.87119,223384
211.3434,123.87119,223392
211.66759,124.20939,223400
211.82526,124.587975,223411
211.82,124.97756,223420
211.82,124.97756,223433
211.82,124.97756,223444
211.82,124.97756,223456
211.82,124.71782,223464
211.82,124.48676,223471
211.76962,124.31441,223478
211.3929,124.17997,223486
211.09409,124.08511,223495
210.70793,123.97997,223504
210.08195,123.97998,223512
209.63553,123.97998,223519
209.20303,124.00173,223527
208.82951,124.51037,223536
208.4817,125.05945,223623
208.4817,125.05945,223630
208.4817,125.05945,223638
207.96173,125.05945,223647
207.72516,125.434586,223654
207.58307,125.93477,223661
207.44098,126.43495,223668
206.9301,126.53175,223675
206.29149,126.652756,223683
205.90833,126.72536,223691
205.58614,126.824974,223698
204.9369,126.82,223705
204.678,126.8201,223714
204.678,126.8201,223724
204.678,126.8201,223732
204.15802,126.8201,223740
204.02803,126.8201,223749
204.10449,126.43769,223757
204.17998,126.055275,223764
204.17998,126.055275,223777
204.17998,126.055275,223789
203.66,126.055275,223797
203.15462,125.93296,223806
202.64923,125.82003,223816
202.44011,125.82003,223824
202.2931,125.75286,223831
202.18,125.21087,223838
202.18,124.69687,223844
202.18,124.69687,223932
202.18,124.69687,223939
202.18,124.69687,223946
202.18,124.30689,223952
202.68687,124.179985,223959
202.94295,124.179985,223967
202.94295,124.179985,223977
202.94295,124.179985,223986
202.94295,123.79001,223994
203.17488,123.3465,224001
203.40681,123.03298,224009
203.43289,122.513664,224019
203.45898,121.99435,224028
203.4916,121.34519,224036
203.50464,121.08553,224044
203.62566,120.85543,224053
203.78143,120.67415,224061
203.85359,120.13316,224069
204.02371,119.77288,224077
204.02002,119.21624,224083
204.02,118.8272,224089
204.00748,118.1797,224095
203.95241,117.53208,224101
203.899,116.884315,224108
203.84554,116.23655,224115
203.82,115.58932,224122
203.82,115.46084,224133
203.82,115.46084,224144
203.82,115.07091,224152
203.82,114.42105,224160
203.82,113.90122,224167
203.82,113.25151,224175
203.81999,112.60201,224181
203.82,111.95339,224189
203.82,111.567184,224197
203.82,111.047325,224205
203.82,110.52753,224212
203.81999,110.00783,224218
203.82,109.22884,224228
203.82002,108.7118,224237
203.78284,108.3283,224245
203.49377,108.1616,224254
202.86058,108.014984,224262
202.22795,107.86586,224270
201.72185,107.74661,224278
201.08919,107.59756,224286
200.96266,107.56775,224296
200.96266,107.56775,224306
200.92603,107.17949,224314
200.86496,106.5324,224322
200.82,105.88539,224330
200.82,105.42747,224338
200.52898,105.16786,224345
199.88377,105.17999,224421
199.88377,105.17999,224429
200.22261,105.1799,224436
200.56404,105.17998,224446
200.88312,105.5003,224454
201.1519,105.94542,224460
201.48787,106.501816,224466
201.90526,106.99747,224472
202.34299,107.47793,224479
202.87419,107.845215,224487
203.31784,108.11642,224496
203.62883,108.19135,224504
203.83086,108.456024,224513
203.82,108.9756,224519
203.82,109.62529,224526
203.82,110.27468,224533
203.82,110.922646,224542
203.82,111.44136,224551
203.81999,112.0912,224560
203.81999,112.741,224569
203.81999,113.26077,224579
203.82,113.9103,224588
203.82,114.55905,224596
203.82002,114.94601,224605
203.82,115.46591,224613
203.82,116.115746,224621
203.82,116.63557,224628
203.81999,117.28525,224636
203.82,117.934654,224643
203.998,118.21004,224652
204.02003,118.767296,224661
204.02,119.28071,224670
204.02,119.78681,224679
203.88239,120.27552,224686
203.77939,120.67848,224694
203.34656,120.900536,224702
202.7325,121.11358,224710
202.11865,121.32727,224717
201.66632,121.5785,224724
201.22688,121.856476,224732
201.22688,121.856476,224801
201.22688,121.856476,224808
201.22688,121.856476,224918
201.52684,121.60725,224925
202.00708,121.40792,224935
202.6074,121.15876,224945
203.08765,120.959435,224954
203.43156,120.820045,224962
203.80682,120.63232,224971
204.25534,119.994225,225068
204.25534,119.994225,225077
204.25053,119.86432,225084
204.1658,119.528,225091
204.18001,118.880684,225098
204.18,118.36131,225104
204.18,117.71451,225111
204.183,117.39399,225119
204.25806,117.2784,225127
204.82242,117.17999,225135
204.9512,117.17999,225143
204.9512,117.17999,225153
204.69347,117.17999,225161
204.37454,117.18995,225169
204.16849,117.46324,225177
204.18,118.11243,225186
204.18001,118.63051,225195
204.18,119.14754,225202
204.18047,119.59726,225212
204.52876,119.958725,225219
204.91971,120.30157,225226
205.20894,120.66732,225235
205.48077,120.946945,225243
205.93384,121.41299,225251
206.2963,121.78581,225260
206.74934,122.251854,225269
207.20241,122.717896,225276
207.22287,123.237465,225285
207.24333,123.75704,225294
207.2689,124.4065,225302
207.29448,125.05597,225309
207.31494,125.57554,225317
207.33539,126.09511,225324
207.35074,126.48479,225332
207.35074,126.48479,225343
207.35074,126.48479,225352
206.83076,126.48479,225360
206.32457,126.58754,225368
205.82297,126.72455,225376
205.50616,126.830345,225385
204.98683,126.82001,225393
204.7277,126.82001,225403
204.60228,126.82001,225412
204.39105,126.81712,225422
204.21309,126.66599,225428
204.18,126.04193,225436
204.18,126.04193,225447
204.18,126.04193,225458
204.18,126.561905,225465
204.18,126.691895,225474
204.18,126.691895,225486
204.58702,126.82442,225496
205.10632,126.82,225505
205.36522,126.8201,225514
205.75464,126.81252,225522
206.40352,126.77512,225531
206.92264,126.7452,225539
207.28069,126.36814,225548
207.72824,125.89681,225558
207.99678,125.61401,225568
208.17804,125.42764,225576
208.50711,125.06201,225583
208.99066,124.62768,225589
209.02994,124.321945,225596
209.03017,124.286125,225603
209.03516,124.239746,225610
209.14041,124.0485,225617
209.71242,123.97998,225624
211.00851,124.00659,225717
211.00851,124.00659,225725
211.00851,124.00659,225733
211.3985,124.00659,225740
211.66629,124.22654,225747
211.83168,124.46777,225755
211.82,124.987206,225764
211.82,124.987206,225773
211.82,124.987206,225782
212.34007,124.987206,225791
212.98784,125.034966,225798
213.50569,125.08187,225805
214.15305,125.140144,225812
214.80016,125.17999,225819
215.19012,125.18,225827
215.84004,125.18,225835
216.48993,125.18,225844
217.13977,125.18,225852
217.78947,125.18,225861
218.30888,125.18,225870
218.56804,125.179985,225878
219.08789,125.17999,225887
219.73752,125.17999,225896
220.25648,125.17999,225904
220.91116,125.4075,225912
221.01268,125.488686,225921
220.79813,125.34187,225931
220.58217,125.17665,225939
219.93246,125.18,225945
219.28348,125.18,225953
218.6538,125.03828,225961
218.0284,124.86125,225969
217.53609,124.69461,225978
217.04645,124.51962,225988
216.5568,124.34463,225997
216.06949,124.16323,226008
215.58218,123.98183,226018
215.2167,123.84578,226027
214.69681,123.837265,226035
214.04692,123.82663,226042
213.39705,123.82,226049
212.87718,123.82,226057
212.2275,123.82001,226068
211.70818,123.82001,226076
211.44931,123.82001,226083
210.9294,123.82001,226090
210.4095,123.82001,226097
209.88966,123.82,226105
209.24005,123.82,226115
208.72116,123.82001,226125
208.3716,123.81187,226132
208.16959,123.48801,226139
208.18,123.098564,226224
208.18,123.098564,226230
208.18,123.098564,226328
208.18,123.098564,226338
208.18,123.48854,226345
208.18,124.3985,226438
208.18,124.3985,226445
207.92212,124.43154,226453
207.42775,124.592705,226462
207.04758,124.50576,226470
206.94673,124.88248,226478
206.82002,125.384766,226487
206.82002,125.59073,226495
206.69336,125.76794,226503
206.21266,125.82001,226512
206.08403,125.82001,226520
206.08403,125.82001,226528
205.90611,126.30859,226536
205.82004,126.53644,226544
205.80447,126.64521,226555
205.60226,126.81725,226564
205.08534,126.82,226574
204.6966,126.820015,226583
204.6966,126.820015,226594
204.6966,126.820015,226603
204.30661,126.820015,226612
204.17662,126.820015,226621
204.16266,126.43857,226629
204.18,126.05157,226637
204.18,126.05157,226646
204.18,126.05157,226653
203.78992,126.05157,226660
203.15419,125.930695,226669
202.64847,125.82002,226677
202.4395,125.82002,226687
202.23035,125.69048,226696
202.18,125.208626,226703
202.18,124.69469,226712
202.18,124.69469,226723
202.18,124.69469,226733
202.18,124.17471,226741
202.68918,124.150116,226749
202.94376,124.17998,226756
202.94376,124.17998,226767
202.94376,124.17998,226778
202.94376,123.79,226787
203.25273,123.241776,226794
203.36812,122.618645,226801
203.42082,121.970825,226808
203.47475,121.3231,226816
203.49634,121.06401,226823
203.62477,120.83797,226831
203.78677,120.66594,226837
203.90303,120.10295,226844
204.02003,119.63877,226850
204.02003,119.20786,226858
204.02,118.68925,226866
204.00803,118.171074,226875
203.96384,117.652985,226884
203.91003,117.00525,226894
203.86697,116.48706,226903
203.8239,115.96887,226913
203.82,115.45239,226919
203.82,115.45239,226926
203.82,115.45239,226935
203.82,114.93241,226942
203.82,114.28253,226949
203.82,113.502846,226957
203.82,112.85325,226967
203.82,112.333855,226977
203.82,111.68671,226987
203.82,111.03901,226994
203.81999,110.38928,227003
203.82,109.739746,227010
203.81999,109.22055,227018
203.82002,108.7036,227026
203.77872,108.32174,227035
203.35559,108.13062,227043
202.72247,107.98368,227051
202.08994,107.83418,227059
201.45738,107.684746,227067
200.95134,107.5652,227075
200.95134,107.5652,227082
200.95134,107.5652,227089
200.95134,107.04523,227096
200.90184,106.528404,227103
200.82,105.8837,227110
200.82007,105.426186,227116
200.64127,105.19921,227123
199.8802,105.17999,227213
199.8802,105.17999,227219
199.8802,105.17999,227228
199.49022,105.17999,227235
198.84036,105.17999,227241
198.19058,105.18,227248
197.54092,105.18,227256
197.02138,105.18,227265
196.37297,105.17999,227273
196.1152,105.17999,227282
195.61322,105.04442,227289
194.98573,104.87496,227295
194.12523,104.5801,227302
193.51271,104.362625,227377
193.51271,104.362625,227384
194.01813,104.24044,227391
194.6499,104.08771,227398
195.28166,103.934975,227405
195.53438,103.87388,227412
195.9243,103.86693,227419
196.70413,103.853035,227426
197.35399,103.84145,227433
198.00386,103.82987,227441
198.65372,103.82,227447
199.17352,103.82,227453
199.43323,103.8201,227460
200.08301,103.82,227468
200.45908,103.82001,227477
200.97845,103.80095,227485
201.62767,103.76993,227492
202.27692,103.739075,227497
202.92615,103.70821,227505
203.31569,103.689705,227513
203.70567,103.68877,227519
204.35564,103.68721,227526
205.0056,103.685646,227534
205.52557,103.684395,227542
206.17554,103.68284,227552
206.8255,103.681274,227562
207.0855,103.68066,227571
207.34468,103.38927,227579
207.77666,102.903625,227586
207.90143,102.39884,227591
207.93262,102.272644,227670
207.93262,102.272644,227676
207.9369,102.53259,227684
208.0426,102.907974,227691
208.17996,103.408485,227697
208.17996,103.408485,227787
208.17996,103.408485,227795
208.17996,103.408485,227804
207.65999,103.408485,227811
207.25233,103.769424,227817
206.97841,104.35866,227823
206.69821,104.94512,227830
206.41817,105.53167,227837
206.19415,106.00091,227843
206.04048,106.35934,227849
205.78438,106.956726,227856
205.52826,107.5541,227863
205.52826,107.5541,227940
205.52826,107.5541,227945
205.52826,107.5541,227951
205.00829,107.5541,227958
205.11752,107.92023,227964
205.28499,108.232155,227969
205.18,108.78725,227975
205.18,109.69605,227982
205.18,110.34485,227988
205.18,110.99047,227995
205.18,111.63736,228000
205.18,112.416985,228006
205.18,113.19638,228013
205.18,113.7158,228018
205.18,114.36428,228024
205.18,115.00571,228031
205.18,115.39539,228042
205.18,115.914734,228049
205.18,116.562706,228056
205.18,116.94813,228063
205.18,116.94813,228071
205.18,116.94813,228079
205.18,116.94813,228087
205.18,116.94813,228095
205.18,116.428856,228102
205.18,115.91052,228108
205.18,115.398346,228115
205.18001,114.8785,228123
205.18,114.228775,228130
205.18,113.449295,228137
205.18,112.80002,228144
205.18,112.15166,228151
205.18,111.63719,228157
205.18,111.11742,228162
205.18,110.33801,228167
205.18,109.5592,228172
205.18,108.912285,228178
205.1974,108.35999,228185
205.34358,107.99844,228191
205.54443,107.51883,228198
205.84572,106.79941,228205
205.99637,106.4397,228212
206.22672,105.973526,228220
206.51463,105.390816,228226
206.86015,104.69157,228232
207.20569,103.99231,228238
207.59167,103.31487,228243
207.78873,102.97834,228249
207.92593,102.34302,228257
207.95337,102.21595,228264
207.95337,102.21595,228335
207.95337,102.21595,228340
207.95337,102.21595,228347
207.94647,102.475845,228353
208.07748,102.97904,228360
208.17998,103.48224,228444
208.17998,103.48224,228546
208.17998,103.48224,228553
208.17998,103.48224,228561
208.17998,103.87222,228569
208.6979,103.956154,228578
209.3464,103.9132,228587
209.86476,103.88156,228596
210.38377,103.84985,228604
210.90277,103.82001,228612
211.29274,103.82001,228620
211.8127,103.82,228626
212.46265,103.82001,228633
213.1126,103.82,228640
213.76251,103.82001,228647
214.2824,103.82,228654
214.80196,103.82001,228662
214.80196,103.82001,228672
214.80196,103.82001,228683
215.32193,103.82001,228692
215.9719,103.82,228698
216.49185,103.82,228705
217.01181,103.82,228712
217.66173,103.82,228720
218.31154,103.82,228728
218.5713,103.8201,228739
218.96126,103.82,228748
219.48119,103.82,228757
220.00104,103.82,228765
220.39064,103.8201,228774
220.51129,103.82004,228783
220.61926,103.79971,228793
220.8296,103.552574,228800
220.82,102.772804,228808
220.82,102.25286,228818
220.82,101.732956,228825
220.82,101.213196,228832
220.8201,101.08336,228842
220.8201,101.08336,228853
220.82,101.47313,228861
220.82,102.122505,228869
220.82,102.77115,228881
220.82,103.15897,228890
220.82,103.41483,228902
220.80731,103.64123,228910
220.61432,103.813,228919
219.9684,103.820366,228929
219.44855,103.82,228937
219.18878,103.8201,228946
218.79881,103.82,228955
218.27885,103.82,228963
217.7589,103.82,228971
217.23894,103.82,228980
216.719,103.82,228989
216.19907,103.82,228998
215.54927,103.82,229007
215.28957,103.8201,229015
214.77266,103.87643,229023
214.12651,103.946846,229030
213.6096,104.003174,229037
212.96346,104.073586,229043
212.3173,104.144005,229050
211.92963,104.18625,229059
211.42259,104.17459,229068
211.1307,104.14036,229077
210.71222,103.97997,229087
210.20477,103.97998,229095
209.7242,103.97998,229106
209.34113,103.97998,229115
209.04637,104.173706,229121
208.7019,104.72489,229129
208.49524,105.0556,229134
208.31938,105.22937,229142
208.092,105.66095,229151
207.85446,106.26596,229159
207.61604,106.87062,229168
207.473,107.23341,229177
207.1235,107.406456,229184
206.54103,107.694855,229192
205.95854,107.983246,229199
205.60905,108.15629,229207
205.41241,108.17994,229215
205.41241,108.17994,229298
205.41241,108.17994,229304
205.41241,108.17994,229311
204.76245,108.17994,229318
204.9967,108.319275,229324
205.04155,108.83731,229330
205.10884,109.614365,229337
205.16492,110.26191,229344
205.18,111.036285,229350
205.12004,111.54783,229356
205.00233,112.318855,229363
204.92453,112.83298,229369
204.82726,113.475624,229376
204.73372,114.11882,229382
204.62251,114.890816,229390
204.97998,115.12295,229396
204.88644,114.61145,229402
204.81628,114.22784,229409
204.64436,113.73711,229415
204.47244,113.246376,229421
204.34349,112.878334,229428
204.32613,112.35865,229435
204.30876,111.83897,229441
204.28705,111.18936,229448
204.26968,110.66968,229457
204.15479,110.16255,229463
204.01117,109.52865,229469
203.83884,108.76797,229476
203.79897,108.35625,229483
203.49847,108.16756,229490
202.9789,108.17999,229496
202.32925,108.18,229502
201.68002,108.17999,229509
201.16205,108.17999,229516
201.0335,108.17999,229582
201.0335,108.17999,229588
201.0335,108.17999,229595
201.42346,108.17999,229601
202.203,108.18,229609
202.85182,108.18,229617
203.2391,108.1799,229623
203.56914,108.17996,229629
203.56914,108.17996,229706
203.56914,108.17996,229713
203.56914,108.17996,229721
203.04916,108.17996,229729
202.76186,107.97297,229737
202.495,107.68858,229744
201.9613,107.119804,229751
201.57634,106.59752,229758
201.13199,105.95651,229766
200.90979,105.636024,229775
200.82005,105.43624,229784
200.82005,105.43624,229873
200.82005,105.43624,229882
200.82005,105.43624,229889
201.47003,105.43624,229896
202.11722,105.48991,229904
202.75447,105.3922,229911
203.39026,105.25717,229919
204.15344,105.0963,229925
204.53505,105.01585,229932
205.00511,104.793564,229940
206.06276,104.293434,230024
206.06276,104.293434,230032
205.60292,104.53616,230039
205.02812,104.83958,230046
205.4937,104.608055,230054
205.95929,104.37653,230063
206.54128,104.08713,230071
207.00685,103.855606,230078
207.51323,103.79842,230085
208.1632,103.79961,230092
208.65552,103.96694,230100
209.12347,104.070755,230107
209.54633,103.97998,230118
210.05914,103.97998,230128
210.68398,103.97998,230137
211.02489,104.01238,230147
211.39311,104.14084,230152
211.60791,104.180885,230159
211.60791,104.180885,230166
211.99551,104.13787,230174
212.51231,104.08051,230182
213.02911,104.02316,230190
213.54591,103.965805,230198
214.19191,103.89411,230207
214.70871,103.83676,230215
215.22867,103.83218,230224
215.74863,103.8276,230234
216.26859,103.82301,230243
216.78853,103.82,230252
217.30847,103.82,230261
217.8284,103.82,230270
218.4781,103.82,230279
218.9979,103.82,230288
219.5178,103.82,230296
220.16756,103.82,230305
220.54037,103.82,230312
220.70306,103.755035,230321
220.82,103.21716,230327
220.81999,102.5673,230335
220.82,102.04737,230345
220.82,101.39755,230355
220.82,101.00799,230365
220.82,101.00799,230375
220.82,101.00799,230384
220.82,101.00799,230394
220.82,101.00799,230403
220.81999,101.52767,230411
220.81999,102.047195,230419
220.82,102.69599,230426
220.82,103.21303,230433
220.82,103.572334,230443
220.66084,103.79026,230450
220.02904,103.82066,230457
219.37927,103.82,230463
219.11958,103.82001,230471
218.59962,103.82,230478
217.94968,103.82001,230486
217.42972,103.82,230492
216.77977,103.82,230500
216.25986,103.82,230508
215.73999,103.82,230516
215.35028,103.8201,230524
214.96252,103.861664,230534
214.31625,103.93095,230544
213.79924,103.986374,230553
213.15298,104.05566,230561
212.50671,104.12494,230570
211.9897,104.18036,230578
211.48936,104.15865,230586
211.13533,104.154015,230592
210.74927,103.97998,230600
210.11581,103.97998,230610
209.6484,103.97998,230620
209.35384,103.97998,230627
208.98949,104.268745,230634
208.7131,104.70918,230640
208.50581,105.03951,230649
208.33456,105.223145,230659
208.09766,105.6399,230668
207.86104,106.24526,230674
207.57571,106.97116,230680
207.43306,107.334114,230686
206.95969,107.54927,230693
206.48631,107.76443,230699
205.77626,108.08716,230705
205.45114,108.17994,230712
205.34421,108.21633,230718
205.18,108.657425,230725
205.18,109.928734,230810
204.93742,109.62337,230817
205.07205,109.121124,230825
205.17998,108.61888,230832
205.21849,108.32392,230842
205.58682,108.17486,230850
206.2362,108.18,230857
206.88438,108.17999,230864
207.14143,108.17999,230871
207.14143,108.17999,230879
207.26404,107.809784,230887
207.45366,107.325615,230893
207.69069,106.72041,230899
207.92772,106.115204,230907
208.11734,105.63104,231010
208.11734,105.63104,231021
208.11734,105.63104,231028
208.11734,105.11107,231034
208.23022,104.4735,231042
208.31488,104.09282,231130
208.31488,104.09282,231136
208.31488,104.09282,231144
208.70486,104.09282,231153
209.11415,104.080475,231162
209.45633,103.97998,231168
210.09679,103.97998,231174
210.59854,103.97998,231181
211.05208,104.035965,231189
211.42307,104.15618,231199
211.64017,104.19329,231209
211.64017,104.19329,231219
212.1567,104.13354,231227
212.67322,104.073784,231234
213.31888,103.99909,231241
213.96454,103.92441,231249
214.61021,103.84971,231258
215.25931,103.83245,231267
215.77927,103.82779,231275
216.4292,103.82196,231283
217.20912,103.82,231290
217.85901,103.82001,231297
218.5087,103.82,231304
219.15843,103.82,231311
219.8083,103.82,231318
220.32794,103.82001,231325
220.56801,103.82001,231332
220.76541,103.69551,231340
220.82,103.08464,231348
220.81999,102.56472,231357
220.82,102.044785,231365
220.82,101.52491,231372
220.82,101.00541,231380
220.82,101.00541,231390
220.82,101.00541,231400
220.82,101.00541,231408
220.82,101.00541,231415
221.04585,101.32333,231422
221.49756,101.95919,231429
221.79869,102.38309,231434
222.25038,103.01894,231440
222.55151,103.44284,231449
222.82082,103.724915,231458
223.17989,104.101006,231467
223.53894,104.4771,231476
223.80824,104.75916,231485
224.08316,105.03577,231494
224.54134,105.49678,231500
224.99951,105.95779,231507
225.3668,106.32585,231514
225.73433,106.69367,231522
226.19374,107.15345,231529
226.37752,107.337364,231539
226.895,107.38811,231546
227.54187,107.45154,231553
227.93,107.4896,231560
227.93,107.4896,231647
227.93,107.4896,231657
227.93,106.96963,231665
228.09169,107.19451,231672
227.7589,107.363335,231679
227.11441,107.44755,231688
226.85661,107.48124,231698
226.46664,107.48489,231706
225.9467,107.48976,231713
225.42674,107.49464,231719
224.64682,107.501945,231727
224.12686,107.50681,231735
223.47693,107.5129,231741
222.95697,107.51778,231747
222.67741,107.24588,231756
222.21146,106.792725,231764
221.74551,106.33957,231774
221.37276,105.97704,231783
221.0,105.61452,231791
220.81483,105.432014,231799
220.74672,105.28541,231807
220.19035,105.17999,231814
219.54156,105.17999,231821
219.15434,105.17999,231830
219.15434,105.17999,231842
219.15434,105.17999,231854
218.63437,105.17999,231862
217.98451,105.18,231868
217.33473,105.18,231874
216.815,105.18,231881
216.29541,105.17999,231888
215.64676,105.18,231896
215.26031,105.17999,231904
214.62625,105.03707,231911
214.119,104.92273,231917
213.61176,104.80839,231923
212.97769,104.66546,231929
212.34364,104.52254,231936
212.09001,104.46537,232023
212.09001,104.46537,232030
212.09001,104.46537,232039
212.09001,104.46537,232047
211.85954,104.34505,232054
211.59785,104.182175,232060
211.13708,104.15665,232066
210.75781,103.97997,232072
210.12404,103.97998,232078
209.56049,103.97998,232084
209.56049,103.97998,232165
209.56049,103.97998,232171
209.56049,103.97998,232179
209.1705,103.97998,232185
209.02998,104.58721,232192
209.11803,104.95665,232199
209.11803,104.95665,232206
209.11803,104.95665,232214
208.59805,104.95665,232221
208.33786,105.181694,232230
208.17644,105.53855,232237
208.18,106.31841,232244
208.18,106.96822,232250
208.1799,107.227974,232257
208.1799,107.227974,232265
208.1799,107.227974,232276
207.52994,107.227974,232285
207.05421,107.40842,232294
206.47664,107.706505,232302
206.0143,107.944435,232311
205.66754,108.12289,232319
205.46066,108.17995,232330
205.46066,108.17995,232412
205.46066,108.17995,232419
205.46066,108.17995,232427
205.46066,108.17995,232434
205.98064,108.17995,232441
206.5704,107.93708,232449
207.14513,107.6335,232456
207.42474,107.04675,232463
207.70436,106.460014,232472
207.98398,105.87327,232480
208.09584,105.63857,232488
208.17995,105.42688,232497
208.50456,105.05675,232505
208.98338,104.6172,232515
209.02994,104.290955,232524
209.15034,104.03371,232531
209.38866,103.96688,232537
209.90613,103.91918,232542
209.69543,103.97996,232547
209.59454,103.97996,232553
209.59454,103.97996,232637
209.59454,103.97996,232644
209.07457,103.97996,232651
209.02998,104.613976,232656
209.12593,104.98391,232661
209.12593,104.98391,232667
209.12593,104.98391,232675
208.60596,104.98391,232683
208.26344,105.230446,232689
208.17656,105.68784,232694
208.18001,106.46769,232699
208.18,107.247246,232705
208.18,107.247246,232713
208.18,107.247246,232721
207.66002,107.247246,232728
207.06152,107.47281,232735
206.23943,107.86289,232740
205.65158,108.14019,232745
205.44627,108.17994,232751
205.44627,108.17994,232814
205.44627,108.17994,232818
205.44627,108.17994,232823
206.09624,108.17994,232829
206.79071,107.89429,232836
207.11656,107.680046,232843
207.34134,107.21117,232850
207.62231,106.62506,232856
207.90327,106.038956,232863
208.07185,105.6873,232872
208.17995,105.4732,232879
208.45407,105.09589,232885
208.93513,104.65881,232892
209.02994,104.34821,232898
209.03804,104.2249,232904
209.31326,103.968254,232911
210.08244,103.97998,232918
210.70586,103.97998,232926
211.04253,104.026596,232935
211.41232,104.150444,232940
211.62875,104.1883,232945
211.8255,104.636215,232952
211.82,105.02574,232959
211.82,105.02574,232967
211.82,105.02574,232974
212.34007,105.02574,232981
212.85864,105.05873,232988
213.50636,105.11272,232995
214.02457,105.15572,233002
214.5426,105.17999,233010
214.79997,105.17999,233017
215.31987,105.18,233025
215.83974,105.18,233031
216.48952,105.18,233038
217.13919,105.17999,233045
217.78859,105.18,233053
218.30731,105.18,233060
218.69312,105.1799,233065
219.21277,105.18,233070
219.99138,105.17999,233075
220.37816,105.17999,233083
220.696,105.23119,233092
220.83072,105.506615,233097
220.82,106.286446,233102
220.82,107.066185,233108
220.8201,107.3258,233115
220.8201,107.3258,233123
220.8201,107.3258,233129
220.8201,106.67583,233135
220.82,106.02599,233140
220.82,105.63641,233148
220.82,105.41453,233154
220.64157,105.19936,233160
220.00505,105.18,233166
219.48624,105.17999,233172
219.0998,105.17999,233179
218.59909,105.03977,233186
217.97319,104.8645,233194
217.35872,104.653496,233204
216.74709,104.43357,233214
216.13774,104.20741,233223
215.52838,103.981255,233231
215.28464,103.89079,233241
214.7648,103.879234,233249
214.24495,103.86768,233256
213.59514,103.85323,233263
213.0753,103.84168,233270
212.42549,103.82724,233277
211.77571,103.82001,233284
211.3862,103.82001,233292
210.99623,103.82,233298
210.21664,103.82,233306
209.56674,103.82001,233314
209.04688,103.82001,233321
209.18762,104.02366,233328
208.68651,103.88488,233337
208.17511,103.79548,233344
207.66028,103.722534,233352
207.14032,103.71719,233361
206.3604,103.70918,233369
205.84045,103.703835,233379
205.19052,103.69716,233388
204.54059,103.69048,233396
204.02065,103.685135,233404
203.76067,103.682465,233413
203.24069,103.682045,233422
202.72072,103.681625,233430
202.07076,103.6811,233438
201.42079,103.68057,233446
200.90082,103.68015,233455
200.77904,103.72564,233463
200.45648,103.821434,233471
199.93689,103.8201,233478
199.41693,103.82,233486
198.89697,103.82,233493
198.24702,103.82,233500
197.59709,103.82,233507
196.94719,103.82001,233515
196.42735,103.82,233520
196.03783,103.82001,233527
195.51785,103.82,233534
194.9979,103.82,233540
194.21796,103.82,233547
193.56802,103.82,233554
192.91814,103.82,233560
192.3984,103.82001,233565
191.93135,104.015884,233571
191.29996,104.04924,233577
190.78096,104.017296,233583
190.78096,104.017296,233590
190.78096,104.017296,233597
190.2615,104.017296,233603
190.26137,104.0112,233609
190.77493,104.09252,233615
191.16013,104.15351,233620
191.28851,104.17384,233698
191.28851,104.17384,233707
191.61691,104.18561,233714
191.83115,104.459854,233721
191.82,104.976395,233728
191.82,104.976395,233736
191.89331,105.08375,233743
192.28297,105.099174,233750
193.06233,105.13003,233757
193.71179,105.15574,233764
194.49113,105.18,233771
195.01038,105.18,233778
195.52763,105.18,233785
196.1752,105.18,233793
196.82503,105.18,233801
197.34485,105.18,233808
197.99452,105.17999,233814
198.51404,105.17999,233820
199.1624,105.17999,233827
199.42,105.17999,233836
199.80928,105.17999,233843
200.32585,105.17999,233851
200.64236,105.197495,233860
200.94583,105.44242,233865
201.55278,105.93228,233872
202.05856,106.3405,233878
202.66551,106.83035,233886
203.07013,107.15693,233893
203.37361,107.401855,233902
203.37361,107.401855,233913
203.37361,107.401855,233924
203.7636,107.401855,233932
204.67354,107.401855,234033
204.67354,107.401855,234040
205.14462,107.62199,234048
205.51953,107.22507,234056
205.77667,106.773125,234064
205.96951,106.434166,234071
206.42795,106.18878,234079
206.88638,105.9434,234087
207.45941,105.636665,234094
207.95847,105.490654,234101
208.18193,105.35777,234108
208.56409,105.00517,234115
208.94626,104.65257,234125
209.02992,104.3031,234135
209.04807,104.189095,234144
209.22438,103.99299,234154
209.72467,103.97998,234161
210.3616,103.97998,234170
210.95357,103.97998,234179
211.44278,104.15617,234187
211.65881,104.20308,234195
211.65881,104.20308,234205
212.17513,104.141525,234215
212.56236,104.09536,234223
213.07869,104.033806,234232
213.595,103.97226,234241
214.11133,103.910706,234249
214.75671,103.83376,234257
215.27667,103.829506,234266
215.79663,103.82525,234275
216.31659,103.82099,234284
216.96654,103.82001,234291
217.61644,103.82001,234298
218.26627,103.82001,234305
218.65585,103.8201,234313
219.04582,103.82,234320
219.6957,103.82,234326
220.21544,103.82001,234332
220.46779,103.82001,234340
220.52252,103.81965,234347
220.70609,103.75273,234354
220.82146,103.336235,234364
220.82,102.686356,234371
220.82,102.16642,234378
220.82,101.51656,234386
220.82,100.997086,234395
220.82,100.997086,234406
220.82,100.997086,234415
220.82,100.997086,234424
220.82,100.997086,234433
220.82,101.38686,234442
220.82,102.036285,234450
220.82,102.68509,234458
220.82,103.20222,234466
220.82,103.55851,234473
220.75487,103.70453,234480
220.20587,103.82,234486
219.68597,103.82001,234492
219.16634,103.82001,234500
218.64636,103.82,234507
218.1264,103.82,234513
217.47646,103.82001,234521
216.9565,103.82,234527
216.1766,103.82001,234535
215.52682,103.82,234543
215.00697,103.82,234550
214.48701,103.82,234557
213.83707,103.82,234565
213.31711,103.82,234574
212.79716,103.82,234582
212.27725,103.82,234591
211.6275,103.82001,234601
211.10754,103.82001,234609
210.58759,103.82,234617
210.06812,103.82,234624
209.28825,103.82,234632
208.63869,103.82001,234639
208.63869,103.82001,234646
208.12285,103.78466,234653
207.6077,103.71398,234660
207.08775,103.709656,234667
206.30782,103.70317,234675
205.65787,103.69777,234683
205.00792,103.69237,234693
204.228,103.68588,234700
203.70804,103.68156,234707
203.18806,103.68129,234715
202.53809,103.68095,234723
201.88812,103.68061,234731
201.23816,103.680275,234738
200.97816,103.68014,234748
200.8537,103.717606,234759
200.53778,103.829636,234766
199.8884,103.82,234773
199.49843,103.82001,234779
198.84848,103.82,234788
198.19853,103.82,234797
197.67857,103.82,234805
197.02867,103.82,234813
196.37888,103.82,234819
196.11914,103.82001,234826
195.59918,103.82,234834
194.94923,103.82,234841
194.29929,103.82,234849
193.77933,103.82001,234856
193.12943,103.82,234862
192.34978,103.82,234869
191.77905,104.09558,234875
191.26053,104.05683,234883
190.74199,104.01808,234890
190.74199,104.01808,234898
190.74199,104.01808,234907
190.22234,104.01808,234915
190.2222,104.01232,234922
190.73619,104.09094,234928
191.12169,104.1499,234933
191.3787,104.179985,235008
191.3787,104.179985,235016
191.59187,104.179985,235023
191.81883,104.40279,235029
191.82,105.04457,235035
191.82,105.04457,235041
191.82,105.04457,235048
192.47006,105.04457,235055
193.11903,105.07676,235061
193.89758,105.123634,235068
194.41663,105.154724,235076
195.06538,105.17999,235083
195.582,105.17999,235090
195.97194,105.18,235095
196.75174,105.17999,235102
197.4015,105.17999,235109
198.05115,105.17999,235115
198.60847,105.17999,235122
199.25636,105.17999,235128
199.90405,105.17999,235134
200.29143,105.17999,235140
200.61159,105.18481,235146
200.92049,105.41982,235152
201.42566,105.828804,235158
202.0325,106.31878,235165
202.53816,106.727135,235174
203.04384,107.13548,235181
203.34724,107.38049,235188
203.34724,107.38049,235197
203.34724,107.38049,235205
203.86722,107.38049,235214
204.64719,107.38049,235315
204.64719,107.38049,235323
205.1162,107.605,235333
205.43303,107.32609,235341
205.76566,106.76769,235350
205.96524,106.43265,235359
206.30939,106.249214,235366
206.88297,105.9435,235375
207.34183,105.69893,235384
207.95555,105.4916,235393
208.1792,105.359024,235401
208.46599,105.094765,235408
208.94398,104.65433,235415
209.02994,104.303764,235422
209.04759,104.190445,235432
209.22171,103.99421,235442
209.8495,103.97998,235452
210.48322,103.97998,235462
210.84291,103.97998,235471
211.31789,104.11164,235480
211.6564,104.20169,235488
211.6564,104.20169,235499
211.6564,104.20169,235509
212.04637,104.20169,235518
212.5624,104.146255,235525
213.20605,104.05595,235533
213.72104,103.98408,235540
214.49352,103.87627,235548
214.751,103.84033,235557
215.14096,103.83652,235565
215.7909,103.83017,235572
216.44084,103.82382,235581
216.96078,103.82,235589
217.6107,103.82,235597
218.13058,103.82,235603
218.65013,103.8201,235611
219.17007,103.82001,235618
219.81993,103.82001,235626
220.33957,103.82001,235632
220.46228,103.82001,235640
220.51588,103.819885,235650
220.68224,103.76907,235661
220.82697,103.39555,235670
220.82,102.74571,235681
220.82,102.22577,235689
220.82,101.575905,235700
220.82,101.05631,235710
220.82,101.05631,235720
220.82,101.05631,235730
220.82,101.05631,235738
220.82,101.05631,235746
220.82,101.57598,235753
220.82,102.09547,235760
220.82,102.74417,235767
220.82002,103.388466,235775
220.81813,103.61415,235783
220.66742,103.78619,235790
220.03821,103.82,235799
219.51836,103.82001,235807
219.12872,103.8201,235815
218.73875,103.82,235823
218.2188,103.82,235829
217.56885,103.82,235836
216.9189,103.82001,235843
216.26901,103.82001,235851
215.74915,103.82003,235859
215.22968,103.8201,235866
214.71286,103.87736,235875
214.32526,103.920296,235883
213.67924,103.99186,235892
213.03322,104.06343,235902
212.51642,104.12068,235910
211.9996,104.17794,235919
211.4968,104.1591,235927
211.1125,104.109146,235937
210.75853,103.97998,235946
210.12474,103.97998,235957
209.56096,103.97998,235965
209.31671,103.97998,235974
208.98978,104.26429,235984
208.64531,104.81547,235991
208.50752,105.03594,235999
208.33751,105.22198,236007
208.09848,105.63532,236015
207.86218,106.24081,236023
207.62466,106.84582,236031
207.43465,107.329834,236041
206.9616,107.545685,236049
206.37029,107.815506,236055
205.77896,108.08533,236062
205.4535,108.17994,236068
205.34937,108.21378,236073
205.18,108.77253,236079
205.18,109.915504,236172
204.93367,109.61316,236178
205.07085,109.11161,236186
205.17998,108.610054,236193
205.17998,108.411125,236202
205.36115,108.1981,236210
205.99812,108.18,236216
206.77658,108.17999,236224
207.1626,108.17999,236232
207.1626,108.17999,236241
207.1626,108.17999,236250
207.1626,107.66002,236257
207.39471,107.064735,236266
207.68112,106.48128,236273
208.0808,105.663795,236359
208.0808,105.663795,236366
208.0808,105.663795,236374
208.0808,105.14382,236381
208.59082,105.11508,236389
208.97334,105.17998,236397
208.97334,105.17998,236405
208.97334,105.17998,236413
208.97334,105.17998,236421
209.05524,104.74124,236428
209.02994,104.35279,236436
209.1264,104.067955,236530
209.1264,104.067955,236537
209.1264,104.067955,236545
209.56725,103.97999,236552
210.20798,103.97999,236559
210.8214,103.97999,236568
211.43573,104.15439,236578
211.65204,104.19928,236586
211.82512,104.42576,236593
211.82,104.94538,236599
211.82,104.94538,236609
211.82,104.94538,236622
212.21008,104.94538,236631
212.85686,105.002945,236640
213.37375,105.05936,236647
214.01994,105.1294,236657
214.53688,105.17999,236665
214.79431,105.17999,236674
215.31421,105.17999,236684
215.83409,105.17999,236693
216.35394,105.17999,236703
216.87372,105.18,236712
217.52328,105.18,236720
218.04253,105.18,236730
218.68764,105.18,236739
219.0774,105.17999,236748
219.59685,105.18,236757
220.24442,105.17999,236764
220.69237,105.22798,236772
220.82814,105.62785,236781
220.82,106.277725,236792
220.82,106.7976,236799
220.82,107.31709,236808
220.82,107.31709,236817
220.82,107.31709,236827
220.82,107.31709,236836
220.82,107.31709,236845
220.82,106.79716,236852
220.82,106.1473,236859
220.82,105.75756,236867
220.82004,105.40751,236877
220.71115,105.24752,236886
220.24257,105.17936,236894
219.59364,105.17999,236905
219.07808,105.17999,236914
218.70294,105.0734,236919
218.07773,104.895744,236926
217.46274,104.68609,236933
216.8503,104.468445,236940
216.60532,104.381386,236948
216.23973,104.245605,236955
215.63043,104.019295,236962
215.26486,103.883514,236970
214.745,103.87283,236977
214.09517,103.85948,236986
213.44533,103.84613,236996
212.92546,103.83545,237006
212.27563,103.8221,237015
211.75581,103.82,237023
211.49606,103.82001,237032
210.9761,103.82,237041
210.45615,103.82,237049
209.80621,103.82001,237059
209.28632,103.82001,237067
208.63675,103.82001,237076
208.51491,103.82001,237085
208.22375,103.68702,237093
208.03795,103.06517,237102
208.00143,102.55013,237110
208.00076,102.290146,237118
208.00076,102.290146,237183
208.00076,102.290146,237189
207.48079,102.290146,237196
207.53755,101.94779,237203
207.77786,102.408905,237210
207.97171,102.8905,237217
208.17998,103.50104,237304
208.17998,103.50104,237397
208.17998,103.50104,237403
208.17998,103.50104,237411
207.53,103.50104,237419
207.18433,103.974174,237426
206.8446,104.67621,237434
206.61615,105.14331,237442
206.33069,105.727234,237451
206.21649,105.9608,237460
206.01045,106.43821,237469
205.7529,107.03497,237478
205.54686,107.51238,237561
205.54686,107.51238,237570
205.54686,107.51238,237579
205.02689,107.51238,237584
205.20792,107.92908,237592
205.27705,108.16296,237602
205.17651,108.59718,237609
205.18001,109.24663,237616
205.18,109.76611,237624
205.18,110.2852,237632
205.18,110.93153,237640
205.18,111.45139,237649
205.18,111.97121,237658
205.18,112.49096,237666
205.18001,113.010635,237673
205.18001,113.53016,237681
205.18,113.91961,237687
205.18,114.56738,237694
205.18,114.951866,237702
205.18,114.951866,237710
205.18,114.951866,237719
205.18,115.47184,237727
204.96109,116.073524,237735
204.74228,116.54522,237740
204.52347,117.016914,237748
204.36635,117.20742,237757
204.19203,117.37387,237765
204.18001,118.0149,237773
204.18,118.53298,237783
204.18,118.79046,237791
204.18,119.307274,237797
204.19023,119.62612,237804
204.19023,119.62612,237812
204.19023,119.62612,237819
204.19023,120.0161,237826
203.92195,120.42913,237833
203.76749,120.69641,237840
203.76749,120.69641,237922
203.76749,120.69641,237930
203.76749,120.69641,237940
203.76749,121.086395,237947
203.36646,121.54737,237954
202.96544,121.87836,237962
202.64162,122.43057,237969
202.41808,122.90003,237977
202.30629,123.134766,237986
202.29247,123.5245,237994
202.26942,124.17406,238095
202.26942,124.17406,238104
202.26942,124.17406,238114
201.74945,124.17406,238122
201.97963,124.32359,238130
202.09288,124.831085,238139
202.17998,125.33858,238146
202.19954,125.64436,238153
202.58023,125.983505,238160
203.09181,126.38443,238169
203.29645,126.5448,238179
203.29645,126.5448,238188
203.29645,126.5448,238198
203.29645,127.06477,238207
203.6623,127.05971,238215
204.15009,126.87963,238223
204.53917,126.85326,238234
205.05795,126.82001,238243
205.31706,126.82001,238254
205.44238,126.82001,238263
205.66179,126.79517,238270
205.92474,126.50871,238278
206.3528,126.0196,238285
206.4384,125.921776,238294
206.4384,125.921776,238302
206.62514,125.80792,238309
206.83223,125.52764,238317
206.82,124.879776,238328
206.93208,124.81392,238339
207.28625,124.65069,238348
207.80313,124.26262,238356
208.20193,123.92897,238365
208.59143,123.90962,238373
209.11078,123.88381,238380
209.75975,123.851555,238386
210.79807,123.8201,238462
210.79807,123.8201,238468
210.92741,123.82001,238474
210.40834,123.82001,238479
209.62862,123.82001,238486
209.10889,123.82,238492
208.59076,123.82001,238498
208.18489,123.65503,238503
207.61647,123.120964,238508
207.16946,122.64948,238516
206.81636,122.267784,238524
206.37497,121.79067,238529
205.84532,121.21813,238534
205.58049,120.93186,238541
205.39384,120.811775,238550
205.11758,120.56313,238560
204.69136,120.07243,238569
204.42555,119.813286,238575
204.1858,119.61024,238582
204.17998,119.23237,238589
204.18,118.842636,238596
204.18001,118.1936,238603
204.18,117.676994,238609
204.19632,117.360054,238617
204.2942,116.84937,238624
204.41655,116.21103,238631
204.49776,115.697525,238641
204.59258,115.05451,238651
204.68745,114.41151,238662
204.77939,113.89981,238672
204.87619,113.38892,238680
204.997,112.75028,238689
205.09364,112.23937,238697
205.17998,111.728455,238705
205.18001,111.08167,238713
205.18001,110.43213,238720
205.18001,109.78288,238726
205.18,109.13477,238733
205.18,108.62244,238741
205.21681,108.32634,238748
205.21681,108.32634,238756
204.74716,108.103165,238763
204.27753,107.87998,238769
203.69048,107.60101,238776
203.27335,107.29056,238783
202.75194,106.902504,238789
202.23053,106.51444,238796
201.60483,106.04877,238803
201.08342,105.660706,238810
200.8086,105.40869,238816
200.59744,105.18122,238823
199.95403,105.17999,238829
199.43413,105.18,238835
198.65434,105.18,238841
198.0046,105.18,238848
197.22511,105.18,238855
196.70584,105.18,238861
196.06015,105.17999,238867
195.55943,105.0398,238873
194.80835,104.82952,238880
194.31905,104.65359,238887
193.70741,104.43368,238893
193.09775,104.20838,238899
192.48857,103.98176,238905
192.24489,103.8911,238911
191.72841,103.95123,238917
191.08281,104.0264,238923
190.4904,103.97998,238928
189.87021,103.97998,238934
189.55988,103.97998,238940
189.55988,103.97998,239012
189.55988,103.97998,239018
189.55988,103.97998,239024
189.0399,103.97998,239031
189.02998,104.48298,239037
189.13147,104.97341,239044
189.13147,104.97341,239051
189.13147,104.97341,239058
188.74149,104.97341,239064
188.35011,105.19776,239070
188.1711,105.52342,239077
188.18,106.30299,239082
188.18,107.082,239087
188.18,107.21146,239154
188.18,107.21146,239160
188.18,107.21146,239168
188.18,106.69148,239174
188.18,106.042015,239180
188.18,105.65351,239186
188.18,105.434074,239192
188.50133,105.067245,239199
189.02994,104.544426,239206
189.02994,104.301926,239212
189.15636,104.032005,239218
189.77429,103.94965,239224
190.42284,103.906876,239230
190.94162,103.87171,239235
191.5901,103.82777,239241
192.21855,103.96705,239246
192.7173,104.1141,239252
193.09135,104.22438,239258
193.70198,104.447075,239265
194.3126,104.66977,239341
194.3126,104.66977,239348
193.82614,104.486145,239355
193.46129,104.34843,239362
192.97447,104.16572,239368
192.36595,103.93734,239376
191.85735,103.94065,239384
191.21175,104.01576,239391
190.62091,103.97998,239399
190.11603,103.97998,239406
189.65233,103.97998,239413
189.5619,103.97998,239499
189.5619,103.97998,239505
189.5619,103.97998,239511
189.04193,103.97998,239519
189.02998,104.48318,239525
189.13156,104.97363,239532
189.13156,104.97363,239540
189.13156,104.97363,239549
188.7416,104.97363,239556
188.34018,105.21013,239563
188.17526,105.42323,239570
188.18,106.07299,239576
188.18001,106.72256,239582
188.18,107.24116,239655
188.18,107.24116,239661
188.18,107.24116,239667
188.18,106.72118,239673
188.18,106.071686,239679
188.18,105.683,239686
188.18,105.458755,239694
188.47084,105.08497,239701
189.02992,104.566246,239708
189.02994,104.35145,239715
189.04617,104.19068,239722
189.4324,103.967,239728
190.08052,103.92865,239735
190.72903,103.88511,239742
191.37755,103.84168,239749
191.76666,103.82001,239756
192.28662,103.82,239762
192.93657,103.82001,239768
193.45653,103.82001,239775
193.97649,103.82,239781
194.62639,103.82001,239789
195.14626,103.82001,239797
195.53596,103.82001,239806
196.03531,103.96501,239815
196.65948,104.14626,239823
197.15155,104.313774,239831
197.7636,104.53253,239837
198.13083,104.66379,239844
198.49634,104.799736,239850
199.10553,105.02632,239857
199.47105,105.16228,239863
199.98962,105.17999,239869
200.37578,105.17999,239875
200.58382,105.17999,239882
200.99736,105.47812,239888
201.50203,105.887695,239895
202.00739,106.29644,239901
202.51273,106.70521,239908
203.11913,107.19574,239915
203.32126,107.359245,239922
203.32126,107.359245,239929
203.32126,107.359245,239936
203.84123,107.359245,239944
204.6212,107.359245,240030
204.6212,107.359245,240036
205.08823,107.58784,240042
205.34824,108.0077,240049
205.32103,108.13481,240057
205.17683,108.63539,240064
205.18,109.28472,240072
205.18,109.934,240081
205.18,110.45283,240090
205.18,110.96912,240098
205.10179,111.61053,240104
205.00627,112.25344,240111
204.91125,112.89642,240119
204.81624,113.539406,240126
204.74188,114.05404,240132
204.64961,114.697426,240138
204.55733,115.340805,240145
204.52042,115.59816,240156
204.48868,116.117165,240166
204.45692,116.63617,240174
204.4331,117.02542,240183
204.37596,117.14218,240192
204.17502,117.423904,240200
204.18001,117.94339,240209
204.18,118.46213,240218
204.18,118.84724,240226
204.17998,119.36319,240233
204.17998,119.57394,240240
204.36258,119.80268,240248
204.86752,119.82001,240256
204.99602,119.82001,240263
204.99602,119.82001,240272
205.16272,120.31254,240279
205.16272,120.31254,240287
204.84982,120.079765,240296
204.64122,119.92458,240303
204.34525,119.79597,240312
204.17514,119.44583,240321
204.18,118.92615,240331
204.18,118.276985,240341
204.18,117.63146,240351
204.18,117.421844,240361
204.25447,117.03904,240370
204.35379,116.52864,240376
204.42827,116.145836,240383
204.50491,115.631546,240390
204.60072,114.98868,240397
204.69653,114.34581,240403
204.81349,113.70654,240412
204.93509,113.068054,240419
205.05655,112.429535,240427
205.15372,111.91872,240435
205.17998,111.66331,240442
205.18,111.14353,240449
205.18,110.49397,240456
205.18,109.844696,240464
205.18,109.19638,240470
205.18,108.68225,240476
205.1915,108.37326,240483
205.33795,108.011826,240491
205.53882,107.53221,240499
205.73967,107.052605,240508
205.99075,106.45309,240515
206.22096,105.986855,240521
206.50873,105.40405,240527
206.7965,104.82126,240534
207.08424,104.238464,240543
207.25691,103.88879,240551
207.45369,103.55209,240559
207.78165,102.99094,240565
207.89354,102.48314,240571
207.9495,102.22925,240579
207.9495,102.22925,240655
207.9495,102.22925,240661
207.9495,102.22925,240668
207.94446,102.48918,240676
208.04436,102.86616,240683
208.17998,103.494446,240690
208.17998,103.494446,240789
208.17998,103.494446,240796
208.17998,103.494446,240804
208.17998,104.01442,240811
208.69894,104.17656,240818
209.07983,104.12477,240825
209.55411,103.97998,240832
210.19395,103.97998,240840
210.69116,103.97998,240847
211.03093,104.01688,240854
211.39961,104.144005,240862
211.61502,104.18318,240871
211.80032,104.35696,240880
211.82,104.86494,240889
211.82,104.99475,240898
211.82,104.99475,240909
211.8201,104.605194,240919
211.8164,104.382996,240928
211.49896,104.16737,240936
211.14014,104.16413,240945
210.77881,103.9789,240955
210.2702,103.97998,240964
209.78271,103.97998,240973
209.42221,103.97998,240981
209.03004,104.191734,240989
208.6875,104.74412,240996
208.48198,105.07555,241001
208.30048,105.2367,241008
208.12541,105.56185,241016
207.88924,106.16739,241023
207.6524,106.772675,241031
207.46294,107.256905,241037
206.99527,107.48418,241044
206.41068,107.76827,241052
205.82608,108.05237,241062
205.40352,108.18118,241070
205.40352,108.18118,241155
205.40352,108.18118,241163
205.40352,108.18118,241172
206.05304,108.17794,241179
206.63683,107.92457,241185
207.0906,107.6707,241193
207.26303,107.32091,241202
207.55038,106.737915,241212
207.83775,106.154915,241220
208.06764,105.68852,241229
208.17995,105.475174,241239
208.4519,105.09786,241248
208.93297,104.66078,241257
209.02992,104.34931,241267
209.03023,104.28373,241276
209.0493,104.18545,241284
209.23482,103.988525,241291
209.86693,103.97999,241298
210.50009,103.97999,241308
210.85815,103.97999,241317
211.33302,104.115875,241325
211.66331,104.20579,241331
212.16049,104.35806,241340
212.65767,104.51034,241351
213.15485,104.66261,241359
213.65202,104.81489,241368
214.1492,104.96716,241377
214.64638,105.11943,241386
215.16063,105.16142,241395
215.81047,105.17411,241404
216.33032,105.18,241412
216.85011,105.18,241421
217.3698,105.17999,241429
218.01895,105.17999,241437
218.5365,105.17999,241446
219.05432,105.18,241454
219.70355,105.17999,241461
220.35005,105.17999,241468
220.6756,105.21486,241474
220.83076,105.45832,241481
220.82,106.108154,241488
220.82,106.75801,241496
220.82,107.27758,241504
220.82,107.27758,241513
220.82,107.27758,241523
220.82,107.27758,241532
220.82,107.27758,241539
220.82,106.757645,241548
220.81999,106.237755,241556
220.82,105.7181,241565
220.8145,105.38023,241574
220.5546,105.17072,241582
220.03511,105.17999,241591
219.3868,105.17999,241598
219.12933,105.17999,241609
218.7394,105.18,241618
218.21951,105.18,241627
217.69966,105.18,241636
217.17987,105.18,241645
216.66017,105.18,241653
216.14067,105.18,241662
215.62193,105.179985,241670
215.23595,105.17999,241676
214.72887,105.06488,241683
214.09503,104.92099,241690
213.58795,104.80588,241698
212.95412,104.66199,241707
212.44704,104.546875,241717
212.06674,104.46055,241726
211.83783,104.33729,241735
211.44574,104.174286,241744
211.13397,104.1484,241751
210.86247,103.96648,241758
210.22633,103.97997,241765
209.63675,103.97997,241771
209.34892,103.97997,241777
208.94623,104.32472,241784
208.60428,104.87747,241791
208.3763,105.19327,241797
208.12195,105.57186,241805
207.88638,106.17763,241811
207.69655,106.66171,241820
207.45927,107.26682,241827
206.99086,107.49257,241833
206.40535,107.77476,241838
205.81982,108.05694,241844
205.39728,108.183014,241851
205.19023,108.37904,241858
205.18,109.01745,241865
205.17998,109.909325,241945
204.93187,109.608444,241952
205.03566,109.23253,241958
205.17998,108.606,241966
205.17998,108.408104,241975
205.36859,108.19451,241984
205.878,108.18,241992
206.52713,108.17999,242001
207.17213,108.17999,242010
207.17213,108.17999,242021
207.17213,108.17999,242031
207.17213,107.66002,242041
207.40251,107.06387,242050
207.6868,106.47938,242059
208.08351,105.66045,242145
208.08351,105.66045,242156
208.08351,105.66045,242163
208.08351,105.14048,242170
208.45532,104.99811,242179
208.9511,105.15493,242188
208.9511,105.15493,242198
208.9511,105.15493,242205
208.9511,105.15493,242212
209.04465,104.71981,242219
209.02992,104.33665,242227
209.13489,104.06003,242324
209.13489,104.06003,242332
209.13489,104.06003,242340
209.58556,103.97999,242348
210.2261,103.97999,242353
210.83763,103.97999,242360
211.3134,104.11082,242368
211.65216,104.19934,242376
211.82516,104.425995,242385
211.82,104.94561,242393
211.82,104.94561,242403
211.82,104.94561,242414
212.21008,104.94561,242420
212.98636,105.00739,242427
213.63213,105.08113,242434
214.278,105.15401,242441
214.79378,105.179985,242449
215.31367,105.18,242458
215.83356,105.18,242468
216.35341,105.18,242477
216.8732,105.17999,242485
217.52275,105.18,242494
218.17166,105.18,242504
218.55934,105.18,242513
219.07687,105.18,242522
219.72609,105.17999,242532
220.24388,105.17999,242540
220.69202,105.22768,242550
220.83159,105.497055,242559
220.82347,106.01697,242568
220.82,106.53687,242576
220.81999,107.05666,242585
220.82,107.3163,242593
220.82,107.3163,242603
220.82,107.3163,242610
220.82,106.79632,242618
220.81999,106.146454,242626
220.82,105.62695,242634
220.82,105.406815,242642
220.71005,105.24651,242651
220.11053,105.18,242660
219.72115,105.18,242668
219.07596,105.179985,242677
218.55605,105.18,242687
218.03618,105.18,242695
217.3864,105.17999,242704
216.73674,105.17999,242714
216.21721,105.18,242722
215.5688,105.17999,242731
215.31108,105.17999,242740
214.80348,105.06723,242749
214.29588,104.95446,242758
213.78828,104.8417,242767
213.1538,104.700745,242775
212.6462,104.587975,242783
212.01169,104.44702,242792
211.78676,104.31665,242802
211.51047,104.16782,242810
211.12141,104.12315,242818
210.79338,103.974,242826
210.28477,103.97998,242835
209.79597,103.97998,242844
209.37192,103.97998,242853
209.06442,104.13479,242861
208.72221,104.68738,242870
208.51689,105.01893,242878
208.35236,105.21561,242886
208.10503,105.612206,242893
207.8222,106.33907,242900
207.53793,107.065384,242908
207.02626,107.42054,242917
206.56384,107.65832,242925
205.9866,107.95708,242934
205.64027,108.136345,242942
205.43797,108.17994,242951
205.2587,108.27815,242958
205.18,108.85488,242965
205.18,109.99097,243043
204.87877,109.56713,243049
205.04276,109.07369,243056
205.16574,108.70361,243063
205.18402,108.393936,243070
205.40619,108.17996,243077
206.05426,108.17999,243085
206.70306,108.17999,243091
207.09021,108.17999,243101
207.09021,108.17999,243113
207.09021,108.17999,243125
207.09021,107.66002,243133
207.27397,107.18605,243140
207.57643,106.610756,243149
207.87796,106.03496,243158
208.05887,105.68948,243254
208.05887,105.68948,243265
208.05887,105.68948,243273
208.05887,105.16951,243280
208.57126,105.12798,243287
208.95557,105.179985,243296
208.95557,105.179985,243304
208.95557,105.179985,243314
208.95557,105.179985,243323
209.0541,104.73623,243331
209.02994,104.30424,243338
209.12949,104.06501,243427
209.12949,104.06501,243437
209.12949,104.06501,243447
209.574,103.97999,243457
210.08759,103.97999,243465
210.7107,103.97999,243472
211.04608,104.02993,243479
211.41629,104.152534,243487
211.633,104.19007,243494
211.81439,104.3894,243502
211.82,104.90544,243510
211.82,105.0352,243520
211.82,105.0352,243529
212.2092,105.05995,243537
212.85786,105.101204,243544
213.50652,105.14246,243552
214.15518,105.17999,243560
214.67291,105.17999,243568
215.19113,105.18,243575
215.84097,105.18,243582
216.49075,105.18,243589
217.01051,105.18,243600
217.53015,105.17999,243609
218.04938,105.17999,243618
218.56665,105.17999,243626
219.21397,105.18,243635
219.86298,105.18,243641
220.37935,105.1799,243647
220.69676,105.2319,243653
220.83046,105.50846,243659
220.82,106.288315,243665
220.82,107.06805,243672
220.82,107.32766,243680
220.82,107.32766,243689
220.82,107.32766,243697
220.82,106.937675,243704
220.81999,106.417755,243711
220.82,105.76808,243720
220.82004,105.41609,243730
220.72447,105.26033,243738
220.26982,105.17928,243746
219.75053,105.17999,243755
219.23291,105.17999,243763
218.71483,105.17999,243770
218.06499,105.18,243778
217.54515,105.17999,243786
216.89545,105.17999,243793
216.37584,105.17999,243800
215.85661,105.17999,243809
215.3395,105.17999,243818
214.8317,105.06809,243828
214.3239,104.95619,243835
213.81612,104.84429,243843
213.30832,104.73238,243851
212.80054,104.62048,243859
212.29274,104.50858,243867
212.03885,104.45263,243876
211.81157,104.32639,243886
211.41249,104.179985,243893
211.09549,104.08629,243901
210.57495,103.97998,243910
210.07117,103.97998,243919
209.52643,103.97998,243926
209.3393,103.97998,243934
208.97539,104.286255,243943
208.6312,104.83761,243949
208.3139,105.2348,243957
208.0865,105.667656,243967
207.84978,106.27298,243974
207.61217,106.87795,243980
207.4696,107.240944,243987
207.1197,107.41317,243994
206.41994,107.75763,244001
205.72015,108.10209,244008
205.41316,108.17995,244017
205.21205,108.336945,244023
205.18,108.96064,244030
205.18,109.973785,244117
204.87286,109.55421,244124
205.04083,109.06211,244132
205.16681,108.69303,244141
205.18729,108.3842,244149
205.43259,108.17309,244157
206.08205,108.18,244164
206.73077,108.18,244171
207.11757,108.1799,244180
207.11757,108.1799,244190
207.11757,108.1799,244199
207.11757,107.65993,244209
207.29771,107.18406,244217
207.5943,106.605705,244226
207.83084,106.14265,244235
208.06738,105.679596,244327
208.06738,105.679596,244333
208.06738,105.679596,244342
208.06738,105.15962,244349
208.57892,105.122986,244356
208.96255,105.17998,244364
208.96255,105.17998,244374
208.96255,105.17998,244386
208.96255,105.17998,244395
209.05449,104.73813,244403
209.02994,104.35064,244412
209.12741,104.066986,244505
209.12741,104.066986,244515
209.12741,104.066986,244524
209.44049,103.97894,244530
210.08307,103.97999,244536
210.70647,103.97999,244543
211.04298,104.02701,244551
211.41283,104.1507,244558
211.62929,104.188515,244567
211.81178,104.382545,244575
211.82,105.026924,244583
211.82,105.026924,244595
211.82,105.026924,244606
212.34007,105.026924,244615
212.85843,105.06783,244624
213.3768,105.10874,244635
213.89516,105.14964,244643
214.41351,105.17999,244651
214.80028,105.17999,244660
215.1902,105.17999,244668
215.71008,105.18,244676
216.35988,105.17999,244684
217.00958,105.18,244691
217.5292,105.18,244700
217.9187,105.17999,244709
218.4369,105.17999,244718
218.9555,105.17999,244727
219.47504,105.18,244735
220.1233,105.17999,244743
220.38065,105.17999,244752
220.69763,105.23269,244761
220.82693,105.6405,244771
220.82,106.16042,244781
220.82,106.68032,244790
220.81999,107.32974,244801
220.8201,107.32974,244811
220.8201,107.32974,244821
220.8201,107.32974,244829
220.8201,107.32974,244838
220.82,106.93978,244846
220.81999,106.2899,244854
220.82,105.64041,244863
220.82,105.417816,244871
220.64952,105.20356,244881
220.14555,105.18,244889
219.62643,105.17999,244898
219.36456,105.17999,244906
218.84563,105.18,244914
218.19579,105.17999,244921
217.67593,105.18,244929
217.02621,105.17999,244936
216.37666,105.18,244942
215.85744,105.18,244948
215.32631,105.17999,244957
214.94554,105.095764,244966
214.31091,104.95539,244975
213.8032,104.84309,244983
213.16858,104.70271,244993
212.66087,104.590416,245002
212.02625,104.450035,245009
211.80002,104.32193,245018
211.39857,104.17998,245027
211.09262,104.08279,245036
210.69421,103.97998,245044
210.06296,103.97998,245051
209.52153,103.97998,245058
209.33687,103.97998,245065
209.04143,104.17906,245073
208.69756,104.73062,245079
208.49124,105.061554,245085
208.31372,105.23161,245091
208.04097,105.78879,245099
207.85129,106.272934,245107
207.61305,106.87766,245116
207.47011,107.2405,245125
207.0036,107.47018,245133
206.42049,107.75726,245141
205.83736,108.04436,245148
205.41362,108.17995,245156
205.21277,108.335815,245163
205.18,108.959015,245170
205.18,109.97227,245249
204.94925,109.657875,245256
205.04065,109.0611,245263
205.1669,108.692116,245273
205.1876,108.38337,245280
205.43488,108.17262,245287
206.08427,108.18,245293
206.8624,108.17999,245301
207.11975,108.17999,245309
207.11975,108.17999,245321
207.11975,108.17999,245332
207.11975,107.66002,245342
207.34563,107.191666,245351
207.62794,106.60622,245359
207.91028,106.02077,245369
208.07967,105.6695,245461
208.07967,105.6695,245470
208.07967,105.6695,245478
208.07967,105.14953,245487
208.5902,105.11823,245496
208.97308,105.17998,245503
208.97308,105.17998,245513
208.97308,105.17998,245521
208.97308,105.17998,245529
209.0552,104.74117,245537
209.02994,104.35274,245544
209.12643,104.067924,245624
209.12643,104.067924,245631
209.12643,104.067924,245639
209.56732,103.97999,245647
210.08093,103.97999,245656
210.58331,103.97999,245664
211.04147,104.02563,245673
211.41115,104.149826,245682
211.62749,104.18779,245691
211.81047,104.379265,245700
211.82,105.02291,245709
211.82,105.02291,245720
211.82,105.02291,245731
212.21008,105.02291,245740
212.8583,105.06544,245748
213.3766,105.10712,245755
214.0245,105.15887,245764
214.54265,105.17999,245772
214.80002,105.17999,245783
215.31992,105.18,245791
215.8398,105.18,245799
216.35963,105.18,245807
217.00934,105.18,245818
217.52896,105.17999,245826
218.0482,105.17999,245833
218.69318,105.17999,245841
219.08293,105.17999,245850
219.60239,105.17999,245859
220.12083,105.17999,245867
220.37822,105.179985,245877
220.69603,105.231224,245885
220.8307,105.5067,245893
220.81999,106.15657,245905
220.82,106.67647,245914
220.81999,107.19615,245924
220.82,107.3259,245929
220.82,107.3259,245938
220.82,107.3259,245946
220.82,106.80592,245953
220.82,106.28601,245960
220.82,105.63653,245968
220.82007,105.41463,245979
220.64183,105.19949,245989
220.13524,105.18,245999
219.61615,105.17999,246007
219.10014,105.17999,246017
218.58025,105.17999,246025
217.93042,105.18,246034
217.41058,105.17999,246044
216.76091,105.18,246052
216.24135,105.18,246062
215.72235,105.17999,246073
215.33492,105.17999,246082
214.82715,105.067955,246091
214.3194,104.95591,246100
213.81163,104.84387,246110
213.17693,104.70382,246118
212.54224,104.563774,246126
212.03447,104.45173,246134
211.80754,104.32485,246144
211.53624,104.16946,246153
211.0941,104.084656,246160
210.69946,103.97998,246168
210.06798,103.97998,246177
209.52452,103.97998,246186
209.29855,103.981575,246197
208.93665,104.34139,246204
208.66283,104.78343,246213
208.52591,105.00445,246223
208.36546,105.20902,246232
208.11314,105.59177,246241
207.87779,106.19762,246250
207.64081,106.80283,246258
207.45122,107.28702,246267
206.98132,107.50967,246273
206.39397,107.78798,246281
205.8066,108.066284,246290
205.39003,108.185356,246297
205.18245,108.39928,246303
205.18,108.91343,246309
205.18,109.933876,246391
204.93886,109.62737,246398
205.03911,109.250496,246404
205.17996,108.62237,246411
205.21684,108.32629,246417
205.58131,108.17551,246426
206.2307,108.18,246434
207.00789,108.18,246443
207.13603,108.179985,246450
207.13603,108.179985,246458
207.26135,107.810684,246466
207.45139,107.32668,246475
207.64142,106.842674,246484
207.87895,106.23767,246493
208.1165,105.63267,246595
208.1165,105.63267,246603
208.1165,105.63267,246613
208.1165,105.112686,246619
208.22958,104.47517,246626
208.31438,104.09452,246724
208.31438,104.09452,246733
208.31438,104.09452,246741
208.83435,104.09452,246749
209.12752,104.06689,246755
209.55502,103.97998,246764
210.06778,103.97998,246771
210.69211,103.97998,246776
211.03171,104.01747,246784
211.40045,104.14442,246793
211.61592,104.18349,246802
211.61592,104.18349,246811
212.00348,104.14008,246819
212.64941,104.06774,246827
213.29533,103.9954,246834
213.81209,103.93752,246840
214.45801,103.86517,246850
214.84557,103.82177,246861
215.36554,103.82,246870
215.8855,103.82,246879
216.40546,103.82,246887
216.92542,103.82,246895
217.57532,103.82001,246905
217.96524,103.82,246913
218.6148,103.82,246920
219.13475,103.82,246929
219.78462,103.82001,246940
220.3043,103.82,246949
220.54666,103.82003,246958
220.66168,103.78097,246967
220.82072,103.44199,246976
220.82,102.922134,246985
220.81999,102.40219,246995
220.81999,101.88227,247003
220.81999,101.23253,247013
220.82,101.10268,247023
220.82,101.10268,247033
220.82,101.10268,247043
220.82,101.62265,247051
220.82,102.14223,247059
220.82,102.79084,247068
220.82,103.306915,247077
220.7974,103.659836,247085
220.57481,103.82517,247093
219.92491,103.82,247100
219.40509,103.82,247107
219.14537,103.82001,247114
218.6254,103.82,247123
217.97545,103.82,247130
217.3255,103.82,247138
216.80554,103.82,247145
216.28561,103.82,247155
215.76575,103.82001,247163
215.24625,103.82001,247172
214.85861,103.86276,247183
214.34178,103.91978,247191
213.82494,103.97678,247200
213.17888,104.04804,247210
212.66205,104.10505,247219
212.01599,104.176315,247228
211.38707,104.179985,247237
211.12479,104.128876,247248
210.80844,103.9705,247256
210.17392,103.97998,247263
209.59619,103.97998,247269
209.33096,103.97998,247277
208.96622,104.29699,247284
208.62308,104.84899,247291
208.30278,105.2401,247297
207.82906,105.45446,247303
207.35472,105.66749,247310
206.64322,105.98704,247316
206.28748,106.14681,247322
205.82169,106.37793,247329
205.3559,106.60905,247337
204.65723,106.95572,247342
203.84209,107.360176,247347
203.22813,107.56913,247352
202.855,107.68251,247359
202.35303,107.818146,247366
201.97655,107.91987,247371
201.34798,108.08527,247377
200.97084,108.17998,247440
200.97084,108.17998,247448
200.97084,108.17998,247455
201.36081,108.17998,247462
202.0105,108.18,247468
202.65965,108.18,247474
203.30524,108.17999,247479
203.62428,108.189476,247484
203.62428,108.189476,247554
203.62428,108.189476,247559
203.62428,108.189476,247566
202.97922,108.17736,247574
202.71637,107.955734,247582
202.36588,107.57164,247590
201.92776,107.09152,247597
201.54619,106.56658,247603
201.17865,106.03051,247610
200.88458,105.60168,247618
200.82005,105.406364,247627
200.59746,105.18123,247635
199.95406,105.17999,247714
199.95406,105.17999,247723
199.95406,105.17999,247734
200.47403,105.17999,247740
200.60402,105.17999,247747
200.98781,105.249214,247753
201.75539,105.387665,247759
202.39502,105.50304,247765
203.02904,105.35987,247773
203.53624,105.245346,247780
204.17024,105.10219,247787
204.55064,105.0163,247795
205.0202,104.792946,247804
206.07672,104.2904,247889
206.07672,104.2904,247897
206.54628,104.06705,247906
207.13322,103.78786,247913
207.65318,103.79292,247920
208.17313,103.79798,247928
208.66483,103.96712,247937
209.10175,104.096924,247946
209.55205,103.97998,247955
210.06479,103.97998,247963
210.68929,103.97998,247969
211.02937,104.01569,247976
211.39793,104.14318,247983
211.61317,104.18257,247993
211.61317,104.18257,248002
212.12994,104.12488,248009
212.64671,104.067184,248015
213.29266,103.99507,248021
213.93861,103.92296,248030
214.45538,103.865265,248036
214.84296,103.82199,248045
215.36292,103.82,248053
215.88287,103.82,248060
216.66281,103.82,248068
217.18277,103.82,248077
217.83267,103.82,248085
218.48238,103.82,248093
219.13216,103.82,248101
219.78203,103.82,248108
220.43144,103.82001,248116
220.54982,103.82001,248123
220.66838,103.777336,248133
220.82365,103.42658,248142
220.82,102.90672,248152
220.82,102.38678,248161
220.82,101.86686,248170
220.82,101.34704,248179
220.82,101.08729,248189
220.82,101.08729,248197
220.82,101.08729,248209
220.82,101.60726,248219
220.82,102.12685,248226
220.82,102.77549,248233
220.82,103.41907,248240
220.80525,103.645424,248250
220.6056,103.816216,248260
220.08784,103.82119,248270
219.56798,103.82,248279
219.17828,103.82001,248287
218.65833,103.82,248296
218.13835,103.82,248302
217.4884,103.82001,248310
216.70847,103.82,248317
216.05858,103.82001,248324
215.53877,103.82,248330
215.27908,103.8201,248337
214.89142,103.862465,248344
214.24529,103.93308,248351
213.59917,104.00369,248358
212.95305,104.07431,248365
212.43616,104.1308,248373
211.91925,104.18729,248382
211.54181,104.17332,248391
211.12938,104.13702,248397
210.70448,103.97997,248404
210.19727,103.97998,248412
209.7176,103.97998,248420
209.30016,103.98134,248429
208.8694,104.44964,248437
208.80096,104.56016,248443
208.52722,105.00224,248449
208.36691,105.20692,248455
207.8942,105.42352,248462
207.42003,105.63692,248469
206.82732,105.90366,248475
206.35315,106.11706,248481
205.88718,106.3478,248488
205.30472,106.63623,248494
204.60576,106.982346,248501
203.9068,107.32846,248507
203.1702,107.58091,248514
202.79814,107.69777,248521
202.42166,107.79952,248527
201.91971,107.9352,248533
201.41681,108.067375,248540
201.03964,108.166504,248601
201.03964,108.166504,248606
201.03964,108.166504,248614
201.55962,108.166504,248621
202.33902,108.18,248628
202.98743,108.18,248634
203.24518,108.1799,248641
203.57376,108.17996,248649
203.57376,108.17996,248732
203.57376,108.17996,248739
203.57376,108.17996,248746
203.05379,108.17996,248753
202.76505,107.97407,248761
202.40887,107.59524,248768
201.96365,107.121704,248774
201.5044,106.49277,248781
201.1339,105.95874,248788
200.91154,105.63836,248795
200.82007,105.43853,248802
200.82007,105.43853,248881
200.82007,105.43853,248889
200.82007,105.43853,248899
201.34004,105.43853,248907
201.98793,105.48503,248914
202.37634,105.51991,248922
202.88297,105.40287,248929
203.51625,105.25657,248937
204.14955,105.11026,248944
204.52951,105.022484,248951
204.99933,104.79965,248960
206.0564,104.29829,249047
206.0564,104.29829,249055
205.59633,104.54059,249061
205.02124,104.84347,249068
205.48679,104.61187,249074
206.06873,104.32237,249080
206.76704,103.97497,249087
207.11621,103.80128,249094
207.63618,103.80075,249101
208.15616,103.800224,249109
208.52567,103.92493,249117
209.09802,104.10195,249123
209.54163,103.97998,249130
210.18169,103.97998,249136
210.67955,103.97998,249142
211.02106,104.00971,249149
211.389,104.1389,249156
211.60371,104.17995,249164
211.60371,104.17995,249173
212.12053,104.1228,249180
212.76657,104.05137,249187
213.4126,103.97994,249194
214.18784,103.89422,249202
214.83386,103.822784,249209
215.35382,103.82,249216
216.00378,103.82001,249221
216.78372,103.82,249227
217.56363,103.82,249233
218.3434,103.82,249240
218.60313,103.82001,249246
219.12308,103.82,249253
219.64299,103.82,249260
220.29263,103.82001,249266
220.54134,103.82001,249273
220.65018,103.78676,249279
220.82,103.21034,249286
220.81999,102.56056,249292
220.82,101.780685,249298
220.82,101.131035,249303
220.82,101.001274,249311
220.82,101.001274,249320
220.82,101.001274,249326
220.82,101.52125,249333
220.82,102.1707,249339
220.82,102.94867,249346
220.82002,103.46156,249352
220.82002,103.57347,249358
220.65814,103.79187,249364
220.0253,103.82095,249371
219.37552,103.82,249377
218.72568,103.82,249384
218.07573,103.82,249390
217.42578,103.82001,249396
216.77583,103.82,249403
215.99596,103.82,249410
215.34633,103.82001,249417
214.82637,103.82,249423
214.17642,103.82,249429
213.52647,103.82,249435
212.87654,103.82,249441
212.22664,103.82,249447
211.57693,103.82,249453
210.92717,103.82,249459
210.27722,103.82,249466
209.6273,103.82,249471
208.97748,103.82,249476
209.14198,104.056465,249482
208.64917,103.890594,249488
208.2643,103.82772,249494
207.62283,103.72293,249500
207.10289,103.71749,249507
206.32297,103.70933,249514
205.93301,103.705246,249517
204.50316,103.690285,249521
203.72324,103.68212,249526
203.07327,103.68166,249532
202.2933,103.681114,249539
201.64334,103.68066,249545
200.99338,103.6802,249552
200.86852,103.71638,249559
200.2921,103.82065,249566
199.9025,103.82001,249573
199.51253,103.82,249580
198.73259,103.82,249586
197.95265,103.82001,249593
197.43271,103.82,249599
196.78284,103.82001,249605
196.13322,103.8201,249612
195.61327,103.82,249618
194.96332,103.82,249624
194.31337,103.82,249629
193.66344,103.82,249635
192.88356,103.82,249642
192.23405,103.82001,249648
191.79045,104.091286,249654
191.1421,104.04542,249660
190.7531,104.01791,249666
190.7531,104.01791,249672
190.7531,104.01791,249678
190.23335,104.01791,249684
190.23322,104.01204,249689
190.87556,104.11123,249695
191.38945,104.17998,249700
191.38945,104.17998,249770
191.38945,104.17998,249777
191.90942,104.17998,249783
192.6862,104.12251,249789
193.33272,104.055565,249795
194.10866,103.9765,249801
194.75526,103.910576,249807
195.40189,103.84466,249813
196.05118,103.82934,249819
196.70113,103.824455,249825
197.35107,103.82001,249831
198.00102,103.82,249837
198.52094,103.82,249843
199.17072,103.82001,249850
199.43042,103.82001,249856
199.95027,103.82001,249862
200.3399,103.82001,249869
200.46106,103.82001,249876
200.50752,103.82001,249883
200.68358,103.76797,249890
200.81999,103.26737,249896
200.82,102.48814,249902
200.82,101.709045,249908
200.82002,101.06265,249915
200.82002,101.06265,249922
200.82002,101.06265,249929
201.34,101.06265,249935
201.5292,101.57925,249941
201.61804,102.35413,249947
201.6408,103.00319,249954
201.65271,103.783066,249960
201.91591,104.36263,249966
202.30774,105.037025,249972
202.50366,105.37422,249978
202.6706,105.72667,249984
203.00446,106.431564,249991
203.28268,107.018974,249997
203.39397,107.25394,250004
203.5497,107.750046,250010
203.66649,108.12212,250082
203.66649,108.12212,250091
203.66649,108.12212,250099
203.14651,108.12212,250105
203.35007,107.72322,250111
203.80696,107.47498,250117
204.37807,107.16468,250124
205.06342,106.79232,250130
205.63452,106.482025,250136
205.86298,106.3579,250142
206.21722,106.194855,250148
206.92575,105.868744,250154
207.39809,105.651344,250161
207.89769,105.50721,250167
208.1251,105.38121,250174
208.51233,105.03419,250180
208.99637,104.6004,250186
209.02994,104.31864,250193
209.03865,104.22208,250200
209.32916,103.966866,250207
209.97067,103.97998,250213
210.72066,103.97998,250219
211.053,104.03694,250226
211.4241,104.15675,250233
211.64127,104.19381,250239
211.81961,104.40492,250246
211.82,105.05334,250254
211.82,105.05334,250262
211.82,105.05334,250269
212.20999,105.05334,250275
212.85867,105.08993,250282
213.63676,105.143776,250291
214.15552,105.179344,250297
214.80154,105.17999,250304
215.32144,105.17999,250312
215.97127,105.18,250319
216.75096,105.18,250325
217.40056,105.18,250331
217.91992,105.17999,250338
218.56694,105.17999,250343
219.21426,105.17999,250350
219.99284,105.17999,250357
220.37961,105.17999,250363
220.69693,105.23208,250370
220.83041,105.50891,250377
220.81999,106.15878,250383
220.81999,106.80864,250389
220.82,107.3281,250395
220.82,107.3281,250402
220.82,107.3281,250411
220.82,107.3281,250419
220.82,107.3281,250427
220.82,106.80817,250434
220.81999,106.15831,250441
220.81999,105.63878,250448
220.82005,105.4165,250455
220.64633,105.20185,250463
220.01141,105.18,250471
219.36322,105.17999,250478
218.84428,105.18,250484
218.06448,105.18,250492
217.54465,105.17999,250500
216.89494,105.17999,250506
216.24547,105.18,250513
215.59697,105.17999,250520
215.33899,105.17999,250528
214.95815,105.096054,250535
214.32341,104.95616,250541
213.68867,104.81626,250549
213.05394,104.67636,250555
212.29227,104.50849,250562
212.03838,104.45253,250568
211.81113,104.326225,250574
211.54057,104.16994,250583
211.12923,104.13665,250590
210.70267,103.97998,250598
210.07104,103.97998,250606
209.61255,103.97998,250612
209.29956,103.98142,250619
209.00584,104.22944,250625
208.59518,104.89254,250632
208.36638,105.20769,250639
208.15955,105.46835,250647
207.92459,106.07436,250653
207.64084,106.80088,250660
207.45169,107.285225,250665
206.98193,107.50818,250670
206.27731,107.8426,250675
205.69012,108.121284,250681
205.3853,108.187004,250687
205.1782,108.41265,250693
205.18,109.187836,250700
205.17998,109.949265,250773
204.9431,109.639465,250779
205.07388,109.13621,250785
205.17998,108.63295,250792
205.21194,108.33371,250799
205.5642,108.178215,250805
206.08374,108.18,250811
206.86186,108.18,250817
207.11923,108.1799,250824
207.11923,108.1799,250830
207.11923,108.1799,250836
207.11923,107.65993,250842
207.37463,106.947014,250847
207.68506,106.37599,250853
208.05493,105.68931,250925
208.05493,105.68931,250931
208.05493,105.68931,250941
208.05493,105.169334,250949
208.55516,105.05131,250956
208.93033,105.15778,250963
208.93033,105.15778,250970
208.93033,105.15778,250979
208.93033,105.15778,250986
209.04524,104.716324,250993
209.02992,104.33475,251000
209.1363,104.05877,251071
209.1363,104.05877,251078
209.1363,104.05877,251085
209.58852,103.97999,251092
210.35522,103.97999,251099
210.94838,103.97999,251105
211.42674,104.15821,251110
211.64403,104.19514,251117
211.8231,104.53981,251123
211.82,104.92951,251130
211.82,104.92951,251137
211.82,104.92951,251145
212.20999,104.92951,251152
212.85641,104.990135,251158
213.37299,105.049545,251164
214.01875,105.123314,251172
214.66444,105.179985,251180
215.31271,105.18,251187
215.96254,105.17999,251194
216.6123,105.18,251201
217.26196,105.18,251209
217.78145,105.18,251218
218.42949,105.18,251225
219.07803,105.18,251234
219.59746,105.18,251241
220.24503,105.17999,251248
220.6928,105.22833,251256
220.83147,105.4989,251263
220.82034,106.14877,251269
220.82,106.66866,251276
220.82,107.318115,251284
220.82,107.318115,251293
220.82,107.318115,251303
220.82,107.318115,251311
220.82,107.318115,251319
220.82,106.92816,251326
220.81999,106.27828,251336
220.82,105.75858,251343
220.81325,105.2392,251350
220.78271,104.58994,251358
220.75833,104.07054,251365
220.82,103.466736,251373
220.82,102.946815,251381
220.82,102.29689,251388
220.82,101.64701,251395
220.81999,100.997574,251402
220.8201,100.997574,251469
220.8201,100.997574,251476
221.21008,100.997574,251483
220.97383,100.863594,251490
220.9308,101.38178,251498
220.88779,101.89998,251506
220.834,102.547714,251513
220.82,103.065506,251519
220.82,103.44953,251526
220.82,103.56243,251534
220.82,103.56243,251652
220.82,103.56243,251660
220.82,103.56243,251672
220.82,103.95241,251682
220.30547,104.0075,251690
219.66228,103.91387,251699
219.14772,103.83897,251708
218.62776,103.83404,251717
217.97783,103.827866,251724
217.45789,103.82294,251733
216.93793,103.82,251742
216.41798,103.82,251749
215.8981,103.82,251757
215.3784,103.82001,251766
214.86115,103.86412,251775
214.2151,103.93543,251782
213.69823,103.992096,251788
213.05214,104.06295,251798
212.40604,104.1338,251808
211.88916,104.190475,251816
211.51695,104.162834,251823
211.08873,104.07822,251832
210.68375,103.97998,251840
210.17714,103.97998,251848
209.7001,103.97998,251857
209.33199,103.97998,251865
209.07161,104.13091,251959
209.07161,104.13091,251969
209.07161,104.13091,251978
208.68163,104.13091,251986
208.41045,103.912605,251993
208.2308,103.690735,251999
208.18001,103.20618,252006
208.18001,102.55626,252014
208.18001,101.90636,252021
208.18,101.12673,252028
208.18,100.99699,252035
208.18,100.99699,252041
208.02794,101.49426,252048
207.83798,102.11585,252055
207.57205,102.98608,252061
207.42009,103.48335,252066
207.19275,103.951,252072
206.85175,104.65246,252078
206.51074,105.35393,252083
206.16974,106.0554,252088
205.9651,106.53341,252094
205.65814,107.25043,252099
205.55582,107.48943,252160
205.55582,107.48943,252165
205.55582,107.48943,252171
205.03584,107.48943,252177
205.12042,107.878845,252183
205.28049,108.20297,252188
205.17685,108.634895,252194
205.18,109.28416,252200
205.18,109.93345,252207
205.18,110.58176,252213
205.17998,111.095924,252219
205.18,111.615776,252224
205.18001,112.39541,252229
205.18001,113.04498,252235
205.18,113.69431,252241
205.18,114.47225,252246
205.18,114.98502,252251
205.18,114.98502,252258
205.18,114.98502,252265
205.18,115.634995,252271
205.18,116.284966,252277
205.10353,116.3901,252282
205.17131,115.87456,252287
205.17998,115.48939,252353
205.17998,115.48939,252361
205.17998,115.48939,252369
205.17998,114.96941,252376
205.18001,114.44957,252382
205.18,113.67004,252387
205.18001,112.89087,252393
205.18,111.98363,252399
205.18,111.599365,252408
205.18,111.209526,252415
205.18,110.68982,252420
205.18,109.91064,252425
205.18,109.1328,252430
205.18,108.62054,252436
205.21771,108.32503,252442
205.58424,108.175156,252447
206.3634,108.18,252453
207.13887,108.17999,252458
207.13887,108.17999,252464
207.13887,108.17999,252472
207.13887,107.66002,252477
207.45355,106.831314,252483
207.82083,106.143295,252489
208.06226,105.68276,252552
208.06226,105.68276,252557
208.06226,105.68276,252563
208.06226,105.16279,252569
208.56148,105.048195,252576
208.93591,105.15725,252582
208.93591,105.15725,252589
208.93591,105.15725,252595
208.93591,105.15725,252601
209.04514,104.71731,252608
209.02994,104.33529,252615
209.1359,104.05913,252673
209.1359,104.05913,252679
209.1359,104.05913,252687
209.58768,103.97999,252692
210.3544,103.97999,252698
210.94771,103.97999,252704
211.42618,104.1579,252713
211.64342,104.19485,252720
211.82375,104.53855,252727
211.82,104.928246,252733
211.82,104.928246,252741
211.82,104.928246,252748
212.34007,104.928246,252754
212.8571,104.97607,252759
213.63136,105.07015,252764
214.40572,105.16351,252770
214.7922,105.179985,252776
215.31212,105.18,252782
216.0919,105.18,252787
216.87155,105.17999,252792
217.52109,105.17999,252797
218.29953,105.17999,252802
218.6855,105.17999,252807
219.20515,105.17999,252813
219.85417,105.18,252819
220.37067,105.179985,252825
220.6909,105.22672,252830
220.82487,105.7543,252836
220.82,106.40417,252842
220.82,107.05393,252849
220.82,107.31357,252856
220.82,107.31357,252864
220.82,107.31357,252872
220.82,106.92359,252879
220.82,106.2737,252886
220.82,105.754,252892
220.82,105.404625,252899
220.61742,105.18835,252905
219.97427,105.18,252912
219.19742,105.17999,252920
218.69472,105.07283,252926
217.94478,104.85852,252932
217.4531,104.69009,252938
216.71968,104.424644,252943
217.08374,104.56453,252949
217.32687,104.65658,252956
216.7181,104.42889,252962
216.10945,104.20085,252966
215.3791,103.9271,252971
214.60744,103.87623,252978
214.08757,103.866066,252984
213.43777,103.85115,252991
212.78798,103.8363,252998
212.13818,103.82145,253004
211.48857,103.8201,253011
211.10489,103.88992,253018
210.7212,103.95974,253027
210.7212,103.95974,253034
210.96783,103.87746,253040
210.96783,103.87746,253047
210.96783,103.87746,253114
210.96783,103.87746,253120
211.35782,103.87746,253127
211.68782,104.212234,253135
211.83131,104.49042,253144
211.81999,105.00986,253152
211.8201,105.00986,253160
211.8201,105.00986,253165
211.8201,105.00986,253170
211.82,104.62027,253176
211.82,104.397705,253182
211.39783,104.179985,253188
211.03389,104.02728,253195
210.3121,103.97998,253201
209.60558,103.97998,253207
209.52101,103.97998,253272
209.52101,103.97998,253278
209.52101,103.97998,253286
209.00104,103.97998,253294
209.03719,104.179955,253300
209.02998,104.67519,253306
209.15434,105.044815,253312
209.15434,105.044815,253319
209.15434,105.044815,253325
208.50436,105.044815,253331
208.31958,105.1627,253337
208.17918,105.55165,253344
208.18,106.201546,253351
208.18,106.85138,253358
208.18,107.24106,253365
208.18,107.24106,253372
208.18,107.24106,253378
207.66002,107.24106,253384
206.8245,107.54308,253389
206.12904,107.896095,253395
205.66379,108.1283,253401
205.45712,108.17994,253408
205.45712,108.17994,253470
205.45712,108.17994,253475
205.45712,108.17994,253481
206.10709,108.17994,253487
206.68538,107.91647,253492
207.13367,107.653015,253498
207.35773,107.1838,253504
207.63782,106.597275,253509
208.02992,105.77614,253515
208.17995,105.44605,253520
208.48561,105.072266,253525
209.02994,104.54562,253531
209.02994,104.29645,253537
209.15564,104.03519,253543
209.74817,103.97998,253549
210.50914,103.97998,253555
211.07625,104.061615,253560
211.32587,104.134315,253567
211.6589,104.203125,253575
212.03175,104.31747,253582
212.65315,104.508026,253589
213.27455,104.69859,253595
213.89597,104.88915,253601
214.51736,105.07972,253607
214.76593,105.155945,253614
215.2858,105.166565,253622
215.80566,105.177185,253630
216.5854,105.18,253637
217.10513,105.17999,253644
217.75456,105.18,253651
218.40274,105.18,253659
218.92151,105.18,253666
219.57088,105.17999,253674
220.08946,105.17999,253681
220.3472,105.17999,253689
220.67332,105.213295,253698
220.82669,105.583015,253706
220.82,106.10291,253713
220.82,106.75277,253720
220.8201,107.272354,253728
220.8201,107.272354,253736
